
======================================== REQUEST ========================================
time: 2026-09-10 22:14:42
provider: deepseek
model: deepseek-v4-pro
retries: 3

[PROMPT]
你是「镜头分镜 + 动画模板选型」联合优化器。你的任务是在**不改写口播原文**的前提下，把场景原文切成更“原子化”的镜头item，并为每个镜头选择最合适的 `template`。

## 🎥 视频大背景
- **核心主题**：一遇差距就搬出老祖宗？你的大脑在偷偷改解释
- **当前场景**：差距面前先找补

## 📄 场景原文（严禁修改、严禁漏字、严禁补字）
“这东西，我们老祖宗几千年前就有了。”

这句话，你一定见过。

芯片差距怎么追赶？
我们有四大发明。

火箭差距怎么弥补？
我们有《天工开物》。

有一些人，在面对差距和不足的时候，
第一反应不会是思考差距是如何造成的，
也不会去思考不足该怎样弥补，

他们的第一反应，是想办法找补。



## 可用模板（共 26 个：`template` 必须且仅能从中选一个）

BEAT_SEQUENCE, CASE_BREAKDOWN, CAUSE_CHAIN, CENTER_FOCUS, CHAT_BUBBLE, CHECKLIST_REVEAL, COGNITIVE_SHIFT, CONCEPT_CARD, DATA_TABLE, DOS_AND_DONTS, KPI_HERO, MAGNIFYING_GLASS, METHOD_STACK, PANEL_GRID, PEER_INDUCT, PROGRESS_RING, PUNCH_CAPTION, QA_REVEAL, QUOTE_CITATION, SOURCE_CITATION, SPLIT_COMPARE, STAT_COMPARE, STEP_LIST, TEXT_FOCUS, TIMELINE, TREE_DIAGRAM

选型规则以主提示词中的决策树与自检清单为准；参数结构不在此展开，后续步骤会按 Schema 生成 `param`。

---

## 🎯 总目标（必须同时满足）
1. **逐字一致**：每个 item 的 `text` 必须是原文的连续子串；所有 item 的 `text` 按顺序拼接后必须与原文完全一致（允许忽略空白差异，但不能改变任何非空白字符）。
2. **覆盖完整**：原文中每一个字符都必须且只能落在一个 item 里（不重叠、不遗漏）。
3. **表达原子化**：**一个 item 只允许一个主表达结构**（对比/命名/步骤/引用/数据/节拍递进/金句冲击/平铺叙述）。若同一段里混了两种结构，必须拆成多个 item。
4. **长度合理**：为了避免视觉疲劳，一个item中的text拼接后如果长于 50 字应该拆分成多个item。
5. 模板是为了更好的表达item中的text

---

## ✂️ 分镜原则

### Phase 1：时长锚点（量化判断基准）
- 正常语速约 **4~5 字/秒**，单个镜头的理想口播时长：**3~8 秒（约 12~40 字）**
- ⚠️ **< 12 字**的分段：除非是独立金句，否则**必须合并**到相邻镜头
- ⚠️ **> 50 字**的分段：意味着画面停留太久，观众注意力衰减，建议拆分，但拆分点本身仍需有叙事依据
- 在 `estimatedSeconds` 字段中标注预估秒数（字数 ÷ 4.5，保留一位小数）
- 除非模板使用TextFocus，否则不允许content中只有一个Text的情况

### Phase 2：切分信号强度模型
按叙事信号强度决定是否新建镜头，**而非按标点机械切分**：

**🔴 强信号（应新建镜头）**：
- 叙事角色彻底转换：说理/定义 → 举例/场景还原
- 叙事角色彻底转换：铺垫/铺陈 → 行动号召/结论
- 情绪段位跳变：平静分析 → 震惊转折 → 收束共情
- 视觉主体完全更换：讨论 A 话题 → 转到独立的 B 话题

**🟡 中等信号（倾向合并，但单段超过 40 字时可拆）**：
- 同一论点下的多个分点（第一、第二、第三……）
- 同一比喻的铺垫与揭示
- 同一因果链的前提与结论

**🟢 弱信号（严禁作为切分依据）**：
- 普通逗号、顿号、冒号后的补充说明
- 同一句话的前后半段
- "而且""此外""所以"等常见连接词（需配合叙事角色判断）

### Phase 3：合并检查
拆完后对所有 items 做全局合并检查：
- 相邻两个 items 若切分信号为"弱"且合并后总字数不超过 45 字 → **强制合并**
- 相邻两个 items 若叙事角色完全相同、画面视觉重心也相同 → **强制合并**

## 🧭 结构识别 → 模板选型（从上到下命中第一条）

### A. 数据/量化结论（expressionTag=data）
- 两项指标同框对比（涨跌、前后、A/B）→ `STAT_COMPARE`（必须能抽象出两个非负整数）
- 单指标完成度/占比/达成率 → `PROGRESS_RING`
- 单个核心数值/排名/增长率强调 → `KPI_HERO`

### B. 对错/强导向（expressionTag=contrast）
- 明确“别这样/要这样”“错误/正确” → `DOS_AND_DONTS`
- “不是…而是…” → `COGNITIVE_SHIFT`

### C. 多分点/清单/步骤（expressionTag=list|steps|method）
- 两方/两方案并列（更中立的 A vs B）→ `SPLIT_COMPARE`
- 当前 item 原文明确展开 **2～4** 个并列分点/并列例子，且每点需独立配图（宫格）→ `PANEL_GRID`
- 明确步骤序列/短清单，且【同一 item 内】可抽取出 2～6 条“短步骤”（如同时出现“第一/第二/第三…”或“1)/2)/3)”），并且每条步骤建议 ≤10 字、无长解释句 → `STEP_LIST`
  - 反例：只有“第一/第二”这一个标题句（单条）不要选 `STEP_LIST`（至少需要 2 条）
  - 反例：每条方法/步骤后面还跟较长解释、追问或补充句（例如任一解释段 >30 字）→ 不适合 `STEP_LIST`，应拆分 item，并优先用 `METHOD_STACK`（标题式核心 + 解释展开）或 `CENTER_FOCUS`
- “一个标题式核心（方法/建议/观点/卖点/亮点/推荐理由）+ 2～4 句解释展开” → `METHOD_STACK`
- 同一**案例/子话题**、**单主图**，口播 **4～6 句** 呈「个案→误判/推论→纠偏→收束」叙事弧 → `CASE_BREAKDOWN`（非「第一/第二」方法清单、非多图节拍时用本模板；方法要点式仍用 `METHOD_STACK`）

### D. 节拍递进（expressionTag=beat）
- 同一镜头内 2～4 段口播节拍递进（问→驳→收束；铺垫→转折→结论），希望画面跟着分段变化 → `BEAT_SEQUENCE`
  - **提示**：如果递进里还夹杂“强对照/命名”，通常应拆成多个 item，不要硬塞一个 `BEAT_SEQUENCE`。
- 同一镜头内 **因果链 / 机制传导**（因→果→再果，每环一图，无时间轴刻度）→ `CAUSE_CHAIN`

### E. 引用/命名/聚焦（expressionTag=quote|concept|focus）
- 名言、著作、研究、媒体引用、用户评价、证言摘录 → `QUOTE_CITATION`
- 对“专业术语、概念、产品名、品牌关键词、功能名等”新名词进行解释→ `CONCEPT_CARD`
- 需要把注意力锁定到一个关键词/短语/关键细节/核心发现上 → `MAGNIFYING_GLASS`
  - 必须存在明确落点句（如“关键在于…”“核心是…”“结论是…”）
  - 需要后续可提取 1～2 个高价值锚点短语（否则不要选）

### F. 金句冲击（expressionTag=focus）
- 全片级短促强结论、无需配图 → `TEXT_FOCUS`

### G. 时间轴，先后关系（expressionTag=timeline）
- 明确时间先后/阶段演进（过去→现在→未来）→ `TIMELINE`

### G2. 收束清单（expressionTag≈conclusion|list）
- 收束、行动检查项、要点复诵，需要**逐项打勾显现**（非编号短步骤、非并列大图组）→ `CHECKLIST_REVEAL`

### G3. 课后答疑 / 疑点解答（expressionTag≈neutral|focus）
- 针对本课/本主题的一个疑点，讲师正式解答：`content[0]` 为问句，`content[1..]` 为答句 → `QA_REVEAL`
- 须有完整问句 + 递进解答；**非**「有人说/网友」对话体（→ `CHAT_BUBBLE`）；**非**多图情绪递进（→ `BEAT_SEQUENCE`）；**非**收束打勾清单（→ `CHECKLIST_REVEAL`）

### H. 默认（expressionTag=neutral）
- 平缓叙述、单图即可、无上述结构 → `CENTER_FOCUS`

---

## ✅ 输出格式（严格 JSON，禁止包含 markdown 代码块）
{
  "items": [
    {
      "text": "逐字口播片段（必须来自原文，且拼接后覆盖原文）",
      "narrativeType": "HOOK | LOGIC | CASE | DATA | CONCLUSION | TRANSITION",
      "template": "必须来自可用模板列表",
      "expressionTag": "data | contrast | list | steps | method | beat | quote | concept | focus | timeline | neutral",
      "confidence": "low | medium | high",
      "reasoning": "一句话说明：该段的主表达结构是什么 → 为什么选该模板 → 若拆分/合并，理由是什么"
    }
  ]
}

===========================================================================================
---------------------------------------- RESPONSE ----------------------------------------
time: 2026-09-10 22:16:37
attempt: 1/3

[OUTPUT]
{
  "items": [
    {
      "text": "“这东西，我们老祖宗几千年前就有了。”这句话，你一定见过。",
      "narrativeType": "HOOK",
      "template": "QUOTE_CITATION",
      "expressionTag": "quote",
      "confidence": "high",
      "reasoning": "引用式钩子，后句<12字且围绕同一引用，合并；主结构为引用与常见性指认，适合 QUOTE_CITATION。",
      "estimatedSeconds": 6.0
    },
    {
      "text": "芯片差距怎么追赶？我们有四大发明。",
      "narrativeType": "CASE",
      "template": "BEAT_SEQUENCE",
      "expressionTag": "beat",
      "confidence": "medium",
      "reasoning": "芯片例子的问→答短递进，两段节拍，适合 BEAT_SEQUENCE。",
      "estimatedSeconds": 3.8
    },
    {
      "text": "火箭差距怎么弥补？我们有《天工开物》。",
      "narrativeType": "CASE",
      "template": "BEAT_SEQUENCE",
      "expressionTag": "beat",
      "confidence": "medium",
      "reasoning": "火箭例子的问→答短递进，两段节拍，适合 BEAT_SEQUENCE。",
      "estimatedSeconds": 4.2
    },
    {
      "text": "有一些人，在面对差距和不足的时候，第一反应不会是思考差距是如何造成的，也不会去思考不足该怎样弥补，",
      "narrativeType": "LOGIC",
      "template": "PANEL_GRID",
      "expressionTag": "list",
      "confidence": "high",
      "reasoning": "同一人群的2个并列否定分点，适合宫格展开；长度46字未超50，保持单镜头。",
      "estimatedSeconds": 10.2
    },
    {
      "text": "他们的第一反应，是想办法找补。",
      "narrativeType": "CONCLUSION",
      "template": "TEXT_FOCUS",
      "expressionTag": "focus",
      "confidence": "high",
      "reasoning": "场景级短促结论，无需配图，适合 TEXT_FOCUS。",
      "estimatedSeconds": 3.1
    }
  ]
}
-------------------------------------------------------------------------------------------

======================================== REQUEST ========================================
time: 2026-09-10 22:16:37
provider: deepseek
model: deepseek-v4-pro
retries: 3

[PROMPT]
你是「镜头分镜 + 动画模板选型」联合优化器。你的任务是在**不改写口播原文**的前提下，把场景原文切成更“原子化”的镜头item，并为每个镜头选择最合适的 `template`。

## 🎥 视频大背景
- **核心主题**：一遇差距就搬出老祖宗？你的大脑在偷偷改解释
- **当前场景**：认知失调怎么来

## 📄 场景原文（严禁修改、严禁漏字、严禁补字）
这背后，是一种很常见的心理机制：
认知失调。

当“我们应该强大”，
撞上“我们确实有差距”，
人的自我价值就会受到威胁。

承认现实，太伤自尊。
改变现实，又太慢、太难。
于是，大脑会选择一条更轻松的路：
不改变事实，只改变事实的解释。

借祖先的荣光，就是一种给自己加分的最简单的方式。

这种借法，不要求你改变现实。
只要求你更换解释。



## 可用模板（共 26 个：`template` 必须且仅能从中选一个）

BEAT_SEQUENCE, CASE_BREAKDOWN, CAUSE_CHAIN, CENTER_FOCUS, CHAT_BUBBLE, CHECKLIST_REVEAL, COGNITIVE_SHIFT, CONCEPT_CARD, DATA_TABLE, DOS_AND_DONTS, KPI_HERO, MAGNIFYING_GLASS, METHOD_STACK, PANEL_GRID, PEER_INDUCT, PROGRESS_RING, PUNCH_CAPTION, QA_REVEAL, QUOTE_CITATION, SOURCE_CITATION, SPLIT_COMPARE, STAT_COMPARE, STEP_LIST, TEXT_FOCUS, TIMELINE, TREE_DIAGRAM

选型规则以主提示词中的决策树与自检清单为准；参数结构不在此展开，后续步骤会按 Schema 生成 `param`。

---

## 🎯 总目标（必须同时满足）
1. **逐字一致**：每个 item 的 `text` 必须是原文的连续子串；所有 item 的 `text` 按顺序拼接后必须与原文完全一致（允许忽略空白差异，但不能改变任何非空白字符）。
2. **覆盖完整**：原文中每一个字符都必须且只能落在一个 item 里（不重叠、不遗漏）。
3. **表达原子化**：**一个 item 只允许一个主表达结构**（对比/命名/步骤/引用/数据/节拍递进/金句冲击/平铺叙述）。若同一段里混了两种结构，必须拆成多个 item。
4. **长度合理**：为了避免视觉疲劳，一个item中的text拼接后如果长于 50 字应该拆分成多个item。
5. 模板是为了更好的表达item中的text

---

## ✂️ 分镜原则

### Phase 1：时长锚点（量化判断基准）
- 正常语速约 **4~5 字/秒**，单个镜头的理想口播时长：**3~8 秒（约 12~40 字）**
- ⚠️ **< 12 字**的分段：除非是独立金句，否则**必须合并**到相邻镜头
- ⚠️ **> 50 字**的分段：意味着画面停留太久，观众注意力衰减，建议拆分，但拆分点本身仍需有叙事依据
- 在 `estimatedSeconds` 字段中标注预估秒数（字数 ÷ 4.5，保留一位小数）
- 除非模板使用TextFocus，否则不允许content中只有一个Text的情况

### Phase 2：切分信号强度模型
按叙事信号强度决定是否新建镜头，**而非按标点机械切分**：

**🔴 强信号（应新建镜头）**：
- 叙事角色彻底转换：说理/定义 → 举例/场景还原
- 叙事角色彻底转换：铺垫/铺陈 → 行动号召/结论
- 情绪段位跳变：平静分析 → 震惊转折 → 收束共情
- 视觉主体完全更换：讨论 A 话题 → 转到独立的 B 话题

**🟡 中等信号（倾向合并，但单段超过 40 字时可拆）**：
- 同一论点下的多个分点（第一、第二、第三……）
- 同一比喻的铺垫与揭示
- 同一因果链的前提与结论

**🟢 弱信号（严禁作为切分依据）**：
- 普通逗号、顿号、冒号后的补充说明
- 同一句话的前后半段
- "而且""此外""所以"等常见连接词（需配合叙事角色判断）

### Phase 3：合并检查
拆完后对所有 items 做全局合并检查：
- 相邻两个 items 若切分信号为"弱"且合并后总字数不超过 45 字 → **强制合并**
- 相邻两个 items 若叙事角色完全相同、画面视觉重心也相同 → **强制合并**

## 🧭 结构识别 → 模板选型（从上到下命中第一条）

### A. 数据/量化结论（expressionTag=data）
- 两项指标同框对比（涨跌、前后、A/B）→ `STAT_COMPARE`（必须能抽象出两个非负整数）
- 单指标完成度/占比/达成率 → `PROGRESS_RING`
- 单个核心数值/排名/增长率强调 → `KPI_HERO`

### B. 对错/强导向（expressionTag=contrast）
- 明确“别这样/要这样”“错误/正确” → `DOS_AND_DONTS`
- “不是…而是…” → `COGNITIVE_SHIFT`

### C. 多分点/清单/步骤（expressionTag=list|steps|method）
- 两方/两方案并列（更中立的 A vs B）→ `SPLIT_COMPARE`
- 当前 item 原文明确展开 **2～4** 个并列分点/并列例子，且每点需独立配图（宫格）→ `PANEL_GRID`
- 明确步骤序列/短清单，且【同一 item 内】可抽取出 2～6 条“短步骤”（如同时出现“第一/第二/第三…”或“1)/2)/3)”），并且每条步骤建议 ≤10 字、无长解释句 → `STEP_LIST`
  - 反例：只有“第一/第二”这一个标题句（单条）不要选 `STEP_LIST`（至少需要 2 条）
  - 反例：每条方法/步骤后面还跟较长解释、追问或补充句（例如任一解释段 >30 字）→ 不适合 `STEP_LIST`，应拆分 item，并优先用 `METHOD_STACK`（标题式核心 + 解释展开）或 `CENTER_FOCUS`
- “一个标题式核心（方法/建议/观点/卖点/亮点/推荐理由）+ 2～4 句解释展开” → `METHOD_STACK`
- 同一**案例/子话题**、**单主图**，口播 **4～6 句** 呈「个案→误判/推论→纠偏→收束」叙事弧 → `CASE_BREAKDOWN`（非「第一/第二」方法清单、非多图节拍时用本模板；方法要点式仍用 `METHOD_STACK`）

### D. 节拍递进（expressionTag=beat）
- 同一镜头内 2～4 段口播节拍递进（问→驳→收束；铺垫→转折→结论），希望画面跟着分段变化 → `BEAT_SEQUENCE`
  - **提示**：如果递进里还夹杂“强对照/命名”，通常应拆成多个 item，不要硬塞一个 `BEAT_SEQUENCE`。
- 同一镜头内 **因果链 / 机制传导**（因→果→再果，每环一图，无时间轴刻度）→ `CAUSE_CHAIN`

### E. 引用/命名/聚焦（expressionTag=quote|concept|focus）
- 名言、著作、研究、媒体引用、用户评价、证言摘录 → `QUOTE_CITATION`
- 对“专业术语、概念、产品名、品牌关键词、功能名等”新名词进行解释→ `CONCEPT_CARD`
- 需要把注意力锁定到一个关键词/短语/关键细节/核心发现上 → `MAGNIFYING_GLASS`
  - 必须存在明确落点句（如“关键在于…”“核心是…”“结论是…”）
  - 需要后续可提取 1～2 个高价值锚点短语（否则不要选）

### F. 金句冲击（expressionTag=focus）
- 全片级短促强结论、无需配图 → `TEXT_FOCUS`

### G. 时间轴，先后关系（expressionTag=timeline）
- 明确时间先后/阶段演进（过去→现在→未来）→ `TIMELINE`

### G2. 收束清单（expressionTag≈conclusion|list）
- 收束、行动检查项、要点复诵，需要**逐项打勾显现**（非编号短步骤、非并列大图组）→ `CHECKLIST_REVEAL`

### G3. 课后答疑 / 疑点解答（expressionTag≈neutral|focus）
- 针对本课/本主题的一个疑点，讲师正式解答：`content[0]` 为问句，`content[1..]` 为答句 → `QA_REVEAL`
- 须有完整问句 + 递进解答；**非**「有人说/网友」对话体（→ `CHAT_BUBBLE`）；**非**多图情绪递进（→ `BEAT_SEQUENCE`）；**非**收束打勾清单（→ `CHECKLIST_REVEAL`）

### H. 默认（expressionTag=neutral）
- 平缓叙述、单图即可、无上述结构 → `CENTER_FOCUS`

---

## ✅ 输出格式（严格 JSON，禁止包含 markdown 代码块）
{
  "items": [
    {
      "text": "逐字口播片段（必须来自原文，且拼接后覆盖原文）",
      "narrativeType": "HOOK | LOGIC | CASE | DATA | CONCLUSION | TRANSITION",
      "template": "必须来自可用模板列表",
      "expressionTag": "data | contrast | list | steps | method | beat | quote | concept | focus | timeline | neutral",
      "confidence": "low | medium | high",
      "reasoning": "一句话说明：该段的主表达结构是什么 → 为什么选该模板 → 若拆分/合并，理由是什么"
    }
  ]
}

===========================================================================================
---------------------------------------- RESPONSE ----------------------------------------
time: 2026-09-10 22:19:59
attempt: 1/3

[OUTPUT]
{
  "items": [
    {
      "text": "这背后，是一种很常见的心理机制：认知失调。",
      "narrativeType": "LOGIC",
      "template": "CONCEPT_CARD",
      "expressionTag": "concept",
      "estimatedSeconds": 4.7,
      "confidence": "high",
      "reasoning": "该段主表达是命名“认知失调”这一心理术语，用 CONCEPT_CARD 做术语卡以锁定概念。"
    },
    {
      "text": "当“我们应该强大”，撞上“我们确实有差距”，人的自我价值就会受到威胁。",
      "narrativeType": "LOGIC",
      "template": "BEAT_SEQUENCE",
      "expressionTag": "beat",
      "estimatedSeconds": 7.8,
      "confidence": "high",
      "reasoning": "该段主表达是从冲突铺垫到威胁结论的节拍递进，用 BEAT_SEQUENCE 让两拍在一个镜头内依次显现，避免把结果句拆成过短镜头。"
    },
    {
      "text": "承认现实，太伤自尊。改变现实，又太慢、太难。",
      "narrativeType": "LOGIC",
      "template": "PANEL_GRID",
      "expressionTag": "list",
      "estimatedSeconds": 4.9,
      "confidence": "high",
      "reasoning": "该段是两个并列的两难分点，选 PANEL_GRID 做宫格式并列呈现。"
    },
    {
      "text": "于是，大脑会选择一条更轻松的路：不改变事实，只改变事实的解释。",
      "narrativeType": "LOGIC",
      "template": "COGNITIVE_SHIFT",
      "expressionTag": "contrast",
      "estimatedSeconds": 6.9,
      "confidence": "high",
      "reasoning": "该段主表达是“不改变事实，只改变解释”的认知转变，选 COGNITIVE_SHIFT 表达替换解释的机制。"
    },
    {
      "text": "借祖先的荣光，就是一种给自己加分的最简单的方式。",
      "narrativeType": "CASE",
      "template": "MAGNIFYING_GLASS",
      "expressionTag": "focus",
      "estimatedSeconds": 5.3,
      "confidence": "medium",
      "reasoning": "该句落点是“给自己加分的最简单的方式”，用 MAGNIFYING_GLASS 聚焦这一关键结论。"
    },
    {
      "text": "这种借法，不要求你改变现实。只要求你更换解释。",
      "narrativeType": "CONCLUSION",
      "template": "TEXT_FOCUS",
      "expressionTag": "focus",
      "estimatedSeconds": 5.1,
      "confidence": "high",
      "reasoning": "该段是全段收束式金句，无需配图，用 TEXT_FOCUS 做短促强结论冲击。"
    }
  ]
}
-------------------------------------------------------------------------------------------

======================================== REQUEST ========================================
time: 2026-09-10 22:19:59
provider: deepseek
model: deepseek-v4-pro
retries: 3

[PROMPT]
你是「镜头分镜 + 动画模板选型」联合优化器。你的任务是在**不改写口播原文**的前提下，把场景原文切成更“原子化”的镜头item，并为每个镜头选择最合适的 `template`。

## 🎥 视频大背景
- **核心主题**：一遇差距就搬出老祖宗？你的大脑在偷偷改解释
- **当前场景**：伪史论的双标

## 📄 场景原文（严禁修改、严禁漏字、严禁补字）
但这种方式有个问题，别人要是也有荣耀的历史该怎么办呢？
那就让别人的文明失去来历，再让自己的文明，成为一切的源头。

中文互联网上，管这叫“伪史论”。
金字塔是近代用混凝土浇的。
亚里士多德根本不存在。
工业革命的技术，全抄自《永乐大典》。

判断别人，一句"看着不像真的"，就能推翻几千年历史。
判断自己，古书里一个模糊的词，就能包揽天下。

对别人，无限怀疑。
对自己，无限宽容。



## 可用模板（共 26 个：`template` 必须且仅能从中选一个）

BEAT_SEQUENCE, CASE_BREAKDOWN, CAUSE_CHAIN, CENTER_FOCUS, CHAT_BUBBLE, CHECKLIST_REVEAL, COGNITIVE_SHIFT, CONCEPT_CARD, DATA_TABLE, DOS_AND_DONTS, KPI_HERO, MAGNIFYING_GLASS, METHOD_STACK, PANEL_GRID, PEER_INDUCT, PROGRESS_RING, PUNCH_CAPTION, QA_REVEAL, QUOTE_CITATION, SOURCE_CITATION, SPLIT_COMPARE, STAT_COMPARE, STEP_LIST, TEXT_FOCUS, TIMELINE, TREE_DIAGRAM

选型规则以主提示词中的决策树与自检清单为准；参数结构不在此展开，后续步骤会按 Schema 生成 `param`。

---

## 🎯 总目标（必须同时满足）
1. **逐字一致**：每个 item 的 `text` 必须是原文的连续子串；所有 item 的 `text` 按顺序拼接后必须与原文完全一致（允许忽略空白差异，但不能改变任何非空白字符）。
2. **覆盖完整**：原文中每一个字符都必须且只能落在一个 item 里（不重叠、不遗漏）。
3. **表达原子化**：**一个 item 只允许一个主表达结构**（对比/命名/步骤/引用/数据/节拍递进/金句冲击/平铺叙述）。若同一段里混了两种结构，必须拆成多个 item。
4. **长度合理**：为了避免视觉疲劳，一个item中的text拼接后如果长于 50 字应该拆分成多个item。
5. 模板是为了更好的表达item中的text

---

## ✂️ 分镜原则

### Phase 1：时长锚点（量化判断基准）
- 正常语速约 **4~5 字/秒**，单个镜头的理想口播时长：**3~8 秒（约 12~40 字）**
- ⚠️ **< 12 字**的分段：除非是独立金句，否则**必须合并**到相邻镜头
- ⚠️ **> 50 字**的分段：意味着画面停留太久，观众注意力衰减，建议拆分，但拆分点本身仍需有叙事依据
- 在 `estimatedSeconds` 字段中标注预估秒数（字数 ÷ 4.5，保留一位小数）
- 除非模板使用TextFocus，否则不允许content中只有一个Text的情况

### Phase 2：切分信号强度模型
按叙事信号强度决定是否新建镜头，**而非按标点机械切分**：

**🔴 强信号（应新建镜头）**：
- 叙事角色彻底转换：说理/定义 → 举例/场景还原
- 叙事角色彻底转换：铺垫/铺陈 → 行动号召/结论
- 情绪段位跳变：平静分析 → 震惊转折 → 收束共情
- 视觉主体完全更换：讨论 A 话题 → 转到独立的 B 话题

**🟡 中等信号（倾向合并，但单段超过 40 字时可拆）**：
- 同一论点下的多个分点（第一、第二、第三……）
- 同一比喻的铺垫与揭示
- 同一因果链的前提与结论

**🟢 弱信号（严禁作为切分依据）**：
- 普通逗号、顿号、冒号后的补充说明
- 同一句话的前后半段
- "而且""此外""所以"等常见连接词（需配合叙事角色判断）

### Phase 3：合并检查
拆完后对所有 items 做全局合并检查：
- 相邻两个 items 若切分信号为"弱"且合并后总字数不超过 45 字 → **强制合并**
- 相邻两个 items 若叙事角色完全相同、画面视觉重心也相同 → **强制合并**

## 🧭 结构识别 → 模板选型（从上到下命中第一条）

### A. 数据/量化结论（expressionTag=data）
- 两项指标同框对比（涨跌、前后、A/B）→ `STAT_COMPARE`（必须能抽象出两个非负整数）
- 单指标完成度/占比/达成率 → `PROGRESS_RING`
- 单个核心数值/排名/增长率强调 → `KPI_HERO`

### B. 对错/强导向（expressionTag=contrast）
- 明确“别这样/要这样”“错误/正确” → `DOS_AND_DONTS`
- “不是…而是…” → `COGNITIVE_SHIFT`

### C. 多分点/清单/步骤（expressionTag=list|steps|method）
- 两方/两方案并列（更中立的 A vs B）→ `SPLIT_COMPARE`
- 当前 item 原文明确展开 **2～4** 个并列分点/并列例子，且每点需独立配图（宫格）→ `PANEL_GRID`
- 明确步骤序列/短清单，且【同一 item 内】可抽取出 2～6 条“短步骤”（如同时出现“第一/第二/第三…”或“1)/2)/3)”），并且每条步骤建议 ≤10 字、无长解释句 → `STEP_LIST`
  - 反例：只有“第一/第二”这一个标题句（单条）不要选 `STEP_LIST`（至少需要 2 条）
  - 反例：每条方法/步骤后面还跟较长解释、追问或补充句（例如任一解释段 >30 字）→ 不适合 `STEP_LIST`，应拆分 item，并优先用 `METHOD_STACK`（标题式核心 + 解释展开）或 `CENTER_FOCUS`
- “一个标题式核心（方法/建议/观点/卖点/亮点/推荐理由）+ 2～4 句解释展开” → `METHOD_STACK`
- 同一**案例/子话题**、**单主图**，口播 **4～6 句** 呈「个案→误判/推论→纠偏→收束」叙事弧 → `CASE_BREAKDOWN`（非「第一/第二」方法清单、非多图节拍时用本模板；方法要点式仍用 `METHOD_STACK`）

### D. 节拍递进（expressionTag=beat）
- 同一镜头内 2～4 段口播节拍递进（问→驳→收束；铺垫→转折→结论），希望画面跟着分段变化 → `BEAT_SEQUENCE`
  - **提示**：如果递进里还夹杂“强对照/命名”，通常应拆成多个 item，不要硬塞一个 `BEAT_SEQUENCE`。
- 同一镜头内 **因果链 / 机制传导**（因→果→再果，每环一图，无时间轴刻度）→ `CAUSE_CHAIN`

### E. 引用/命名/聚焦（expressionTag=quote|concept|focus）
- 名言、著作、研究、媒体引用、用户评价、证言摘录 → `QUOTE_CITATION`
- 对“专业术语、概念、产品名、品牌关键词、功能名等”新名词进行解释→ `CONCEPT_CARD`
- 需要把注意力锁定到一个关键词/短语/关键细节/核心发现上 → `MAGNIFYING_GLASS`
  - 必须存在明确落点句（如“关键在于…”“核心是…”“结论是…”）
  - 需要后续可提取 1～2 个高价值锚点短语（否则不要选）

### F. 金句冲击（expressionTag=focus）
- 全片级短促强结论、无需配图 → `TEXT_FOCUS`

### G. 时间轴，先后关系（expressionTag=timeline）
- 明确时间先后/阶段演进（过去→现在→未来）→ `TIMELINE`

### G2. 收束清单（expressionTag≈conclusion|list）
- 收束、行动检查项、要点复诵，需要**逐项打勾显现**（非编号短步骤、非并列大图组）→ `CHECKLIST_REVEAL`

### G3. 课后答疑 / 疑点解答（expressionTag≈neutral|focus）
- 针对本课/本主题的一个疑点，讲师正式解答：`content[0]` 为问句，`content[1..]` 为答句 → `QA_REVEAL`
- 须有完整问句 + 递进解答；**非**「有人说/网友」对话体（→ `CHAT_BUBBLE`）；**非**多图情绪递进（→ `BEAT_SEQUENCE`）；**非**收束打勾清单（→ `CHECKLIST_REVEAL`）

### H. 默认（expressionTag=neutral）
- 平缓叙述、单图即可、无上述结构 → `CENTER_FOCUS`

---

## ✅ 输出格式（严格 JSON，禁止包含 markdown 代码块）
{
  "items": [
    {
      "text": "逐字口播片段（必须来自原文，且拼接后覆盖原文）",
      "narrativeType": "HOOK | LOGIC | CASE | DATA | CONCLUSION | TRANSITION",
      "template": "必须来自可用模板列表",
      "expressionTag": "data | contrast | list | steps | method | beat | quote | concept | focus | timeline | neutral",
      "confidence": "low | medium | high",
      "reasoning": "一句话说明：该段的主表达结构是什么 → 为什么选该模板 → 若拆分/合并，理由是什么"
    }
  ]
}

===========================================================================================
---------------------------------------- RESPONSE ----------------------------------------
time: 2026-09-10 22:22:49
attempt: 1/3

[OUTPUT]
{
  "items": [
    {
      "text": "但这种方式有个问题，别人要是也有荣耀的历史该怎么办呢？",
      "narrativeType": "TRANSITION",
      "template": "CENTER_FOCUS",
      "expressionTag": "neutral",
      "confidence": "medium",
      "reasoning": "该句是承上启下的设问，仅抛出问题，无对比、递进或金句结构，默认用 CENTER_FOCUS。"
    },
    {
      "text": "那就让别人的文明失去来历，再让自己的文明，成为一切的源头。",
      "narrativeType": "LOGIC",
      "template": "BEAT_SEQUENCE",
      "expressionTag": "beat",
      "confidence": "high",
      "reasoning": "两个连续动作形成递进节拍，画面可随“先剥夺来历→再成为源头”分段变化，选 BEAT_SEQUENCE；与问句拆分以避免超过50字。"
    },
    {
      "text": "中文互联网上，管这叫“伪史论”。",
      "narrativeType": "LOGIC",
      "template": "MAGNIFYING_GLASS",
      "expressionTag": "focus",
      "confidence": "medium",
      "reasoning": "核心是把注意力锁定到新名词“伪史论”上，属于命名与聚焦，选 MAGNIFYING_GLASS 突出锚点。"
    },
    {
      "text": "金字塔是近代用混凝土浇的。亚里士多德根本不存在。工业革命的技术，全抄自《永乐大典》。",
      "narrativeType": "CASE",
      "template": "PANEL_GRID",
      "expressionTag": "list",
      "confidence": "high",
      "reasoning": "三个并列的伪史论例子属于同一分点结构，适合宫格独立配图；合并避免碎片化，总长42字合理。"
    },
    {
      "text": "判断别人，一句\"看着不像真的\"，就能推翻几千年历史。判断自己，古书里一个模糊的词，就能包揽天下。",
      "narrativeType": "LOGIC",
      "template": "SPLIT_COMPARE",
      "expressionTag": "contrast",
      "confidence": "high",
      "reasoning": "“判断别人”与“判断自己”构成双标对比，应同框对照，选 SPLIT_COMPARE；48字未超过50字，保持对比完整。"
    },
    {
      "text": "对别人，无限怀疑。对自己，无限宽容。",
      "narrativeType": "CONCLUSION",
      "template": "TEXT_FOCUS",
      "expressionTag": "focus",
      "confidence": "high",
      "reasoning": "两句对偶金句是全场景短促强结论，无需配图，选 TEXT_FOCUS 做冲击收束。"
    }
  ]
}
-------------------------------------------------------------------------------------------

======================================== REQUEST ========================================
time: 2026-09-10 22:22:49
provider: deepseek
model: deepseek-v4-pro
retries: 3

[PROMPT]
你是「镜头分镜 + 动画模板选型」联合优化器。你的任务是在**不改写口播原文**的前提下，把场景原文切成更“原子化”的镜头item，并为每个镜头选择最合适的 `template`。

## 🎥 视频大背景
- **核心主题**：一遇差距就搬出老祖宗？你的大脑在偷偷改解释
- **当前场景**：文化自信被借壳

## 📄 场景原文（严禁修改、严禁漏字、严禁补字）
自己的成就不够，就往前翻。
别人的成就太多，就往后删。
这两种人，都是鲁迅笔下的阿Q。
总能找到赢的心理安慰，此所谓输有输的赢法。

今天这套精神胜利法，被人换了个旗帜。
旗帜上四个大字：文化自信。
四个字没错。
错的是，有人拿它来改解释，不改现实。

如果这只是让人在网上高兴几分钟，也就罢了。
真正危险的是，人会忘记差距还在。

差距不再是差距，只是别人抢走了我们的功劳。
落后也不再是落后，只是历史被西方改写。

到最后，我们失去的不只是对历史的判断。
还有改造现实的能力。



## 可用模板（共 26 个：`template` 必须且仅能从中选一个）

BEAT_SEQUENCE, CASE_BREAKDOWN, CAUSE_CHAIN, CENTER_FOCUS, CHAT_BUBBLE, CHECKLIST_REVEAL, COGNITIVE_SHIFT, CONCEPT_CARD, DATA_TABLE, DOS_AND_DONTS, KPI_HERO, MAGNIFYING_GLASS, METHOD_STACK, PANEL_GRID, PEER_INDUCT, PROGRESS_RING, PUNCH_CAPTION, QA_REVEAL, QUOTE_CITATION, SOURCE_CITATION, SPLIT_COMPARE, STAT_COMPARE, STEP_LIST, TEXT_FOCUS, TIMELINE, TREE_DIAGRAM

选型规则以主提示词中的决策树与自检清单为准；参数结构不在此展开，后续步骤会按 Schema 生成 `param`。

---

## 🎯 总目标（必须同时满足）
1. **逐字一致**：每个 item 的 `text` 必须是原文的连续子串；所有 item 的 `text` 按顺序拼接后必须与原文完全一致（允许忽略空白差异，但不能改变任何非空白字符）。
2. **覆盖完整**：原文中每一个字符都必须且只能落在一个 item 里（不重叠、不遗漏）。
3. **表达原子化**：**一个 item 只允许一个主表达结构**（对比/命名/步骤/引用/数据/节拍递进/金句冲击/平铺叙述）。若同一段里混了两种结构，必须拆成多个 item。
4. **长度合理**：为了避免视觉疲劳，一个item中的text拼接后如果长于 50 字应该拆分成多个item。
5. 模板是为了更好的表达item中的text

---

## ✂️ 分镜原则

### Phase 1：时长锚点（量化判断基准）
- 正常语速约 **4~5 字/秒**，单个镜头的理想口播时长：**3~8 秒（约 12~40 字）**
- ⚠️ **< 12 字**的分段：除非是独立金句，否则**必须合并**到相邻镜头
- ⚠️ **> 50 字**的分段：意味着画面停留太久，观众注意力衰减，建议拆分，但拆分点本身仍需有叙事依据
- 在 `estimatedSeconds` 字段中标注预估秒数（字数 ÷ 4.5，保留一位小数）
- 除非模板使用TextFocus，否则不允许content中只有一个Text的情况

### Phase 2：切分信号强度模型
按叙事信号强度决定是否新建镜头，**而非按标点机械切分**：

**🔴 强信号（应新建镜头）**：
- 叙事角色彻底转换：说理/定义 → 举例/场景还原
- 叙事角色彻底转换：铺垫/铺陈 → 行动号召/结论
- 情绪段位跳变：平静分析 → 震惊转折 → 收束共情
- 视觉主体完全更换：讨论 A 话题 → 转到独立的 B 话题

**🟡 中等信号（倾向合并，但单段超过 40 字时可拆）**：
- 同一论点下的多个分点（第一、第二、第三……）
- 同一比喻的铺垫与揭示
- 同一因果链的前提与结论

**🟢 弱信号（严禁作为切分依据）**：
- 普通逗号、顿号、冒号后的补充说明
- 同一句话的前后半段
- "而且""此外""所以"等常见连接词（需配合叙事角色判断）

### Phase 3：合并检查
拆完后对所有 items 做全局合并检查：
- 相邻两个 items 若切分信号为"弱"且合并后总字数不超过 45 字 → **强制合并**
- 相邻两个 items 若叙事角色完全相同、画面视觉重心也相同 → **强制合并**

## 🧭 结构识别 → 模板选型（从上到下命中第一条）

### A. 数据/量化结论（expressionTag=data）
- 两项指标同框对比（涨跌、前后、A/B）→ `STAT_COMPARE`（必须能抽象出两个非负整数）
- 单指标完成度/占比/达成率 → `PROGRESS_RING`
- 单个核心数值/排名/增长率强调 → `KPI_HERO`

### B. 对错/强导向（expressionTag=contrast）
- 明确“别这样/要这样”“错误/正确” → `DOS_AND_DONTS`
- “不是…而是…” → `COGNITIVE_SHIFT`

### C. 多分点/清单/步骤（expressionTag=list|steps|method）
- 两方/两方案并列（更中立的 A vs B）→ `SPLIT_COMPARE`
- 当前 item 原文明确展开 **2～4** 个并列分点/并列例子，且每点需独立配图（宫格）→ `PANEL_GRID`
- 明确步骤序列/短清单，且【同一 item 内】可抽取出 2～6 条“短步骤”（如同时出现“第一/第二/第三…”或“1)/2)/3)”），并且每条步骤建议 ≤10 字、无长解释句 → `STEP_LIST`
  - 反例：只有“第一/第二”这一个标题句（单条）不要选 `STEP_LIST`（至少需要 2 条）
  - 反例：每条方法/步骤后面还跟较长解释、追问或补充句（例如任一解释段 >30 字）→ 不适合 `STEP_LIST`，应拆分 item，并优先用 `METHOD_STACK`（标题式核心 + 解释展开）或 `CENTER_FOCUS`
- “一个标题式核心（方法/建议/观点/卖点/亮点/推荐理由）+ 2～4 句解释展开” → `METHOD_STACK`
- 同一**案例/子话题**、**单主图**，口播 **4～6 句** 呈「个案→误判/推论→纠偏→收束」叙事弧 → `CASE_BREAKDOWN`（非「第一/第二」方法清单、非多图节拍时用本模板；方法要点式仍用 `METHOD_STACK`）

### D. 节拍递进（expressionTag=beat）
- 同一镜头内 2～4 段口播节拍递进（问→驳→收束；铺垫→转折→结论），希望画面跟着分段变化 → `BEAT_SEQUENCE`
  - **提示**：如果递进里还夹杂“强对照/命名”，通常应拆成多个 item，不要硬塞一个 `BEAT_SEQUENCE`。
- 同一镜头内 **因果链 / 机制传导**（因→果→再果，每环一图，无时间轴刻度）→ `CAUSE_CHAIN`

### E. 引用/命名/聚焦（expressionTag=quote|concept|focus）
- 名言、著作、研究、媒体引用、用户评价、证言摘录 → `QUOTE_CITATION`
- 对“专业术语、概念、产品名、品牌关键词、功能名等”新名词进行解释→ `CONCEPT_CARD`
- 需要把注意力锁定到一个关键词/短语/关键细节/核心发现上 → `MAGNIFYING_GLASS`
  - 必须存在明确落点句（如“关键在于…”“核心是…”“结论是…”）
  - 需要后续可提取 1～2 个高价值锚点短语（否则不要选）

### F. 金句冲击（expressionTag=focus）
- 全片级短促强结论、无需配图 → `TEXT_FOCUS`

### G. 时间轴，先后关系（expressionTag=timeline）
- 明确时间先后/阶段演进（过去→现在→未来）→ `TIMELINE`

### G2. 收束清单（expressionTag≈conclusion|list）
- 收束、行动检查项、要点复诵，需要**逐项打勾显现**（非编号短步骤、非并列大图组）→ `CHECKLIST_REVEAL`

### G3. 课后答疑 / 疑点解答（expressionTag≈neutral|focus）
- 针对本课/本主题的一个疑点，讲师正式解答：`content[0]` 为问句，`content[1..]` 为答句 → `QA_REVEAL`
- 须有完整问句 + 递进解答；**非**「有人说/网友」对话体（→ `CHAT_BUBBLE`）；**非**多图情绪递进（→ `BEAT_SEQUENCE`）；**非**收束打勾清单（→ `CHECKLIST_REVEAL`）

### H. 默认（expressionTag=neutral）
- 平缓叙述、单图即可、无上述结构 → `CENTER_FOCUS`

---

## ✅ 输出格式（严格 JSON，禁止包含 markdown 代码块）
{
  "items": [
    {
      "text": "逐字口播片段（必须来自原文，且拼接后覆盖原文）",
      "narrativeType": "HOOK | LOGIC | CASE | DATA | CONCLUSION | TRANSITION",
      "template": "必须来自可用模板列表",
      "expressionTag": "data | contrast | list | steps | method | beat | quote | concept | focus | timeline | neutral",
      "confidence": "low | medium | high",
      "reasoning": "一句话说明：该段的主表达结构是什么 → 为什么选该模板 → 若拆分/合并，理由是什么"
    }
  ]
}

===========================================================================================
---------------------------------------- RESPONSE ----------------------------------------
time: 2026-09-10 22:25:02
attempt: 1/3

[OUTPUT]
{
  "items": [
    {
      "text": "自己的成就不够，就往前翻。别人的成就太多，就往后删。",
      "narrativeType": "CASE",
      "template": "PANEL_GRID",
      "expressionTag": "list",
      "confidence": "high",
      "reasoning": "两句对称并列两种人的行为，适合用宫格分卡呈现，避免拆散排比关系。",
      "estimatedSeconds": 5.8
    },
    {
      "text": "这两种人，都是鲁迅笔下的阿Q。",
      "narrativeType": "LOGIC",
      "template": "QUOTE_CITATION",
      "expressionTag": "quote",
      "confidence": "medium",
      "reasoning": "以鲁迅笔下的阿Q作文学引用与命名，采用引用卡突出文化符号。",
      "estimatedSeconds": 3.3
    },
    {
      "text": "总能找到赢的心理安慰，此所谓输有输的赢法。",
      "narrativeType": "CONCLUSION",
      "template": "TEXT_FOCUS",
      "expressionTag": "focus",
      "confidence": "high",
      "reasoning": "反讽金句是独立强结论，无需配图，用文字聚焦形成冲击。",
      "estimatedSeconds": 4.7
    },
    {
      "text": "今天这套精神胜利法，被人换了个旗帜。",
      "narrativeType": "TRANSITION",
      "template": "CENTER_FOCUS",
      "expressionTag": "neutral",
      "confidence": "high",
      "reasoning": "平缓过渡句，单图居中即可完成话题切换，无复杂结构。",
      "estimatedSeconds": 4.0
    },
    {
      "text": "旗帜上四个大字：文化自信。四个字没错。",
      "narrativeType": "LOGIC",
      "template": "MAGNIFYING_GLASS",
      "expressionTag": "concept",
      "confidence": "medium",
      "reasoning": "主表达是锁定“文化自信”这一关键概念并予以肯定，适合放大聚焦。",
      "estimatedSeconds": 4.2
    },
    {
      "text": "错的是，有人拿它来改解释，不改现实。",
      "narrativeType": "LOGIC",
      "template": "COGNITIVE_SHIFT",
      "expressionTag": "contrast",
      "confidence": "medium",
      "reasoning": "通过“改解释/不改现实”的对照揭示认知错位，适合认知转变模板。",
      "estimatedSeconds": 4.0
    },
    {
      "text": "如果这只是让人在网上高兴几分钟，也就罢了。真正危险的是，人会忘记差距还在。",
      "narrativeType": "LOGIC",
      "template": "BEAT_SEQUENCE",
      "expressionTag": "beat",
      "confidence": "high",
      "reasoning": "由让步铺垫到真正危险，形成两段节拍递进，适合节拍序列。",
      "estimatedSeconds": 8.2
    },
    {
      "text": "差距不再是差距，只是别人抢走了我们的功劳。落后也不再是落后，只是历史被西方改写。",
      "narrativeType": "CASE",
      "template": "PANEL_GRID",
      "expressionTag": "list",
      "confidence": "high",
      "reasoning": "两个并列的“不再是…只是…”偷换概念例子，适合两张宫格卡分别呈现。",
      "estimatedSeconds": 8.9
    },
    {
      "text": "到最后，我们失去的不只是对历史的判断。还有改造现实的能力。",
      "narrativeType": "CONCLUSION",
      "template": "TEXT_FOCUS",
      "expressionTag": "focus",
      "confidence": "high",
      "reasoning": "全片收束性结论，强调双重失去，适合无配图文字聚焦。",
      "estimatedSeconds": 6.4
    }
  ]
}
-------------------------------------------------------------------------------------------

======================================== REQUEST ========================================
time: 2026-09-10 22:25:02
provider: deepseek
model: deepseek-v4-pro
retries: 3

[PROMPT]
你是「镜头分镜 + 动画模板选型」联合优化器。你的任务是在**不改写口播原文**的前提下，把场景原文切成更“原子化”的镜头item，并为每个镜头选择最合适的 `template`。

## 🎥 视频大背景
- **核心主题**：一遇差距就搬出老祖宗？你的大脑在偷偷改解释
- **当前场景**：真正自信先看清自己

## 📄 场景原文（严禁修改、严禁漏字、严禁补字）
自己的历史本来应该是一面镜子。让现在的人明得失。
精神胜利法，却把它改成了美颜相机。
只负责美化自己，不负责看清自己。

别人的历史本来应该是一把尺子。让现在的人量高低。
伪史论，却把它改成了一块橡皮。
只负责抹掉别人，不负责量清自己。

想要真正的文化自信，先得能看清自己。
别人有成就，承认。
自己有差距，也承认。

承认金字塔是真的，长城不会变矮。
承认亚里士多德存在，孔子也不会失去光芒。

真正自信的人，不需要把全世界变矮，来证明自己高大。

正视差距。
用今天的努力去追。
历史留给我们的，不该只是一份可以反复领取的荣誉。
更该是一项还没做完的任务。

## 可用模板（共 26 个：`template` 必须且仅能从中选一个）

BEAT_SEQUENCE, CASE_BREAKDOWN, CAUSE_CHAIN, CENTER_FOCUS, CHAT_BUBBLE, CHECKLIST_REVEAL, COGNITIVE_SHIFT, CONCEPT_CARD, DATA_TABLE, DOS_AND_DONTS, KPI_HERO, MAGNIFYING_GLASS, METHOD_STACK, PANEL_GRID, PEER_INDUCT, PROGRESS_RING, PUNCH_CAPTION, QA_REVEAL, QUOTE_CITATION, SOURCE_CITATION, SPLIT_COMPARE, STAT_COMPARE, STEP_LIST, TEXT_FOCUS, TIMELINE, TREE_DIAGRAM

选型规则以主提示词中的决策树与自检清单为准；参数结构不在此展开，后续步骤会按 Schema 生成 `param`。

---

## 🎯 总目标（必须同时满足）
1. **逐字一致**：每个 item 的 `text` 必须是原文的连续子串；所有 item 的 `text` 按顺序拼接后必须与原文完全一致（允许忽略空白差异，但不能改变任何非空白字符）。
2. **覆盖完整**：原文中每一个字符都必须且只能落在一个 item 里（不重叠、不遗漏）。
3. **表达原子化**：**一个 item 只允许一个主表达结构**（对比/命名/步骤/引用/数据/节拍递进/金句冲击/平铺叙述）。若同一段里混了两种结构，必须拆成多个 item。
4. **长度合理**：为了避免视觉疲劳，一个item中的text拼接后如果长于 50 字应该拆分成多个item。
5. 模板是为了更好的表达item中的text

---

## ✂️ 分镜原则

### Phase 1：时长锚点（量化判断基准）
- 正常语速约 **4~5 字/秒**，单个镜头的理想口播时长：**3~8 秒（约 12~40 字）**
- ⚠️ **< 12 字**的分段：除非是独立金句，否则**必须合并**到相邻镜头
- ⚠️ **> 50 字**的分段：意味着画面停留太久，观众注意力衰减，建议拆分，但拆分点本身仍需有叙事依据
- 在 `estimatedSeconds` 字段中标注预估秒数（字数 ÷ 4.5，保留一位小数）
- 除非模板使用TextFocus，否则不允许content中只有一个Text的情况

### Phase 2：切分信号强度模型
按叙事信号强度决定是否新建镜头，**而非按标点机械切分**：

**🔴 强信号（应新建镜头）**：
- 叙事角色彻底转换：说理/定义 → 举例/场景还原
- 叙事角色彻底转换：铺垫/铺陈 → 行动号召/结论
- 情绪段位跳变：平静分析 → 震惊转折 → 收束共情
- 视觉主体完全更换：讨论 A 话题 → 转到独立的 B 话题

**🟡 中等信号（倾向合并，但单段超过 40 字时可拆）**：
- 同一论点下的多个分点（第一、第二、第三……）
- 同一比喻的铺垫与揭示
- 同一因果链的前提与结论

**🟢 弱信号（严禁作为切分依据）**：
- 普通逗号、顿号、冒号后的补充说明
- 同一句话的前后半段
- "而且""此外""所以"等常见连接词（需配合叙事角色判断）

### Phase 3：合并检查
拆完后对所有 items 做全局合并检查：
- 相邻两个 items 若切分信号为"弱"且合并后总字数不超过 45 字 → **强制合并**
- 相邻两个 items 若叙事角色完全相同、画面视觉重心也相同 → **强制合并**

## 🧭 结构识别 → 模板选型（从上到下命中第一条）

### A. 数据/量化结论（expressionTag=data）
- 两项指标同框对比（涨跌、前后、A/B）→ `STAT_COMPARE`（必须能抽象出两个非负整数）
- 单指标完成度/占比/达成率 → `PROGRESS_RING`
- 单个核心数值/排名/增长率强调 → `KPI_HERO`

### B. 对错/强导向（expressionTag=contrast）
- 明确“别这样/要这样”“错误/正确” → `DOS_AND_DONTS`
- “不是…而是…” → `COGNITIVE_SHIFT`

### C. 多分点/清单/步骤（expressionTag=list|steps|method）
- 两方/两方案并列（更中立的 A vs B）→ `SPLIT_COMPARE`
- 当前 item 原文明确展开 **2～4** 个并列分点/并列例子，且每点需独立配图（宫格）→ `PANEL_GRID`
- 明确步骤序列/短清单，且【同一 item 内】可抽取出 2～6 条“短步骤”（如同时出现“第一/第二/第三…”或“1)/2)/3)”），并且每条步骤建议 ≤10 字、无长解释句 → `STEP_LIST`
  - 反例：只有“第一/第二”这一个标题句（单条）不要选 `STEP_LIST`（至少需要 2 条）
  - 反例：每条方法/步骤后面还跟较长解释、追问或补充句（例如任一解释段 >30 字）→ 不适合 `STEP_LIST`，应拆分 item，并优先用 `METHOD_STACK`（标题式核心 + 解释展开）或 `CENTER_FOCUS`
- “一个标题式核心（方法/建议/观点/卖点/亮点/推荐理由）+ 2～4 句解释展开” → `METHOD_STACK`
- 同一**案例/子话题**、**单主图**，口播 **4～6 句** 呈「个案→误判/推论→纠偏→收束」叙事弧 → `CASE_BREAKDOWN`（非「第一/第二」方法清单、非多图节拍时用本模板；方法要点式仍用 `METHOD_STACK`）

### D. 节拍递进（expressionTag=beat）
- 同一镜头内 2～4 段口播节拍递进（问→驳→收束；铺垫→转折→结论），希望画面跟着分段变化 → `BEAT_SEQUENCE`
  - **提示**：如果递进里还夹杂“强对照/命名”，通常应拆成多个 item，不要硬塞一个 `BEAT_SEQUENCE`。
- 同一镜头内 **因果链 / 机制传导**（因→果→再果，每环一图，无时间轴刻度）→ `CAUSE_CHAIN`

### E. 引用/命名/聚焦（expressionTag=quote|concept|focus）
- 名言、著作、研究、媒体引用、用户评价、证言摘录 → `QUOTE_CITATION`
- 对“专业术语、概念、产品名、品牌关键词、功能名等”新名词进行解释→ `CONCEPT_CARD`
- 需要把注意力锁定到一个关键词/短语/关键细节/核心发现上 → `MAGNIFYING_GLASS`
  - 必须存在明确落点句（如“关键在于…”“核心是…”“结论是…”）
  - 需要后续可提取 1～2 个高价值锚点短语（否则不要选）

### F. 金句冲击（expressionTag=focus）
- 全片级短促强结论、无需配图 → `TEXT_FOCUS`

### G. 时间轴，先后关系（expressionTag=timeline）
- 明确时间先后/阶段演进（过去→现在→未来）→ `TIMELINE`

### G2. 收束清单（expressionTag≈conclusion|list）
- 收束、行动检查项、要点复诵，需要**逐项打勾显现**（非编号短步骤、非并列大图组）→ `CHECKLIST_REVEAL`

### G3. 课后答疑 / 疑点解答（expressionTag≈neutral|focus）
- 针对本课/本主题的一个疑点，讲师正式解答：`content[0]` 为问句，`content[1..]` 为答句 → `QA_REVEAL`
- 须有完整问句 + 递进解答；**非**「有人说/网友」对话体（→ `CHAT_BUBBLE`）；**非**多图情绪递进（→ `BEAT_SEQUENCE`）；**非**收束打勾清单（→ `CHECKLIST_REVEAL`）

### H. 默认（expressionTag=neutral）
- 平缓叙述、单图即可、无上述结构 → `CENTER_FOCUS`

---

## ✅ 输出格式（严格 JSON，禁止包含 markdown 代码块）
{
  "items": [
    {
      "text": "逐字口播片段（必须来自原文，且拼接后覆盖原文）",
      "narrativeType": "HOOK | LOGIC | CASE | DATA | CONCLUSION | TRANSITION",
      "template": "必须来自可用模板列表",
      "expressionTag": "data | contrast | list | steps | method | beat | quote | concept | focus | timeline | neutral",
      "confidence": "low | medium | high",
      "reasoning": "一句话说明：该段的主表达结构是什么 → 为什么选该模板 → 若拆分/合并，理由是什么"
    }
  ]
}

===========================================================================================
---------------------------------------- RESPONSE ----------------------------------------
time: 2026-09-10 22:28:25
attempt: 1/3

[OUTPUT]
{
  "items": [
    {
      "text": "自己的历史本来应该是一面镜子。让现在的人明得失。",
      "narrativeType": "LOGIC",
      "template": "CENTER_FOCUS",
      "expressionTag": "neutral",
      "confidence": "high",
      "reasoning": "比喻铺陈历史应像镜子让人明得失；平叙单图即可 → CENTER_FOCUS；与后句转折拆开。",
      "estimatedSeconds": 5.3
    },
    {
      "text": "精神胜利法，却把它改成了美颜相机。只负责美化自己，不负责看清自己。",
      "narrativeType": "LOGIC",
      "template": "COGNITIVE_SHIFT",
      "expressionTag": "contrast",
      "confidence": "high",
      "reasoning": "同一层认知转变与功能对照：从镜子被改成美颜相机，只美化不清醒 → COGNITIVE_SHIFT；两句弱信号合并。",
      "estimatedSeconds": 7.3
    },
    {
      "text": "别人的历史本来应该是一把尺子。让现在的人量高低。",
      "narrativeType": "LOGIC",
      "template": "CENTER_FOCUS",
      "expressionTag": "neutral",
      "confidence": "high",
      "reasoning": "对称比喻铺陈别人的历史应像尺子量高低；平叙单图即可 → CENTER_FOCUS；与后句转折拆开。",
      "estimatedSeconds": 5.3
    },
    {
      "text": "伪史论，却把它改成了一块橡皮。只负责抹掉别人，不负责量清自己。",
      "narrativeType": "LOGIC",
      "template": "COGNITIVE_SHIFT",
      "expressionTag": "contrast",
      "confidence": "high",
      "reasoning": "同一层认知转变与功能对照：从尺子被改成橡皮，只抹掉、不量清 → COGNITIVE_SHIFT；两句弱信号合并。",
      "estimatedSeconds": 6.9
    },
    {
      "text": "想要真正的文化自信，先得能看清自己。别人有成就，承认。自己有差距，也承认。",
      "narrativeType": "CONCLUSION",
      "template": "METHOD_STACK",
      "expressionTag": "method",
      "confidence": "high",
      "reasoning": "核心建议加两个并列态度分点，非步骤清单 → METHOD_STACK。",
      "estimatedSeconds": 8.2
    },
    {
      "text": "承认金字塔是真的，长城不会变矮。承认亚里士多德存在，孔子也不会失去光芒。",
      "narrativeType": "CASE",
      "template": "PANEL_GRID",
      "expressionTag": "list",
      "confidence": "high",
      "reasoning": "两个并列例证需要独立配图宫格：金字塔/长城、亚里士多德/孔子 → PANEL_GRID。",
      "estimatedSeconds": 8.0
    },
    {
      "text": "真正自信的人，不需要把全世界变矮，来证明自己高大。",
      "narrativeType": "CONCLUSION",
      "template": "TEXT_FOCUS",
      "expressionTag": "focus",
      "confidence": "high",
      "reasoning": "全片级结论金句、无需配图 → TEXT_FOCUS。",
      "estimatedSeconds": 5.6
    },
    {
      "text": "正视差距。用今天的努力去追。",
      "narrativeType": "CONCLUSION",
      "template": "STEP_LIST",
      "expressionTag": "steps",
      "confidence": "high",
      "reasoning": "两个短行动步骤，正视差距后努力追，每条不超过10字且无解释 → STEP_LIST。",
      "estimatedSeconds": 3.1
    },
    {
      "text": "历史留给我们的，不该只是一份可以反复领取的荣誉。更该是一项还没做完的任务。",
      "narrativeType": "CONCLUSION",
      "template": "COGNITIVE_SHIFT",
      "expressionTag": "contrast",
      "confidence": "high",
      "reasoning": "收束强对比：不该只是荣誉，更该是未完成任务 → COGNITIVE_SHIFT；两句拆开会失去对照。",
      "estimatedSeconds": 8.2
    }
  ]
}
-------------------------------------------------------------------------------------------

======================================== REQUEST ========================================
time: 2026-09-10 22:28:25
provider: deepseek
model: deepseek-v4-pro
retries: 3

[PROMPT]
你是短视频字幕与画面细节处理专家。请把指定台词细化为字模显示参数。


## 完整段落上下文（仅供理解整体语境，判断当前句子的重要性）
“这东西，我们老祖宗几千年前就有了。”

这句话，你一定见过。

芯片差距怎么追赶？
我们有四大发明。

火箭差距怎么弥补？
我们有《天工开物》。

有一些人，在面对差距和不足的时候，
第一反应不会是思考差距是如何造成的，
也不会去思考不足该怎样弥补，

他们的第一反应，是想办法找补。




## 🎯 待处理的目标文案
“这东西，我们老祖宗几千年前就有了。”这句话，你一定见过。

## 目标文案content的数组结构
生成模板参数时，format为content_index的字段依据此数组选择匹配的索引，用于决定相应内容出现在动画中的时机

[
  {
    "index": 0,
    "text": "“这东西，"
  },
  {
    "index": 1,
    "text": "我们老祖宗几千年前就有了。”"
  },
  {
    "index": 2,
    "text": "这句话，"
  },
  {
    "index": 3,
    "text": "你一定见过。"
  }
]


## 选定模板及参数规范

模板名称：QUOTE_CITATION

参数 Schema 说明：

{
  "type": "object",
  "properties": {
    "quoteSource": {
      "type": "string",
      "description": "引言来源"
    },
    "quoteDisplayText": {
      "type": "string",
      "description": "版心引用正文（打字机效果）；不传则使用 content 拼接结果"
    },
    "showFrom": {
      "type": "integer",
      "description": "content 下标（0-based）。仅打字正文从该条 startFrame 起再入场；开引号与 quoteSource 仍从 item 起点出现。未传 quoteDisplayText 时正文从该条起拼接"
    }
  },
  "required": [
    "quoteSource"
  ]
}


模板该项的示例供参考：

{
  "template": "QUOTE_CITATION",
  "param": {
    "quoteDisplayText": "我思故我在",
    "quoteSource": "《思考，快与慢》"
  }
}


注意：如果该模板生成的参数包含图片视觉描述（如 imageSrc / leftSrc / rightSrc 等等），请只描述纯视觉场景与动作，绝不要包含任何文字、标语或注音。


## 其他通用说明
1. 锚点（Anchor）— 克制与高价值（适用于 SCHEMA 或上文允许出现锚点/高亮时）：
   - 多数句子应**无锚点**；拿不准就留空或 `[]`，避免满屏高亮。
   - 如果一定需要锚点，只选**整段里真正的高潮、反转或核心名词**（宜 2～4 字、有记忆点）；平庸词、铺垫句不要做成锚点。
   - 颜色建议：`#EF4444`（警示/反转/负面/结论）、`#000000`（事实/术语/数据）。动画 `anim`：`spring` | `slideUp` | `popIn` | `highlight`。
   - 音效可选(仅写在锚点对象上的 `audioEffect`)：`impact_thud` | `ping` | `woosh`

2. 视觉标题与字幕分离（仅当 SCHEMA 要求 `notText` / `butText` / `conceptName`、或 DOS_AND_DONTS 的 `left.label` / `right.label` 等时）：

   - 填**极简关键词（约 2～6 字）**，禁止把整句台词搬进标题字段。



## 输出格式（严格 JSON，不要 markdown 代码块）
补全当前模板的param,非数组：
{ "param": { ... } }

===========================================================================================
---------------------------------------- RESPONSE ----------------------------------------
time: 2026-09-10 22:29:44
attempt: 1/3

[OUTPUT]
{ "param": { "quoteDisplayText": "这东西，我们老祖宗几千年前就有了。", "quoteSource": "常见找补话术", "showFrom": 0 } }
-------------------------------------------------------------------------------------------

======================================== REQUEST ========================================
time: 2026-09-10 22:29:44
provider: deepseek
model: deepseek-v4-pro
retries: 3

[PROMPT]
你是短视频字幕与画面细节处理专家。请把指定台词细化为字模显示参数。


## 完整段落上下文（仅供理解整体语境，判断当前句子的重要性）
“这东西，我们老祖宗几千年前就有了。”

这句话，你一定见过。

芯片差距怎么追赶？
我们有四大发明。

火箭差距怎么弥补？
我们有《天工开物》。

有一些人，在面对差距和不足的时候，
第一反应不会是思考差距是如何造成的，
也不会去思考不足该怎样弥补，

他们的第一反应，是想办法找补。




## 🎯 待处理的目标文案
芯片差距怎么追赶？我们有四大发明。

## 目标文案content的数组结构
生成模板参数时，format为content_index的字段依据此数组选择匹配的索引，用于决定相应内容出现在动画中的时机

[
  {
    "index": 0,
    "text": "芯片差距怎么追赶？"
  },
  {
    "index": 1,
    "text": "我们有四大发明。"
  }
]


## 选定模板及参数规范

模板名称：BEAT_SEQUENCE

参数 Schema 说明：

{
  "type": "object",
  "properties": {
    "stages": {
      "type": "array",
      "minItems": 2,
      "maxItems": 4,
      "description": "配图序列：每条 stage 一张图；imageSrc、enterEffect、可选 tone（calm|alert）、可选 showFrom（对齐镜头外层 content[] 下标）",
      "items": {
        "type": "object",
        "required": [
          "imageSrc"
        ],
        "properties": {
          "imageSrc": {
            "type": "string",
            "format": "image_prompt",
            "description": "该节拍配图提示词"
          },
          "enterEffect": {
            "type": "string",
            "enum": [
              "breathe",
              "slideLeft",
              "slideBottom",
              "zoomIn",
              "fadeIn"
            ],
            "default": "breathe",
            "description": "入场效果"
          },
          "tone": {
            "type": "string",
            "enum": [
              "calm",
              "alert"
            ],
            "description": "首条可 calm，其余默认可 alert"
          },
          "showFrom": {
            "type": "content_index",
            "minimum": 0,
            "description": "镜头 item 外层 content 数组（与 param 同级）的 0-based 下标；从该条 startFrame 起显示本图。省略则等于当前 stages 下标 i（与第 i 条口播同步）"
          }
        }
      }
    }
  },
  "required": [
    "stages"
  ]
}

// 口播条数（已由程序写入 CONTENT_STR，勿在 param 中输出 content）：口播分句（item.content）至少 2 条；口播分句至多 4 条（超出会被校验器告警）


模板该项的示例供参考：

{
  "template": "BEAT_SEQUENCE",
  "param": {
    "stages": [
      {
        "imageSrc": "问句配图简笔画",
        "enterEffect": "breathe"
      },
      {
        "imageSrc": "转折警示配图",
        "enterEffect": "slideBottom"
      },
      {
        "imageSrc": "结论冲击配图",
        "enterEffect": "slideBottom"
      }
    ]
  }
}


注意：如果该模板生成的参数包含图片视觉描述（如 imageSrc / leftSrc / rightSrc 等等），请只描述纯视觉场景与动作，绝不要包含任何文字、标语或注音。


## 其他通用说明
1. 锚点（Anchor）— 克制与高价值（适用于 SCHEMA 或上文允许出现锚点/高亮时）：
   - 多数句子应**无锚点**；拿不准就留空或 `[]`，避免满屏高亮。
   - 如果一定需要锚点，只选**整段里真正的高潮、反转或核心名词**（宜 2～4 字、有记忆点）；平庸词、铺垫句不要做成锚点。
   - 颜色建议：`#EF4444`（警示/反转/负面/结论）、`#000000`（事实/术语/数据）。动画 `anim`：`spring` | `slideUp` | `popIn` | `highlight`。
   - 音效可选(仅写在锚点对象上的 `audioEffect`)：`impact_thud` | `ping` | `woosh`

2. 视觉标题与字幕分离（仅当 SCHEMA 要求 `notText` / `butText` / `conceptName`、或 DOS_AND_DONTS 的 `left.label` / `right.label` 等时）：

   - 填**极简关键词（约 2～6 字）**，禁止把整句台词搬进标题字段。



## 输出格式（严格 JSON，不要 markdown 代码块）
补全当前模板的param,非数组：
{ "param": { ... } }

===========================================================================================
---------------------------------------- RESPONSE ----------------------------------------
time: 2026-09-10 22:30:14
attempt: 1/3

[OUTPUT]
{"param":{"stages":[{"imageSrc":"一枚散发冷光的微小芯片悬浮在深色空间里，周围环绕高大厚重的金属壁垒，芯片表面有精密电路纹理，远处透出冷白色光线","enterEffect":"breathe","tone":"calm","showFrom":0},{"imageSrc":"暖黄旧工坊中，木桌静置着司南、几叠空白泛黄纸张、方形木刻块与火药竹筒，烛烟缓慢飘动，光影昏黄陈旧","enterEffect":"slideBottom","tone":"alert","showFrom":1}]}}
-------------------------------------------------------------------------------------------

======================================== REQUEST ========================================
time: 2026-09-10 22:30:14
provider: deepseek
model: deepseek-v4-pro
retries: 3

[PROMPT]
你是短视频字幕与画面细节处理专家。请把指定台词细化为字模显示参数。


## 完整段落上下文（仅供理解整体语境，判断当前句子的重要性）
“这东西，我们老祖宗几千年前就有了。”

这句话，你一定见过。

芯片差距怎么追赶？
我们有四大发明。

火箭差距怎么弥补？
我们有《天工开物》。

有一些人，在面对差距和不足的时候，
第一反应不会是思考差距是如何造成的，
也不会去思考不足该怎样弥补，

他们的第一反应，是想办法找补。




## 🎯 待处理的目标文案
火箭差距怎么弥补？我们有《天工开物》。

## 目标文案content的数组结构
生成模板参数时，format为content_index的字段依据此数组选择匹配的索引，用于决定相应内容出现在动画中的时机

[
  {
    "index": 0,
    "text": "火箭差距怎么弥补？"
  },
  {
    "index": 1,
    "text": "我们有《天工开物》。"
  }
]


## 选定模板及参数规范

模板名称：BEAT_SEQUENCE

参数 Schema 说明：

{
  "type": "object",
  "properties": {
    "stages": {
      "type": "array",
      "minItems": 2,
      "maxItems": 4,
      "description": "配图序列：每条 stage 一张图；imageSrc、enterEffect、可选 tone（calm|alert）、可选 showFrom（对齐镜头外层 content[] 下标）",
      "items": {
        "type": "object",
        "required": [
          "imageSrc"
        ],
        "properties": {
          "imageSrc": {
            "type": "string",
            "format": "image_prompt",
            "description": "该节拍配图提示词"
          },
          "enterEffect": {
            "type": "string",
            "enum": [
              "breathe",
              "slideLeft",
              "slideBottom",
              "zoomIn",
              "fadeIn"
            ],
            "default": "breathe",
            "description": "入场效果"
          },
          "tone": {
            "type": "string",
            "enum": [
              "calm",
              "alert"
            ],
            "description": "首条可 calm，其余默认可 alert"
          },
          "showFrom": {
            "type": "content_index",
            "minimum": 0,
            "description": "镜头 item 外层 content 数组（与 param 同级）的 0-based 下标；从该条 startFrame 起显示本图。省略则等于当前 stages 下标 i（与第 i 条口播同步）"
          }
        }
      }
    }
  },
  "required": [
    "stages"
  ]
}

// 口播条数（已由程序写入 CONTENT_STR，勿在 param 中输出 content）：口播分句（item.content）至少 2 条；口播分句至多 4 条（超出会被校验器告警）


模板该项的示例供参考：

{
  "template": "BEAT_SEQUENCE",
  "param": {
    "stages": [
      {
        "imageSrc": "问句配图简笔画",
        "enterEffect": "breathe"
      },
      {
        "imageSrc": "转折警示配图",
        "enterEffect": "slideBottom"
      },
      {
        "imageSrc": "结论冲击配图",
        "enterEffect": "slideBottom"
      }
    ]
  }
}


注意：如果该模板生成的参数包含图片视觉描述（如 imageSrc / leftSrc / rightSrc 等等），请只描述纯视觉场景与动作，绝不要包含任何文字、标语或注音。


## 其他通用说明
1. 锚点（Anchor）— 克制与高价值（适用于 SCHEMA 或上文允许出现锚点/高亮时）：
   - 多数句子应**无锚点**；拿不准就留空或 `[]`，避免满屏高亮。
   - 如果一定需要锚点，只选**整段里真正的高潮、反转或核心名词**（宜 2～4 字、有记忆点）；平庸词、铺垫句不要做成锚点。
   - 颜色建议：`#EF4444`（警示/反转/负面/结论）、`#000000`（事实/术语/数据）。动画 `anim`：`spring` | `slideUp` | `popIn` | `highlight`。
   - 音效可选(仅写在锚点对象上的 `audioEffect`)：`impact_thud` | `ping` | `woosh`

2. 视觉标题与字幕分离（仅当 SCHEMA 要求 `notText` / `butText` / `conceptName`、或 DOS_AND_DONTS 的 `left.label` / `right.label` 等时）：

   - 填**极简关键词（约 2～6 字）**，禁止把整句台词搬进标题字段。



## 输出格式（严格 JSON，不要 markdown 代码块）
补全当前模板的param,非数组：
{ "param": { ... } }

===========================================================================================
---------------------------------------- RESPONSE ----------------------------------------
time: 2026-09-10 22:30:26
attempt: 1/3

[OUTPUT]
{ "param": { "stages": [ { "imageSrc": "冷灰色调的现代火箭发射台，发射架高耸，远处地面只有几个渺小的工程师剪影，空旷背景强调技术差距", "enterEffect": "breathe", "tone": "calm", "showFrom": 0 }, { "imageSrc": "一本摊开的中国古代线装书，泛黄书页上呈现木刻版画风格的冶铸与机械装置插图，暖黄侧光", "enterEffect": "slideBottom", "tone": "alert", "showFrom": 1 } ] } }
-------------------------------------------------------------------------------------------

======================================== REQUEST ========================================
time: 2026-09-10 22:30:26
provider: deepseek
model: deepseek-v4-pro
retries: 3

[PROMPT]
你是短视频字幕与画面细节处理专家。请把指定台词细化为字模显示参数。


## 完整段落上下文（仅供理解整体语境，判断当前句子的重要性）
“这东西，我们老祖宗几千年前就有了。”

这句话，你一定见过。

芯片差距怎么追赶？
我们有四大发明。

火箭差距怎么弥补？
我们有《天工开物》。

有一些人，在面对差距和不足的时候，
第一反应不会是思考差距是如何造成的，
也不会去思考不足该怎样弥补，

他们的第一反应，是想办法找补。




## 🎯 待处理的目标文案
有一些人，在面对差距和不足的时候，第一反应不会是思考差距是如何造成的，也不会去思考不足该怎样弥补，

## 目标文案content的数组结构
生成模板参数时，format为content_index的字段依据此数组选择匹配的索引，用于决定相应内容出现在动画中的时机

[
  {
    "index": 0,
    "text": "有一些人，"
  },
  {
    "index": 1,
    "text": "在面对差距和不足的时候，"
  },
  {
    "index": 2,
    "text": "第一反应不会是思考差距是如何造成的，"
  },
  {
    "index": 3,
    "text": "也不会去思考不足该怎样弥补，"
  }
]


## 选定模板及参数规范

模板名称：PANEL_GRID

参数 Schema 说明：

{
  "type": "object",
  "properties": {
    "panels": {
      "type": "array",
      "minItems": 2,
      "maxItems": 6,
      "description": "宫格配图；showFrom 为 content 下标（0-based），在该条 startFrame 显现",
      "items": {
        "type": "object",
        "required": [
          "src",
          "showFrom"
        ],
        "properties": {
          "src": {
            "type": "string",
            "format": "image_prompt",
            "description": "该宫格配图提示词"
          },
          "showFrom": {
            "type": "integer",
            "format": "content_index",
            "description": "content 下标（0-based），非帧数"
          },
          "position": {
            "type": "string",
            "enum": [
              "center",
              "left",
              "right",
              "top",
              "bottom"
            ],
            "description": "可选；弱提示，布局以宫格为准"
          },
          "enterEffect": {
            "type": "string",
            "enum": [
              "breathe",
              "slideLeft",
              "slideBottom",
              "zoomIn",
              "fadeIn"
            ],
            "default": "fadeIn"
          }
        }
      }
    }
  },
  "required": [
    "panels"
  ]
}

// 口播条数（已由程序写入 CONTENT_STR，勿在 param 中输出 content）：口播分句（item.content）至少 2 条；口播分句至多 8 条（超出会被校验器告警）


模板该项的示例供参考：

{
  "template": "PANEL_GRID",
  "param": {
    "panels": [
      {
        "src": "问号堵住去路的简笔画",
        "showFrom": 0,
        "enterEffect": "zoomIn"
      },
      {
        "src": "放大镜只看一角的简笔画",
        "showFrom": 1
      },
      {
        "src": "两人各执一词的简笔画",
        "showFrom": 2
      }
    ]
  }
}


注意：如果该模板生成的参数包含图片视觉描述（如 imageSrc / leftSrc / rightSrc 等等），请只描述纯视觉场景与动作，绝不要包含任何文字、标语或注音。


## 其他通用说明
1. 锚点（Anchor）— 克制与高价值（适用于 SCHEMA 或上文允许出现锚点/高亮时）：
   - 多数句子应**无锚点**；拿不准就留空或 `[]`，避免满屏高亮。
   - 如果一定需要锚点，只选**整段里真正的高潮、反转或核心名词**（宜 2～4 字、有记忆点）；平庸词、铺垫句不要做成锚点。
   - 颜色建议：`#EF4444`（警示/反转/负面/结论）、`#000000`（事实/术语/数据）。动画 `anim`：`spring` | `slideUp` | `popIn` | `highlight`。
   - 音效可选(仅写在锚点对象上的 `audioEffect`)：`impact_thud` | `ping` | `woosh`

2. 视觉标题与字幕分离（仅当 SCHEMA 要求 `notText` / `butText` / `conceptName`、或 DOS_AND_DONTS 的 `left.label` / `right.label` 等时）：

   - 填**极简关键词（约 2～6 字）**，禁止把整句台词搬进标题字段。



## 输出格式（严格 JSON，不要 markdown 代码块）
补全当前模板的param,非数组：
{ "param": { ... } }

===========================================================================================
---------------------------------------- RESPONSE ----------------------------------------
time: 2026-09-10 22:31:03
attempt: 1/3

[OUTPUT]
{
  "param": {
    "panels": [
      {
        "src": "简笔插画，一群人里有一个人别过脸去，双手抱胸，神情回避",
        "showFrom": 0,
        "enterEffect": "fadeIn"
      },
      {
        "src": "简笔插画，一个人站在低矮台阶上，抬头望着高耸柱顶，巨大落差",
        "showFrom": 1,
        "enterEffect": "slideLeft"
      },
      {
        "src": "简笔插画，一个人脑边缠绕打结的线团，用手拨开眼前迷雾却拨不开",
        "showFrom": 2,
        "enterEffect": "zoomIn"
      },
      {
        "src": "简笔插画，一个人背对墙上的裂缝，脚边倒着工具箱和梯子，没有修补动作",
        "showFrom": 3,
        "enterEffect": "slideBottom"
      }
    ]
  }
}
-------------------------------------------------------------------------------------------

======================================== REQUEST ========================================
time: 2026-09-10 22:31:03
provider: deepseek
model: deepseek-v4-pro
retries: 3

[PROMPT]
你是短视频字幕与画面细节处理专家。请把指定台词细化为字模显示参数。


## 完整段落上下文（仅供理解整体语境，判断当前句子的重要性）
“这东西，我们老祖宗几千年前就有了。”

这句话，你一定见过。

芯片差距怎么追赶？
我们有四大发明。

火箭差距怎么弥补？
我们有《天工开物》。

有一些人，在面对差距和不足的时候，
第一反应不会是思考差距是如何造成的，
也不会去思考不足该怎样弥补，

他们的第一反应，是想办法找补。




## 🎯 待处理的目标文案
他们的第一反应，是想办法找补。

## 目标文案content的数组结构
生成模板参数时，format为content_index的字段依据此数组选择匹配的索引，用于决定相应内容出现在动画中的时机

[
  {
    "index": 0,
    "text": "他们的第一反应，"
  },
  {
    "index": 1,
    "text": "是想办法找补。"
  }
]


## 选定模板及参数规范

模板名称：TEXT_FOCUS

参数 Schema 说明：

{
  "type": "object",
  "properties": {
    "coreSentence": {
      "type": "array",
      "minItems": 1,
      "description": "大屏核心文案，每元素一行：可为 string，或 { text, showFrom, endFrom? }；showFrom/endFrom 为 content 下标（0-based），非帧数：在该条 startFrame 显现；可选 endFrom 表示在该条播完（startFrame+durationFrames）后起淡出。纯 string 等价于 showFrom=0、无 endFrom。锚点校验时各段 text 按顺序直接拼接（无分隔符）。",
      "items": {
        "oneOf": [
          {
            "type": "string"
          },
          {
            "type": "object",
            "required": [
              "text",
              "showFrom"
            ],
            "properties": {
              "text": {
                "type": "string",
                "description": "该行大屏文案"
              },
              "showFrom": {
                "type": "integer",
                "format": "content_index",
                "description": "content 下标（0-based），非帧数"
              },
              "endFrom": {
                "type": "integer",
                "format": "content_index",
                "description": "可选；content 下标（0-based），非帧数；该行在对应条字幕结束帧（startFrame+durationFrames）起淡出"
              }
            }
          }
        ]
      }
    },
    "coreSentenceAnchors": {
      "type": "array",
      "description": "可选；在 coreSentence 各段拼接后的全文内按顺序高亮子串。每项 coreSentenceAnchor 须为该拼接串的子串，否则会被校验丢弃",
      "items": {
        "type": "object",
        "required": [
          "coreSentenceAnchor"
        ],
        "properties": {
          "coreSentenceAnchor": {
            "type": "string",
            "description": "要高亮的子串，须出现在各 coreSentence 段拼接后的全文内"
          },
          "color": {
            "type": "string",
            "description": "高亮颜色，省略时默认强调色"
          }
        }
      }
    }
  },
  "required": [
    "coreSentence"
  ]
}

// 口播条数（已由程序写入 CONTENT_STR，勿在 param 中输出 content）：口播分句至多 3 条（超出会被校验器告警）


模板该项的示例供参考：

{
  "template": "TEXT_FOCUS",
  "param": {
    "coreSentence": [
      {
        "text": "承认自己“可能错了”并不是一种软弱",
        "showFrom": 0,
        "endFrom": 0
      },
      {
        "text": "而是成长的开始",
        "showFrom": 1,
        "endFrom": 1
      }
    ],
    "coreSentenceAnchors": [
      {
        "coreSentenceAnchor": "可能错了",
        "color": "red"
      }
    ]
  }
}


注意：如果该模板生成的参数包含图片视觉描述（如 imageSrc / leftSrc / rightSrc 等等），请只描述纯视觉场景与动作，绝不要包含任何文字、标语或注音。


## 其他通用说明
1. 锚点（Anchor）— 克制与高价值（适用于 SCHEMA 或上文允许出现锚点/高亮时）：
   - 多数句子应**无锚点**；拿不准就留空或 `[]`，避免满屏高亮。
   - 如果一定需要锚点，只选**整段里真正的高潮、反转或核心名词**（宜 2～4 字、有记忆点）；平庸词、铺垫句不要做成锚点。
   - 颜色建议：`#EF4444`（警示/反转/负面/结论）、`#000000`（事实/术语/数据）。动画 `anim`：`spring` | `slideUp` | `popIn` | `highlight`。
   - 音效可选(仅写在锚点对象上的 `audioEffect`)：`impact_thud` | `ping` | `woosh`

2. 视觉标题与字幕分离（仅当 SCHEMA 要求 `notText` / `butText` / `conceptName`、或 DOS_AND_DONTS 的 `left.label` / `right.label` 等时）：

   - 填**极简关键词（约 2～6 字）**，禁止把整句台词搬进标题字段。



## 输出格式（严格 JSON，不要 markdown 代码块）
补全当前模板的param,非数组：
{ "param": { ... } }

===========================================================================================
---------------------------------------- RESPONSE ----------------------------------------
time: 2026-09-10 22:31:27
attempt: 1/3

[OUTPUT]
{
  "param": {
    "coreSentence": [
      {
        "text": "他们的第一反应，",
        "showFrom": 0,
        "endFrom": 0
      },
      {
        "text": "是想办法找补。",
        "showFrom": 1,
        "endFrom": 1
      }
    ],
    "coreSentenceAnchors": [
      {
        "coreSentenceAnchor": "找补",
        "color": "#EF4444"
      }
    ]
  }
}
-------------------------------------------------------------------------------------------

======================================== REQUEST ========================================
time: 2026-09-10 22:31:27
provider: deepseek
model: deepseek-v4-pro
retries: 3

[PROMPT]
你是短视频字幕与画面细节处理专家。请把指定台词细化为字模显示参数。


## 完整段落上下文（仅供理解整体语境，判断当前句子的重要性）
这背后，是一种很常见的心理机制：
认知失调。

当“我们应该强大”，
撞上“我们确实有差距”，
人的自我价值就会受到威胁。

承认现实，太伤自尊。
改变现实，又太慢、太难。
于是，大脑会选择一条更轻松的路：
不改变事实，只改变事实的解释。

借祖先的荣光，就是一种给自己加分的最简单的方式。

这种借法，不要求你改变现实。
只要求你更换解释。




## 🎯 待处理的目标文案
这背后，是一种很常见的心理机制：认知失调。

## 目标文案content的数组结构
生成模板参数时，format为content_index的字段依据此数组选择匹配的索引，用于决定相应内容出现在动画中的时机

[
  {
    "index": 0,
    "text": "这背后，"
  },
  {
    "index": 1,
    "text": "是一种很常见的心理机制："
  },
  {
    "index": 2,
    "text": "认知失调。"
  }
]


## 选定模板及参数规范

模板名称：CONCEPT_CARD

参数 Schema 说明：

{
  "type": "object",
  "properties": {
    "imageSrc": {
      "type": "string",
      "format": "image_prompt",
      "description": "概念图标描述"
    },
    "conceptName": {
      "type": "string",
      "description": "概念名称"
    }
  },
  "required": [
    "imageSrc",
    "conceptName"
  ]
}


模板该项的示例供参考：

{
  "template": "CONCEPT_CARD",
  "param": {
    "imageSrc": "过滤器/筛网简笔画图标",
    "conceptName": "幸存者偏差"
  }
}


注意：如果该模板生成的参数包含图片视觉描述（如 imageSrc / leftSrc / rightSrc 等等），请只描述纯视觉场景与动作，绝不要包含任何文字、标语或注音。


## 其他通用说明
1. 锚点（Anchor）— 克制与高价值（适用于 SCHEMA 或上文允许出现锚点/高亮时）：
   - 多数句子应**无锚点**；拿不准就留空或 `[]`，避免满屏高亮。
   - 如果一定需要锚点，只选**整段里真正的高潮、反转或核心名词**（宜 2～4 字、有记忆点）；平庸词、铺垫句不要做成锚点。
   - 颜色建议：`#EF4444`（警示/反转/负面/结论）、`#000000`（事实/术语/数据）。动画 `anim`：`spring` | `slideUp` | `popIn` | `highlight`。
   - 音效可选(仅写在锚点对象上的 `audioEffect`)：`impact_thud` | `ping` | `woosh`

2. 视觉标题与字幕分离（仅当 SCHEMA 要求 `notText` / `butText` / `conceptName`、或 DOS_AND_DONTS 的 `left.label` / `right.label` 等时）：

   - 填**极简关键词（约 2～6 字）**，禁止把整句台词搬进标题字段。



## 输出格式（严格 JSON，不要 markdown 代码块）
补全当前模板的param,非数组：
{ "param": { ... } }

===========================================================================================
---------------------------------------- RESPONSE ----------------------------------------
time: 2026-09-10 22:31:37
attempt: 1/3

[OUTPUT]
{ "param": { "imageSrc": "大脑被两个方向相反的箭头拉扯的简笔画图标", "conceptName": "认知失调" } }
-------------------------------------------------------------------------------------------

======================================== REQUEST ========================================
time: 2026-09-10 22:31:37
provider: deepseek
model: deepseek-v4-pro
retries: 3

[PROMPT]
你是短视频字幕与画面细节处理专家。请把指定台词细化为字模显示参数。


## 完整段落上下文（仅供理解整体语境，判断当前句子的重要性）
这背后，是一种很常见的心理机制：
认知失调。

当“我们应该强大”，
撞上“我们确实有差距”，
人的自我价值就会受到威胁。

承认现实，太伤自尊。
改变现实，又太慢、太难。
于是，大脑会选择一条更轻松的路：
不改变事实，只改变事实的解释。

借祖先的荣光，就是一种给自己加分的最简单的方式。

这种借法，不要求你改变现实。
只要求你更换解释。




## 🎯 待处理的目标文案
当“我们应该强大”，撞上“我们确实有差距”，人的自我价值就会受到威胁。

## 目标文案content的数组结构
生成模板参数时，format为content_index的字段依据此数组选择匹配的索引，用于决定相应内容出现在动画中的时机

[
  {
    "index": 0,
    "text": "当“我们应该强大”，"
  },
  {
    "index": 1,
    "text": "撞上“我们确实有差距”，"
  },
  {
    "index": 2,
    "text": "人的自我价值就会受到威胁。"
  }
]


## 选定模板及参数规范

模板名称：BEAT_SEQUENCE

参数 Schema 说明：

{
  "type": "object",
  "properties": {
    "stages": {
      "type": "array",
      "minItems": 2,
      "maxItems": 4,
      "description": "配图序列：每条 stage 一张图；imageSrc、enterEffect、可选 tone（calm|alert）、可选 showFrom（对齐镜头外层 content[] 下标）",
      "items": {
        "type": "object",
        "required": [
          "imageSrc"
        ],
        "properties": {
          "imageSrc": {
            "type": "string",
            "format": "image_prompt",
            "description": "该节拍配图提示词"
          },
          "enterEffect": {
            "type": "string",
            "enum": [
              "breathe",
              "slideLeft",
              "slideBottom",
              "zoomIn",
              "fadeIn"
            ],
            "default": "breathe",
            "description": "入场效果"
          },
          "tone": {
            "type": "string",
            "enum": [
              "calm",
              "alert"
            ],
            "description": "首条可 calm，其余默认可 alert"
          },
          "showFrom": {
            "type": "content_index",
            "minimum": 0,
            "description": "镜头 item 外层 content 数组（与 param 同级）的 0-based 下标；从该条 startFrame 起显示本图。省略则等于当前 stages 下标 i（与第 i 条口播同步）"
          }
        }
      }
    }
  },
  "required": [
    "stages"
  ]
}

// 口播条数（已由程序写入 CONTENT_STR，勿在 param 中输出 content）：口播分句（item.content）至少 2 条；口播分句至多 4 条（超出会被校验器告警）


模板该项的示例供参考：

{
  "template": "BEAT_SEQUENCE",
  "param": {
    "stages": [
      {
        "imageSrc": "问句配图简笔画",
        "enterEffect": "breathe"
      },
      {
        "imageSrc": "转折警示配图",
        "enterEffect": "slideBottom"
      },
      {
        "imageSrc": "结论冲击配图",
        "enterEffect": "slideBottom"
      }
    ]
  }
}


注意：如果该模板生成的参数包含图片视觉描述（如 imageSrc / leftSrc / rightSrc 等等），请只描述纯视觉场景与动作，绝不要包含任何文字、标语或注音。


## 其他通用说明
1. 锚点（Anchor）— 克制与高价值（适用于 SCHEMA 或上文允许出现锚点/高亮时）：
   - 多数句子应**无锚点**；拿不准就留空或 `[]`，避免满屏高亮。
   - 如果一定需要锚点，只选**整段里真正的高潮、反转或核心名词**（宜 2～4 字、有记忆点）；平庸词、铺垫句不要做成锚点。
   - 颜色建议：`#EF4444`（警示/反转/负面/结论）、`#000000`（事实/术语/数据）。动画 `anim`：`spring` | `slideUp` | `popIn` | `highlight`。
   - 音效可选(仅写在锚点对象上的 `audioEffect`)：`impact_thud` | `ping` | `woosh`

2. 视觉标题与字幕分离（仅当 SCHEMA 要求 `notText` / `butText` / `conceptName`、或 DOS_AND_DONTS 的 `left.label` / `right.label` 等时）：

   - 填**极简关键词（约 2～6 字）**，禁止把整句台词搬进标题字段。



## 输出格式（严格 JSON，不要 markdown 代码块）
补全当前模板的param,非数组：
{ "param": { ... } }

===========================================================================================
---------------------------------------- RESPONSE ----------------------------------------
time: 2026-09-10 22:32:04
attempt: 1/3

[OUTPUT]
{ "param": { "stages": [ { "imageSrc": "仰视视角，高大的人形轮廓站在聚光灯下，胸膛挺起，身后对称的金色光线呈放射状，背景深蓝渐变，画面稳定庄重。", "enterEffect": "breathe", "tone": "calm" }, { "imageSrc": "两个抽象几何体高速对撞的瞬间，左侧暖金色光团与右侧冷灰色岩石块碰撞，白色冲击波呈环形扩散，细碎裂痕沿冲击面蔓延，背景暗色。", "enterEffect": "slideBottom", "tone": "alert" }, { "imageSrc": "俯视视角，孤独人物站在透明玻璃地板上，地板下方是深不见底的暗红深渊，人物胸口有微弱的裂纹光效，周围光线收缩变暗，氛围压抑。", "enterEffect": "zoomIn", "tone": "alert" } ] } }
-------------------------------------------------------------------------------------------

======================================== REQUEST ========================================
time: 2026-09-10 22:32:04
provider: deepseek
model: deepseek-v4-pro
retries: 3

[PROMPT]
你是短视频字幕与画面细节处理专家。请把指定台词细化为字模显示参数。


## 完整段落上下文（仅供理解整体语境，判断当前句子的重要性）
这背后，是一种很常见的心理机制：
认知失调。

当“我们应该强大”，
撞上“我们确实有差距”，
人的自我价值就会受到威胁。

承认现实，太伤自尊。
改变现实，又太慢、太难。
于是，大脑会选择一条更轻松的路：
不改变事实，只改变事实的解释。

借祖先的荣光，就是一种给自己加分的最简单的方式。

这种借法，不要求你改变现实。
只要求你更换解释。




## 🎯 待处理的目标文案
承认现实，太伤自尊。改变现实，又太慢、太难。

## 目标文案content的数组结构
生成模板参数时，format为content_index的字段依据此数组选择匹配的索引，用于决定相应内容出现在动画中的时机

[
  {
    "index": 0,
    "text": "承认现实，"
  },
  {
    "index": 1,
    "text": "太伤自尊。"
  },
  {
    "index": 2,
    "text": "改变现实，"
  },
  {
    "index": 3,
    "text": "又太慢、"
  },
  {
    "index": 4,
    "text": "太难。"
  }
]


## 选定模板及参数规范

模板名称：PANEL_GRID

参数 Schema 说明：

{
  "type": "object",
  "properties": {
    "panels": {
      "type": "array",
      "minItems": 2,
      "maxItems": 6,
      "description": "宫格配图；showFrom 为 content 下标（0-based），在该条 startFrame 显现",
      "items": {
        "type": "object",
        "required": [
          "src",
          "showFrom"
        ],
        "properties": {
          "src": {
            "type": "string",
            "format": "image_prompt",
            "description": "该宫格配图提示词"
          },
          "showFrom": {
            "type": "integer",
            "format": "content_index",
            "description": "content 下标（0-based），非帧数"
          },
          "position": {
            "type": "string",
            "enum": [
              "center",
              "left",
              "right",
              "top",
              "bottom"
            ],
            "description": "可选；弱提示，布局以宫格为准"
          },
          "enterEffect": {
            "type": "string",
            "enum": [
              "breathe",
              "slideLeft",
              "slideBottom",
              "zoomIn",
              "fadeIn"
            ],
            "default": "fadeIn"
          }
        }
      }
    }
  },
  "required": [
    "panels"
  ]
}

// 口播条数（已由程序写入 CONTENT_STR，勿在 param 中输出 content）：口播分句（item.content）至少 2 条；口播分句至多 8 条（超出会被校验器告警）


模板该项的示例供参考：

{
  "template": "PANEL_GRID",
  "param": {
    "panels": [
      {
        "src": "问号堵住去路的简笔画",
        "showFrom": 0,
        "enterEffect": "zoomIn"
      },
      {
        "src": "放大镜只看一角的简笔画",
        "showFrom": 1
      },
      {
        "src": "两人各执一词的简笔画",
        "showFrom": 2
      }
    ]
  }
}


注意：如果该模板生成的参数包含图片视觉描述（如 imageSrc / leftSrc / rightSrc 等等），请只描述纯视觉场景与动作，绝不要包含任何文字、标语或注音。


## 其他通用说明
1. 锚点（Anchor）— 克制与高价值（适用于 SCHEMA 或上文允许出现锚点/高亮时）：
   - 多数句子应**无锚点**；拿不准就留空或 `[]`，避免满屏高亮。
   - 如果一定需要锚点，只选**整段里真正的高潮、反转或核心名词**（宜 2～4 字、有记忆点）；平庸词、铺垫句不要做成锚点。
   - 颜色建议：`#EF4444`（警示/反转/负面/结论）、`#000000`（事实/术语/数据）。动画 `anim`：`spring` | `slideUp` | `popIn` | `highlight`。
   - 音效可选(仅写在锚点对象上的 `audioEffect`)：`impact_thud` | `ping` | `woosh`

2. 视觉标题与字幕分离（仅当 SCHEMA 要求 `notText` / `butText` / `conceptName`、或 DOS_AND_DONTS 的 `left.label` / `right.label` 等时）：

   - 填**极简关键词（约 2～6 字）**，禁止把整句台词搬进标题字段。



## 输出格式（严格 JSON，不要 markdown 代码块）
补全当前模板的param,非数组：
{ "param": { ... } }

===========================================================================================
---------------------------------------- RESPONSE ----------------------------------------
time: 2026-09-10 22:32:39
attempt: 1/3

[OUTPUT]
{ "param": { "panels": [ { "src": "一个人低头站在一扇紧闭的巨大现实之门前，门缝透出冷光", "showFrom": 0, "enterEffect": "fadeIn" }, { "src": "一颗透明玻璃心出现裂纹，碎片向外飞溅", "showFrom": 1, "enterEffect": "zoomIn" }, { "src": "一个人用双手推着巨大石球上坡，身体前倾，石球纹丝不动", "showFrom": 2, "enterEffect": "slideLeft" }, { "src": "一只蜗牛在细枝上缓慢爬行，背景大片留白", "showFrom": 3, "enterEffect": "slideBottom" }, { "src": "陡峭岩壁直插云雾，一个渺小人影在底部仰望", "showFrom": 4, "enterEffect": "zoomIn" } ] } }
-------------------------------------------------------------------------------------------

======================================== REQUEST ========================================
time: 2026-09-10 22:32:39
provider: deepseek
model: deepseek-v4-pro
retries: 3

[PROMPT]
你是短视频字幕与画面细节处理专家。请把指定台词细化为字模显示参数。


## 完整段落上下文（仅供理解整体语境，判断当前句子的重要性）
这背后，是一种很常见的心理机制：
认知失调。

当“我们应该强大”，
撞上“我们确实有差距”，
人的自我价值就会受到威胁。

承认现实，太伤自尊。
改变现实，又太慢、太难。
于是，大脑会选择一条更轻松的路：
不改变事实，只改变事实的解释。

借祖先的荣光，就是一种给自己加分的最简单的方式。

这种借法，不要求你改变现实。
只要求你更换解释。




## 🎯 待处理的目标文案
于是，大脑会选择一条更轻松的路：不改变事实，只改变事实的解释。

## 目标文案content的数组结构
生成模板参数时，format为content_index的字段依据此数组选择匹配的索引，用于决定相应内容出现在动画中的时机

[
  {
    "index": 0,
    "text": "于是，"
  },
  {
    "index": 1,
    "text": "大脑会选择一条更轻松的路："
  },
  {
    "index": 2,
    "text": "不改变事实，"
  },
  {
    "index": 3,
    "text": "只改变事实的解释。"
  }
]


## 选定模板及参数规范

模板名称：COGNITIVE_SHIFT

参数 Schema 说明：

{
  "type": "object",
  "properties": {
    "notText": {
      "type": "string",
      "description": "被否认知（‘不是’后面的内容）的精炼短句，不超过12个字，"
    },
    "butText": {
      "type": "string",
      "description": "真实认知（‘而是’后面的内容）的精炼短句，不超过12个字"
    },
    "butSrc": {
      "type": "string",
      "format": "image_prompt",
      "description": "真实认知的配图"
    },
    "notContentIndex": {
      "type": "integer",
      "format": "content_index",
      "description": "触发「不是」动画的字幕段索引（默认 0）"
    },
    "butContentIndex": {
      "type": "integer",
      "format": "content_index",
      "description": "触发「而是」动画的字幕段索引（默认 1）"
    }
  },
  "required": [
    "notText",
    "butText"
  ]
}


模板该项的示例供参考：

{
  "template": "COGNITIVE_SHIFT",
  "content": [
    "我们都不应该靠勤奋拼命",
    "我们都应该是靠认知和选择",
    "这样我才能成功"
  ],
  "param": {
    "notText": "靠勤奋拼命",
    "butText": "靠认知和选择",
    "butSrc": "站在高处看地图的思考者",
    "notContentIndex": 0,
    "butContentIndex": 1
  }
}


注意：如果该模板生成的参数包含图片视觉描述（如 imageSrc / leftSrc / rightSrc 等等），请只描述纯视觉场景与动作，绝不要包含任何文字、标语或注音。


## 其他通用说明
1. 锚点（Anchor）— 克制与高价值（适用于 SCHEMA 或上文允许出现锚点/高亮时）：
   - 多数句子应**无锚点**；拿不准就留空或 `[]`，避免满屏高亮。
   - 如果一定需要锚点，只选**整段里真正的高潮、反转或核心名词**（宜 2～4 字、有记忆点）；平庸词、铺垫句不要做成锚点。
   - 颜色建议：`#EF4444`（警示/反转/负面/结论）、`#000000`（事实/术语/数据）。动画 `anim`：`spring` | `slideUp` | `popIn` | `highlight`。
   - 音效可选(仅写在锚点对象上的 `audioEffect`)：`impact_thud` | `ping` | `woosh`

2. 视觉标题与字幕分离（仅当 SCHEMA 要求 `notText` / `butText` / `conceptName`、或 DOS_AND_DONTS 的 `left.label` / `right.label` 等时）：

   - 填**极简关键词（约 2～6 字）**，禁止把整句台词搬进标题字段。



## 输出格式（严格 JSON，不要 markdown 代码块）
补全当前模板的param,非数组：
{ "param": { ... } }

===========================================================================================
---------------------------------------- RESPONSE ----------------------------------------
time: 2026-09-10 22:33:16
attempt: 1/3

[OUTPUT]
{ "param": { "notText": "改变事实", "butText": "改变解释", "butSrc": "同一个透明立方体保持不动，一只手更换前方两张彩色滤镜，立方体轮廓不变，颜色与阴影随之改变", "notContentIndex": 2, "butContentIndex": 3 } }
-------------------------------------------------------------------------------------------

======================================== REQUEST ========================================
time: 2026-09-10 22:33:16
provider: deepseek
model: deepseek-v4-pro
retries: 3

[PROMPT]
你是短视频字幕与画面细节处理专家。请把指定台词细化为字模显示参数。


## 完整段落上下文（仅供理解整体语境，判断当前句子的重要性）
这背后，是一种很常见的心理机制：
认知失调。

当“我们应该强大”，
撞上“我们确实有差距”，
人的自我价值就会受到威胁。

承认现实，太伤自尊。
改变现实，又太慢、太难。
于是，大脑会选择一条更轻松的路：
不改变事实，只改变事实的解释。

借祖先的荣光，就是一种给自己加分的最简单的方式。

这种借法，不要求你改变现实。
只要求你更换解释。




## 🎯 待处理的目标文案
借祖先的荣光，就是一种给自己加分的最简单的方式。

## 目标文案content的数组结构
生成模板参数时，format为content_index的字段依据此数组选择匹配的索引，用于决定相应内容出现在动画中的时机

[
  {
    "index": 0,
    "text": "借祖先的荣光，"
  },
  {
    "index": 1,
    "text": "就是一种给自己加分的最简单的方式。"
  }
]


## 选定模板及参数规范

模板名称：MAGNIFYING_GLASS

参数 Schema 说明：

{
  "type": "object",
  "properties": {
    "anchors": {
      "type": "array",
      "minItems": 1,
      "maxItems": 3,
      "description": "必填且非空（建议 1～2 个高价值锚点）；每项通过 showFrom 对齐 content 分句。锚点应落在“揭示性落点句”或其核心关键词上，不要把整段说明塞满锚点",
      "items": {
        "type": "object",
        "required": [
          "text",
          "showFrom"
        ],
        "properties": {
          "text": {
            "type": "string",
            "description": "要聚焦的关键词/短语"
          },
          "showFrom": {
            "type": "integer",
            "format": "content_index",
            "description": "content 数组下标（0-based），非帧数；合法范围 0～(content 条数-1)，超出会被校验丢弃"
          },
          "color": {
            "type": "string"
          },
          "anim": {
            "type": "string",
            "enum": [
              "spring",
              "slideUp",
              "popIn",
              "highlight"
            ]
          },
          "audioEffect": {
            "type": "string",
            "enum": [
              "impact_thud",
              "ping",
              "woosh"
            ]
          }
        }
      }
    }
  },
  "required": [
    "anchors"
  ]
}


模板该项的示例供参考：

{
  "template": "MAGNIFYING_GLASS",
  "param": {
    "anchors": [
      {
        "text": "忽略了基础",
        "showFrom": 0,
        "color": "#111111",
        "anim": "popIn",
        "audioEffect": "ping"
      }
    ]
  }
}


注意：如果该模板生成的参数包含图片视觉描述（如 imageSrc / leftSrc / rightSrc 等等），请只描述纯视觉场景与动作，绝不要包含任何文字、标语或注音。


## 其他通用说明
1. 锚点（Anchor）— 克制与高价值（适用于 SCHEMA 或上文允许出现锚点/高亮时）：
   - 多数句子应**无锚点**；拿不准就留空或 `[]`，避免满屏高亮。
   - 如果一定需要锚点，只选**整段里真正的高潮、反转或核心名词**（宜 2～4 字、有记忆点）；平庸词、铺垫句不要做成锚点。
   - 颜色建议：`#EF4444`（警示/反转/负面/结论）、`#000000`（事实/术语/数据）。动画 `anim`：`spring` | `slideUp` | `popIn` | `highlight`。
   - 音效可选(仅写在锚点对象上的 `audioEffect`)：`impact_thud` | `ping` | `woosh`

2. 视觉标题与字幕分离（仅当 SCHEMA 要求 `notText` / `butText` / `conceptName`、或 DOS_AND_DONTS 的 `left.label` / `right.label` 等时）：

   - 填**极简关键词（约 2～6 字）**，禁止把整句台词搬进标题字段。



## 输出格式（严格 JSON，不要 markdown 代码块）
补全当前模板的param,非数组：
{ "param": { ... } }

===========================================================================================
---------------------------------------- RESPONSE ----------------------------------------
time: 2026-09-10 22:33:33
attempt: 1/3

[OUTPUT]
{
  "param": {
    "anchors": [
      {
        "text": "给自己加分",
        "showFrom": 1,
        "color": "#EF4444",
        "anim": "popIn",
        "audioEffect": "ping"
      }
    ]
  }
}
-------------------------------------------------------------------------------------------

======================================== REQUEST ========================================
time: 2026-09-10 22:33:33
provider: deepseek
model: deepseek-v4-pro
retries: 3

[PROMPT]
你是短视频字幕与画面细节处理专家。请把指定台词细化为字模显示参数。


## 完整段落上下文（仅供理解整体语境，判断当前句子的重要性）
这背后，是一种很常见的心理机制：
认知失调。

当“我们应该强大”，
撞上“我们确实有差距”，
人的自我价值就会受到威胁。

承认现实，太伤自尊。
改变现实，又太慢、太难。
于是，大脑会选择一条更轻松的路：
不改变事实，只改变事实的解释。

借祖先的荣光，就是一种给自己加分的最简单的方式。

这种借法，不要求你改变现实。
只要求你更换解释。




## 🎯 待处理的目标文案
这种借法，不要求你改变现实。只要求你更换解释。

## 目标文案content的数组结构
生成模板参数时，format为content_index的字段依据此数组选择匹配的索引，用于决定相应内容出现在动画中的时机

[
  {
    "index": 0,
    "text": "这种借法，"
  },
  {
    "index": 1,
    "text": "不要求你改变现实。"
  },
  {
    "index": 2,
    "text": "只要求你更换解释。"
  }
]


## 选定模板及参数规范

模板名称：TEXT_FOCUS

参数 Schema 说明：

{
  "type": "object",
  "properties": {
    "coreSentence": {
      "type": "array",
      "minItems": 1,
      "description": "大屏核心文案，每元素一行：可为 string，或 { text, showFrom, endFrom? }；showFrom/endFrom 为 content 下标（0-based），非帧数：在该条 startFrame 显现；可选 endFrom 表示在该条播完（startFrame+durationFrames）后起淡出。纯 string 等价于 showFrom=0、无 endFrom。锚点校验时各段 text 按顺序直接拼接（无分隔符）。",
      "items": {
        "oneOf": [
          {
            "type": "string"
          },
          {
            "type": "object",
            "required": [
              "text",
              "showFrom"
            ],
            "properties": {
              "text": {
                "type": "string",
                "description": "该行大屏文案"
              },
              "showFrom": {
                "type": "integer",
                "format": "content_index",
                "description": "content 下标（0-based），非帧数"
              },
              "endFrom": {
                "type": "integer",
                "format": "content_index",
                "description": "可选；content 下标（0-based），非帧数；该行在对应条字幕结束帧（startFrame+durationFrames）起淡出"
              }
            }
          }
        ]
      }
    },
    "coreSentenceAnchors": {
      "type": "array",
      "description": "可选；在 coreSentence 各段拼接后的全文内按顺序高亮子串。每项 coreSentenceAnchor 须为该拼接串的子串，否则会被校验丢弃",
      "items": {
        "type": "object",
        "required": [
          "coreSentenceAnchor"
        ],
        "properties": {
          "coreSentenceAnchor": {
            "type": "string",
            "description": "要高亮的子串，须出现在各 coreSentence 段拼接后的全文内"
          },
          "color": {
            "type": "string",
            "description": "高亮颜色，省略时默认强调色"
          }
        }
      }
    }
  },
  "required": [
    "coreSentence"
  ]
}

// 口播条数（已由程序写入 CONTENT_STR，勿在 param 中输出 content）：口播分句至多 3 条（超出会被校验器告警）


模板该项的示例供参考：

{
  "template": "TEXT_FOCUS",
  "param": {
    "coreSentence": [
      {
        "text": "承认自己“可能错了”并不是一种软弱",
        "showFrom": 0,
        "endFrom": 0
      },
      {
        "text": "而是成长的开始",
        "showFrom": 1,
        "endFrom": 1
      }
    ],
    "coreSentenceAnchors": [
      {
        "coreSentenceAnchor": "可能错了",
        "color": "red"
      }
    ]
  }
}


注意：如果该模板生成的参数包含图片视觉描述（如 imageSrc / leftSrc / rightSrc 等等），请只描述纯视觉场景与动作，绝不要包含任何文字、标语或注音。


## 其他通用说明
1. 锚点（Anchor）— 克制与高价值（适用于 SCHEMA 或上文允许出现锚点/高亮时）：
   - 多数句子应**无锚点**；拿不准就留空或 `[]`，避免满屏高亮。
   - 如果一定需要锚点，只选**整段里真正的高潮、反转或核心名词**（宜 2～4 字、有记忆点）；平庸词、铺垫句不要做成锚点。
   - 颜色建议：`#EF4444`（警示/反转/负面/结论）、`#000000`（事实/术语/数据）。动画 `anim`：`spring` | `slideUp` | `popIn` | `highlight`。
   - 音效可选(仅写在锚点对象上的 `audioEffect`)：`impact_thud` | `ping` | `woosh`

2. 视觉标题与字幕分离（仅当 SCHEMA 要求 `notText` / `butText` / `conceptName`、或 DOS_AND_DONTS 的 `left.label` / `right.label` 等时）：

   - 填**极简关键词（约 2～6 字）**，禁止把整句台词搬进标题字段。



## 输出格式（严格 JSON，不要 markdown 代码块）
补全当前模板的param,非数组：
{ "param": { ... } }

===========================================================================================
---------------------------------------- RESPONSE ----------------------------------------
time: 2026-09-10 22:34:26
attempt: 1/3

[OUTPUT]
{ "param": { "coreSentence": [ { "text": "这种借法，", "showFrom": 0, "endFrom": 0 }, { "text": "不要求你改变现实。", "showFrom": 1, "endFrom": 1 }, { "text": "只要求你更换解释。", "showFrom": 2, "endFrom": 2 } ], "coreSentenceAnchors": [ { "coreSentenceAnchor": "改变现实", "color": "#EF4444" }, { "coreSentenceAnchor": "更换解释", "color": "#EF4444" } ] } }
-------------------------------------------------------------------------------------------

======================================== REQUEST ========================================
time: 2026-09-10 22:34:26
provider: deepseek
model: deepseek-v4-pro
retries: 3

[PROMPT]
你是短视频字幕与画面细节处理专家。请把指定台词细化为字模显示参数。


## 完整段落上下文（仅供理解整体语境，判断当前句子的重要性）
但这种方式有个问题，别人要是也有荣耀的历史该怎么办呢？
那就让别人的文明失去来历，再让自己的文明，成为一切的源头。

中文互联网上，管这叫“伪史论”。
金字塔是近代用混凝土浇的。
亚里士多德根本不存在。
工业革命的技术，全抄自《永乐大典》。

判断别人，一句"看着不像真的"，就能推翻几千年历史。
判断自己，古书里一个模糊的词，就能包揽天下。

对别人，无限怀疑。
对自己，无限宽容。




## 🎯 待处理的目标文案
但这种方式有个问题，别人要是也有荣耀的历史该怎么办呢？

## 目标文案content的数组结构
生成模板参数时，format为content_index的字段依据此数组选择匹配的索引，用于决定相应内容出现在动画中的时机

[
  {
    "index": 0,
    "text": "但这种方式有个问题，"
  },
  {
    "index": 1,
    "text": "别人要是也有荣耀的历史该怎么办呢？"
  }
]


## 选定模板及参数规范

模板名称：CENTER_FOCUS

参数 Schema 说明：

{
  "type": "object",
  "properties": {
    "imageSrc": {
      "type": "string",
      "format": "image_prompt",
      "description": "主图描述"
    },
    "enterEffect": {
      "type": "string",
      "enum": [
        "fadeIn",
        "slideLeft",
        "slideBottom",
        "zoomIn"
      ],
      "default": "fadeIn",
      "description": "图片入场方式（breathe 呼吸效果始终常驻，无需指定）"
    },
    "anchors": {
      "type": "array",
      "description": "可选；用于锚点词展示（顶部依次出现并保留为列表），并绑定锚点出现时机的音效。showFrom 须落在当前 content 条数范围内。注意 **保持克制，尽量少设置锚点** 只提取整段里真正的高潮、反转或核心名词",
      "items": {
        "type": "object",
        "required": [
          "text",
          "showFrom"
        ],
        "properties": {
          "text": {
            "type": "string",
            "description": "要展示的锚点词"
          },
          "showFrom": {
            "type": "integer",
            "format": "content_index",
            "description": "content 数组下标（0-based），非帧数；合法范围 0～(content 条数-1)，超出会被校验丢弃"
          },
          "color": {
            "type": "string"
          },
          "anim": {
            "type": "string",
            "enum": [
              "spring",
              "slideUp",
              "popIn",
              "highlight"
            ]
          },
          "audioEffect": {
            "type": "string",
            "enum": [
              "impact_thud",
              "ping",
              "woosh"
            ]
          }
        }
      }
    }
  },
  "required": [
    "imageSrc"
  ]
}


模板该项的示例供参考：

{
  "template": "CENTER_FOCUS",
  "param": {
    "imageSrc": "上班族坐在电脑前的简笔画图标",
    "enterEffect": "fadeIn",
    "anchors": [
      {
        "text": "可得性启发",
        "showFrom": 0,
        "color": "red"
      }
    ]
  }
}


注意：如果该模板生成的参数包含图片视觉描述（如 imageSrc / leftSrc / rightSrc 等等），请只描述纯视觉场景与动作，绝不要包含任何文字、标语或注音。


## 其他通用说明
1. 锚点（Anchor）— 克制与高价值（适用于 SCHEMA 或上文允许出现锚点/高亮时）：
   - 多数句子应**无锚点**；拿不准就留空或 `[]`，避免满屏高亮。
   - 如果一定需要锚点，只选**整段里真正的高潮、反转或核心名词**（宜 2～4 字、有记忆点）；平庸词、铺垫句不要做成锚点。
   - 颜色建议：`#EF4444`（警示/反转/负面/结论）、`#000000`（事实/术语/数据）。动画 `anim`：`spring` | `slideUp` | `popIn` | `highlight`。
   - 音效可选(仅写在锚点对象上的 `audioEffect`)：`impact_thud` | `ping` | `woosh`

2. 视觉标题与字幕分离（仅当 SCHEMA 要求 `notText` / `butText` / `conceptName`、或 DOS_AND_DONTS 的 `left.label` / `right.label` 等时）：

   - 填**极简关键词（约 2～6 字）**，禁止把整句台词搬进标题字段。



## 输出格式（严格 JSON，不要 markdown 代码块）
补全当前模板的param,非数组：
{ "param": { ... } }

===========================================================================================
---------------------------------------- RESPONSE ----------------------------------------
time: 2026-09-10 22:34:34
attempt: 1/3

[OUTPUT]
{ "param": { "imageSrc": "不同古代文明遗迹在暮色中并置，讲述者站在中间摊开双手，神情犹豫", "enterEffect": "fadeIn", "anchors": [] } }
-------------------------------------------------------------------------------------------

======================================== REQUEST ========================================
time: 2026-09-10 22:34:34
provider: deepseek
model: deepseek-v4-pro
retries: 3

[PROMPT]
你是短视频字幕与画面细节处理专家。请把指定台词细化为字模显示参数。


## 完整段落上下文（仅供理解整体语境，判断当前句子的重要性）
但这种方式有个问题，别人要是也有荣耀的历史该怎么办呢？
那就让别人的文明失去来历，再让自己的文明，成为一切的源头。

中文互联网上，管这叫“伪史论”。
金字塔是近代用混凝土浇的。
亚里士多德根本不存在。
工业革命的技术，全抄自《永乐大典》。

判断别人，一句"看着不像真的"，就能推翻几千年历史。
判断自己，古书里一个模糊的词，就能包揽天下。

对别人，无限怀疑。
对自己，无限宽容。




## 🎯 待处理的目标文案
那就让别人的文明失去来历，再让自己的文明，成为一切的源头。

## 目标文案content的数组结构
生成模板参数时，format为content_index的字段依据此数组选择匹配的索引，用于决定相应内容出现在动画中的时机

[
  {
    "index": 0,
    "text": "那就让别人的文明失去来历，"
  },
  {
    "index": 1,
    "text": "再让自己的文明，"
  },
  {
    "index": 2,
    "text": "成为一切的源头。"
  }
]


## 选定模板及参数规范

模板名称：BEAT_SEQUENCE

参数 Schema 说明：

{
  "type": "object",
  "properties": {
    "stages": {
      "type": "array",
      "minItems": 2,
      "maxItems": 4,
      "description": "配图序列：每条 stage 一张图；imageSrc、enterEffect、可选 tone（calm|alert）、可选 showFrom（对齐镜头外层 content[] 下标）",
      "items": {
        "type": "object",
        "required": [
          "imageSrc"
        ],
        "properties": {
          "imageSrc": {
            "type": "string",
            "format": "image_prompt",
            "description": "该节拍配图提示词"
          },
          "enterEffect": {
            "type": "string",
            "enum": [
              "breathe",
              "slideLeft",
              "slideBottom",
              "zoomIn",
              "fadeIn"
            ],
            "default": "breathe",
            "description": "入场效果"
          },
          "tone": {
            "type": "string",
            "enum": [
              "calm",
              "alert"
            ],
            "description": "首条可 calm，其余默认可 alert"
          },
          "showFrom": {
            "type": "content_index",
            "minimum": 0,
            "description": "镜头 item 外层 content 数组（与 param 同级）的 0-based 下标；从该条 startFrame 起显示本图。省略则等于当前 stages 下标 i（与第 i 条口播同步）"
          }
        }
      }
    }
  },
  "required": [
    "stages"
  ]
}

// 口播条数（已由程序写入 CONTENT_STR，勿在 param 中输出 content）：口播分句（item.content）至少 2 条；口播分句至多 4 条（超出会被校验器告警）


模板该项的示例供参考：

{
  "template": "BEAT_SEQUENCE",
  "param": {
    "stages": [
      {
        "imageSrc": "问句配图简笔画",
        "enterEffect": "breathe"
      },
      {
        "imageSrc": "转折警示配图",
        "enterEffect": "slideBottom"
      },
      {
        "imageSrc": "结论冲击配图",
        "enterEffect": "slideBottom"
      }
    ]
  }
}


注意：如果该模板生成的参数包含图片视觉描述（如 imageSrc / leftSrc / rightSrc 等等），请只描述纯视觉场景与动作，绝不要包含任何文字、标语或注音。


## 其他通用说明
1. 锚点（Anchor）— 克制与高价值（适用于 SCHEMA 或上文允许出现锚点/高亮时）：
   - 多数句子应**无锚点**；拿不准就留空或 `[]`，避免满屏高亮。
   - 如果一定需要锚点，只选**整段里真正的高潮、反转或核心名词**（宜 2～4 字、有记忆点）；平庸词、铺垫句不要做成锚点。
   - 颜色建议：`#EF4444`（警示/反转/负面/结论）、`#000000`（事实/术语/数据）。动画 `anim`：`spring` | `slideUp` | `popIn` | `highlight`。
   - 音效可选(仅写在锚点对象上的 `audioEffect`)：`impact_thud` | `ping` | `woosh`

2. 视觉标题与字幕分离（仅当 SCHEMA 要求 `notText` / `butText` / `conceptName`、或 DOS_AND_DONTS 的 `left.label` / `right.label` 等时）：

   - 填**极简关键词（约 2～6 字）**，禁止把整句台词搬进标题字段。



## 输出格式（严格 JSON，不要 markdown 代码块）
补全当前模板的param,非数组：
{ "param": { ... } }

===========================================================================================
---------------------------------------- RESPONSE ----------------------------------------
time: 2026-09-10 22:35:10
attempt: 1/3

[OUTPUT]
{ "param": { "stages": [ { "imageSrc": "风沙里，异域神庙的残缺石柱与浮雕不断剥落，黄沙掩埋宫殿废墟，只剩模糊轮廓", "enterEffect": "fadeIn", "tone": "calm" }, { "imageSrc": "晨雾中，东方古城与青铜鼎、竹简、玉璧清晰浮现，宫阙和祭坛在光束下矗立", "enterEffect": "slideBottom", "tone": "alert" }, { "imageSrc": "古城中心爆发出强烈光核，光脉如河流向四方大陆蔓延，山川大地逐一点亮，汇聚为源头", "enterEffect": "zoomIn", "tone": "alert" } ] } }
-------------------------------------------------------------------------------------------

======================================== REQUEST ========================================
time: 2026-09-10 22:35:10
provider: deepseek
model: deepseek-v4-pro
retries: 3

[PROMPT]
你是短视频字幕与画面细节处理专家。请把指定台词细化为字模显示参数。


## 完整段落上下文（仅供理解整体语境，判断当前句子的重要性）
但这种方式有个问题，别人要是也有荣耀的历史该怎么办呢？
那就让别人的文明失去来历，再让自己的文明，成为一切的源头。

中文互联网上，管这叫“伪史论”。
金字塔是近代用混凝土浇的。
亚里士多德根本不存在。
工业革命的技术，全抄自《永乐大典》。

判断别人，一句"看着不像真的"，就能推翻几千年历史。
判断自己，古书里一个模糊的词，就能包揽天下。

对别人，无限怀疑。
对自己，无限宽容。




## 🎯 待处理的目标文案
中文互联网上，管这叫“伪史论”。

## 目标文案content的数组结构
生成模板参数时，format为content_index的字段依据此数组选择匹配的索引，用于决定相应内容出现在动画中的时机

[
  {
    "index": 0,
    "text": "中文互联网上，"
  },
  {
    "index": 1,
    "text": "管这叫“伪史论”。"
  }
]


## 选定模板及参数规范

模板名称：MAGNIFYING_GLASS

参数 Schema 说明：

{
  "type": "object",
  "properties": {
    "anchors": {
      "type": "array",
      "minItems": 1,
      "maxItems": 3,
      "description": "必填且非空（建议 1～2 个高价值锚点）；每项通过 showFrom 对齐 content 分句。锚点应落在“揭示性落点句”或其核心关键词上，不要把整段说明塞满锚点",
      "items": {
        "type": "object",
        "required": [
          "text",
          "showFrom"
        ],
        "properties": {
          "text": {
            "type": "string",
            "description": "要聚焦的关键词/短语"
          },
          "showFrom": {
            "type": "integer",
            "format": "content_index",
            "description": "content 数组下标（0-based），非帧数；合法范围 0～(content 条数-1)，超出会被校验丢弃"
          },
          "color": {
            "type": "string"
          },
          "anim": {
            "type": "string",
            "enum": [
              "spring",
              "slideUp",
              "popIn",
              "highlight"
            ]
          },
          "audioEffect": {
            "type": "string",
            "enum": [
              "impact_thud",
              "ping",
              "woosh"
            ]
          }
        }
      }
    }
  },
  "required": [
    "anchors"
  ]
}


模板该项的示例供参考：

{
  "template": "MAGNIFYING_GLASS",
  "param": {
    "anchors": [
      {
        "text": "忽略了基础",
        "showFrom": 0,
        "color": "#111111",
        "anim": "popIn",
        "audioEffect": "ping"
      }
    ]
  }
}


注意：如果该模板生成的参数包含图片视觉描述（如 imageSrc / leftSrc / rightSrc 等等），请只描述纯视觉场景与动作，绝不要包含任何文字、标语或注音。


## 其他通用说明
1. 锚点（Anchor）— 克制与高价值（适用于 SCHEMA 或上文允许出现锚点/高亮时）：
   - 多数句子应**无锚点**；拿不准就留空或 `[]`，避免满屏高亮。
   - 如果一定需要锚点，只选**整段里真正的高潮、反转或核心名词**（宜 2～4 字、有记忆点）；平庸词、铺垫句不要做成锚点。
   - 颜色建议：`#EF4444`（警示/反转/负面/结论）、`#000000`（事实/术语/数据）。动画 `anim`：`spring` | `slideUp` | `popIn` | `highlight`。
   - 音效可选(仅写在锚点对象上的 `audioEffect`)：`impact_thud` | `ping` | `woosh`

2. 视觉标题与字幕分离（仅当 SCHEMA 要求 `notText` / `butText` / `conceptName`、或 DOS_AND_DONTS 的 `left.label` / `right.label` 等时）：

   - 填**极简关键词（约 2～6 字）**，禁止把整句台词搬进标题字段。



## 输出格式（严格 JSON，不要 markdown 代码块）
补全当前模板的param,非数组：
{ "param": { ... } }

===========================================================================================
---------------------------------------- RESPONSE ----------------------------------------
time: 2026-09-10 22:35:23
attempt: 1/3

[OUTPUT]
{
  "param": {
    "anchors": [
      {
        "text": "伪史论",
        "showFrom": 1,
        "color": "#EF4444",
        "anim": "popIn",
        "audioEffect": "ping"
      }
    ]
  }
}
-------------------------------------------------------------------------------------------

======================================== REQUEST ========================================
time: 2026-09-10 22:35:23
provider: deepseek
model: deepseek-v4-pro
retries: 3

[PROMPT]
你是短视频字幕与画面细节处理专家。请把指定台词细化为字模显示参数。


## 完整段落上下文（仅供理解整体语境，判断当前句子的重要性）
但这种方式有个问题，别人要是也有荣耀的历史该怎么办呢？
那就让别人的文明失去来历，再让自己的文明，成为一切的源头。

中文互联网上，管这叫“伪史论”。
金字塔是近代用混凝土浇的。
亚里士多德根本不存在。
工业革命的技术，全抄自《永乐大典》。

判断别人，一句"看着不像真的"，就能推翻几千年历史。
判断自己，古书里一个模糊的词，就能包揽天下。

对别人，无限怀疑。
对自己，无限宽容。




## 🎯 待处理的目标文案
金字塔是近代用混凝土浇的。亚里士多德根本不存在。工业革命的技术，全抄自《永乐大典》。

## 目标文案content的数组结构
生成模板参数时，format为content_index的字段依据此数组选择匹配的索引，用于决定相应内容出现在动画中的时机

[
  {
    "index": 0,
    "text": "金字塔是近代用混凝土浇的。"
  },
  {
    "index": 1,
    "text": "亚里士多德根本不存在。"
  },
  {
    "index": 2,
    "text": "工业革命的技术，"
  },
  {
    "index": 3,
    "text": "全抄自《永乐大典》。"
  }
]


## 选定模板及参数规范

模板名称：PANEL_GRID

参数 Schema 说明：

{
  "type": "object",
  "properties": {
    "panels": {
      "type": "array",
      "minItems": 2,
      "maxItems": 6,
      "description": "宫格配图；showFrom 为 content 下标（0-based），在该条 startFrame 显现",
      "items": {
        "type": "object",
        "required": [
          "src",
          "showFrom"
        ],
        "properties": {
          "src": {
            "type": "string",
            "format": "image_prompt",
            "description": "该宫格配图提示词"
          },
          "showFrom": {
            "type": "integer",
            "format": "content_index",
            "description": "content 下标（0-based），非帧数"
          },
          "position": {
            "type": "string",
            "enum": [
              "center",
              "left",
              "right",
              "top",
              "bottom"
            ],
            "description": "可选；弱提示，布局以宫格为准"
          },
          "enterEffect": {
            "type": "string",
            "enum": [
              "breathe",
              "slideLeft",
              "slideBottom",
              "zoomIn",
              "fadeIn"
            ],
            "default": "fadeIn"
          }
        }
      }
    }
  },
  "required": [
    "panels"
  ]
}

// 口播条数（已由程序写入 CONTENT_STR，勿在 param 中输出 content）：口播分句（item.content）至少 2 条；口播分句至多 8 条（超出会被校验器告警）


模板该项的示例供参考：

{
  "template": "PANEL_GRID",
  "param": {
    "panels": [
      {
        "src": "问号堵住去路的简笔画",
        "showFrom": 0,
        "enterEffect": "zoomIn"
      },
      {
        "src": "放大镜只看一角的简笔画",
        "showFrom": 1
      },
      {
        "src": "两人各执一词的简笔画",
        "showFrom": 2
      }
    ]
  }
}


注意：如果该模板生成的参数包含图片视觉描述（如 imageSrc / leftSrc / rightSrc 等等），请只描述纯视觉场景与动作，绝不要包含任何文字、标语或注音。


## 其他通用说明
1. 锚点（Anchor）— 克制与高价值（适用于 SCHEMA 或上文允许出现锚点/高亮时）：
   - 多数句子应**无锚点**；拿不准就留空或 `[]`，避免满屏高亮。
   - 如果一定需要锚点，只选**整段里真正的高潮、反转或核心名词**（宜 2～4 字、有记忆点）；平庸词、铺垫句不要做成锚点。
   - 颜色建议：`#EF4444`（警示/反转/负面/结论）、`#000000`（事实/术语/数据）。动画 `anim`：`spring` | `slideUp` | `popIn` | `highlight`。
   - 音效可选(仅写在锚点对象上的 `audioEffect`)：`impact_thud` | `ping` | `woosh`

2. 视觉标题与字幕分离（仅当 SCHEMA 要求 `notText` / `butText` / `conceptName`、或 DOS_AND_DONTS 的 `left.label` / `right.label` 等时）：

   - 填**极简关键词（约 2～6 字）**，禁止把整句台词搬进标题字段。



## 输出格式（严格 JSON，不要 markdown 代码块）
补全当前模板的param,非数组：
{ "param": { ... } }

===========================================================================================
---------------------------------------- RESPONSE ----------------------------------------
time: 2026-09-10 22:35:54
attempt: 1/3

[OUTPUT]
{
  "param": {
    "panels": [
      {
        "src": "金字塔旁停着现代混凝土搅拌机，灰色水泥从塔身缝隙淌下，地面堆着沙石",
        "showFrom": 0,
        "enterEffect": "zoomIn"
      },
      {
        "src": "一座古希腊人物大理石半身像如沙般消散，只留下空石座和飘浮的尘埃",
        "showFrom": 1,
        "enterEffect": "fadeIn"
      },
      {
        "src": "密集的工业齿轮与蒸汽管道交错运转，活塞喷出白色蒸汽",
        "showFrom": 2,
        "enterEffect": "slideLeft"
      },
      {
        "src": "一本摊开的中国古籍线装书产生吸力，将蒸汽机模型与齿轮吸入泛黄书页",
        "showFrom": 3,
        "enterEffect": "slideBottom"
      }
    ]
  }
}
-------------------------------------------------------------------------------------------

======================================== REQUEST ========================================
time: 2026-09-10 22:35:54
provider: deepseek
model: deepseek-v4-pro
retries: 3

[PROMPT]
你是短视频字幕与画面细节处理专家。请把指定台词细化为字模显示参数。


## 完整段落上下文（仅供理解整体语境，判断当前句子的重要性）
但这种方式有个问题，别人要是也有荣耀的历史该怎么办呢？
那就让别人的文明失去来历，再让自己的文明，成为一切的源头。

中文互联网上，管这叫“伪史论”。
金字塔是近代用混凝土浇的。
亚里士多德根本不存在。
工业革命的技术，全抄自《永乐大典》。

判断别人，一句"看着不像真的"，就能推翻几千年历史。
判断自己，古书里一个模糊的词，就能包揽天下。

对别人，无限怀疑。
对自己，无限宽容。




## 🎯 待处理的目标文案
判断别人，一句"看着不像真的"，就能推翻几千年历史。判断自己，古书里一个模糊的词，就能包揽天下。

## 目标文案content的数组结构
生成模板参数时，format为content_index的字段依据此数组选择匹配的索引，用于决定相应内容出现在动画中的时机

[
  {
    "index": 0,
    "text": "判断别人，"
  },
  {
    "index": 1,
    "text": "一句\"看着不像真的\"，"
  },
  {
    "index": 2,
    "text": "就能推翻几千年历史。"
  },
  {
    "index": 3,
    "text": "判断自己，"
  },
  {
    "index": 4,
    "text": "古书里一个模糊的词，"
  },
  {
    "index": 5,
    "text": "就能包揽天下。"
  }
]


## 选定模板及参数规范

模板名称：SPLIT_COMPARE

参数 Schema 说明：

{
  "type": "object",
  "properties": {
    "leftSrc": {
      "type": "string",
      "format": "image_prompt",
      "description": "左侧图片描述"
    },
    "rightSrc": {
      "type": "string",
      "format": "image_prompt",
      "description": "右侧图片描述"
    },
    "leftLabel": {
      "type": "string",
      "description": "左侧标签（2～6 字为宜）"
    },
    "rightLabel": {
      "type": "string",
      "description": "右侧标签（2～6 字为宜）"
    },
    "leftShowFrom": {
      "type": "integer",
      "format": "content_index",
      "description": "左侧图与标签出现的时刻：取 content 数组下标（0-based），入场帧为该条的 startFrame；省略或越界则从 0 帧起"
    },
    "rightShowFrom": {
      "type": "integer",
      "format": "content_index",
      "description": "右侧图与标签出现的时刻：取 content 数组下标（0-based），入场帧为该条的 startFrame；省略或越界则从 0 帧起"
    }
  },
  "required": [
    "leftSrc",
    "rightSrc",
    "leftLabel",
    "rightLabel"
  ]
}


模板该项的示例供参考：

{
  "template": "SPLIT_COMPARE",
  "param": {
    "leftSrc": "传统低效工作图标",
    "rightSrc": "高效数字工具图标",
    "leftLabel": "旧方法",
    "rightLabel": "新方法"
  }
}


注意：如果该模板生成的参数包含图片视觉描述（如 imageSrc / leftSrc / rightSrc 等等），请只描述纯视觉场景与动作，绝不要包含任何文字、标语或注音。


## 其他通用说明
1. 锚点（Anchor）— 克制与高价值（适用于 SCHEMA 或上文允许出现锚点/高亮时）：
   - 多数句子应**无锚点**；拿不准就留空或 `[]`，避免满屏高亮。
   - 如果一定需要锚点，只选**整段里真正的高潮、反转或核心名词**（宜 2～4 字、有记忆点）；平庸词、铺垫句不要做成锚点。
   - 颜色建议：`#EF4444`（警示/反转/负面/结论）、`#000000`（事实/术语/数据）。动画 `anim`：`spring` | `slideUp` | `popIn` | `highlight`。
   - 音效可选(仅写在锚点对象上的 `audioEffect`)：`impact_thud` | `ping` | `woosh`

2. 视觉标题与字幕分离（仅当 SCHEMA 要求 `notText` / `butText` / `conceptName`、或 DOS_AND_DONTS 的 `left.label` / `right.label` 等时）：

   - 填**极简关键词（约 2～6 字）**，禁止把整句台词搬进标题字段。



## 输出格式（严格 JSON，不要 markdown 代码块）
补全当前模板的param,非数组：
{ "param": { ... } }

===========================================================================================
---------------------------------------- RESPONSE ----------------------------------------
time: 2026-09-10 22:36:29
attempt: 1/3

[OUTPUT]
{ "param": { "leftSrc": "画面左侧，面色严厉的人站在金字塔前，放大镜悬于塔身上方，塔身出现巨大裂缝并掉落碎块，远处古代建筑在烟尘中倾斜崩塌。", "rightSrc": "画面右侧，同一个人捧着一本摊开的古书，书页上只有一团晕开的模糊墨迹，墨迹散发金光，金光中升起齿轮、蒸汽机、灯泡和火箭等现代发明缩影，光芒逐渐包裹地球。", "leftLabel": "无限怀疑", "rightLabel": "无限宽容", "leftShowFrom": 0, "rightShowFrom": 3 } }
-------------------------------------------------------------------------------------------

======================================== REQUEST ========================================
time: 2026-09-10 22:36:29
provider: deepseek
model: deepseek-v4-pro
retries: 3

[PROMPT]
你是短视频字幕与画面细节处理专家。请把指定台词细化为字模显示参数。


## 完整段落上下文（仅供理解整体语境，判断当前句子的重要性）
但这种方式有个问题，别人要是也有荣耀的历史该怎么办呢？
那就让别人的文明失去来历，再让自己的文明，成为一切的源头。

中文互联网上，管这叫“伪史论”。
金字塔是近代用混凝土浇的。
亚里士多德根本不存在。
工业革命的技术，全抄自《永乐大典》。

判断别人，一句"看着不像真的"，就能推翻几千年历史。
判断自己，古书里一个模糊的词，就能包揽天下。

对别人，无限怀疑。
对自己，无限宽容。




## 🎯 待处理的目标文案
对别人，无限怀疑。对自己，无限宽容。

## 目标文案content的数组结构
生成模板参数时，format为content_index的字段依据此数组选择匹配的索引，用于决定相应内容出现在动画中的时机

[
  {
    "index": 0,
    "text": "对别人，"
  },
  {
    "index": 1,
    "text": "无限怀疑。"
  },
  {
    "index": 2,
    "text": "对自己，"
  },
  {
    "index": 3,
    "text": "无限宽容。"
  }
]


## 选定模板及参数规范

模板名称：TEXT_FOCUS

参数 Schema 说明：

{
  "type": "object",
  "properties": {
    "coreSentence": {
      "type": "array",
      "minItems": 1,
      "description": "大屏核心文案，每元素一行：可为 string，或 { text, showFrom, endFrom? }；showFrom/endFrom 为 content 下标（0-based），非帧数：在该条 startFrame 显现；可选 endFrom 表示在该条播完（startFrame+durationFrames）后起淡出。纯 string 等价于 showFrom=0、无 endFrom。锚点校验时各段 text 按顺序直接拼接（无分隔符）。",
      "items": {
        "oneOf": [
          {
            "type": "string"
          },
          {
            "type": "object",
            "required": [
              "text",
              "showFrom"
            ],
            "properties": {
              "text": {
                "type": "string",
                "description": "该行大屏文案"
              },
              "showFrom": {
                "type": "integer",
                "format": "content_index",
                "description": "content 下标（0-based），非帧数"
              },
              "endFrom": {
                "type": "integer",
                "format": "content_index",
                "description": "可选；content 下标（0-based），非帧数；该行在对应条字幕结束帧（startFrame+durationFrames）起淡出"
              }
            }
          }
        ]
      }
    },
    "coreSentenceAnchors": {
      "type": "array",
      "description": "可选；在 coreSentence 各段拼接后的全文内按顺序高亮子串。每项 coreSentenceAnchor 须为该拼接串的子串，否则会被校验丢弃",
      "items": {
        "type": "object",
        "required": [
          "coreSentenceAnchor"
        ],
        "properties": {
          "coreSentenceAnchor": {
            "type": "string",
            "description": "要高亮的子串，须出现在各 coreSentence 段拼接后的全文内"
          },
          "color": {
            "type": "string",
            "description": "高亮颜色，省略时默认强调色"
          }
        }
      }
    }
  },
  "required": [
    "coreSentence"
  ]
}

// 口播条数（已由程序写入 CONTENT_STR，勿在 param 中输出 content）：口播分句至多 3 条（超出会被校验器告警）


模板该项的示例供参考：

{
  "template": "TEXT_FOCUS",
  "param": {
    "coreSentence": [
      {
        "text": "承认自己“可能错了”并不是一种软弱",
        "showFrom": 0,
        "endFrom": 0
      },
      {
        "text": "而是成长的开始",
        "showFrom": 1,
        "endFrom": 1
      }
    ],
    "coreSentenceAnchors": [
      {
        "coreSentenceAnchor": "可能错了",
        "color": "red"
      }
    ]
  }
}


注意：如果该模板生成的参数包含图片视觉描述（如 imageSrc / leftSrc / rightSrc 等等），请只描述纯视觉场景与动作，绝不要包含任何文字、标语或注音。


## 其他通用说明
1. 锚点（Anchor）— 克制与高价值（适用于 SCHEMA 或上文允许出现锚点/高亮时）：
   - 多数句子应**无锚点**；拿不准就留空或 `[]`，避免满屏高亮。
   - 如果一定需要锚点，只选**整段里真正的高潮、反转或核心名词**（宜 2～4 字、有记忆点）；平庸词、铺垫句不要做成锚点。
   - 颜色建议：`#EF4444`（警示/反转/负面/结论）、`#000000`（事实/术语/数据）。动画 `anim`：`spring` | `slideUp` | `popIn` | `highlight`。
   - 音效可选(仅写在锚点对象上的 `audioEffect`)：`impact_thud` | `ping` | `woosh`

2. 视觉标题与字幕分离（仅当 SCHEMA 要求 `notText` / `butText` / `conceptName`、或 DOS_AND_DONTS 的 `left.label` / `right.label` 等时）：

   - 填**极简关键词（约 2～6 字）**，禁止把整句台词搬进标题字段。



## 输出格式（严格 JSON，不要 markdown 代码块）
补全当前模板的param,非数组：
{ "param": { ... } }

===========================================================================================
---------------------------------------- RESPONSE ----------------------------------------
time: 2026-09-10 22:37:26
attempt: 1/3

[OUTPUT]
{ "param": { "coreSentence": [ { "text": "对别人，", "showFrom": 0 }, { "text": "无限怀疑。", "showFrom": 1 }, { "text": "对自己，", "showFrom": 2 }, { "text": "无限宽容。", "showFrom": 3 } ], "coreSentenceAnchors": [ { "coreSentenceAnchor": "无限怀疑", "color": "#EF4444" }, { "coreSentenceAnchor": "无限宽容", "color": "#EF4444" } ] } }
-------------------------------------------------------------------------------------------

======================================== REQUEST ========================================
time: 2026-09-10 22:37:26
provider: deepseek
model: deepseek-v4-pro
retries: 3

[PROMPT]
你是短视频字幕与画面细节处理专家。请把指定台词细化为字模显示参数。


## 完整段落上下文（仅供理解整体语境，判断当前句子的重要性）
自己的成就不够，就往前翻。
别人的成就太多，就往后删。
这两种人，都是鲁迅笔下的阿Q。
总能找到赢的心理安慰，此所谓输有输的赢法。

今天这套精神胜利法，被人换了个旗帜。
旗帜上四个大字：文化自信。
四个字没错。
错的是，有人拿它来改解释，不改现实。

如果这只是让人在网上高兴几分钟，也就罢了。
真正危险的是，人会忘记差距还在。

差距不再是差距，只是别人抢走了我们的功劳。
落后也不再是落后，只是历史被西方改写。

到最后，我们失去的不只是对历史的判断。
还有改造现实的能力。




## 🎯 待处理的目标文案
自己的成就不够，就往前翻。别人的成就太多，就往后删。

## 目标文案content的数组结构
生成模板参数时，format为content_index的字段依据此数组选择匹配的索引，用于决定相应内容出现在动画中的时机

[
  {
    "index": 0,
    "text": "自己的成就不够，"
  },
  {
    "index": 1,
    "text": "就往前翻。"
  },
  {
    "index": 2,
    "text": "别人的成就太多，"
  },
  {
    "index": 3,
    "text": "就往后删。"
  }
]


## 选定模板及参数规范

模板名称：PANEL_GRID

参数 Schema 说明：

{
  "type": "object",
  "properties": {
    "panels": {
      "type": "array",
      "minItems": 2,
      "maxItems": 6,
      "description": "宫格配图；showFrom 为 content 下标（0-based），在该条 startFrame 显现",
      "items": {
        "type": "object",
        "required": [
          "src",
          "showFrom"
        ],
        "properties": {
          "src": {
            "type": "string",
            "format": "image_prompt",
            "description": "该宫格配图提示词"
          },
          "showFrom": {
            "type": "integer",
            "format": "content_index",
            "description": "content 下标（0-based），非帧数"
          },
          "position": {
            "type": "string",
            "enum": [
              "center",
              "left",
              "right",
              "top",
              "bottom"
            ],
            "description": "可选；弱提示，布局以宫格为准"
          },
          "enterEffect": {
            "type": "string",
            "enum": [
              "breathe",
              "slideLeft",
              "slideBottom",
              "zoomIn",
              "fadeIn"
            ],
            "default": "fadeIn"
          }
        }
      }
    }
  },
  "required": [
    "panels"
  ]
}

// 口播条数（已由程序写入 CONTENT_STR，勿在 param 中输出 content）：口播分句（item.content）至少 2 条；口播分句至多 8 条（超出会被校验器告警）


模板该项的示例供参考：

{
  "template": "PANEL_GRID",
  "param": {
    "panels": [
      {
        "src": "问号堵住去路的简笔画",
        "showFrom": 0,
        "enterEffect": "zoomIn"
      },
      {
        "src": "放大镜只看一角的简笔画",
        "showFrom": 1
      },
      {
        "src": "两人各执一词的简笔画",
        "showFrom": 2
      }
    ]
  }
}


注意：如果该模板生成的参数包含图片视觉描述（如 imageSrc / leftSrc / rightSrc 等等），请只描述纯视觉场景与动作，绝不要包含任何文字、标语或注音。


## 其他通用说明
1. 锚点（Anchor）— 克制与高价值（适用于 SCHEMA 或上文允许出现锚点/高亮时）：
   - 多数句子应**无锚点**；拿不准就留空或 `[]`，避免满屏高亮。
   - 如果一定需要锚点，只选**整段里真正的高潮、反转或核心名词**（宜 2～4 字、有记忆点）；平庸词、铺垫句不要做成锚点。
   - 颜色建议：`#EF4444`（警示/反转/负面/结论）、`#000000`（事实/术语/数据）。动画 `anim`：`spring` | `slideUp` | `popIn` | `highlight`。
   - 音效可选(仅写在锚点对象上的 `audioEffect`)：`impact_thud` | `ping` | `woosh`

2. 视觉标题与字幕分离（仅当 SCHEMA 要求 `notText` / `butText` / `conceptName`、或 DOS_AND_DONTS 的 `left.label` / `right.label` 等时）：

   - 填**极简关键词（约 2～6 字）**，禁止把整句台词搬进标题字段。



## 输出格式（严格 JSON，不要 markdown 代码块）
补全当前模板的param,非数组：
{ "param": { ... } }

===========================================================================================
---------------------------------------- RESPONSE ----------------------------------------
time: 2026-09-10 22:38:00
attempt: 1/3

[OUTPUT]
{
  "param": {
    "panels": [
      {
        "src": "一个人站在自己矮小的领奖台前，回头望向身后高大古老的石像和宫殿轮廓，神情羡慕又向往",
        "showFrom": 0,
        "enterEffect": "zoomIn"
      },
      {
        "src": "同一个人捧着一本极厚的历史书，快速把书页往前翻，只盯着前方几页发光的宫殿与战车插画",
        "showFrom": 1,
        "enterEffect": "slideLeft"
      },
      {
        "src": "另一个人面对摆满他人奖杯和桂冠的高墙，举着一把大剪刀，踮脚伸向展示墙的后半段",
        "showFrom": 2,
        "enterEffect": "fadeIn"
      },
      {
        "src": "剪刀剪断厚书的后半部分，后半书页碎成纸屑飘落，被剪掉的页面只留下空白",
        "showFrom": 3,
        "enterEffect": "slideBottom"
      }
    ]
  }
}
-------------------------------------------------------------------------------------------

======================================== REQUEST ========================================
time: 2026-09-10 22:38:00
provider: deepseek
model: deepseek-v4-pro
retries: 3

[PROMPT]
你是短视频字幕与画面细节处理专家。请把指定台词细化为字模显示参数。


## 完整段落上下文（仅供理解整体语境，判断当前句子的重要性）
自己的成就不够，就往前翻。
别人的成就太多，就往后删。
这两种人，都是鲁迅笔下的阿Q。
总能找到赢的心理安慰，此所谓输有输的赢法。

今天这套精神胜利法，被人换了个旗帜。
旗帜上四个大字：文化自信。
四个字没错。
错的是，有人拿它来改解释，不改现实。

如果这只是让人在网上高兴几分钟，也就罢了。
真正危险的是，人会忘记差距还在。

差距不再是差距，只是别人抢走了我们的功劳。
落后也不再是落后，只是历史被西方改写。

到最后，我们失去的不只是对历史的判断。
还有改造现实的能力。




## 🎯 待处理的目标文案
这两种人，都是鲁迅笔下的阿Q。

## 目标文案content的数组结构
生成模板参数时，format为content_index的字段依据此数组选择匹配的索引，用于决定相应内容出现在动画中的时机

[
  {
    "index": 0,
    "text": "这两种人，"
  },
  {
    "index": 1,
    "text": "都是鲁迅笔下的阿Q。"
  }
]


## 选定模板及参数规范

模板名称：QUOTE_CITATION

参数 Schema 说明：

{
  "type": "object",
  "properties": {
    "quoteSource": {
      "type": "string",
      "description": "引言来源"
    },
    "quoteDisplayText": {
      "type": "string",
      "description": "版心引用正文（打字机效果）；不传则使用 content 拼接结果"
    },
    "showFrom": {
      "type": "integer",
      "description": "content 下标（0-based）。仅打字正文从该条 startFrame 起再入场；开引号与 quoteSource 仍从 item 起点出现。未传 quoteDisplayText 时正文从该条起拼接"
    }
  },
  "required": [
    "quoteSource"
  ]
}


模板该项的示例供参考：

{
  "template": "QUOTE_CITATION",
  "param": {
    "quoteDisplayText": "我思故我在",
    "quoteSource": "《思考，快与慢》"
  }
}


注意：如果该模板生成的参数包含图片视觉描述（如 imageSrc / leftSrc / rightSrc 等等），请只描述纯视觉场景与动作，绝不要包含任何文字、标语或注音。


## 其他通用说明
1. 锚点（Anchor）— 克制与高价值（适用于 SCHEMA 或上文允许出现锚点/高亮时）：
   - 多数句子应**无锚点**；拿不准就留空或 `[]`，避免满屏高亮。
   - 如果一定需要锚点，只选**整段里真正的高潮、反转或核心名词**（宜 2～4 字、有记忆点）；平庸词、铺垫句不要做成锚点。
   - 颜色建议：`#EF4444`（警示/反转/负面/结论）、`#000000`（事实/术语/数据）。动画 `anim`：`spring` | `slideUp` | `popIn` | `highlight`。
   - 音效可选(仅写在锚点对象上的 `audioEffect`)：`impact_thud` | `ping` | `woosh`

2. 视觉标题与字幕分离（仅当 SCHEMA 要求 `notText` / `butText` / `conceptName`、或 DOS_AND_DONTS 的 `left.label` / `right.label` 等时）：

   - 填**极简关键词（约 2～6 字）**，禁止把整句台词搬进标题字段。



## 输出格式（严格 JSON，不要 markdown 代码块）
补全当前模板的param,非数组：
{ "param": { ... } }

===========================================================================================
---------------------------------------- RESPONSE ----------------------------------------
time: 2026-09-10 22:38:31
attempt: 1/3

[OUTPUT]
{
  "param": {
    "quoteSource": "鲁迅《阿Q正传》",
    "showFrom": 0
  }
}
-------------------------------------------------------------------------------------------

======================================== REQUEST ========================================
time: 2026-09-10 22:38:31
provider: deepseek
model: deepseek-v4-pro
retries: 3

[PROMPT]
你是短视频字幕与画面细节处理专家。请把指定台词细化为字模显示参数。


## 完整段落上下文（仅供理解整体语境，判断当前句子的重要性）
自己的成就不够，就往前翻。
别人的成就太多，就往后删。
这两种人，都是鲁迅笔下的阿Q。
总能找到赢的心理安慰，此所谓输有输的赢法。

今天这套精神胜利法，被人换了个旗帜。
旗帜上四个大字：文化自信。
四个字没错。
错的是，有人拿它来改解释，不改现实。

如果这只是让人在网上高兴几分钟，也就罢了。
真正危险的是，人会忘记差距还在。

差距不再是差距，只是别人抢走了我们的功劳。
落后也不再是落后，只是历史被西方改写。

到最后，我们失去的不只是对历史的判断。
还有改造现实的能力。




## 🎯 待处理的目标文案
总能找到赢的心理安慰，此所谓输有输的赢法。

## 目标文案content的数组结构
生成模板参数时，format为content_index的字段依据此数组选择匹配的索引，用于决定相应内容出现在动画中的时机

[
  {
    "index": 0,
    "text": "总能找到赢的心理安慰，"
  },
  {
    "index": 1,
    "text": "此所谓输有输的赢法。"
  }
]


## 选定模板及参数规范

模板名称：TEXT_FOCUS

参数 Schema 说明：

{
  "type": "object",
  "properties": {
    "coreSentence": {
      "type": "array",
      "minItems": 1,
      "description": "大屏核心文案，每元素一行：可为 string，或 { text, showFrom, endFrom? }；showFrom/endFrom 为 content 下标（0-based），非帧数：在该条 startFrame 显现；可选 endFrom 表示在该条播完（startFrame+durationFrames）后起淡出。纯 string 等价于 showFrom=0、无 endFrom。锚点校验时各段 text 按顺序直接拼接（无分隔符）。",
      "items": {
        "oneOf": [
          {
            "type": "string"
          },
          {
            "type": "object",
            "required": [
              "text",
              "showFrom"
            ],
            "properties": {
              "text": {
                "type": "string",
                "description": "该行大屏文案"
              },
              "showFrom": {
                "type": "integer",
                "format": "content_index",
                "description": "content 下标（0-based），非帧数"
              },
              "endFrom": {
                "type": "integer",
                "format": "content_index",
                "description": "可选；content 下标（0-based），非帧数；该行在对应条字幕结束帧（startFrame+durationFrames）起淡出"
              }
            }
          }
        ]
      }
    },
    "coreSentenceAnchors": {
      "type": "array",
      "description": "可选；在 coreSentence 各段拼接后的全文内按顺序高亮子串。每项 coreSentenceAnchor 须为该拼接串的子串，否则会被校验丢弃",
      "items": {
        "type": "object",
        "required": [
          "coreSentenceAnchor"
        ],
        "properties": {
          "coreSentenceAnchor": {
            "type": "string",
            "description": "要高亮的子串，须出现在各 coreSentence 段拼接后的全文内"
          },
          "color": {
            "type": "string",
            "description": "高亮颜色，省略时默认强调色"
          }
        }
      }
    }
  },
  "required": [
    "coreSentence"
  ]
}

// 口播条数（已由程序写入 CONTENT_STR，勿在 param 中输出 content）：口播分句至多 3 条（超出会被校验器告警）


模板该项的示例供参考：

{
  "template": "TEXT_FOCUS",
  "param": {
    "coreSentence": [
      {
        "text": "承认自己“可能错了”并不是一种软弱",
        "showFrom": 0,
        "endFrom": 0
      },
      {
        "text": "而是成长的开始",
        "showFrom": 1,
        "endFrom": 1
      }
    ],
    "coreSentenceAnchors": [
      {
        "coreSentenceAnchor": "可能错了",
        "color": "red"
      }
    ]
  }
}


注意：如果该模板生成的参数包含图片视觉描述（如 imageSrc / leftSrc / rightSrc 等等），请只描述纯视觉场景与动作，绝不要包含任何文字、标语或注音。


## 其他通用说明
1. 锚点（Anchor）— 克制与高价值（适用于 SCHEMA 或上文允许出现锚点/高亮时）：
   - 多数句子应**无锚点**；拿不准就留空或 `[]`，避免满屏高亮。
   - 如果一定需要锚点，只选**整段里真正的高潮、反转或核心名词**（宜 2～4 字、有记忆点）；平庸词、铺垫句不要做成锚点。
   - 颜色建议：`#EF4444`（警示/反转/负面/结论）、`#000000`（事实/术语/数据）。动画 `anim`：`spring` | `slideUp` | `popIn` | `highlight`。
   - 音效可选(仅写在锚点对象上的 `audioEffect`)：`impact_thud` | `ping` | `woosh`

2. 视觉标题与字幕分离（仅当 SCHEMA 要求 `notText` / `butText` / `conceptName`、或 DOS_AND_DONTS 的 `left.label` / `right.label` 等时）：

   - 填**极简关键词（约 2～6 字）**，禁止把整句台词搬进标题字段。



## 输出格式（严格 JSON，不要 markdown 代码块）
补全当前模板的param,非数组：
{ "param": { ... } }

===========================================================================================
---------------------------------------- RESPONSE ----------------------------------------
time: 2026-09-10 22:38:54
attempt: 1/3

[OUTPUT]
{
  "param": {
    "coreSentence": [
      {
        "text": "总能找到赢的心理安慰，",
        "showFrom": 0,
        "endFrom": 0
      },
      {
        "text": "此所谓输有输的赢法。",
        "showFrom": 1,
        "endFrom": 1
      }
    ],
    "coreSentenceAnchors": [
      {
        "coreSentenceAnchor": "输有输的赢法",
        "color": "#EF4444"
      }
    ]
  }
}
-------------------------------------------------------------------------------------------

======================================== REQUEST ========================================
time: 2026-09-10 22:38:54
provider: deepseek
model: deepseek-v4-pro
retries: 3

[PROMPT]
你是短视频字幕与画面细节处理专家。请把指定台词细化为字模显示参数。


## 完整段落上下文（仅供理解整体语境，判断当前句子的重要性）
自己的成就不够，就往前翻。
别人的成就太多，就往后删。
这两种人，都是鲁迅笔下的阿Q。
总能找到赢的心理安慰，此所谓输有输的赢法。

今天这套精神胜利法，被人换了个旗帜。
旗帜上四个大字：文化自信。
四个字没错。
错的是，有人拿它来改解释，不改现实。

如果这只是让人在网上高兴几分钟，也就罢了。
真正危险的是，人会忘记差距还在。

差距不再是差距，只是别人抢走了我们的功劳。
落后也不再是落后，只是历史被西方改写。

到最后，我们失去的不只是对历史的判断。
还有改造现实的能力。




## 🎯 待处理的目标文案
今天这套精神胜利法，被人换了个旗帜。

## 目标文案content的数组结构
生成模板参数时，format为content_index的字段依据此数组选择匹配的索引，用于决定相应内容出现在动画中的时机

[
  {
    "index": 0,
    "text": "今天这套精神胜利法，"
  },
  {
    "index": 1,
    "text": "被人换了个旗帜。"
  }
]


## 选定模板及参数规范

模板名称：CENTER_FOCUS

参数 Schema 说明：

{
  "type": "object",
  "properties": {
    "imageSrc": {
      "type": "string",
      "format": "image_prompt",
      "description": "主图描述"
    },
    "enterEffect": {
      "type": "string",
      "enum": [
        "fadeIn",
        "slideLeft",
        "slideBottom",
        "zoomIn"
      ],
      "default": "fadeIn",
      "description": "图片入场方式（breathe 呼吸效果始终常驻，无需指定）"
    },
    "anchors": {
      "type": "array",
      "description": "可选；用于锚点词展示（顶部依次出现并保留为列表），并绑定锚点出现时机的音效。showFrom 须落在当前 content 条数范围内。注意 **保持克制，尽量少设置锚点** 只提取整段里真正的高潮、反转或核心名词",
      "items": {
        "type": "object",
        "required": [
          "text",
          "showFrom"
        ],
        "properties": {
          "text": {
            "type": "string",
            "description": "要展示的锚点词"
          },
          "showFrom": {
            "type": "integer",
            "format": "content_index",
            "description": "content 数组下标（0-based），非帧数；合法范围 0～(content 条数-1)，超出会被校验丢弃"
          },
          "color": {
            "type": "string"
          },
          "anim": {
            "type": "string",
            "enum": [
              "spring",
              "slideUp",
              "popIn",
              "highlight"
            ]
          },
          "audioEffect": {
            "type": "string",
            "enum": [
              "impact_thud",
              "ping",
              "woosh"
            ]
          }
        }
      }
    }
  },
  "required": [
    "imageSrc"
  ]
}


模板该项的示例供参考：

{
  "template": "CENTER_FOCUS",
  "param": {
    "imageSrc": "上班族坐在电脑前的简笔画图标",
    "enterEffect": "fadeIn",
    "anchors": [
      {
        "text": "可得性启发",
        "showFrom": 0,
        "color": "red"
      }
    ]
  }
}


注意：如果该模板生成的参数包含图片视觉描述（如 imageSrc / leftSrc / rightSrc 等等），请只描述纯视觉场景与动作，绝不要包含任何文字、标语或注音。


## 其他通用说明
1. 锚点（Anchor）— 克制与高价值（适用于 SCHEMA 或上文允许出现锚点/高亮时）：
   - 多数句子应**无锚点**；拿不准就留空或 `[]`，避免满屏高亮。
   - 如果一定需要锚点，只选**整段里真正的高潮、反转或核心名词**（宜 2～4 字、有记忆点）；平庸词、铺垫句不要做成锚点。
   - 颜色建议：`#EF4444`（警示/反转/负面/结论）、`#000000`（事实/术语/数据）。动画 `anim`：`spring` | `slideUp` | `popIn` | `highlight`。
   - 音效可选(仅写在锚点对象上的 `audioEffect`)：`impact_thud` | `ping` | `woosh`

2. 视觉标题与字幕分离（仅当 SCHEMA 要求 `notText` / `butText` / `conceptName`、或 DOS_AND_DONTS 的 `left.label` / `right.label` 等时）：

   - 填**极简关键词（约 2～6 字）**，禁止把整句台词搬进标题字段。



## 输出格式（严格 JSON，不要 markdown 代码块）
补全当前模板的param,非数组：
{ "param": { ... } }

===========================================================================================
---------------------------------------- RESPONSE ----------------------------------------
time: 2026-09-10 22:39:14
attempt: 1/3

[OUTPUT]
{
  "param": {
    "imageSrc": "舞台上，一只手将一面旧旗从旗杆降下，另一只手升起一面崭新旗帜，背景是虚化的人群剪影",
    "enterEffect": "fadeIn",
    "anchors": [
      {
        "text": "换了个旗帜",
        "showFrom": 1,
        "color": "#EF4444",
        "anim": "slideUp"
      }
    ]
  }
}
-------------------------------------------------------------------------------------------

======================================== REQUEST ========================================
time: 2026-09-10 22:39:14
provider: deepseek
model: deepseek-v4-pro
retries: 3

[PROMPT]
你是短视频字幕与画面细节处理专家。请把指定台词细化为字模显示参数。


## 完整段落上下文（仅供理解整体语境，判断当前句子的重要性）
自己的成就不够，就往前翻。
别人的成就太多，就往后删。
这两种人，都是鲁迅笔下的阿Q。
总能找到赢的心理安慰，此所谓输有输的赢法。

今天这套精神胜利法，被人换了个旗帜。
旗帜上四个大字：文化自信。
四个字没错。
错的是，有人拿它来改解释，不改现实。

如果这只是让人在网上高兴几分钟，也就罢了。
真正危险的是，人会忘记差距还在。

差距不再是差距，只是别人抢走了我们的功劳。
落后也不再是落后，只是历史被西方改写。

到最后，我们失去的不只是对历史的判断。
还有改造现实的能力。




## 🎯 待处理的目标文案
旗帜上四个大字：文化自信。四个字没错。

## 目标文案content的数组结构
生成模板参数时，format为content_index的字段依据此数组选择匹配的索引，用于决定相应内容出现在动画中的时机

[
  {
    "index": 0,
    "text": "旗帜上四个大字："
  },
  {
    "index": 1,
    "text": "文化自信。"
  },
  {
    "index": 2,
    "text": "四个字没错。"
  }
]


## 选定模板及参数规范

模板名称：MAGNIFYING_GLASS

参数 Schema 说明：

{
  "type": "object",
  "properties": {
    "anchors": {
      "type": "array",
      "minItems": 1,
      "maxItems": 3,
      "description": "必填且非空（建议 1～2 个高价值锚点）；每项通过 showFrom 对齐 content 分句。锚点应落在“揭示性落点句”或其核心关键词上，不要把整段说明塞满锚点",
      "items": {
        "type": "object",
        "required": [
          "text",
          "showFrom"
        ],
        "properties": {
          "text": {
            "type": "string",
            "description": "要聚焦的关键词/短语"
          },
          "showFrom": {
            "type": "integer",
            "format": "content_index",
            "description": "content 数组下标（0-based），非帧数；合法范围 0～(content 条数-1)，超出会被校验丢弃"
          },
          "color": {
            "type": "string"
          },
          "anim": {
            "type": "string",
            "enum": [
              "spring",
              "slideUp",
              "popIn",
              "highlight"
            ]
          },
          "audioEffect": {
            "type": "string",
            "enum": [
              "impact_thud",
              "ping",
              "woosh"
            ]
          }
        }
      }
    }
  },
  "required": [
    "anchors"
  ]
}


模板该项的示例供参考：

{
  "template": "MAGNIFYING_GLASS",
  "param": {
    "anchors": [
      {
        "text": "忽略了基础",
        "showFrom": 0,
        "color": "#111111",
        "anim": "popIn",
        "audioEffect": "ping"
      }
    ]
  }
}


注意：如果该模板生成的参数包含图片视觉描述（如 imageSrc / leftSrc / rightSrc 等等），请只描述纯视觉场景与动作，绝不要包含任何文字、标语或注音。


## 其他通用说明
1. 锚点（Anchor）— 克制与高价值（适用于 SCHEMA 或上文允许出现锚点/高亮时）：
   - 多数句子应**无锚点**；拿不准就留空或 `[]`，避免满屏高亮。
   - 如果一定需要锚点，只选**整段里真正的高潮、反转或核心名词**（宜 2～4 字、有记忆点）；平庸词、铺垫句不要做成锚点。
   - 颜色建议：`#EF4444`（警示/反转/负面/结论）、`#000000`（事实/术语/数据）。动画 `anim`：`spring` | `slideUp` | `popIn` | `highlight`。
   - 音效可选(仅写在锚点对象上的 `audioEffect`)：`impact_thud` | `ping` | `woosh`

2. 视觉标题与字幕分离（仅当 SCHEMA 要求 `notText` / `butText` / `conceptName`、或 DOS_AND_DONTS 的 `left.label` / `right.label` 等时）：

   - 填**极简关键词（约 2～6 字）**，禁止把整句台词搬进标题字段。



## 输出格式（严格 JSON，不要 markdown 代码块）
补全当前模板的param,非数组：
{ "param": { ... } }

===========================================================================================
---------------------------------------- RESPONSE ----------------------------------------
time: 2026-09-10 22:39:24
attempt: 1/3

[OUTPUT]
{"param":{"anchors":[{"text":"文化自信","showFrom":1,"color":"#000000","anim":"popIn","audioEffect":"ping"}]}}
-------------------------------------------------------------------------------------------

======================================== REQUEST ========================================
time: 2026-09-10 22:39:24
provider: deepseek
model: deepseek-v4-pro
retries: 3

[PROMPT]
你是短视频字幕与画面细节处理专家。请把指定台词细化为字模显示参数。


## 完整段落上下文（仅供理解整体语境，判断当前句子的重要性）
自己的成就不够，就往前翻。
别人的成就太多，就往后删。
这两种人，都是鲁迅笔下的阿Q。
总能找到赢的心理安慰，此所谓输有输的赢法。

今天这套精神胜利法，被人换了个旗帜。
旗帜上四个大字：文化自信。
四个字没错。
错的是，有人拿它来改解释，不改现实。

如果这只是让人在网上高兴几分钟，也就罢了。
真正危险的是，人会忘记差距还在。

差距不再是差距，只是别人抢走了我们的功劳。
落后也不再是落后，只是历史被西方改写。

到最后，我们失去的不只是对历史的判断。
还有改造现实的能力。




## 🎯 待处理的目标文案
错的是，有人拿它来改解释，不改现实。

## 目标文案content的数组结构
生成模板参数时，format为content_index的字段依据此数组选择匹配的索引，用于决定相应内容出现在动画中的时机

[
  {
    "index": 0,
    "text": "错的是，"
  },
  {
    "index": 1,
    "text": "有人拿它来改解释，"
  },
  {
    "index": 2,
    "text": "不改现实。"
  }
]


## 选定模板及参数规范

模板名称：COGNITIVE_SHIFT

参数 Schema 说明：

{
  "type": "object",
  "properties": {
    "notText": {
      "type": "string",
      "description": "被否认知（‘不是’后面的内容）的精炼短句，不超过12个字，"
    },
    "butText": {
      "type": "string",
      "description": "真实认知（‘而是’后面的内容）的精炼短句，不超过12个字"
    },
    "butSrc": {
      "type": "string",
      "format": "image_prompt",
      "description": "真实认知的配图"
    },
    "notContentIndex": {
      "type": "integer",
      "format": "content_index",
      "description": "触发「不是」动画的字幕段索引（默认 0）"
    },
    "butContentIndex": {
      "type": "integer",
      "format": "content_index",
      "description": "触发「而是」动画的字幕段索引（默认 1）"
    }
  },
  "required": [
    "notText",
    "butText"
  ]
}


模板该项的示例供参考：

{
  "template": "COGNITIVE_SHIFT",
  "content": [
    "我们都不应该靠勤奋拼命",
    "我们都应该是靠认知和选择",
    "这样我才能成功"
  ],
  "param": {
    "notText": "靠勤奋拼命",
    "butText": "靠认知和选择",
    "butSrc": "站在高处看地图的思考者",
    "notContentIndex": 0,
    "butContentIndex": 1
  }
}


注意：如果该模板生成的参数包含图片视觉描述（如 imageSrc / leftSrc / rightSrc 等等），请只描述纯视觉场景与动作，绝不要包含任何文字、标语或注音。


## 其他通用说明
1. 锚点（Anchor）— 克制与高价值（适用于 SCHEMA 或上文允许出现锚点/高亮时）：
   - 多数句子应**无锚点**；拿不准就留空或 `[]`，避免满屏高亮。
   - 如果一定需要锚点，只选**整段里真正的高潮、反转或核心名词**（宜 2～4 字、有记忆点）；平庸词、铺垫句不要做成锚点。
   - 颜色建议：`#EF4444`（警示/反转/负面/结论）、`#000000`（事实/术语/数据）。动画 `anim`：`spring` | `slideUp` | `popIn` | `highlight`。
   - 音效可选(仅写在锚点对象上的 `audioEffect`)：`impact_thud` | `ping` | `woosh`

2. 视觉标题与字幕分离（仅当 SCHEMA 要求 `notText` / `butText` / `conceptName`、或 DOS_AND_DONTS 的 `left.label` / `right.label` 等时）：

   - 填**极简关键词（约 2～6 字）**，禁止把整句台词搬进标题字段。



## 输出格式（严格 JSON，不要 markdown 代码块）
补全当前模板的param,非数组：
{ "param": { ... } }

===========================================================================================
---------------------------------------- RESPONSE ----------------------------------------
time: 2026-09-10 22:39:53
attempt: 1/3

[OUTPUT]
{ "param": { "notText": "改解释", "butText": "改现实", "butSrc": "人物放下手中的纸稿，拿起锤子，转身走向正在搭建的实际房屋，背景从平面草图过渡到立体施工现场，动作果断", "notContentIndex": 1, "butContentIndex": 2 } }
-------------------------------------------------------------------------------------------

======================================== REQUEST ========================================
time: 2026-09-10 22:39:53
provider: deepseek
model: deepseek-v4-pro
retries: 3

[PROMPT]
你是短视频字幕与画面细节处理专家。请把指定台词细化为字模显示参数。


## 完整段落上下文（仅供理解整体语境，判断当前句子的重要性）
自己的成就不够，就往前翻。
别人的成就太多，就往后删。
这两种人，都是鲁迅笔下的阿Q。
总能找到赢的心理安慰，此所谓输有输的赢法。

今天这套精神胜利法，被人换了个旗帜。
旗帜上四个大字：文化自信。
四个字没错。
错的是，有人拿它来改解释，不改现实。

如果这只是让人在网上高兴几分钟，也就罢了。
真正危险的是，人会忘记差距还在。

差距不再是差距，只是别人抢走了我们的功劳。
落后也不再是落后，只是历史被西方改写。

到最后，我们失去的不只是对历史的判断。
还有改造现实的能力。




## 🎯 待处理的目标文案
如果这只是让人在网上高兴几分钟，也就罢了。真正危险的是，人会忘记差距还在。

## 目标文案content的数组结构
生成模板参数时，format为content_index的字段依据此数组选择匹配的索引，用于决定相应内容出现在动画中的时机

[
  {
    "index": 0,
    "text": "如果这只是让人在网上高兴几分钟，"
  },
  {
    "index": 1,
    "text": "也就罢了。"
  },
  {
    "index": 2,
    "text": "真正危险的是，"
  },
  {
    "index": 3,
    "text": "人会忘记差距还在。"
  }
]


## 选定模板及参数规范

模板名称：BEAT_SEQUENCE

参数 Schema 说明：

{
  "type": "object",
  "properties": {
    "stages": {
      "type": "array",
      "minItems": 2,
      "maxItems": 4,
      "description": "配图序列：每条 stage 一张图；imageSrc、enterEffect、可选 tone（calm|alert）、可选 showFrom（对齐镜头外层 content[] 下标）",
      "items": {
        "type": "object",
        "required": [
          "imageSrc"
        ],
        "properties": {
          "imageSrc": {
            "type": "string",
            "format": "image_prompt",
            "description": "该节拍配图提示词"
          },
          "enterEffect": {
            "type": "string",
            "enum": [
              "breathe",
              "slideLeft",
              "slideBottom",
              "zoomIn",
              "fadeIn"
            ],
            "default": "breathe",
            "description": "入场效果"
          },
          "tone": {
            "type": "string",
            "enum": [
              "calm",
              "alert"
            ],
            "description": "首条可 calm，其余默认可 alert"
          },
          "showFrom": {
            "type": "content_index",
            "minimum": 0,
            "description": "镜头 item 外层 content 数组（与 param 同级）的 0-based 下标；从该条 startFrame 起显示本图。省略则等于当前 stages 下标 i（与第 i 条口播同步）"
          }
        }
      }
    }
  },
  "required": [
    "stages"
  ]
}

// 口播条数（已由程序写入 CONTENT_STR，勿在 param 中输出 content）：口播分句（item.content）至少 2 条；口播分句至多 4 条（超出会被校验器告警）


模板该项的示例供参考：

{
  "template": "BEAT_SEQUENCE",
  "param": {
    "stages": [
      {
        "imageSrc": "问句配图简笔画",
        "enterEffect": "breathe"
      },
      {
        "imageSrc": "转折警示配图",
        "enterEffect": "slideBottom"
      },
      {
        "imageSrc": "结论冲击配图",
        "enterEffect": "slideBottom"
      }
    ]
  }
}


注意：如果该模板生成的参数包含图片视觉描述（如 imageSrc / leftSrc / rightSrc 等等），请只描述纯视觉场景与动作，绝不要包含任何文字、标语或注音。


## 其他通用说明
1. 锚点（Anchor）— 克制与高价值（适用于 SCHEMA 或上文允许出现锚点/高亮时）：
   - 多数句子应**无锚点**；拿不准就留空或 `[]`，避免满屏高亮。
   - 如果一定需要锚点，只选**整段里真正的高潮、反转或核心名词**（宜 2～4 字、有记忆点）；平庸词、铺垫句不要做成锚点。
   - 颜色建议：`#EF4444`（警示/反转/负面/结论）、`#000000`（事实/术语/数据）。动画 `anim`：`spring` | `slideUp` | `popIn` | `highlight`。
   - 音效可选(仅写在锚点对象上的 `audioEffect`)：`impact_thud` | `ping` | `woosh`

2. 视觉标题与字幕分离（仅当 SCHEMA 要求 `notText` / `butText` / `conceptName`、或 DOS_AND_DONTS 的 `left.label` / `right.label` 等时）：

   - 填**极简关键词（约 2～6 字）**，禁止把整句台词搬进标题字段。



## 输出格式（严格 JSON，不要 markdown 代码块）
补全当前模板的param,非数组：
{ "param": { ... } }

===========================================================================================
---------------------------------------- RESPONSE ----------------------------------------
time: 2026-09-10 22:40:21
attempt: 1/3

[OUTPUT]
{
  "param": {
    "stages": [
      {
        "imageSrc": "昏暗房间中，一个人靠在沙发上刷手机，屏幕冷光映出短暂满足的表情，整体光影轻松",
        "enterEffect": "breathe",
        "tone": "calm",
        "showFrom": 0
      },
      {
        "imageSrc": "手机屏幕暗下，人物表情突然凝固，四周阴影从角落迅速蔓延，形成压迫感",
        "enterEffect": "slideBottom",
        "tone": "alert",
        "showFrom": 2
      },
      {
        "imageSrc": "远镜头中，一个人站在巨大裂缝边缘，前方是看不到底的深谷，身后影子被拉长",
        "enterEffect": "zoomIn",
        "tone": "alert",
        "showFrom": 3
      }
    ]
  }
}
-------------------------------------------------------------------------------------------

======================================== REQUEST ========================================
time: 2026-09-10 22:40:21
provider: deepseek
model: deepseek-v4-pro
retries: 3

[PROMPT]
你是短视频字幕与画面细节处理专家。请把指定台词细化为字模显示参数。


## 完整段落上下文（仅供理解整体语境，判断当前句子的重要性）
自己的成就不够，就往前翻。
别人的成就太多，就往后删。
这两种人，都是鲁迅笔下的阿Q。
总能找到赢的心理安慰，此所谓输有输的赢法。

今天这套精神胜利法，被人换了个旗帜。
旗帜上四个大字：文化自信。
四个字没错。
错的是，有人拿它来改解释，不改现实。

如果这只是让人在网上高兴几分钟，也就罢了。
真正危险的是，人会忘记差距还在。

差距不再是差距，只是别人抢走了我们的功劳。
落后也不再是落后，只是历史被西方改写。

到最后，我们失去的不只是对历史的判断。
还有改造现实的能力。




## 🎯 待处理的目标文案
差距不再是差距，只是别人抢走了我们的功劳。落后也不再是落后，只是历史被西方改写。

## 目标文案content的数组结构
生成模板参数时，format为content_index的字段依据此数组选择匹配的索引，用于决定相应内容出现在动画中的时机

[
  {
    "index": 0,
    "text": "差距不再是差距，"
  },
  {
    "index": 1,
    "text": "只是别人抢走了我们的功劳。"
  },
  {
    "index": 2,
    "text": "落后也不再是落后，"
  },
  {
    "index": 3,
    "text": "只是历史被西方改写。"
  }
]


## 选定模板及参数规范

模板名称：PANEL_GRID

参数 Schema 说明：

{
  "type": "object",
  "properties": {
    "panels": {
      "type": "array",
      "minItems": 2,
      "maxItems": 6,
      "description": "宫格配图；showFrom 为 content 下标（0-based），在该条 startFrame 显现",
      "items": {
        "type": "object",
        "required": [
          "src",
          "showFrom"
        ],
        "properties": {
          "src": {
            "type": "string",
            "format": "image_prompt",
            "description": "该宫格配图提示词"
          },
          "showFrom": {
            "type": "integer",
            "format": "content_index",
            "description": "content 下标（0-based），非帧数"
          },
          "position": {
            "type": "string",
            "enum": [
              "center",
              "left",
              "right",
              "top",
              "bottom"
            ],
            "description": "可选；弱提示，布局以宫格为准"
          },
          "enterEffect": {
            "type": "string",
            "enum": [
              "breathe",
              "slideLeft",
              "slideBottom",
              "zoomIn",
              "fadeIn"
            ],
            "default": "fadeIn"
          }
        }
      }
    }
  },
  "required": [
    "panels"
  ]
}

// 口播条数（已由程序写入 CONTENT_STR，勿在 param 中输出 content）：口播分句（item.content）至少 2 条；口播分句至多 8 条（超出会被校验器告警）


模板该项的示例供参考：

{
  "template": "PANEL_GRID",
  "param": {
    "panels": [
      {
        "src": "问号堵住去路的简笔画",
        "showFrom": 0,
        "enterEffect": "zoomIn"
      },
      {
        "src": "放大镜只看一角的简笔画",
        "showFrom": 1
      },
      {
        "src": "两人各执一词的简笔画",
        "showFrom": 2
      }
    ]
  }
}


注意：如果该模板生成的参数包含图片视觉描述（如 imageSrc / leftSrc / rightSrc 等等），请只描述纯视觉场景与动作，绝不要包含任何文字、标语或注音。


## 其他通用说明
1. 锚点（Anchor）— 克制与高价值（适用于 SCHEMA 或上文允许出现锚点/高亮时）：
   - 多数句子应**无锚点**；拿不准就留空或 `[]`，避免满屏高亮。
   - 如果一定需要锚点，只选**整段里真正的高潮、反转或核心名词**（宜 2～4 字、有记忆点）；平庸词、铺垫句不要做成锚点。
   - 颜色建议：`#EF4444`（警示/反转/负面/结论）、`#000000`（事实/术语/数据）。动画 `anim`：`spring` | `slideUp` | `popIn` | `highlight`。
   - 音效可选(仅写在锚点对象上的 `audioEffect`)：`impact_thud` | `ping` | `woosh`

2. 视觉标题与字幕分离（仅当 SCHEMA 要求 `notText` / `butText` / `conceptName`、或 DOS_AND_DONTS 的 `left.label` / `right.label` 等时）：

   - 填**极简关键词（约 2～6 字）**，禁止把整句台词搬进标题字段。



## 输出格式（严格 JSON，不要 markdown 代码块）
补全当前模板的param,非数组：
{ "param": { ... } }

===========================================================================================
---------------------------------------- RESPONSE ----------------------------------------
time: 2026-09-10 22:41:06
attempt: 1/3

[OUTPUT]
{
  "param": {
    "panels": [
      {
        "src": "极简扁平插画：两个不同高度的台子被强行压成同一水平线，高台被压缩，低台被垫高，暗色背景，红黑对比",
        "showFrom": 0,
        "enterEffect": "zoomIn"
      },
      {
        "src": "极简扁平插画：一只大手从一个人怀中夺走发光奖杯，被夺者双手悬空表情错愕，动作夸张，暗色背景，红黑对比",
        "showFrom": 1,
        "enterEffect": "slideLeft"
      },
      {
        "src": "极简扁平插画：赛道上最后一名被移到领奖台最高处，原本领先者被挤到低位，彩带飘动错位，暗色背景，红黑对比",
        "showFrom": 2,
        "enterEffect": "slideBottom"
      },
      {
        "src": "极简扁平插画：古老羊皮纸卷被羽毛笔涂抹覆盖，原有线条被改成另一条轨迹，墨迹飞溅，暗色背景，红黑对比",
        "showFrom": 3,
        "enterEffect": "fadeIn"
      }
    ]
  }
}
-------------------------------------------------------------------------------------------

======================================== REQUEST ========================================
time: 2026-09-10 22:41:06
provider: deepseek
model: deepseek-v4-pro
retries: 3

[PROMPT]
你是短视频字幕与画面细节处理专家。请把指定台词细化为字模显示参数。


## 完整段落上下文（仅供理解整体语境，判断当前句子的重要性）
自己的成就不够，就往前翻。
别人的成就太多，就往后删。
这两种人，都是鲁迅笔下的阿Q。
总能找到赢的心理安慰，此所谓输有输的赢法。

今天这套精神胜利法，被人换了个旗帜。
旗帜上四个大字：文化自信。
四个字没错。
错的是，有人拿它来改解释，不改现实。

如果这只是让人在网上高兴几分钟，也就罢了。
真正危险的是，人会忘记差距还在。

差距不再是差距，只是别人抢走了我们的功劳。
落后也不再是落后，只是历史被西方改写。

到最后，我们失去的不只是对历史的判断。
还有改造现实的能力。




## 🎯 待处理的目标文案
到最后，我们失去的不只是对历史的判断。还有改造现实的能力。

## 目标文案content的数组结构
生成模板参数时，format为content_index的字段依据此数组选择匹配的索引，用于决定相应内容出现在动画中的时机

[
  {
    "index": 0,
    "text": "到最后，"
  },
  {
    "index": 1,
    "text": "我们失去的不只是对历史的判断。"
  },
  {
    "index": 2,
    "text": "还有改造现实的能力。"
  }
]


## 选定模板及参数规范

模板名称：TEXT_FOCUS

参数 Schema 说明：

{
  "type": "object",
  "properties": {
    "coreSentence": {
      "type": "array",
      "minItems": 1,
      "description": "大屏核心文案，每元素一行：可为 string，或 { text, showFrom, endFrom? }；showFrom/endFrom 为 content 下标（0-based），非帧数：在该条 startFrame 显现；可选 endFrom 表示在该条播完（startFrame+durationFrames）后起淡出。纯 string 等价于 showFrom=0、无 endFrom。锚点校验时各段 text 按顺序直接拼接（无分隔符）。",
      "items": {
        "oneOf": [
          {
            "type": "string"
          },
          {
            "type": "object",
            "required": [
              "text",
              "showFrom"
            ],
            "properties": {
              "text": {
                "type": "string",
                "description": "该行大屏文案"
              },
              "showFrom": {
                "type": "integer",
                "format": "content_index",
                "description": "content 下标（0-based），非帧数"
              },
              "endFrom": {
                "type": "integer",
                "format": "content_index",
                "description": "可选；content 下标（0-based），非帧数；该行在对应条字幕结束帧（startFrame+durationFrames）起淡出"
              }
            }
          }
        ]
      }
    },
    "coreSentenceAnchors": {
      "type": "array",
      "description": "可选；在 coreSentence 各段拼接后的全文内按顺序高亮子串。每项 coreSentenceAnchor 须为该拼接串的子串，否则会被校验丢弃",
      "items": {
        "type": "object",
        "required": [
          "coreSentenceAnchor"
        ],
        "properties": {
          "coreSentenceAnchor": {
            "type": "string",
            "description": "要高亮的子串，须出现在各 coreSentence 段拼接后的全文内"
          },
          "color": {
            "type": "string",
            "description": "高亮颜色，省略时默认强调色"
          }
        }
      }
    }
  },
  "required": [
    "coreSentence"
  ]
}

// 口播条数（已由程序写入 CONTENT_STR，勿在 param 中输出 content）：口播分句至多 3 条（超出会被校验器告警）


模板该项的示例供参考：

{
  "template": "TEXT_FOCUS",
  "param": {
    "coreSentence": [
      {
        "text": "承认自己“可能错了”并不是一种软弱",
        "showFrom": 0,
        "endFrom": 0
      },
      {
        "text": "而是成长的开始",
        "showFrom": 1,
        "endFrom": 1
      }
    ],
    "coreSentenceAnchors": [
      {
        "coreSentenceAnchor": "可能错了",
        "color": "red"
      }
    ]
  }
}


注意：如果该模板生成的参数包含图片视觉描述（如 imageSrc / leftSrc / rightSrc 等等），请只描述纯视觉场景与动作，绝不要包含任何文字、标语或注音。


## 其他通用说明
1. 锚点（Anchor）— 克制与高价值（适用于 SCHEMA 或上文允许出现锚点/高亮时）：
   - 多数句子应**无锚点**；拿不准就留空或 `[]`，避免满屏高亮。
   - 如果一定需要锚点，只选**整段里真正的高潮、反转或核心名词**（宜 2～4 字、有记忆点）；平庸词、铺垫句不要做成锚点。
   - 颜色建议：`#EF4444`（警示/反转/负面/结论）、`#000000`（事实/术语/数据）。动画 `anim`：`spring` | `slideUp` | `popIn` | `highlight`。
   - 音效可选(仅写在锚点对象上的 `audioEffect`)：`impact_thud` | `ping` | `woosh`

2. 视觉标题与字幕分离（仅当 SCHEMA 要求 `notText` / `butText` / `conceptName`、或 DOS_AND_DONTS 的 `left.label` / `right.label` 等时）：

   - 填**极简关键词（约 2～6 字）**，禁止把整句台词搬进标题字段。



## 输出格式（严格 JSON，不要 markdown 代码块）
补全当前模板的param,非数组：
{ "param": { ... } }

===========================================================================================
---------------------------------------- RESPONSE ----------------------------------------
time: 2026-09-10 22:41:36
attempt: 1/3

[OUTPUT]
{"param":{"coreSentence":[{"text":"到最后，","showFrom":0},{"text":"我们失去的不只是对历史的判断。","showFrom":1},{"text":"还有改造现实的能力。","showFrom":2}],"coreSentenceAnchors":[{"coreSentenceAnchor":"改造现实","color":"#EF4444"}]}}
-------------------------------------------------------------------------------------------

======================================== REQUEST ========================================
time: 2026-09-10 22:41:36
provider: deepseek
model: deepseek-v4-pro
retries: 3

[PROMPT]
你是短视频字幕与画面细节处理专家。请把指定台词细化为字模显示参数。


## 完整段落上下文（仅供理解整体语境，判断当前句子的重要性）
自己的历史本来应该是一面镜子。让现在的人明得失。
精神胜利法，却把它改成了美颜相机。
只负责美化自己，不负责看清自己。

别人的历史本来应该是一把尺子。让现在的人量高低。
伪史论，却把它改成了一块橡皮。
只负责抹掉别人，不负责量清自己。

想要真正的文化自信，先得能看清自己。
别人有成就，承认。
自己有差距，也承认。

承认金字塔是真的，长城不会变矮。
承认亚里士多德存在，孔子也不会失去光芒。

真正自信的人，不需要把全世界变矮，来证明自己高大。

正视差距。
用今天的努力去追。
历史留给我们的，不该只是一份可以反复领取的荣誉。
更该是一项还没做完的任务。


## 🎯 待处理的目标文案
自己的历史本来应该是一面镜子。让现在的人明得失。

## 目标文案content的数组结构
生成模板参数时，format为content_index的字段依据此数组选择匹配的索引，用于决定相应内容出现在动画中的时机

[
  {
    "index": 0,
    "text": "自己的历史本来应该是一面镜子。"
  },
  {
    "index": 1,
    "text": "让现在的人明得失。"
  }
]


## 选定模板及参数规范

模板名称：CENTER_FOCUS

参数 Schema 说明：

{
  "type": "object",
  "properties": {
    "imageSrc": {
      "type": "string",
      "format": "image_prompt",
      "description": "主图描述"
    },
    "enterEffect": {
      "type": "string",
      "enum": [
        "fadeIn",
        "slideLeft",
        "slideBottom",
        "zoomIn"
      ],
      "default": "fadeIn",
      "description": "图片入场方式（breathe 呼吸效果始终常驻，无需指定）"
    },
    "anchors": {
      "type": "array",
      "description": "可选；用于锚点词展示（顶部依次出现并保留为列表），并绑定锚点出现时机的音效。showFrom 须落在当前 content 条数范围内。注意 **保持克制，尽量少设置锚点** 只提取整段里真正的高潮、反转或核心名词",
      "items": {
        "type": "object",
        "required": [
          "text",
          "showFrom"
        ],
        "properties": {
          "text": {
            "type": "string",
            "description": "要展示的锚点词"
          },
          "showFrom": {
            "type": "integer",
            "format": "content_index",
            "description": "content 数组下标（0-based），非帧数；合法范围 0～(content 条数-1)，超出会被校验丢弃"
          },
          "color": {
            "type": "string"
          },
          "anim": {
            "type": "string",
            "enum": [
              "spring",
              "slideUp",
              "popIn",
              "highlight"
            ]
          },
          "audioEffect": {
            "type": "string",
            "enum": [
              "impact_thud",
              "ping",
              "woosh"
            ]
          }
        }
      }
    }
  },
  "required": [
    "imageSrc"
  ]
}


模板该项的示例供参考：

{
  "template": "CENTER_FOCUS",
  "param": {
    "imageSrc": "上班族坐在电脑前的简笔画图标",
    "enterEffect": "fadeIn",
    "anchors": [
      {
        "text": "可得性启发",
        "showFrom": 0,
        "color": "red"
      }
    ]
  }
}


注意：如果该模板生成的参数包含图片视觉描述（如 imageSrc / leftSrc / rightSrc 等等），请只描述纯视觉场景与动作，绝不要包含任何文字、标语或注音。


## 其他通用说明
1. 锚点（Anchor）— 克制与高价值（适用于 SCHEMA 或上文允许出现锚点/高亮时）：
   - 多数句子应**无锚点**；拿不准就留空或 `[]`，避免满屏高亮。
   - 如果一定需要锚点，只选**整段里真正的高潮、反转或核心名词**（宜 2～4 字、有记忆点）；平庸词、铺垫句不要做成锚点。
   - 颜色建议：`#EF4444`（警示/反转/负面/结论）、`#000000`（事实/术语/数据）。动画 `anim`：`spring` | `slideUp` | `popIn` | `highlight`。
   - 音效可选(仅写在锚点对象上的 `audioEffect`)：`impact_thud` | `ping` | `woosh`

2. 视觉标题与字幕分离（仅当 SCHEMA 要求 `notText` / `butText` / `conceptName`、或 DOS_AND_DONTS 的 `left.label` / `right.label` 等时）：

   - 填**极简关键词（约 2～6 字）**，禁止把整句台词搬进标题字段。



## 输出格式（严格 JSON，不要 markdown 代码块）
补全当前模板的param,非数组：
{ "param": { ... } }

===========================================================================================
---------------------------------------- RESPONSE ----------------------------------------
time: 2026-09-10 22:42:07
attempt: 1/3

[OUTPUT]
{ "param": { "imageSrc": "一面古朴铜框立镜置于安静书房中，镜中映出一个端详自己、若有所思的人影，旁边堆着旧书卷，柔和侧光营造审视氛围", "enterEffect": "fadeIn", "anchors": [] } }
-------------------------------------------------------------------------------------------

======================================== REQUEST ========================================
time: 2026-09-10 22:42:07
provider: deepseek
model: deepseek-v4-pro
retries: 3

[PROMPT]
你是短视频字幕与画面细节处理专家。请把指定台词细化为字模显示参数。


## 完整段落上下文（仅供理解整体语境，判断当前句子的重要性）
自己的历史本来应该是一面镜子。让现在的人明得失。
精神胜利法，却把它改成了美颜相机。
只负责美化自己，不负责看清自己。

别人的历史本来应该是一把尺子。让现在的人量高低。
伪史论，却把它改成了一块橡皮。
只负责抹掉别人，不负责量清自己。

想要真正的文化自信，先得能看清自己。
别人有成就，承认。
自己有差距，也承认。

承认金字塔是真的，长城不会变矮。
承认亚里士多德存在，孔子也不会失去光芒。

真正自信的人，不需要把全世界变矮，来证明自己高大。

正视差距。
用今天的努力去追。
历史留给我们的，不该只是一份可以反复领取的荣誉。
更该是一项还没做完的任务。


## 🎯 待处理的目标文案
精神胜利法，却把它改成了美颜相机。只负责美化自己，不负责看清自己。

## 目标文案content的数组结构
生成模板参数时，format为content_index的字段依据此数组选择匹配的索引，用于决定相应内容出现在动画中的时机

[
  {
    "index": 0,
    "text": "精神胜利法，"
  },
  {
    "index": 1,
    "text": "却把它改成了美颜相机。"
  },
  {
    "index": 2,
    "text": "只负责美化自己，"
  },
  {
    "index": 3,
    "text": "不负责看清自己。"
  }
]


## 选定模板及参数规范

模板名称：COGNITIVE_SHIFT

参数 Schema 说明：

{
  "type": "object",
  "properties": {
    "notText": {
      "type": "string",
      "description": "被否认知（‘不是’后面的内容）的精炼短句，不超过12个字，"
    },
    "butText": {
      "type": "string",
      "description": "真实认知（‘而是’后面的内容）的精炼短句，不超过12个字"
    },
    "butSrc": {
      "type": "string",
      "format": "image_prompt",
      "description": "真实认知的配图"
    },
    "notContentIndex": {
      "type": "integer",
      "format": "content_index",
      "description": "触发「不是」动画的字幕段索引（默认 0）"
    },
    "butContentIndex": {
      "type": "integer",
      "format": "content_index",
      "description": "触发「而是」动画的字幕段索引（默认 1）"
    }
  },
  "required": [
    "notText",
    "butText"
  ]
}


模板该项的示例供参考：

{
  "template": "COGNITIVE_SHIFT",
  "content": [
    "我们都不应该靠勤奋拼命",
    "我们都应该是靠认知和选择",
    "这样我才能成功"
  ],
  "param": {
    "notText": "靠勤奋拼命",
    "butText": "靠认知和选择",
    "butSrc": "站在高处看地图的思考者",
    "notContentIndex": 0,
    "butContentIndex": 1
  }
}


注意：如果该模板生成的参数包含图片视觉描述（如 imageSrc / leftSrc / rightSrc 等等），请只描述纯视觉场景与动作，绝不要包含任何文字、标语或注音。


## 其他通用说明
1. 锚点（Anchor）— 克制与高价值（适用于 SCHEMA 或上文允许出现锚点/高亮时）：
   - 多数句子应**无锚点**；拿不准就留空或 `[]`，避免满屏高亮。
   - 如果一定需要锚点，只选**整段里真正的高潮、反转或核心名词**（宜 2～4 字、有记忆点）；平庸词、铺垫句不要做成锚点。
   - 颜色建议：`#EF4444`（警示/反转/负面/结论）、`#000000`（事实/术语/数据）。动画 `anim`：`spring` | `slideUp` | `popIn` | `highlight`。
   - 音效可选(仅写在锚点对象上的 `audioEffect`)：`impact_thud` | `ping` | `woosh`

2. 视觉标题与字幕分离（仅当 SCHEMA 要求 `notText` / `butText` / `conceptName`、或 DOS_AND_DONTS 的 `left.label` / `right.label` 等时）：

   - 填**极简关键词（约 2～6 字）**，禁止把整句台词搬进标题字段。



## 输出格式（严格 JSON，不要 markdown 代码块）
补全当前模板的param,非数组：
{ "param": { ... } }

===========================================================================================
---------------------------------------- RESPONSE ----------------------------------------
time: 2026-09-10 22:43:21
attempt: 1/3

[OUTPUT]
{ "param": { "notText": "美颜相机", "butText": "看清自己", "butSrc": "一面素净的古铜镜立在木桌上，镜中清晰映出素颜，镜前人直视镜面", "notContentIndex": 1, "butContentIndex": 3 } }
-------------------------------------------------------------------------------------------

======================================== REQUEST ========================================
time: 2026-09-10 22:43:21
provider: deepseek
model: deepseek-v4-pro
retries: 3

[PROMPT]
你是短视频字幕与画面细节处理专家。请把指定台词细化为字模显示参数。


## 完整段落上下文（仅供理解整体语境，判断当前句子的重要性）
自己的历史本来应该是一面镜子。让现在的人明得失。
精神胜利法，却把它改成了美颜相机。
只负责美化自己，不负责看清自己。

别人的历史本来应该是一把尺子。让现在的人量高低。
伪史论，却把它改成了一块橡皮。
只负责抹掉别人，不负责量清自己。

想要真正的文化自信，先得能看清自己。
别人有成就，承认。
自己有差距，也承认。

承认金字塔是真的，长城不会变矮。
承认亚里士多德存在，孔子也不会失去光芒。

真正自信的人，不需要把全世界变矮，来证明自己高大。

正视差距。
用今天的努力去追。
历史留给我们的，不该只是一份可以反复领取的荣誉。
更该是一项还没做完的任务。


## 🎯 待处理的目标文案
别人的历史本来应该是一把尺子。让现在的人量高低。

## 目标文案content的数组结构
生成模板参数时，format为content_index的字段依据此数组选择匹配的索引，用于决定相应内容出现在动画中的时机

[
  {
    "index": 0,
    "text": "别人的历史本来应该是一把尺子。"
  },
  {
    "index": 1,
    "text": "让现在的人量高低。"
  }
]


## 选定模板及参数规范

模板名称：CENTER_FOCUS

参数 Schema 说明：

{
  "type": "object",
  "properties": {
    "imageSrc": {
      "type": "string",
      "format": "image_prompt",
      "description": "主图描述"
    },
    "enterEffect": {
      "type": "string",
      "enum": [
        "fadeIn",
        "slideLeft",
        "slideBottom",
        "zoomIn"
      ],
      "default": "fadeIn",
      "description": "图片入场方式（breathe 呼吸效果始终常驻，无需指定）"
    },
    "anchors": {
      "type": "array",
      "description": "可选；用于锚点词展示（顶部依次出现并保留为列表），并绑定锚点出现时机的音效。showFrom 须落在当前 content 条数范围内。注意 **保持克制，尽量少设置锚点** 只提取整段里真正的高潮、反转或核心名词",
      "items": {
        "type": "object",
        "required": [
          "text",
          "showFrom"
        ],
        "properties": {
          "text": {
            "type": "string",
            "description": "要展示的锚点词"
          },
          "showFrom": {
            "type": "integer",
            "format": "content_index",
            "description": "content 数组下标（0-based），非帧数；合法范围 0～(content 条数-1)，超出会被校验丢弃"
          },
          "color": {
            "type": "string"
          },
          "anim": {
            "type": "string",
            "enum": [
              "spring",
              "slideUp",
              "popIn",
              "highlight"
            ]
          },
          "audioEffect": {
            "type": "string",
            "enum": [
              "impact_thud",
              "ping",
              "woosh"
            ]
          }
        }
      }
    }
  },
  "required": [
    "imageSrc"
  ]
}


模板该项的示例供参考：

{
  "template": "CENTER_FOCUS",
  "param": {
    "imageSrc": "上班族坐在电脑前的简笔画图标",
    "enterEffect": "fadeIn",
    "anchors": [
      {
        "text": "可得性启发",
        "showFrom": 0,
        "color": "red"
      }
    ]
  }
}


注意：如果该模板生成的参数包含图片视觉描述（如 imageSrc / leftSrc / rightSrc 等等），请只描述纯视觉场景与动作，绝不要包含任何文字、标语或注音。


## 其他通用说明
1. 锚点（Anchor）— 克制与高价值（适用于 SCHEMA 或上文允许出现锚点/高亮时）：
   - 多数句子应**无锚点**；拿不准就留空或 `[]`，避免满屏高亮。
   - 如果一定需要锚点，只选**整段里真正的高潮、反转或核心名词**（宜 2～4 字、有记忆点）；平庸词、铺垫句不要做成锚点。
   - 颜色建议：`#EF4444`（警示/反转/负面/结论）、`#000000`（事实/术语/数据）。动画 `anim`：`spring` | `slideUp` | `popIn` | `highlight`。
   - 音效可选(仅写在锚点对象上的 `audioEffect`)：`impact_thud` | `ping` | `woosh`

2. 视觉标题与字幕分离（仅当 SCHEMA 要求 `notText` / `butText` / `conceptName`、或 DOS_AND_DONTS 的 `left.label` / `right.label` 等时）：

   - 填**极简关键词（约 2～6 字）**，禁止把整句台词搬进标题字段。



## 输出格式（严格 JSON，不要 markdown 代码块）
补全当前模板的param,非数组：
{ "param": { ... } }

===========================================================================================
---------------------------------------- RESPONSE ----------------------------------------
time: 2026-09-10 22:43:43
attempt: 1/3

[OUTPUT]
{ "param": { "imageSrc": "一把木制直尺横放在展开的泛黄历史卷轴上方，尺子刻度清晰，背景有模糊的人形剪影，象征以同一尺度衡量高低，扁平极简插画，深蓝与暖金对比，无文字", "enterEffect": "fadeIn", "anchors": [ { "text": "尺子", "showFrom": 0, "color": "#000000", "anim": "slideUp" } ] } }
-------------------------------------------------------------------------------------------

======================================== REQUEST ========================================
time: 2026-09-10 22:43:43
provider: deepseek
model: deepseek-v4-pro
retries: 3

[PROMPT]
你是短视频字幕与画面细节处理专家。请把指定台词细化为字模显示参数。


## 完整段落上下文（仅供理解整体语境，判断当前句子的重要性）
自己的历史本来应该是一面镜子。让现在的人明得失。
精神胜利法，却把它改成了美颜相机。
只负责美化自己，不负责看清自己。

别人的历史本来应该是一把尺子。让现在的人量高低。
伪史论，却把它改成了一块橡皮。
只负责抹掉别人，不负责量清自己。

想要真正的文化自信，先得能看清自己。
别人有成就，承认。
自己有差距，也承认。

承认金字塔是真的，长城不会变矮。
承认亚里士多德存在，孔子也不会失去光芒。

真正自信的人，不需要把全世界变矮，来证明自己高大。

正视差距。
用今天的努力去追。
历史留给我们的，不该只是一份可以反复领取的荣誉。
更该是一项还没做完的任务。


## 🎯 待处理的目标文案
伪史论，却把它改成了一块橡皮。只负责抹掉别人，不负责量清自己。

## 目标文案content的数组结构
生成模板参数时，format为content_index的字段依据此数组选择匹配的索引，用于决定相应内容出现在动画中的时机

[
  {
    "index": 0,
    "text": "伪史论，"
  },
  {
    "index": 1,
    "text": "却把它改成了一块橡皮。"
  },
  {
    "index": 2,
    "text": "只负责抹掉别人，"
  },
  {
    "index": 3,
    "text": "不负责量清自己。"
  }
]


## 选定模板及参数规范

模板名称：COGNITIVE_SHIFT

参数 Schema 说明：

{
  "type": "object",
  "properties": {
    "notText": {
      "type": "string",
      "description": "被否认知（‘不是’后面的内容）的精炼短句，不超过12个字，"
    },
    "butText": {
      "type": "string",
      "description": "真实认知（‘而是’后面的内容）的精炼短句，不超过12个字"
    },
    "butSrc": {
      "type": "string",
      "format": "image_prompt",
      "description": "真实认知的配图"
    },
    "notContentIndex": {
      "type": "integer",
      "format": "content_index",
      "description": "触发「不是」动画的字幕段索引（默认 0）"
    },
    "butContentIndex": {
      "type": "integer",
      "format": "content_index",
      "description": "触发「而是」动画的字幕段索引（默认 1）"
    }
  },
  "required": [
    "notText",
    "butText"
  ]
}


模板该项的示例供参考：

{
  "template": "COGNITIVE_SHIFT",
  "content": [
    "我们都不应该靠勤奋拼命",
    "我们都应该是靠认知和选择",
    "这样我才能成功"
  ],
  "param": {
    "notText": "靠勤奋拼命",
    "butText": "靠认知和选择",
    "butSrc": "站在高处看地图的思考者",
    "notContentIndex": 0,
    "butContentIndex": 1
  }
}


注意：如果该模板生成的参数包含图片视觉描述（如 imageSrc / leftSrc / rightSrc 等等），请只描述纯视觉场景与动作，绝不要包含任何文字、标语或注音。


## 其他通用说明
1. 锚点（Anchor）— 克制与高价值（适用于 SCHEMA 或上文允许出现锚点/高亮时）：
   - 多数句子应**无锚点**；拿不准就留空或 `[]`，避免满屏高亮。
   - 如果一定需要锚点，只选**整段里真正的高潮、反转或核心名词**（宜 2～4 字、有记忆点）；平庸词、铺垫句不要做成锚点。
   - 颜色建议：`#EF4444`（警示/反转/负面/结论）、`#000000`（事实/术语/数据）。动画 `anim`：`spring` | `slideUp` | `popIn` | `highlight`。
   - 音效可选(仅写在锚点对象上的 `audioEffect`)：`impact_thud` | `ping` | `woosh`

2. 视觉标题与字幕分离（仅当 SCHEMA 要求 `notText` / `butText` / `conceptName`、或 DOS_AND_DONTS 的 `left.label` / `right.label` 等时）：

   - 填**极简关键词（约 2～6 字）**，禁止把整句台词搬进标题字段。



## 输出格式（严格 JSON，不要 markdown 代码块）
补全当前模板的param,非数组：
{ "param": { ... } }

===========================================================================================
---------------------------------------- RESPONSE ----------------------------------------
time: 2026-09-10 22:44:32
attempt: 1/3

[OUTPUT]
{ "param": { "notText": "抹掉别人", "butText": "量清自己", "butSrc": "一个人站在镜前，用长尺量自己地面的影子", "notContentIndex": 2, "butContentIndex": 3 } }
-------------------------------------------------------------------------------------------

======================================== REQUEST ========================================
time: 2026-09-10 22:44:32
provider: deepseek
model: deepseek-v4-pro
retries: 3

[PROMPT]
你是短视频字幕与画面细节处理专家。请把指定台词细化为字模显示参数。


## 完整段落上下文（仅供理解整体语境，判断当前句子的重要性）
自己的历史本来应该是一面镜子。让现在的人明得失。
精神胜利法，却把它改成了美颜相机。
只负责美化自己，不负责看清自己。

别人的历史本来应该是一把尺子。让现在的人量高低。
伪史论，却把它改成了一块橡皮。
只负责抹掉别人，不负责量清自己。

想要真正的文化自信，先得能看清自己。
别人有成就，承认。
自己有差距，也承认。

承认金字塔是真的，长城不会变矮。
承认亚里士多德存在，孔子也不会失去光芒。

真正自信的人，不需要把全世界变矮，来证明自己高大。

正视差距。
用今天的努力去追。
历史留给我们的，不该只是一份可以反复领取的荣誉。
更该是一项还没做完的任务。


## 🎯 待处理的目标文案
想要真正的文化自信，先得能看清自己。别人有成就，承认。自己有差距，也承认。

## 目标文案content的数组结构
生成模板参数时，format为content_index的字段依据此数组选择匹配的索引，用于决定相应内容出现在动画中的时机

[
  {
    "index": 0,
    "text": "想要真正的文化自信，"
  },
  {
    "index": 1,
    "text": "先得能看清自己。"
  },
  {
    "index": 2,
    "text": "别人有成就，"
  },
  {
    "index": 3,
    "text": "承认。"
  },
  {
    "index": 4,
    "text": "自己有差距，"
  },
  {
    "index": 5,
    "text": "也承认。"
  }
]


## 选定模板及参数规范

模板名称：METHOD_STACK

参数 Schema 说明：

{
  "type": "object",
  "properties": {
    "title": {
      "type": "string",
      "description": "该 item 的方法名/提醒标题/观点标题，建议 4~12 个字"
    },
    "imageSrc": {
      "type": "string",
      "format": "image_prompt",
      "description": "单张主图描述，用于承接这个方法或观点"
    },
    "notes": {
      "type": "array",
      "description": "可选；解释短语数组。每项含 text 与 showFrom；showFrom 为 content 下标（0-based，非帧数），须在 0～(content 条数-1) 内",
      "items": {
        "type": "object",
        "required": [
          "text",
          "showFrom"
        ],
        "properties": {
          "text": {
            "type": "string",
            "description": "解释短语"
          },
          "showFrom": {
            "type": "integer",
            "format": "content_index",
            "description": "content 数组下标（0-based），非帧数；合法范围 0～(content 条数-1)，超出会被校验丢弃"
          }
        }
      }
    }
  },
  "required": [
    "title",
    "imageSrc"
  ]
}

// 口播条数（已由程序写入 CONTENT_STR，勿在 param 中输出 content）：口播分句（item.content）至少 2 条；口播分句至多 5 条（超出会被校验器告警）


模板该项的示例供参考：

{
  "template": "METHOD_STACK",
  "param": {
    "title": "警惕情绪画面",
    "imageSrc": "被耸动新闻画面包围、神情紧张的人物简笔画",
    "notes": [
      {
        "text": "先识别这是情绪刺激",
        "showFrom": 1
      },
      {
        "text": "再追问它是否只是离奇个案",
        "showFrom": 3
      }
    ]
  }
}


注意：如果该模板生成的参数包含图片视觉描述（如 imageSrc / leftSrc / rightSrc 等等），请只描述纯视觉场景与动作，绝不要包含任何文字、标语或注音。


## 其他通用说明
1. 锚点（Anchor）— 克制与高价值（适用于 SCHEMA 或上文允许出现锚点/高亮时）：
   - 多数句子应**无锚点**；拿不准就留空或 `[]`，避免满屏高亮。
   - 如果一定需要锚点，只选**整段里真正的高潮、反转或核心名词**（宜 2～4 字、有记忆点）；平庸词、铺垫句不要做成锚点。
   - 颜色建议：`#EF4444`（警示/反转/负面/结论）、`#000000`（事实/术语/数据）。动画 `anim`：`spring` | `slideUp` | `popIn` | `highlight`。
   - 音效可选(仅写在锚点对象上的 `audioEffect`)：`impact_thud` | `ping` | `woosh`

2. 视觉标题与字幕分离（仅当 SCHEMA 要求 `notText` / `butText` / `conceptName`、或 DOS_AND_DONTS 的 `left.label` / `right.label` 等时）：

   - 填**极简关键词（约 2～6 字）**，禁止把整句台词搬进标题字段。



## 输出格式（严格 JSON，不要 markdown 代码块）
补全当前模板的param,非数组：
{ "param": { ... } }

===========================================================================================
---------------------------------------- RESPONSE ----------------------------------------
time: 2026-09-10 22:44:50
attempt: 1/3

[OUTPUT]
{ "param": { "title": "自信先看清自己", "imageSrc": "一个人站在清晰落地镜前，平静正视镜中真实的身影，身旁桌面上放着一把直尺", "notes": [ { "text": "自省是自信的前提", "showFrom": 1 }, { "text": "承认他人成就", "showFrom": 2 }, { "text": "承认自身差距", "showFrom": 4 } ] } }
-------------------------------------------------------------------------------------------

======================================== REQUEST ========================================
time: 2026-09-10 22:44:50
provider: deepseek
model: deepseek-v4-pro
retries: 3

[PROMPT]
你是短视频字幕与画面细节处理专家。请把指定台词细化为字模显示参数。


## 完整段落上下文（仅供理解整体语境，判断当前句子的重要性）
自己的历史本来应该是一面镜子。让现在的人明得失。
精神胜利法，却把它改成了美颜相机。
只负责美化自己，不负责看清自己。

别人的历史本来应该是一把尺子。让现在的人量高低。
伪史论，却把它改成了一块橡皮。
只负责抹掉别人，不负责量清自己。

想要真正的文化自信，先得能看清自己。
别人有成就，承认。
自己有差距，也承认。

承认金字塔是真的，长城不会变矮。
承认亚里士多德存在，孔子也不会失去光芒。

真正自信的人，不需要把全世界变矮，来证明自己高大。

正视差距。
用今天的努力去追。
历史留给我们的，不该只是一份可以反复领取的荣誉。
更该是一项还没做完的任务。


## 🎯 待处理的目标文案
承认金字塔是真的，长城不会变矮。承认亚里士多德存在，孔子也不会失去光芒。

## 目标文案content的数组结构
生成模板参数时，format为content_index的字段依据此数组选择匹配的索引，用于决定相应内容出现在动画中的时机

[
  {
    "index": 0,
    "text": "承认金字塔是真的，"
  },
  {
    "index": 1,
    "text": "长城不会变矮。"
  },
  {
    "index": 2,
    "text": "承认亚里士多德存在，"
  },
  {
    "index": 3,
    "text": "孔子也不会失去光芒。"
  }
]


## 选定模板及参数规范

模板名称：PANEL_GRID

参数 Schema 说明：

{
  "type": "object",
  "properties": {
    "panels": {
      "type": "array",
      "minItems": 2,
      "maxItems": 6,
      "description": "宫格配图；showFrom 为 content 下标（0-based），在该条 startFrame 显现",
      "items": {
        "type": "object",
        "required": [
          "src",
          "showFrom"
        ],
        "properties": {
          "src": {
            "type": "string",
            "format": "image_prompt",
            "description": "该宫格配图提示词"
          },
          "showFrom": {
            "type": "integer",
            "format": "content_index",
            "description": "content 下标（0-based），非帧数"
          },
          "position": {
            "type": "string",
            "enum": [
              "center",
              "left",
              "right",
              "top",
              "bottom"
            ],
            "description": "可选；弱提示，布局以宫格为准"
          },
          "enterEffect": {
            "type": "string",
            "enum": [
              "breathe",
              "slideLeft",
              "slideBottom",
              "zoomIn",
              "fadeIn"
            ],
            "default": "fadeIn"
          }
        }
      }
    }
  },
  "required": [
    "panels"
  ]
}

// 口播条数（已由程序写入 CONTENT_STR，勿在 param 中输出 content）：口播分句（item.content）至少 2 条；口播分句至多 8 条（超出会被校验器告警）


模板该项的示例供参考：

{
  "template": "PANEL_GRID",
  "param": {
    "panels": [
      {
        "src": "问号堵住去路的简笔画",
        "showFrom": 0,
        "enterEffect": "zoomIn"
      },
      {
        "src": "放大镜只看一角的简笔画",
        "showFrom": 1
      },
      {
        "src": "两人各执一词的简笔画",
        "showFrom": 2
      }
    ]
  }
}


注意：如果该模板生成的参数包含图片视觉描述（如 imageSrc / leftSrc / rightSrc 等等），请只描述纯视觉场景与动作，绝不要包含任何文字、标语或注音。


## 其他通用说明
1. 锚点（Anchor）— 克制与高价值（适用于 SCHEMA 或上文允许出现锚点/高亮时）：
   - 多数句子应**无锚点**；拿不准就留空或 `[]`，避免满屏高亮。
   - 如果一定需要锚点，只选**整段里真正的高潮、反转或核心名词**（宜 2～4 字、有记忆点）；平庸词、铺垫句不要做成锚点。
   - 颜色建议：`#EF4444`（警示/反转/负面/结论）、`#000000`（事实/术语/数据）。动画 `anim`：`spring` | `slideUp` | `popIn` | `highlight`。
   - 音效可选(仅写在锚点对象上的 `audioEffect`)：`impact_thud` | `ping` | `woosh`

2. 视觉标题与字幕分离（仅当 SCHEMA 要求 `notText` / `butText` / `conceptName`、或 DOS_AND_DONTS 的 `left.label` / `right.label` 等时）：

   - 填**极简关键词（约 2～6 字）**，禁止把整句台词搬进标题字段。



## 输出格式（严格 JSON，不要 markdown 代码块）
补全当前模板的param,非数组：
{ "param": { ... } }

===========================================================================================
---------------------------------------- RESPONSE ----------------------------------------
time: 2026-09-10 22:45:24
attempt: 1/3

[OUTPUT]
{
  "param": {
    "panels": [
      {
        "src": "广袤沙漠中矗立着古老的金字塔群，阳光斜照，石块纹理清晰，蓝天背景纯净",
        "showFrom": 0,
        "enterEffect": "zoomIn"
      },
      {
        "src": "中国长城沿陡峭山脊蜿蜒起伏，城砖与烽火台清晰可见，清晨薄雾环绕远山",
        "showFrom": 1,
        "enterEffect": "slideLeft"
      },
      {
        "src": "古希腊风格老者半身石像，卷曲头发与浓密胡须，背景为古典石柱和橄榄枝",
        "showFrom": 2,
        "enterEffect": "fadeIn"
      },
      {
        "src": "中国古代身着宽袖长袍的老者，长须，双手交叠，背景为素雅庭院与松树",
        "showFrom": 3,
        "enterEffect": "slideBottom"
      }
    ]
  }
}
-------------------------------------------------------------------------------------------

======================================== REQUEST ========================================
time: 2026-09-10 22:45:24
provider: deepseek
model: deepseek-v4-pro
retries: 3

[PROMPT]
你是短视频字幕与画面细节处理专家。请把指定台词细化为字模显示参数。


## 完整段落上下文（仅供理解整体语境，判断当前句子的重要性）
自己的历史本来应该是一面镜子。让现在的人明得失。
精神胜利法，却把它改成了美颜相机。
只负责美化自己，不负责看清自己。

别人的历史本来应该是一把尺子。让现在的人量高低。
伪史论，却把它改成了一块橡皮。
只负责抹掉别人，不负责量清自己。

想要真正的文化自信，先得能看清自己。
别人有成就，承认。
自己有差距，也承认。

承认金字塔是真的，长城不会变矮。
承认亚里士多德存在，孔子也不会失去光芒。

真正自信的人，不需要把全世界变矮，来证明自己高大。

正视差距。
用今天的努力去追。
历史留给我们的，不该只是一份可以反复领取的荣誉。
更该是一项还没做完的任务。


## 🎯 待处理的目标文案
真正自信的人，不需要把全世界变矮，来证明自己高大。

## 目标文案content的数组结构
生成模板参数时，format为content_index的字段依据此数组选择匹配的索引，用于决定相应内容出现在动画中的时机

[
  {
    "index": 0,
    "text": "真正自信的人，"
  },
  {
    "index": 1,
    "text": "不需要把全世界变矮，"
  },
  {
    "index": 2,
    "text": "来证明自己高大。"
  }
]


## 选定模板及参数规范

模板名称：TEXT_FOCUS

参数 Schema 说明：

{
  "type": "object",
  "properties": {
    "coreSentence": {
      "type": "array",
      "minItems": 1,
      "description": "大屏核心文案，每元素一行：可为 string，或 { text, showFrom, endFrom? }；showFrom/endFrom 为 content 下标（0-based），非帧数：在该条 startFrame 显现；可选 endFrom 表示在该条播完（startFrame+durationFrames）后起淡出。纯 string 等价于 showFrom=0、无 endFrom。锚点校验时各段 text 按顺序直接拼接（无分隔符）。",
      "items": {
        "oneOf": [
          {
            "type": "string"
          },
          {
            "type": "object",
            "required": [
              "text",
              "showFrom"
            ],
            "properties": {
              "text": {
                "type": "string",
                "description": "该行大屏文案"
              },
              "showFrom": {
                "type": "integer",
                "format": "content_index",
                "description": "content 下标（0-based），非帧数"
              },
              "endFrom": {
                "type": "integer",
                "format": "content_index",
                "description": "可选；content 下标（0-based），非帧数；该行在对应条字幕结束帧（startFrame+durationFrames）起淡出"
              }
            }
          }
        ]
      }
    },
    "coreSentenceAnchors": {
      "type": "array",
      "description": "可选；在 coreSentence 各段拼接后的全文内按顺序高亮子串。每项 coreSentenceAnchor 须为该拼接串的子串，否则会被校验丢弃",
      "items": {
        "type": "object",
        "required": [
          "coreSentenceAnchor"
        ],
        "properties": {
          "coreSentenceAnchor": {
            "type": "string",
            "description": "要高亮的子串，须出现在各 coreSentence 段拼接后的全文内"
          },
          "color": {
            "type": "string",
            "description": "高亮颜色，省略时默认强调色"
          }
        }
      }
    }
  },
  "required": [
    "coreSentence"
  ]
}

// 口播条数（已由程序写入 CONTENT_STR，勿在 param 中输出 content）：口播分句至多 3 条（超出会被校验器告警）


模板该项的示例供参考：

{
  "template": "TEXT_FOCUS",
  "param": {
    "coreSentence": [
      {
        "text": "承认自己“可能错了”并不是一种软弱",
        "showFrom": 0,
        "endFrom": 0
      },
      {
        "text": "而是成长的开始",
        "showFrom": 1,
        "endFrom": 1
      }
    ],
    "coreSentenceAnchors": [
      {
        "coreSentenceAnchor": "可能错了",
        "color": "red"
      }
    ]
  }
}


注意：如果该模板生成的参数包含图片视觉描述（如 imageSrc / leftSrc / rightSrc 等等），请只描述纯视觉场景与动作，绝不要包含任何文字、标语或注音。


## 其他通用说明
1. 锚点（Anchor）— 克制与高价值（适用于 SCHEMA 或上文允许出现锚点/高亮时）：
   - 多数句子应**无锚点**；拿不准就留空或 `[]`，避免满屏高亮。
   - 如果一定需要锚点，只选**整段里真正的高潮、反转或核心名词**（宜 2～4 字、有记忆点）；平庸词、铺垫句不要做成锚点。
   - 颜色建议：`#EF4444`（警示/反转/负面/结论）、`#000000`（事实/术语/数据）。动画 `anim`：`spring` | `slideUp` | `popIn` | `highlight`。
   - 音效可选(仅写在锚点对象上的 `audioEffect`)：`impact_thud` | `ping` | `woosh`

2. 视觉标题与字幕分离（仅当 SCHEMA 要求 `notText` / `butText` / `conceptName`、或 DOS_AND_DONTS 的 `left.label` / `right.label` 等时）：

   - 填**极简关键词（约 2～6 字）**，禁止把整句台词搬进标题字段。



## 输出格式（严格 JSON，不要 markdown 代码块）
补全当前模板的param,非数组：
{ "param": { ... } }

===========================================================================================
---------------------------------------- RESPONSE ----------------------------------------
time: 2026-09-10 22:46:09
attempt: 1/3

[OUTPUT]
{
  "param": {
    "coreSentence": [
      {
        "text": "真正自信的人，",
        "showFrom": 0,
        "endFrom": 0
      },
      {
        "text": "不需要把全世界变矮，",
        "showFrom": 1,
        "endFrom": 1
      },
      {
        "text": "来证明自己高大。",
        "showFrom": 2
      }
    ],
    "coreSentenceAnchors": [
      {
        "coreSentenceAnchor": "变矮",
        "color": "#EF4444"
      },
      {
        "coreSentenceAnchor": "高大",
        "color": "#EF4444"
      }
    ]
  }
}
-------------------------------------------------------------------------------------------

======================================== REQUEST ========================================
time: 2026-09-10 22:46:09
provider: deepseek
model: deepseek-v4-pro
retries: 3

[PROMPT]
你是短视频字幕与画面细节处理专家。请把指定台词细化为字模显示参数。


## 完整段落上下文（仅供理解整体语境，判断当前句子的重要性）
自己的历史本来应该是一面镜子。让现在的人明得失。
精神胜利法，却把它改成了美颜相机。
只负责美化自己，不负责看清自己。

别人的历史本来应该是一把尺子。让现在的人量高低。
伪史论，却把它改成了一块橡皮。
只负责抹掉别人，不负责量清自己。

想要真正的文化自信，先得能看清自己。
别人有成就，承认。
自己有差距，也承认。

承认金字塔是真的，长城不会变矮。
承认亚里士多德存在，孔子也不会失去光芒。

真正自信的人，不需要把全世界变矮，来证明自己高大。

正视差距。
用今天的努力去追。
历史留给我们的，不该只是一份可以反复领取的荣誉。
更该是一项还没做完的任务。


## 🎯 待处理的目标文案
正视差距。用今天的努力去追。

## 目标文案content的数组结构
生成模板参数时，format为content_index的字段依据此数组选择匹配的索引，用于决定相应内容出现在动画中的时机

[
  {
    "index": 0,
    "text": "正视差距。"
  },
  {
    "index": 1,
    "text": "用今天的努力去追。"
  }
]


## 选定模板及参数规范

模板名称：STEP_LIST

参数 Schema 说明：

{
  "type": "object",
  "properties": {
    "title": {
      "type": "string",
      "description": "可选；步骤列表上方标题，建议 4～14 字"
    },
    "steps": {
      "type": "array",
      "items": {
        "oneOf": [
          {
            "type": "string"
          },
          {
            "type": "object",
            "properties": {
              "text": {
                "type": "string"
              },
              "showFrom": {
                "type": "integer",
                "minimum": 0,
                "description": "对应 content 数组的下标（0-based）；该步在 content[showFrom].startFrame 帧开始入场。不传则按 staggerDelay 与序号顺延。"
              }
            },
            "required": [
              "text"
            ]
          }
        ]
      },
      "minItems": 2,
      "maxItems": 6,
      "description": "步骤（可选）。可为字符串，或 { text, showFrom? }（showFrom=content 下标）；不传则从 content 提取。每条 text 建议不超过 10 字。"
    }
  },
  "required": []
}

// 口播条数（已由程序写入 CONTENT_STR，勿在 param 中输出 content）：口播分句（item.content）至少 2 条；口播分句至多 6 条（超出会被校验器告警）


模板该项的示例供参考：

{
  "template": "STEP_LIST",
  "param": {
    "title": "流程概览",
    "steps": [
      {
        "text": "第一步",
        "showFrom": 0
      },
      {
        "text": "第二步",
        "showFrom": 1
      },
      {
        "text": "第三步",
        "showFrom": 2
      }
    ]
  }
}


注意：如果该模板生成的参数包含图片视觉描述（如 imageSrc / leftSrc / rightSrc 等等），请只描述纯视觉场景与动作，绝不要包含任何文字、标语或注音。


## 其他通用说明
1. 锚点（Anchor）— 克制与高价值（适用于 SCHEMA 或上文允许出现锚点/高亮时）：
   - 多数句子应**无锚点**；拿不准就留空或 `[]`，避免满屏高亮。
   - 如果一定需要锚点，只选**整段里真正的高潮、反转或核心名词**（宜 2～4 字、有记忆点）；平庸词、铺垫句不要做成锚点。
   - 颜色建议：`#EF4444`（警示/反转/负面/结论）、`#000000`（事实/术语/数据）。动画 `anim`：`spring` | `slideUp` | `popIn` | `highlight`。
   - 音效可选(仅写在锚点对象上的 `audioEffect`)：`impact_thud` | `ping` | `woosh`

2. 视觉标题与字幕分离（仅当 SCHEMA 要求 `notText` / `butText` / `conceptName`、或 DOS_AND_DONTS 的 `left.label` / `right.label` 等时）：

   - 填**极简关键词（约 2～6 字）**，禁止把整句台词搬进标题字段。



## 输出格式（严格 JSON，不要 markdown 代码块）
补全当前模板的param,非数组：
{ "param": { ... } }

===========================================================================================
---------------------------------------- RESPONSE ----------------------------------------
time: 2026-09-10 22:46:39
attempt: 1/3

[OUTPUT]
{"param":{"title":"清醒地追赶","steps":[{"text":"正视差距","showFrom":0},{"text":"用今天的努力去追","showFrom":1}]}}
-------------------------------------------------------------------------------------------

======================================== REQUEST ========================================
time: 2026-09-10 22:46:39
provider: deepseek
model: deepseek-v4-pro
retries: 3

[PROMPT]
你是短视频字幕与画面细节处理专家。请把指定台词细化为字模显示参数。


## 完整段落上下文（仅供理解整体语境，判断当前句子的重要性）
自己的历史本来应该是一面镜子。让现在的人明得失。
精神胜利法，却把它改成了美颜相机。
只负责美化自己，不负责看清自己。

别人的历史本来应该是一把尺子。让现在的人量高低。
伪史论，却把它改成了一块橡皮。
只负责抹掉别人，不负责量清自己。

想要真正的文化自信，先得能看清自己。
别人有成就，承认。
自己有差距，也承认。

承认金字塔是真的，长城不会变矮。
承认亚里士多德存在，孔子也不会失去光芒。

真正自信的人，不需要把全世界变矮，来证明自己高大。

正视差距。
用今天的努力去追。
历史留给我们的，不该只是一份可以反复领取的荣誉。
更该是一项还没做完的任务。


## 🎯 待处理的目标文案
历史留给我们的，不该只是一份可以反复领取的荣誉。更该是一项还没做完的任务。

## 目标文案content的数组结构
生成模板参数时，format为content_index的字段依据此数组选择匹配的索引，用于决定相应内容出现在动画中的时机

[
  {
    "index": 0,
    "text": "历史留给我们的，"
  },
  {
    "index": 1,
    "text": "不该只是一份可以反复领取的荣誉。"
  },
  {
    "index": 2,
    "text": "更该是一项还没做完的任务。"
  }
]


## 选定模板及参数规范

模板名称：COGNITIVE_SHIFT

参数 Schema 说明：

{
  "type": "object",
  "properties": {
    "notText": {
      "type": "string",
      "description": "被否认知（‘不是’后面的内容）的精炼短句，不超过12个字，"
    },
    "butText": {
      "type": "string",
      "description": "真实认知（‘而是’后面的内容）的精炼短句，不超过12个字"
    },
    "butSrc": {
      "type": "string",
      "format": "image_prompt",
      "description": "真实认知的配图"
    },
    "notContentIndex": {
      "type": "integer",
      "format": "content_index",
      "description": "触发「不是」动画的字幕段索引（默认 0）"
    },
    "butContentIndex": {
      "type": "integer",
      "format": "content_index",
      "description": "触发「而是」动画的字幕段索引（默认 1）"
    }
  },
  "required": [
    "notText",
    "butText"
  ]
}


模板该项的示例供参考：

{
  "template": "COGNITIVE_SHIFT",
  "content": [
    "我们都不应该靠勤奋拼命",
    "我们都应该是靠认知和选择",
    "这样我才能成功"
  ],
  "param": {
    "notText": "靠勤奋拼命",
    "butText": "靠认知和选择",
    "butSrc": "站在高处看地图的思考者",
    "notContentIndex": 0,
    "butContentIndex": 1
  }
}


注意：如果该模板生成的参数包含图片视觉描述（如 imageSrc / leftSrc / rightSrc 等等），请只描述纯视觉场景与动作，绝不要包含任何文字、标语或注音。


## 其他通用说明
1. 锚点（Anchor）— 克制与高价值（适用于 SCHEMA 或上文允许出现锚点/高亮时）：
   - 多数句子应**无锚点**；拿不准就留空或 `[]`，避免满屏高亮。
   - 如果一定需要锚点，只选**整段里真正的高潮、反转或核心名词**（宜 2～4 字、有记忆点）；平庸词、铺垫句不要做成锚点。
   - 颜色建议：`#EF4444`（警示/反转/负面/结论）、`#000000`（事实/术语/数据）。动画 `anim`：`spring` | `slideUp` | `popIn` | `highlight`。
   - 音效可选(仅写在锚点对象上的 `audioEffect`)：`impact_thud` | `ping` | `woosh`

2. 视觉标题与字幕分离（仅当 SCHEMA 要求 `notText` / `butText` / `conceptName`、或 DOS_AND_DONTS 的 `left.label` / `right.label` 等时）：

   - 填**极简关键词（约 2～6 字）**，禁止把整句台词搬进标题字段。



## 输出格式（严格 JSON，不要 markdown 代码块）
补全当前模板的param,非数组：
{ "param": { ... } }

===========================================================================================
---------------------------------------- RESPONSE ----------------------------------------
time: 2026-09-10 22:47:18
attempt: 1/3

[OUTPUT]
{
  "param": {
    "notText": "现成荣誉",
    "butText": "未竟的任务",
    "butSrc": "晨曦中，未合龙的高架桥伸向远山，工人在断点继续浇筑，微光从缺口透出",
    "notContentIndex": 1,
    "butContentIndex": 2
  }
}
-------------------------------------------------------------------------------------------
