
======================================== REQUEST ========================================
time: 2026-06-08 21:05:35
provider: deepseek
model: deepseek-v4-pro
retries: 3

[PROMPT]
你是「镜头分镜 + 动画模板选型」联合优化器。你的任务是在**不改写口播原文**的前提下，把场景原文切成更“原子化”的镜头item，并为每个镜头选择最合适的 `template`。

## 🎥 视频大背景
- **核心主题**：我曾以为最震撼的话是横渠四句，直到看见这13个字
- **当前场景**：引入·破房子震撼

## 📄 场景原文（严禁修改、严禁漏字、严禁补字）
如果必须在人类历史的浩瀚星河中，选出一句最让我震撼、也最动心的话。

在学生时代，我一定会毫不犹豫地诵出张载的横渠四句：

“为天地立心，为生民立命，为往圣继绝学，为万世开太平。”

那时的我，满眼都是宏大叙事，满心都是天下苍生。

直到经历某些社会的毒打。

突然有一天，我在知乎的一个问题下，看到了另外一句话：

“我有一间破房子，风能进，雨能进，国王不能进。”

记忆里，那天的我凝视着屏幕，久久无法移开视线。

那不是一种被大风大浪席卷的冲击。

而是一种锥心刺骨、前所未有的震撼。

## 可用模板（共 23 个：`template` 必须且仅能从中选一个）

BEAT_SEQUENCE, CASE_BREAKDOWN, CAUSE_CHAIN, CENTER_FOCUS, CHAT_BUBBLE, CHECKLIST_REVEAL, COGNITIVE_SHIFT, CONCEPT_CARD, DATA_TABLE, DOS_AND_DONTS, KPI_HERO, MAGNIFYING_GLASS, METHOD_STACK, PANEL_GRID, PEER_INDUCT, PROGRESS_RING, QUOTE_CITATION, SPLIT_COMPARE, STAT_COMPARE, STEP_LIST, TEXT_FOCUS, TIMELINE, TREE_DIAGRAM

选型规则以主提示词中的决策树与自检清单为准；参数结构不在此展开，后续步骤会按 Schema 生成 `param`。

---

## 🎯 总目标（必须同时满足）
1. **逐字一致**：每个 item 的 `text` 必须是原文的连续子串；所有 item 的 `text` 按顺序拼接后必须与原文完全一致（允许忽略空白差异，但不能改变任何非空白字符）。
2. **覆盖完整**：原文中每一个字符都必须且只能落在一个 item 里（不重叠、不遗漏）。
3. **表达原子化**：**一个 item 只允许一个主表达结构**（对比/命名/步骤/引用/数据/节拍递进/金句冲击/平铺叙述）。若同一段里混了两种结构，必须拆成多个 item。
4. **长度合理**：为了避免视觉疲劳，一个item中的text拼接后如果长于 50 字应该拆分成多个item。
5. 模板是为了更好的表达item中的text

---

## ✂️ 分镜原则

### Phase 1：时长锚点（量化判断基准）
- 正常语速约 **4~5 字/秒**，单个镜头的理想口播时长：**3~8 秒（约 12~40 字）**
- ⚠️ **< 12 字**的分段：除非是独立金句，否则**必须合并**到相邻镜头
- ⚠️ **> 50 字**的分段：意味着画面停留太久，观众注意力衰减，建议拆分，但拆分点本身仍需有叙事依据
- 在 `estimatedSeconds` 字段中标注预估秒数（字数 ÷ 4.5，保留一位小数）
- 除非模板使用TextFocus，否则不允许content中只有一个Text的情况

### Phase 2：切分信号强度模型
按叙事信号强度决定是否新建镜头，**而非按标点机械切分**：

**🔴 强信号（应新建镜头）**：
- 叙事角色彻底转换：说理/定义 → 举例/场景还原
- 叙事角色彻底转换：铺垫/铺陈 → 行动号召/结论
- 情绪段位跳变：平静分析 → 震惊转折 → 收束共情
- 视觉主体完全更换：讨论 A 话题 → 转到独立的 B 话题

**🟡 中等信号（倾向合并，但单段超过 40 字时可拆）**：
- 同一论点下的多个分点（第一、第二、第三……）
- 同一比喻的铺垫与揭示
- 同一因果链的前提与结论

**🟢 弱信号（严禁作为切分依据）**：
- 普通逗号、顿号、冒号后的补充说明
- 同一句话的前后半段
- "而且""此外""所以"等常见连接词（需配合叙事角色判断）

### Phase 3：合并检查
拆完后对所有 items 做全局合并检查：
- 相邻两个 items 若切分信号为"弱"且合并后总字数不超过 45 字 → **强制合并**
- 相邻两个 items 若叙事角色完全相同、画面视觉重心也相同 → **强制合并**

## 🧭 结构识别 → 模板选型（从上到下命中第一条）

### A. 数据/量化结论（expressionTag=data）
- 两项指标同框对比（涨跌、前后、A/B）→ `STAT_COMPARE`（必须能抽象出两个非负整数）
- 单指标完成度/占比/达成率 → `PROGRESS_RING`
- 单个核心数值/排名/增长率强调 → `KPI_HERO`

### B. 对错/强导向（expressionTag=contrast）
- 明确“别这样/要这样”“错误/正确” → `DOS_AND_DONTS`
- “不是…而是…” → `COGNITIVE_SHIFT`

### C. 多分点/清单/步骤（expressionTag=list|steps|method）
- 两方/两方案并列（更中立的 A vs B）→ `SPLIT_COMPARE`
- 当前 item 原文明确展开 **2～4** 个并列分点/并列例子，且每点需独立配图（宫格）→ `PANEL_GRID`
- 明确步骤序列/短清单，且【同一 item 内】可抽取出 2～6 条“短步骤”（如同时出现“第一/第二/第三…”或“1)/2)/3)”），并且每条步骤建议 ≤10 字、无长解释句 → `STEP_LIST`
  - 反例：只有“第一/第二”这一个标题句（单条）不要选 `STEP_LIST`（至少需要 2 条）
  - 反例：每条方法/步骤后面还跟较长解释、追问或补充句（例如任一解释段 >30 字）→ 不适合 `STEP_LIST`，应拆分 item，并优先用 `METHOD_STACK`（标题式核心 + 解释展开）或 `CENTER_FOCUS`
- “一个标题式核心（方法/建议/观点/卖点/亮点/推荐理由）+ 2～4 句解释展开” → `METHOD_STACK`
- 同一**案例/子话题**、**单主图**，口播 **4～6 句** 呈「个案→误判/推论→纠偏→收束」叙事弧 → `CASE_BREAKDOWN`（非「第一/第二」方法清单、非多图节拍时用本模板；方法要点式仍用 `METHOD_STACK`）

### D. 节拍递进（expressionTag=beat）
- 同一镜头内 2～4 段口播节拍递进（问→驳→收束；铺垫→转折→结论），希望画面跟着分段变化 → `BEAT_SEQUENCE`
  - **提示**：如果递进里还夹杂“强对照/命名”，通常应拆成多个 item，不要硬塞一个 `BEAT_SEQUENCE`。
- 同一镜头内 **因果链 / 机制传导**（因→果→再果，每环一图，无时间轴刻度）→ `CAUSE_CHAIN`

### E. 引用/命名/聚焦（expressionTag=quote|concept|focus）
- 名言、著作、研究、媒体引用、用户评价、证言摘录 → `QUOTE_CITATION`
- 对“专业术语、概念、产品名、品牌关键词、功能名等”新名词进行解释→ `CONCEPT_CARD`
- 需要把注意力锁定到一个关键词/短语/关键细节/核心发现上 → `MAGNIFYING_GLASS`
  - 必须存在明确落点句（如“关键在于…”“核心是…”“结论是…”）
  - 需要后续可提取 1～2 个高价值锚点短语（否则不要选）

### F. 金句冲击（expressionTag=focus）
- 全片级短促强结论、无需配图 → `TEXT_FOCUS`

### G. 时间轴，先后关系（expressionTag=timeline）
- 明确时间先后/阶段演进（过去→现在→未来）→ `TIMELINE`

### G2. 收束清单（expressionTag≈conclusion|list）
- 收束、行动检查项、要点复诵，需要**逐项打勾显现**（非编号短步骤、非并列大图组）→ `CHECKLIST_REVEAL`

### H. 默认（expressionTag=neutral）
- 平缓叙述、单图即可、无上述结构 → `CENTER_FOCUS`

---

## ✅ 输出格式（严格 JSON，禁止包含 markdown 代码块）
{
  "items": [
    {
      "text": "逐字口播片段（必须来自原文，且拼接后覆盖原文）",
      "narrativeType": "HOOK | LOGIC | CASE | DATA | CONCLUSION | TRANSITION",
      "template": "必须来自可用模板列表",
      "expressionTag": "data | contrast | list | steps | method | beat | quote | concept | focus | timeline | neutral",
      "confidence": "low | medium | high",
      "reasoning": "一句话说明：该段的主表达结构是什么 → 为什么选该模板 → 若拆分/合并，理由是什么"
    }
  ]
}

===========================================================================================
---------------------------------------- RESPONSE ----------------------------------------
time: 2026-06-08 21:06:47
attempt: 1/3

[OUTPUT]
{
  "items": [
    {
      "text": "如果必须在人类历史的浩瀚星河中，选出一句最让我震撼、也最动心的话。",
      "narrativeType": "HOOK",
      "template": "CENTER_FOCUS",
      "expressionTag": "neutral",
      "confidence": "high",
      "reasoning": "设问式开篇，无对比、递进或数据，属于平缓叙述；用 CENTER_FOCUS 单图居中聚焦即可引起注意。"
    },
    {
      "text": "在学生时代，我一定会毫不犹豫地诵出张载的横渠四句：",
      "narrativeType": "TRANSITION",
      "template": "CENTER_FOCUS",
      "expressionTag": "neutral",
      "confidence": "high",
      "reasoning": "过渡句，承上启下，引出横渠四句；无其他结构信号，保持单图平铺叙述。"
    },
    {
      "text": "“为天地立心，为生民立命，为往圣继绝学，为万世开太平。”",
      "narrativeType": "CASE",
      "template": "QUOTE_CITATION",
      "expressionTag": "quote",
      "confidence": "high",
      "reasoning": "直接引用张载名言，符合 QUOTE_CITATION 的引用场景，可突出原文权威感。"
    },
    {
      "text": "那时的我，满眼都是宏大叙事，满心都是天下苍生。",
      "narrativeType": "LOGIC",
      "template": "CENTER_FOCUS",
      "expressionTag": "neutral",
      "confidence": "high",
      "reasoning": "对过去心态的自我剖析，属于中性叙述；用 CENTER_FOCUS 配单图即可。"
    },
    {
      "text": "直到经历某些社会的毒打。突然有一天，我在知乎的一个问题下，看到了另外一句话：",
      "narrativeType": "TRANSITION",
      "template": "BEAT_SEQUENCE",
      "expressionTag": "beat",
      "confidence": "high",
      "reasoning": "两段节拍递进：社会毒打（低落转折）→ 看到另一句话（发现转机）；合并后 29 字，适合 BEAT_SEQUENCE 分段强化情绪转折。"
    },
    {
      "text": "“我有一间破房子，风能进，雨能进，国王不能进。”",
      "narrativeType": "CASE",
      "template": "QUOTE_CITATION",
      "expressionTag": "quote",
      "confidence": "high",
      "reasoning": "核心名言引用，作为对比案例；QUOTE_CITATION 可突出名言的冲击力。"
    },
    {
      "text": "记忆里，那天的我凝视着屏幕，久久无法移开视线。",
      "narrativeType": "LOGIC",
      "template": "CENTER_FOCUS",
      "expressionTag": "neutral",
      "confidence": "high",
      "reasoning": "个人沉浸式体验的叙述，没有特殊结构；用 CENTER_FOCUS 配画面即可传达凝视感。"
    },
    {
      "text": "那不是一种被大风大浪席卷的冲击。而是一种锥心刺骨、前所未有的震撼。",
      "narrativeType": "CONCLUSION",
      "template": "COGNITIVE_SHIFT",
      "expressionTag": "contrast",
      "confidence": "high",
      "reasoning": "典型的“不是…而是…”认知纠偏结构，合并后 27 字；COGNITIVE_SHIFT 适合呈现核心心态转变与金句收束。"
    }
  ]
}
-------------------------------------------------------------------------------------------

======================================== REQUEST ========================================
time: 2026-06-08 21:06:47
provider: deepseek
model: deepseek-v4-pro
retries: 3

[PROMPT]
你是「镜头分镜 + 动画模板选型」联合优化器。你的任务是在**不改写口播原文**的前提下，把场景原文切成更“原子化”的镜头item，并为每个镜头选择最合适的 `template`。

## 🎥 视频大背景
- **核心主题**：我曾以为最震撼的话是横渠四句，直到看见这13个字
- **当前场景**：剖析·规则锋利

## 📄 场景原文（严禁修改、严禁漏字、严禁补字）
在宏大的世界面前，我第一次看清了“个体”的尊严。

一间破房子，它挡不住风。挡不住雨。挡不住寒冷。挡不住贫穷。

但它偏偏能挡住这个世界上最强的人。国王。

你发现没有？

这里真正强的，从来不是那堵墙。

真正强的，是墙背后的规则。

风能进，是自然的力量。
  
雨能进，是贫穷的现实。

国王不能进，是权利的边界。

这就是这句话的锋利之处。

它把一个社会最底层的文明标准，压缩进了一间破房子里。

## 可用模板（共 23 个：`template` 必须且仅能从中选一个）

BEAT_SEQUENCE, CASE_BREAKDOWN, CAUSE_CHAIN, CENTER_FOCUS, CHAT_BUBBLE, CHECKLIST_REVEAL, COGNITIVE_SHIFT, CONCEPT_CARD, DATA_TABLE, DOS_AND_DONTS, KPI_HERO, MAGNIFYING_GLASS, METHOD_STACK, PANEL_GRID, PEER_INDUCT, PROGRESS_RING, QUOTE_CITATION, SPLIT_COMPARE, STAT_COMPARE, STEP_LIST, TEXT_FOCUS, TIMELINE, TREE_DIAGRAM

选型规则以主提示词中的决策树与自检清单为准；参数结构不在此展开，后续步骤会按 Schema 生成 `param`。

---

## 🎯 总目标（必须同时满足）
1. **逐字一致**：每个 item 的 `text` 必须是原文的连续子串；所有 item 的 `text` 按顺序拼接后必须与原文完全一致（允许忽略空白差异，但不能改变任何非空白字符）。
2. **覆盖完整**：原文中每一个字符都必须且只能落在一个 item 里（不重叠、不遗漏）。
3. **表达原子化**：**一个 item 只允许一个主表达结构**（对比/命名/步骤/引用/数据/节拍递进/金句冲击/平铺叙述）。若同一段里混了两种结构，必须拆成多个 item。
4. **长度合理**：为了避免视觉疲劳，一个item中的text拼接后如果长于 50 字应该拆分成多个item。
5. 模板是为了更好的表达item中的text

---

## ✂️ 分镜原则

### Phase 1：时长锚点（量化判断基准）
- 正常语速约 **4~5 字/秒**，单个镜头的理想口播时长：**3~8 秒（约 12~40 字）**
- ⚠️ **< 12 字**的分段：除非是独立金句，否则**必须合并**到相邻镜头
- ⚠️ **> 50 字**的分段：意味着画面停留太久，观众注意力衰减，建议拆分，但拆分点本身仍需有叙事依据
- 在 `estimatedSeconds` 字段中标注预估秒数（字数 ÷ 4.5，保留一位小数）
- 除非模板使用TextFocus，否则不允许content中只有一个Text的情况

### Phase 2：切分信号强度模型
按叙事信号强度决定是否新建镜头，**而非按标点机械切分**：

**🔴 强信号（应新建镜头）**：
- 叙事角色彻底转换：说理/定义 → 举例/场景还原
- 叙事角色彻底转换：铺垫/铺陈 → 行动号召/结论
- 情绪段位跳变：平静分析 → 震惊转折 → 收束共情
- 视觉主体完全更换：讨论 A 话题 → 转到独立的 B 话题

**🟡 中等信号（倾向合并，但单段超过 40 字时可拆）**：
- 同一论点下的多个分点（第一、第二、第三……）
- 同一比喻的铺垫与揭示
- 同一因果链的前提与结论

**🟢 弱信号（严禁作为切分依据）**：
- 普通逗号、顿号、冒号后的补充说明
- 同一句话的前后半段
- "而且""此外""所以"等常见连接词（需配合叙事角色判断）

### Phase 3：合并检查
拆完后对所有 items 做全局合并检查：
- 相邻两个 items 若切分信号为"弱"且合并后总字数不超过 45 字 → **强制合并**
- 相邻两个 items 若叙事角色完全相同、画面视觉重心也相同 → **强制合并**

## 🧭 结构识别 → 模板选型（从上到下命中第一条）

### A. 数据/量化结论（expressionTag=data）
- 两项指标同框对比（涨跌、前后、A/B）→ `STAT_COMPARE`（必须能抽象出两个非负整数）
- 单指标完成度/占比/达成率 → `PROGRESS_RING`
- 单个核心数值/排名/增长率强调 → `KPI_HERO`

### B. 对错/强导向（expressionTag=contrast）
- 明确“别这样/要这样”“错误/正确” → `DOS_AND_DONTS`
- “不是…而是…” → `COGNITIVE_SHIFT`

### C. 多分点/清单/步骤（expressionTag=list|steps|method）
- 两方/两方案并列（更中立的 A vs B）→ `SPLIT_COMPARE`
- 当前 item 原文明确展开 **2～4** 个并列分点/并列例子，且每点需独立配图（宫格）→ `PANEL_GRID`
- 明确步骤序列/短清单，且【同一 item 内】可抽取出 2～6 条“短步骤”（如同时出现“第一/第二/第三…”或“1)/2)/3)”），并且每条步骤建议 ≤10 字、无长解释句 → `STEP_LIST`
  - 反例：只有“第一/第二”这一个标题句（单条）不要选 `STEP_LIST`（至少需要 2 条）
  - 反例：每条方法/步骤后面还跟较长解释、追问或补充句（例如任一解释段 >30 字）→ 不适合 `STEP_LIST`，应拆分 item，并优先用 `METHOD_STACK`（标题式核心 + 解释展开）或 `CENTER_FOCUS`
- “一个标题式核心（方法/建议/观点/卖点/亮点/推荐理由）+ 2～4 句解释展开” → `METHOD_STACK`
- 同一**案例/子话题**、**单主图**，口播 **4～6 句** 呈「个案→误判/推论→纠偏→收束」叙事弧 → `CASE_BREAKDOWN`（非「第一/第二」方法清单、非多图节拍时用本模板；方法要点式仍用 `METHOD_STACK`）

### D. 节拍递进（expressionTag=beat）
- 同一镜头内 2～4 段口播节拍递进（问→驳→收束；铺垫→转折→结论），希望画面跟着分段变化 → `BEAT_SEQUENCE`
  - **提示**：如果递进里还夹杂“强对照/命名”，通常应拆成多个 item，不要硬塞一个 `BEAT_SEQUENCE`。
- 同一镜头内 **因果链 / 机制传导**（因→果→再果，每环一图，无时间轴刻度）→ `CAUSE_CHAIN`

### E. 引用/命名/聚焦（expressionTag=quote|concept|focus）
- 名言、著作、研究、媒体引用、用户评价、证言摘录 → `QUOTE_CITATION`
- 对“专业术语、概念、产品名、品牌关键词、功能名等”新名词进行解释→ `CONCEPT_CARD`
- 需要把注意力锁定到一个关键词/短语/关键细节/核心发现上 → `MAGNIFYING_GLASS`
  - 必须存在明确落点句（如“关键在于…”“核心是…”“结论是…”）
  - 需要后续可提取 1～2 个高价值锚点短语（否则不要选）

### F. 金句冲击（expressionTag=focus）
- 全片级短促强结论、无需配图 → `TEXT_FOCUS`

### G. 时间轴，先后关系（expressionTag=timeline）
- 明确时间先后/阶段演进（过去→现在→未来）→ `TIMELINE`

### G2. 收束清单（expressionTag≈conclusion|list）
- 收束、行动检查项、要点复诵，需要**逐项打勾显现**（非编号短步骤、非并列大图组）→ `CHECKLIST_REVEAL`

### H. 默认（expressionTag=neutral）
- 平缓叙述、单图即可、无上述结构 → `CENTER_FOCUS`

---

## ✅ 输出格式（严格 JSON，禁止包含 markdown 代码块）
{
  "items": [
    {
      "text": "逐字口播片段（必须来自原文，且拼接后覆盖原文）",
      "narrativeType": "HOOK | LOGIC | CASE | DATA | CONCLUSION | TRANSITION",
      "template": "必须来自可用模板列表",
      "expressionTag": "data | contrast | list | steps | method | beat | quote | concept | focus | timeline | neutral",
      "confidence": "low | medium | high",
      "reasoning": "一句话说明：该段的主表达结构是什么 → 为什么选该模板 → 若拆分/合并，理由是什么"
    }
  ]
}

===========================================================================================
---------------------------------------- RESPONSE ----------------------------------------
time: 2026-06-08 21:08:09
attempt: 1/3

[OUTPUT]
{
  "items": [
    {
      "text": "在宏大的世界面前，我第一次看清了“个体”的尊严。",
      "narrativeType": "HOOK",
      "template": "CENTER_FOCUS",
      "expressionTag": "neutral",
      "confidence": "high",
      "reasoning": "开篇感悟，平缓引入个人觉醒，无数据无对比，适合Center focus 静态配图。"
    },
    {
      "text": "一间破房子，它挡不住风。挡不住雨。挡不住寒冷。挡不住贫穷。",
      "narrativeType": "CASE",
      "template": "BEAT_SEQUENCE",
      "expressionTag": "beat",
      "confidence": "high",
      "reasoning": "四个“挡不住…”递进排比，形成节拍式的无力强调，适合 Beat sequence 分卡递进。"
    },
    {
      "text": "但它偏偏能挡住这个世界上最强的人。国王。",
      "narrativeType": "CASE",
      "template": "MAGNIFYING_GLASS",
      "expressionTag": "focus",
      "confidence": "medium",
      "reasoning": "转折聚焦：落点句点出‘挡住国王’的反差，需要放大这个矛盾焦点，故用 Magnifying glass。"
    },
    {
      "text": "你发现没有？这里真正强的，从来不是那堵墙。真正强的，是墙背后的规则。",
      "narrativeType": "LOGIC",
      "template": "COGNITIVE_SHIFT",
      "expressionTag": "contrast",
      "confidence": "high",
      "reasoning": "设问引出的‘不是…而是…’认知翻转，揭示规则才是力量本源，适合 Cognitive shift。"
    },
    {
      "text": "风能进，是自然的力量。雨能进，是贫穷的现实。国王不能进，是权利的边界。",
      "narrativeType": "LOGIC",
      "template": "PANEL_GRID",
      "expressionTag": "list",
      "confidence": "high",
      "reasoning": "三句并列解释风、雨、国王的隐喻，构成三宫格对比展示，适合 Panel grid。"
    },
    {
      "text": "这就是这句话的锋利之处。它把一个社会最底层的文明标准，压缩进了一间破房子里。",
      "narrativeType": "CONCLUSION",
      "template": "CENTER_FOCUS",
      "expressionTag": "neutral",
      "confidence": "medium",
      "reasoning": "收束总结，陈述锋利之处的内涵，平缓点题，适合 Center focus 结尾。"
    }
  ]
}
-------------------------------------------------------------------------------------------

======================================== REQUEST ========================================
time: 2026-06-08 21:08:09
provider: deepseek
model: deepseek-v4-pro
retries: 3

[PROMPT]
你是「镜头分镜 + 动画模板选型」联合优化器。你的任务是在**不改写口播原文**的前提下，把场景原文切成更“原子化”的镜头item，并为每个镜头选择最合适的 `template`。

## 🎥 视频大背景
- **核心主题**：我曾以为最震撼的话是横渠四句，直到看见这13个字
- **当前场景**：反转·权利底层

## 📄 场景原文（严禁修改、严禁漏字、严禁补字）
很多人理解权利，第一反应是我要拥有什么。

我要有钱。我要有地位。我要有资源。我要有话语权。

这些当然重要。

可它们都不是最底层的东西。

最底层的东西，是别人不能对你做什么。

尤其是强者。

尤其是权力。

尤其是那个一句话就能改变你命运的人。

真正的权利，不是你站在高处时，别人对你客气。

那可能只是交换。

也可能只是忌惮。

真正的权利，是你站在低处时，别人依然不能随便越界。

你住在破屋里。

你没钱。没势。没背景。

你看起来什么都没有。

但有一件事，别人还是不能拿走。

那就是未经允许，不能闯入你的生活。

这才是法治最硬的部分。

## 可用模板（共 23 个：`template` 必须且仅能从中选一个）

BEAT_SEQUENCE, CASE_BREAKDOWN, CAUSE_CHAIN, CENTER_FOCUS, CHAT_BUBBLE, CHECKLIST_REVEAL, COGNITIVE_SHIFT, CONCEPT_CARD, DATA_TABLE, DOS_AND_DONTS, KPI_HERO, MAGNIFYING_GLASS, METHOD_STACK, PANEL_GRID, PEER_INDUCT, PROGRESS_RING, QUOTE_CITATION, SPLIT_COMPARE, STAT_COMPARE, STEP_LIST, TEXT_FOCUS, TIMELINE, TREE_DIAGRAM

选型规则以主提示词中的决策树与自检清单为准；参数结构不在此展开，后续步骤会按 Schema 生成 `param`。

---

## 🎯 总目标（必须同时满足）
1. **逐字一致**：每个 item 的 `text` 必须是原文的连续子串；所有 item 的 `text` 按顺序拼接后必须与原文完全一致（允许忽略空白差异，但不能改变任何非空白字符）。
2. **覆盖完整**：原文中每一个字符都必须且只能落在一个 item 里（不重叠、不遗漏）。
3. **表达原子化**：**一个 item 只允许一个主表达结构**（对比/命名/步骤/引用/数据/节拍递进/金句冲击/平铺叙述）。若同一段里混了两种结构，必须拆成多个 item。
4. **长度合理**：为了避免视觉疲劳，一个item中的text拼接后如果长于 50 字应该拆分成多个item。
5. 模板是为了更好的表达item中的text

---

## ✂️ 分镜原则

### Phase 1：时长锚点（量化判断基准）
- 正常语速约 **4~5 字/秒**，单个镜头的理想口播时长：**3~8 秒（约 12~40 字）**
- ⚠️ **< 12 字**的分段：除非是独立金句，否则**必须合并**到相邻镜头
- ⚠️ **> 50 字**的分段：意味着画面停留太久，观众注意力衰减，建议拆分，但拆分点本身仍需有叙事依据
- 在 `estimatedSeconds` 字段中标注预估秒数（字数 ÷ 4.5，保留一位小数）
- 除非模板使用TextFocus，否则不允许content中只有一个Text的情况

### Phase 2：切分信号强度模型
按叙事信号强度决定是否新建镜头，**而非按标点机械切分**：

**🔴 强信号（应新建镜头）**：
- 叙事角色彻底转换：说理/定义 → 举例/场景还原
- 叙事角色彻底转换：铺垫/铺陈 → 行动号召/结论
- 情绪段位跳变：平静分析 → 震惊转折 → 收束共情
- 视觉主体完全更换：讨论 A 话题 → 转到独立的 B 话题

**🟡 中等信号（倾向合并，但单段超过 40 字时可拆）**：
- 同一论点下的多个分点（第一、第二、第三……）
- 同一比喻的铺垫与揭示
- 同一因果链的前提与结论

**🟢 弱信号（严禁作为切分依据）**：
- 普通逗号、顿号、冒号后的补充说明
- 同一句话的前后半段
- "而且""此外""所以"等常见连接词（需配合叙事角色判断）

### Phase 3：合并检查
拆完后对所有 items 做全局合并检查：
- 相邻两个 items 若切分信号为"弱"且合并后总字数不超过 45 字 → **强制合并**
- 相邻两个 items 若叙事角色完全相同、画面视觉重心也相同 → **强制合并**

## 🧭 结构识别 → 模板选型（从上到下命中第一条）

### A. 数据/量化结论（expressionTag=data）
- 两项指标同框对比（涨跌、前后、A/B）→ `STAT_COMPARE`（必须能抽象出两个非负整数）
- 单指标完成度/占比/达成率 → `PROGRESS_RING`
- 单个核心数值/排名/增长率强调 → `KPI_HERO`

### B. 对错/强导向（expressionTag=contrast）
- 明确“别这样/要这样”“错误/正确” → `DOS_AND_DONTS`
- “不是…而是…” → `COGNITIVE_SHIFT`

### C. 多分点/清单/步骤（expressionTag=list|steps|method）
- 两方/两方案并列（更中立的 A vs B）→ `SPLIT_COMPARE`
- 当前 item 原文明确展开 **2～4** 个并列分点/并列例子，且每点需独立配图（宫格）→ `PANEL_GRID`
- 明确步骤序列/短清单，且【同一 item 内】可抽取出 2～6 条“短步骤”（如同时出现“第一/第二/第三…”或“1)/2)/3)”），并且每条步骤建议 ≤10 字、无长解释句 → `STEP_LIST`
  - 反例：只有“第一/第二”这一个标题句（单条）不要选 `STEP_LIST`（至少需要 2 条）
  - 反例：每条方法/步骤后面还跟较长解释、追问或补充句（例如任一解释段 >30 字）→ 不适合 `STEP_LIST`，应拆分 item，并优先用 `METHOD_STACK`（标题式核心 + 解释展开）或 `CENTER_FOCUS`
- “一个标题式核心（方法/建议/观点/卖点/亮点/推荐理由）+ 2～4 句解释展开” → `METHOD_STACK`
- 同一**案例/子话题**、**单主图**，口播 **4～6 句** 呈「个案→误判/推论→纠偏→收束」叙事弧 → `CASE_BREAKDOWN`（非「第一/第二」方法清单、非多图节拍时用本模板；方法要点式仍用 `METHOD_STACK`）

### D. 节拍递进（expressionTag=beat）
- 同一镜头内 2～4 段口播节拍递进（问→驳→收束；铺垫→转折→结论），希望画面跟着分段变化 → `BEAT_SEQUENCE`
  - **提示**：如果递进里还夹杂“强对照/命名”，通常应拆成多个 item，不要硬塞一个 `BEAT_SEQUENCE`。
- 同一镜头内 **因果链 / 机制传导**（因→果→再果，每环一图，无时间轴刻度）→ `CAUSE_CHAIN`

### E. 引用/命名/聚焦（expressionTag=quote|concept|focus）
- 名言、著作、研究、媒体引用、用户评价、证言摘录 → `QUOTE_CITATION`
- 对“专业术语、概念、产品名、品牌关键词、功能名等”新名词进行解释→ `CONCEPT_CARD`
- 需要把注意力锁定到一个关键词/短语/关键细节/核心发现上 → `MAGNIFYING_GLASS`
  - 必须存在明确落点句（如“关键在于…”“核心是…”“结论是…”）
  - 需要后续可提取 1～2 个高价值锚点短语（否则不要选）

### F. 金句冲击（expressionTag=focus）
- 全片级短促强结论、无需配图 → `TEXT_FOCUS`

### G. 时间轴，先后关系（expressionTag=timeline）
- 明确时间先后/阶段演进（过去→现在→未来）→ `TIMELINE`

### G2. 收束清单（expressionTag≈conclusion|list）
- 收束、行动检查项、要点复诵，需要**逐项打勾显现**（非编号短步骤、非并列大图组）→ `CHECKLIST_REVEAL`

### H. 默认（expressionTag=neutral）
- 平缓叙述、单图即可、无上述结构 → `CENTER_FOCUS`

---

## ✅ 输出格式（严格 JSON，禁止包含 markdown 代码块）
{
  "items": [
    {
      "text": "逐字口播片段（必须来自原文，且拼接后覆盖原文）",
      "narrativeType": "HOOK | LOGIC | CASE | DATA | CONCLUSION | TRANSITION",
      "template": "必须来自可用模板列表",
      "expressionTag": "data | contrast | list | steps | method | beat | quote | concept | focus | timeline | neutral",
      "confidence": "low | medium | high",
      "reasoning": "一句话说明：该段的主表达结构是什么 → 为什么选该模板 → 若拆分/合并，理由是什么"
    }
  ]
}

===========================================================================================
---------------------------------------- RESPONSE ----------------------------------------
time: 2026-06-08 21:10:48
attempt: 1/3

[OUTPUT]
{"items":[{"text":"很多人理解权利，第一反应是我要拥有什么。","narrativeType":"HOOK","template":"CENTER_FOCUS","expressionTag":"neutral","confidence":"high","estimatedSeconds":4.4,"reasoning":"平缓叙述引出常见误解，无特殊结构，用 CENTER_FOCUS 锚定视觉重心。"},{"text":"我要有钱。我要有地位。我要有资源。我要有话语权。","narrativeType":"CASE","template":"PANEL_GRID","expressionTag":"list","confidence":"high","estimatedSeconds":5.3,"reasoning":"四个并列的“我要……”构成明确分点，适合宫格并列展示，表达对权利的常见列举。"},{"text":"这些当然重要。可它们都不是最底层的东西。","narrativeType":"LOGIC","template":"BEAT_SEQUENCE","expressionTag":"beat","confidence":"high","estimatedSeconds":4.2,"reasoning":"先承认后转折，形成两个情绪节拍；合并两句避免独立短句零碎，用 BEAT_SEQUENCE 递进显示。"},{"text":"最底层的东西，是别人不能对你做什么。","narrativeType":"LOGIC","template":"CONCEPT_CARD","expressionTag":"concept","confidence":"high","estimatedSeconds":4.0,"reasoning":"直指核心概念的命名式定义，适用 CONCEPT_CARD 突出“权利最底层”这个新概念。"},{"text":"尤其是强者。尤其是权力。尤其是那个一句话就能改变你命运的人。","narrativeType":"LOGIC","template":"BEAT_SEQUENCE","expressionTag":"beat","confidence":"high","estimatedSeconds":6.7,"reasoning":"三个“尤其是”形成递增强调，BEAT_SEQUENCE 恰好支撑逐句加强的冲击节奏；短句合并避免单句过碎。"},{"text":"真正的权利，不是你站在高处时，别人对你客气。那可能只是交换。也可能只是忌惮。","narrativeType":"LOGIC","template":"BEAT_SEQUENCE","expressionTag":"beat","confidence":"medium","estimatedSeconds":8.4,"reasoning":"否定常见认知并给出两个解释因由，构成「错误认知→原因A→原因B」的节拍递进，BEAT_SEQUENCE 匹配其分步揭露。"},{"text":"真正的权利，是你站在低处时，别人依然不能随便越界。","narrativeType":"LOGIC","template":"CENTER_FOCUS","expressionTag":"concept","confidence":"high","estimatedSeconds":5.6,"reasoning":"正面定义真正的权利，单一强观点句，用 CENTER_FOCUS 将视觉锁定在该金句上，强化概念认知。"},{"text":"你住在破屋里。你没钱。没势。没背景。你看起来什么都没有。","narrativeType":"CASE","template":"CENTER_FOCUS","expressionTag":"neutral","confidence":"high","estimatedSeconds":6.2,"reasoning":"低处情景的场景还原，平铺叙述且多个短句属同一画面，合并后用 CENTER_FOCUS 呈现统一视觉。"},{"text":"但有一件事，别人还是不能拿走。那就是未经允许，不能闯入你的生活。这才是法治最硬的部分。","narrativeType":"CONCLUSION","template":"BEAT_SEQUENCE","expressionTag":"beat","confidence":"high","estimatedSeconds":9.6,"reasoning":"转折→揭示→结论三连递进，收束全片逻辑，BEAT_SEQUENCE 支撑这一波三折的最终落点；合并保持叙事紧凑且不超过50字。"}]}
-------------------------------------------------------------------------------------------

======================================== REQUEST ========================================
time: 2026-06-08 21:10:48
provider: deepseek
model: deepseek-v4-pro
retries: 3

[PROMPT]
你是「镜头分镜 + 动画模板选型」联合优化器。你的任务是在**不改写口播原文**的前提下，把场景原文切成更“原子化”的镜头item，并为每个镜头选择最合适的 `template`。

## 🎥 视频大背景
- **核心主题**：我曾以为最震撼的话是横渠四句，直到看见这13个字
- **当前场景**：命名·权力借口

## 📄 场景原文（严禁修改、严禁漏字、严禁补字）
法治不是把每个人都变成强者。

那不现实。

法治真正做的，是让强者也必须停一下。

他要解释。要申请。要经过程序。要承担责任。

很多人会觉得，这太麻烦了。

抓紧办事不好吗？

提高效率不好吗？

遇到问题直接冲进去，不是更快吗？

这就是最大的陷阱。

权力最喜欢借口。

效率，是它最常用的借口。

安全，是它最漂亮的借口。

大局，是它最难反驳的借口。

可一旦这些借口，可以随便推开一扇普通人的门。

那扇门就不再是门。

它只是摆设。

你以为损失的，只是一个人的隐私。

不。

损失的是所有人的边界感。

今天它可以为了效率进他的门。

明天它也可以为了安全进你的门。

后天它就可以为了大局，进入每一个人的门。

门一旦失去意义，家也会失去意义。

家不是四面墙。

家是一个人最后能说“不”的地方。

如果连这里都不能拒绝，那人就不是生活在家里。

他只是暂时被允许待在那里。

## 可用模板（共 23 个：`template` 必须且仅能从中选一个）

BEAT_SEQUENCE, CASE_BREAKDOWN, CAUSE_CHAIN, CENTER_FOCUS, CHAT_BUBBLE, CHECKLIST_REVEAL, COGNITIVE_SHIFT, CONCEPT_CARD, DATA_TABLE, DOS_AND_DONTS, KPI_HERO, MAGNIFYING_GLASS, METHOD_STACK, PANEL_GRID, PEER_INDUCT, PROGRESS_RING, QUOTE_CITATION, SPLIT_COMPARE, STAT_COMPARE, STEP_LIST, TEXT_FOCUS, TIMELINE, TREE_DIAGRAM

选型规则以主提示词中的决策树与自检清单为准；参数结构不在此展开，后续步骤会按 Schema 生成 `param`。

---

## 🎯 总目标（必须同时满足）
1. **逐字一致**：每个 item 的 `text` 必须是原文的连续子串；所有 item 的 `text` 按顺序拼接后必须与原文完全一致（允许忽略空白差异，但不能改变任何非空白字符）。
2. **覆盖完整**：原文中每一个字符都必须且只能落在一个 item 里（不重叠、不遗漏）。
3. **表达原子化**：**一个 item 只允许一个主表达结构**（对比/命名/步骤/引用/数据/节拍递进/金句冲击/平铺叙述）。若同一段里混了两种结构，必须拆成多个 item。
4. **长度合理**：为了避免视觉疲劳，一个item中的text拼接后如果长于 50 字应该拆分成多个item。
5. 模板是为了更好的表达item中的text

---

## ✂️ 分镜原则

### Phase 1：时长锚点（量化判断基准）
- 正常语速约 **4~5 字/秒**，单个镜头的理想口播时长：**3~8 秒（约 12~40 字）**
- ⚠️ **< 12 字**的分段：除非是独立金句，否则**必须合并**到相邻镜头
- ⚠️ **> 50 字**的分段：意味着画面停留太久，观众注意力衰减，建议拆分，但拆分点本身仍需有叙事依据
- 在 `estimatedSeconds` 字段中标注预估秒数（字数 ÷ 4.5，保留一位小数）
- 除非模板使用TextFocus，否则不允许content中只有一个Text的情况

### Phase 2：切分信号强度模型
按叙事信号强度决定是否新建镜头，**而非按标点机械切分**：

**🔴 强信号（应新建镜头）**：
- 叙事角色彻底转换：说理/定义 → 举例/场景还原
- 叙事角色彻底转换：铺垫/铺陈 → 行动号召/结论
- 情绪段位跳变：平静分析 → 震惊转折 → 收束共情
- 视觉主体完全更换：讨论 A 话题 → 转到独立的 B 话题

**🟡 中等信号（倾向合并，但单段超过 40 字时可拆）**：
- 同一论点下的多个分点（第一、第二、第三……）
- 同一比喻的铺垫与揭示
- 同一因果链的前提与结论

**🟢 弱信号（严禁作为切分依据）**：
- 普通逗号、顿号、冒号后的补充说明
- 同一句话的前后半段
- "而且""此外""所以"等常见连接词（需配合叙事角色判断）

### Phase 3：合并检查
拆完后对所有 items 做全局合并检查：
- 相邻两个 items 若切分信号为"弱"且合并后总字数不超过 45 字 → **强制合并**
- 相邻两个 items 若叙事角色完全相同、画面视觉重心也相同 → **强制合并**

## 🧭 结构识别 → 模板选型（从上到下命中第一条）

### A. 数据/量化结论（expressionTag=data）
- 两项指标同框对比（涨跌、前后、A/B）→ `STAT_COMPARE`（必须能抽象出两个非负整数）
- 单指标完成度/占比/达成率 → `PROGRESS_RING`
- 单个核心数值/排名/增长率强调 → `KPI_HERO`

### B. 对错/强导向（expressionTag=contrast）
- 明确“别这样/要这样”“错误/正确” → `DOS_AND_DONTS`
- “不是…而是…” → `COGNITIVE_SHIFT`

### C. 多分点/清单/步骤（expressionTag=list|steps|method）
- 两方/两方案并列（更中立的 A vs B）→ `SPLIT_COMPARE`
- 当前 item 原文明确展开 **2～4** 个并列分点/并列例子，且每点需独立配图（宫格）→ `PANEL_GRID`
- 明确步骤序列/短清单，且【同一 item 内】可抽取出 2～6 条“短步骤”（如同时出现“第一/第二/第三…”或“1)/2)/3)”），并且每条步骤建议 ≤10 字、无长解释句 → `STEP_LIST`
  - 反例：只有“第一/第二”这一个标题句（单条）不要选 `STEP_LIST`（至少需要 2 条）
  - 反例：每条方法/步骤后面还跟较长解释、追问或补充句（例如任一解释段 >30 字）→ 不适合 `STEP_LIST`，应拆分 item，并优先用 `METHOD_STACK`（标题式核心 + 解释展开）或 `CENTER_FOCUS`
- “一个标题式核心（方法/建议/观点/卖点/亮点/推荐理由）+ 2～4 句解释展开” → `METHOD_STACK`
- 同一**案例/子话题**、**单主图**，口播 **4～6 句** 呈「个案→误判/推论→纠偏→收束」叙事弧 → `CASE_BREAKDOWN`（非「第一/第二」方法清单、非多图节拍时用本模板；方法要点式仍用 `METHOD_STACK`）

### D. 节拍递进（expressionTag=beat）
- 同一镜头内 2～4 段口播节拍递进（问→驳→收束；铺垫→转折→结论），希望画面跟着分段变化 → `BEAT_SEQUENCE`
  - **提示**：如果递进里还夹杂“强对照/命名”，通常应拆成多个 item，不要硬塞一个 `BEAT_SEQUENCE`。
- 同一镜头内 **因果链 / 机制传导**（因→果→再果，每环一图，无时间轴刻度）→ `CAUSE_CHAIN`

### E. 引用/命名/聚焦（expressionTag=quote|concept|focus）
- 名言、著作、研究、媒体引用、用户评价、证言摘录 → `QUOTE_CITATION`
- 对“专业术语、概念、产品名、品牌关键词、功能名等”新名词进行解释→ `CONCEPT_CARD`
- 需要把注意力锁定到一个关键词/短语/关键细节/核心发现上 → `MAGNIFYING_GLASS`
  - 必须存在明确落点句（如“关键在于…”“核心是…”“结论是…”）
  - 需要后续可提取 1～2 个高价值锚点短语（否则不要选）

### F. 金句冲击（expressionTag=focus）
- 全片级短促强结论、无需配图 → `TEXT_FOCUS`

### G. 时间轴，先后关系（expressionTag=timeline）
- 明确时间先后/阶段演进（过去→现在→未来）→ `TIMELINE`

### G2. 收束清单（expressionTag≈conclusion|list）
- 收束、行动检查项、要点复诵，需要**逐项打勾显现**（非编号短步骤、非并列大图组）→ `CHECKLIST_REVEAL`

### H. 默认（expressionTag=neutral）
- 平缓叙述、单图即可、无上述结构 → `CENTER_FOCUS`

---

## ✅ 输出格式（严格 JSON，禁止包含 markdown 代码块）
{
  "items": [
    {
      "text": "逐字口播片段（必须来自原文，且拼接后覆盖原文）",
      "narrativeType": "HOOK | LOGIC | CASE | DATA | CONCLUSION | TRANSITION",
      "template": "必须来自可用模板列表",
      "expressionTag": "data | contrast | list | steps | method | beat | quote | concept | focus | timeline | neutral",
      "confidence": "low | medium | high",
      "reasoning": "一句话说明：该段的主表达结构是什么 → 为什么选该模板 → 若拆分/合并，理由是什么"
    }
  ]
}

===========================================================================================
---------------------------------------- RESPONSE ----------------------------------------
time: 2026-06-08 21:12:55
attempt: 1/3

[OUTPUT]
{
  "items": [
    {
      "text": "法治不是把每个人都变成强者。那不现实。法治真正做的，是让强者也必须停一下。",
      "narrativeType": "LOGIC",
      "template": "COGNITIVE_SHIFT",
      "expressionTag": "contrast",
      "confidence": "high",
      "reasoning": "从“不是…而是…”的认知纠正结构，将法治从“让人变强”的错误观念转向“让强者停一下”的正确观念，适合COGNITIVE_SHIFT。",
      "estimatedSeconds": 5.8
    },
    {
      "text": "他要解释。要申请。要经过程序。要承担责任。",
      "narrativeType": "LOGIC",
      "template": "STEP_LIST",
      "expressionTag": "steps",
      "confidence": "high",
      "reasoning": "四个并列的短要求（均≤5字），构成明确的行动步骤清单，适合STEP_LIST分条展示。",
      "estimatedSeconds": 3.8
    },
    {
      "text": "很多人会觉得，这太麻烦了。抓紧办事不好吗？提高效率不好吗？遇到问题直接冲进去，不是更快吗？这就是最大的陷阱。",
      "narrativeType": "TRANSITION",
      "template": "BEAT_SEQUENCE",
      "expressionTag": "beat",
      "confidence": "high",
      "reasoning": "从引用普遍抱怨到三句反问递进，最后收束为“最大的陷阱”，构成完整的追问→揭秘节拍递进，适合BEAT_SEQUENCE。",
      "estimatedSeconds": 8.9
    },
    {
      "text": "权力最喜欢借口。",
      "narrativeType": "LOGIC",
      "template": "TEXT_FOCUS",
      "expressionTag": "focus",
      "confidence": "high",
      "reasoning": "短促有力、揭示权力本质的金句，无需配图，适合TEXT_FOCUS形成视觉冲击。",
      "estimatedSeconds": 1.1
    },
    {
      "text": "效率，是它最常用的借口。安全，是它最漂亮的借口。大局，是它最难反驳的借口。",
      "narrativeType": "LOGIC",
      "template": "PANEL_GRID",
      "expressionTag": "list",
      "confidence": "high",
      "reasoning": "三个性质不同的借口平行列举，结构对称，适合PANEL_GRID分三格独立展示，每格配图标或文字。",
      "estimatedSeconds": 5.6
    },
    {
      "text": "可一旦这些借口，可以随便推开一扇普通人的门。那扇门就不再是门。它只是摆设。",
      "narrativeType": "LOGIC",
      "template": "CAUSE_CHAIN",
      "expressionTag": "beat",
      "confidence": "high",
      "reasoning": "从“借口推开门”导致“门不再是门”再导致“只是摆设”，因果链明确，适合CAUSE_CHAIN逐环展示。",
      "estimatedSeconds": 6.2
    },
    {
      "text": "你以为损失的，只是一个人的隐私。不。损失的是所有人的边界感。",
      "narrativeType": "LOGIC",
      "template": "COGNITIVE_SHIFT",
      "expressionTag": "contrast",
      "confidence": "high",
      "reasoning": "用“不”直接纠正错误认知（以为是隐私损失，其实是边界感损失），符合认知转变模式，选COGNITIVE_SHIFT。",
      "estimatedSeconds": 5.1
    },
    {
      "text": "今天它可以为了效率进他的门。明天它也可以为了安全进你的门。后天它就可以为了大局，进入每一个人的门。",
      "narrativeType": "CASE",
      "template": "TIMELINE",
      "expressionTag": "timeline",
      "confidence": "high",
      "reasoning": "按“今天→明天→后天”逐步扩展受害者范围，时间递进明显，适合TIMELINE展示过程演变。",
      "estimatedSeconds": 7.6
    },
    {
      "text": "门一旦失去意义，家也会失去意义。",
      "narrativeType": "LOGIC",
      "template": "CENTER_FOCUS",
      "expressionTag": "neutral",
      "confidence": "high",
      "reasoning": "承上启下的推论陈述，语气平缓，单一结论，无对比或列表结构，用CENTER_FOCUS聚焦这句话。",
      "estimatedSeconds": 2.0
    },
    {
      "text": "家不是四面墙。家是一个人最后能说“不”的地方。",
      "narrativeType": "LOGIC",
      "template": "COGNITIVE_SHIFT",
      "expressionTag": "contrast",
      "confidence": "high",
      "reasoning": "用“不是…而是…”重新定义“家”，纠正物理空间观念，建立精神边界概念，适用COGNITIVE_SHIFT。",
      "estimatedSeconds": 4.0
    },
    {
      "text": "如果连这里都不能拒绝，那人就不是生活在家里。他只是暂时被允许待在那里。",
      "narrativeType": "LOGIC",
      "template": "CAUSE_CHAIN",
      "expressionTag": "beat",
      "confidence": "high",
      "reasoning": "从“不能拒绝”导致“不是生活在家”再导致“只是暂时被允许”，因果传导清晰，适合CAUSE_CHAIN点明终极危机。",
      "estimatedSeconds": 6.2
    }
  ]
}
-------------------------------------------------------------------------------------------

======================================== REQUEST ========================================
time: 2026-06-08 21:12:55
provider: deepseek
model: deepseek-v4-pro
retries: 3

[PROMPT]
你是「镜头分镜 + 动画模板选型」联合优化器。你的任务是在**不改写口播原文**的前提下，把场景原文切成更“原子化”的镜头item，并为每个镜头选择最合适的 `template`。

## 🎥 视频大背景
- **核心主题**：我曾以为最震撼的话是横渠四句，直到看见这13个字
- **当前场景**：召唤·文明测试

## 📄 场景原文（严禁修改、严禁漏字、严禁补字）
这就是“国王不能进”的真正含义。

它不是一句浪漫的话。

它是一句冷峻的制度判断。

一个社会，能不能保护普通人，不要看它怎样对待成功者。

成功者本来就有人保护。

不要看它怎样对待富人。富人有资源保护自己。

要看它怎样对待一个住在破房子里的人。

当他没有身份光环。

没有舆论声量。

没有讨价还价的筹码。

他还能不能关上门？

他关上门以后，强者会不会停下？

权力会不会承认，这里不是我的地方？

这才是文明的压力测试。

## 可用模板（共 23 个：`template` 必须且仅能从中选一个）

BEAT_SEQUENCE, CASE_BREAKDOWN, CAUSE_CHAIN, CENTER_FOCUS, CHAT_BUBBLE, CHECKLIST_REVEAL, COGNITIVE_SHIFT, CONCEPT_CARD, DATA_TABLE, DOS_AND_DONTS, KPI_HERO, MAGNIFYING_GLASS, METHOD_STACK, PANEL_GRID, PEER_INDUCT, PROGRESS_RING, QUOTE_CITATION, SPLIT_COMPARE, STAT_COMPARE, STEP_LIST, TEXT_FOCUS, TIMELINE, TREE_DIAGRAM

选型规则以主提示词中的决策树与自检清单为准；参数结构不在此展开，后续步骤会按 Schema 生成 `param`。

---

## 🎯 总目标（必须同时满足）
1. **逐字一致**：每个 item 的 `text` 必须是原文的连续子串；所有 item 的 `text` 按顺序拼接后必须与原文完全一致（允许忽略空白差异，但不能改变任何非空白字符）。
2. **覆盖完整**：原文中每一个字符都必须且只能落在一个 item 里（不重叠、不遗漏）。
3. **表达原子化**：**一个 item 只允许一个主表达结构**（对比/命名/步骤/引用/数据/节拍递进/金句冲击/平铺叙述）。若同一段里混了两种结构，必须拆成多个 item。
4. **长度合理**：为了避免视觉疲劳，一个item中的text拼接后如果长于 50 字应该拆分成多个item。
5. 模板是为了更好的表达item中的text

---

## ✂️ 分镜原则

### Phase 1：时长锚点（量化判断基准）
- 正常语速约 **4~5 字/秒**，单个镜头的理想口播时长：**3~8 秒（约 12~40 字）**
- ⚠️ **< 12 字**的分段：除非是独立金句，否则**必须合并**到相邻镜头
- ⚠️ **> 50 字**的分段：意味着画面停留太久，观众注意力衰减，建议拆分，但拆分点本身仍需有叙事依据
- 在 `estimatedSeconds` 字段中标注预估秒数（字数 ÷ 4.5，保留一位小数）
- 除非模板使用TextFocus，否则不允许content中只有一个Text的情况

### Phase 2：切分信号强度模型
按叙事信号强度决定是否新建镜头，**而非按标点机械切分**：

**🔴 强信号（应新建镜头）**：
- 叙事角色彻底转换：说理/定义 → 举例/场景还原
- 叙事角色彻底转换：铺垫/铺陈 → 行动号召/结论
- 情绪段位跳变：平静分析 → 震惊转折 → 收束共情
- 视觉主体完全更换：讨论 A 话题 → 转到独立的 B 话题

**🟡 中等信号（倾向合并，但单段超过 40 字时可拆）**：
- 同一论点下的多个分点（第一、第二、第三……）
- 同一比喻的铺垫与揭示
- 同一因果链的前提与结论

**🟢 弱信号（严禁作为切分依据）**：
- 普通逗号、顿号、冒号后的补充说明
- 同一句话的前后半段
- "而且""此外""所以"等常见连接词（需配合叙事角色判断）

### Phase 3：合并检查
拆完后对所有 items 做全局合并检查：
- 相邻两个 items 若切分信号为"弱"且合并后总字数不超过 45 字 → **强制合并**
- 相邻两个 items 若叙事角色完全相同、画面视觉重心也相同 → **强制合并**

## 🧭 结构识别 → 模板选型（从上到下命中第一条）

### A. 数据/量化结论（expressionTag=data）
- 两项指标同框对比（涨跌、前后、A/B）→ `STAT_COMPARE`（必须能抽象出两个非负整数）
- 单指标完成度/占比/达成率 → `PROGRESS_RING`
- 单个核心数值/排名/增长率强调 → `KPI_HERO`

### B. 对错/强导向（expressionTag=contrast）
- 明确“别这样/要这样”“错误/正确” → `DOS_AND_DONTS`
- “不是…而是…” → `COGNITIVE_SHIFT`

### C. 多分点/清单/步骤（expressionTag=list|steps|method）
- 两方/两方案并列（更中立的 A vs B）→ `SPLIT_COMPARE`
- 当前 item 原文明确展开 **2～4** 个并列分点/并列例子，且每点需独立配图（宫格）→ `PANEL_GRID`
- 明确步骤序列/短清单，且【同一 item 内】可抽取出 2～6 条“短步骤”（如同时出现“第一/第二/第三…”或“1)/2)/3)”），并且每条步骤建议 ≤10 字、无长解释句 → `STEP_LIST`
  - 反例：只有“第一/第二”这一个标题句（单条）不要选 `STEP_LIST`（至少需要 2 条）
  - 反例：每条方法/步骤后面还跟较长解释、追问或补充句（例如任一解释段 >30 字）→ 不适合 `STEP_LIST`，应拆分 item，并优先用 `METHOD_STACK`（标题式核心 + 解释展开）或 `CENTER_FOCUS`
- “一个标题式核心（方法/建议/观点/卖点/亮点/推荐理由）+ 2～4 句解释展开” → `METHOD_STACK`
- 同一**案例/子话题**、**单主图**，口播 **4～6 句** 呈「个案→误判/推论→纠偏→收束」叙事弧 → `CASE_BREAKDOWN`（非「第一/第二」方法清单、非多图节拍时用本模板；方法要点式仍用 `METHOD_STACK`）

### D. 节拍递进（expressionTag=beat）
- 同一镜头内 2～4 段口播节拍递进（问→驳→收束；铺垫→转折→结论），希望画面跟着分段变化 → `BEAT_SEQUENCE`
  - **提示**：如果递进里还夹杂“强对照/命名”，通常应拆成多个 item，不要硬塞一个 `BEAT_SEQUENCE`。
- 同一镜头内 **因果链 / 机制传导**（因→果→再果，每环一图，无时间轴刻度）→ `CAUSE_CHAIN`

### E. 引用/命名/聚焦（expressionTag=quote|concept|focus）
- 名言、著作、研究、媒体引用、用户评价、证言摘录 → `QUOTE_CITATION`
- 对“专业术语、概念、产品名、品牌关键词、功能名等”新名词进行解释→ `CONCEPT_CARD`
- 需要把注意力锁定到一个关键词/短语/关键细节/核心发现上 → `MAGNIFYING_GLASS`
  - 必须存在明确落点句（如“关键在于…”“核心是…”“结论是…”）
  - 需要后续可提取 1～2 个高价值锚点短语（否则不要选）

### F. 金句冲击（expressionTag=focus）
- 全片级短促强结论、无需配图 → `TEXT_FOCUS`

### G. 时间轴，先后关系（expressionTag=timeline）
- 明确时间先后/阶段演进（过去→现在→未来）→ `TIMELINE`

### G2. 收束清单（expressionTag≈conclusion|list）
- 收束、行动检查项、要点复诵，需要**逐项打勾显现**（非编号短步骤、非并列大图组）→ `CHECKLIST_REVEAL`

### H. 默认（expressionTag=neutral）
- 平缓叙述、单图即可、无上述结构 → `CENTER_FOCUS`

---

## ✅ 输出格式（严格 JSON，禁止包含 markdown 代码块）
{
  "items": [
    {
      "text": "逐字口播片段（必须来自原文，且拼接后覆盖原文）",
      "narrativeType": "HOOK | LOGIC | CASE | DATA | CONCLUSION | TRANSITION",
      "template": "必须来自可用模板列表",
      "expressionTag": "data | contrast | list | steps | method | beat | quote | concept | focus | timeline | neutral",
      "confidence": "low | medium | high",
      "reasoning": "一句话说明：该段的主表达结构是什么 → 为什么选该模板 → 若拆分/合并，理由是什么"
    }
  ]
}

===========================================================================================
---------------------------------------- RESPONSE ----------------------------------------
time: 2026-06-08 21:14:58
attempt: 1/3

[OUTPUT]
{
  "items": [
    {
      "text": "这就是“国王不能进”的真正含义。",
      "narrativeType": "HOOK",
      "template": "CONCEPT_CARD",
      "expressionTag": "concept",
      "confidence": "high",
      "reasoning": "点明核心概念“国王不能进”，适合用概念卡引出关键词，后续再展开解释。",
      "estimatedSeconds": 3.3
    },
    {
      "text": "它不是一句浪漫的话。它是一句冷峻的制度判断。",
      "narrativeType": "LOGIC",
      "template": "COGNITIVE_SHIFT",
      "expressionTag": "contrast",
      "confidence": "high",
      "reasoning": "明确的“不是…而是…”结构，用认知转变模板纠正第一印象，建立制度视角。",
      "estimatedSeconds": 4.9
    },
    {
      "text": "一个社会，能不能保护普通人，不要看它怎样对待成功者。成功者本来就有人保护。不要看它怎样对待富人。富人有资源保护自己。",
      "narrativeType": "LOGIC",
      "template": "DOS_AND_DONTS",
      "expressionTag": "contrast",
      "confidence": "high",
      "reasoning": "两个“不要看”构成反例清单，带有解释，适合 DOS_AND_DONTS 展示错误视角；后续“要看”另拆为冲击性单镜。",
      "estimatedSeconds": 12.9
    },
    {
      "text": "要看它怎样对待一个住在破房子里的人。",
      "narrativeType": "LOGIC",
      "template": "TEXT_FOCUS",
      "expressionTag": "focus",
      "confidence": "high",
      "reasoning": "正面落点句，无需配图，用金句冲击锁定真正的保护对象，形成与前面反例的强对比。",
      "estimatedSeconds": 4.0
    },
    {
      "text": "当他没有身份光环。没有舆论声量。没有讨价还价的筹码。",
      "narrativeType": "CASE",
      "template": "PANEL_GRID",
      "expressionTag": "list",
      "confidence": "high",
      "reasoning": "三个并列缺失的排比，适合用宫格三图并列展示弱势者的“无”，强化画面记忆。",
      "estimatedSeconds": 5.8
    },
    {
      "text": "他还能不能关上门？他关上门以后，强者会不会停下？权力会不会承认，这里不是我的地方？",
      "narrativeType": "LOGIC",
      "template": "BEAT_SEQUENCE",
      "expressionTag": "beat",
      "confidence": "high",
      "reasoning": "连续三个提问递进，构成压力测试的节拍，用 BEAT_SEQUENCE 分步呈现质问的强度升级。",
      "estimatedSeconds": 9.1
    },
    {
      "text": "这才是文明的压力测试。",
      "narrativeType": "CONCLUSION",
      "template": "TEXT_FOCUS",
      "expressionTag": "focus",
      "confidence": "high",
      "reasoning": "全段收束的结论，极短强冲击，适合纯文字金句模版，与开头的概念引出形成闭环。",
      "estimatedSeconds": 2.4
    }
  ]
}
-------------------------------------------------------------------------------------------

======================================== REQUEST ========================================
time: 2026-06-08 21:14:58
provider: deepseek
model: deepseek-v4-pro
retries: 3

[PROMPT]
你是「镜头分镜 + 动画模板选型」联合优化器。你的任务是在**不改写口播原文**的前提下，把场景原文切成更“原子化”的镜头item，并为每个镜头选择最合适的 `template`。

## 🎥 视频大背景
- **核心主题**：我曾以为最震撼的话是横渠四句，直到看见这13个字
- **当前场景**：提醒·三个边界

## 📄 场景原文（严禁修改、严禁漏字、严禁补字）
普通人理解这句话，也不能只把它当成典故。

它有三个现实提醒。

第一，看权力时，不要只看它承诺什么。

要看它不能做什么。

一个权力说了很多好听的话，不代表它被约束了。

真正的约束，是它想进门时，有没有人能拦住它。

第二，看规则时，不要嫌程序麻烦。

程序看起来慢。

可它保护的，正是普通人。

敲门很慢。授权很慢。审查很慢。留下记录也很慢。

但这些慢，都是在告诉权力，你不是主人。

第三，看自由时，不要只看表达。

表达当然重要。

但更底层的是边界。

一个人能不能拒绝。

能不能保有私人空间。

能不能不被随便闯入。

这些东西，才是自由的骨架。

没有骨架，自由就只剩口号。

## 可用模板（共 23 个：`template` 必须且仅能从中选一个）

BEAT_SEQUENCE, CASE_BREAKDOWN, CAUSE_CHAIN, CENTER_FOCUS, CHAT_BUBBLE, CHECKLIST_REVEAL, COGNITIVE_SHIFT, CONCEPT_CARD, DATA_TABLE, DOS_AND_DONTS, KPI_HERO, MAGNIFYING_GLASS, METHOD_STACK, PANEL_GRID, PEER_INDUCT, PROGRESS_RING, QUOTE_CITATION, SPLIT_COMPARE, STAT_COMPARE, STEP_LIST, TEXT_FOCUS, TIMELINE, TREE_DIAGRAM

选型规则以主提示词中的决策树与自检清单为准；参数结构不在此展开，后续步骤会按 Schema 生成 `param`。

---

## 🎯 总目标（必须同时满足）
1. **逐字一致**：每个 item 的 `text` 必须是原文的连续子串；所有 item 的 `text` 按顺序拼接后必须与原文完全一致（允许忽略空白差异，但不能改变任何非空白字符）。
2. **覆盖完整**：原文中每一个字符都必须且只能落在一个 item 里（不重叠、不遗漏）。
3. **表达原子化**：**一个 item 只允许一个主表达结构**（对比/命名/步骤/引用/数据/节拍递进/金句冲击/平铺叙述）。若同一段里混了两种结构，必须拆成多个 item。
4. **长度合理**：为了避免视觉疲劳，一个item中的text拼接后如果长于 50 字应该拆分成多个item。
5. 模板是为了更好的表达item中的text

---

## ✂️ 分镜原则

### Phase 1：时长锚点（量化判断基准）
- 正常语速约 **4~5 字/秒**，单个镜头的理想口播时长：**3~8 秒（约 12~40 字）**
- ⚠️ **< 12 字**的分段：除非是独立金句，否则**必须合并**到相邻镜头
- ⚠️ **> 50 字**的分段：意味着画面停留太久，观众注意力衰减，建议拆分，但拆分点本身仍需有叙事依据
- 在 `estimatedSeconds` 字段中标注预估秒数（字数 ÷ 4.5，保留一位小数）
- 除非模板使用TextFocus，否则不允许content中只有一个Text的情况

### Phase 2：切分信号强度模型
按叙事信号强度决定是否新建镜头，**而非按标点机械切分**：

**🔴 强信号（应新建镜头）**：
- 叙事角色彻底转换：说理/定义 → 举例/场景还原
- 叙事角色彻底转换：铺垫/铺陈 → 行动号召/结论
- 情绪段位跳变：平静分析 → 震惊转折 → 收束共情
- 视觉主体完全更换：讨论 A 话题 → 转到独立的 B 话题

**🟡 中等信号（倾向合并，但单段超过 40 字时可拆）**：
- 同一论点下的多个分点（第一、第二、第三……）
- 同一比喻的铺垫与揭示
- 同一因果链的前提与结论

**🟢 弱信号（严禁作为切分依据）**：
- 普通逗号、顿号、冒号后的补充说明
- 同一句话的前后半段
- "而且""此外""所以"等常见连接词（需配合叙事角色判断）

### Phase 3：合并检查
拆完后对所有 items 做全局合并检查：
- 相邻两个 items 若切分信号为"弱"且合并后总字数不超过 45 字 → **强制合并**
- 相邻两个 items 若叙事角色完全相同、画面视觉重心也相同 → **强制合并**

## 🧭 结构识别 → 模板选型（从上到下命中第一条）

### A. 数据/量化结论（expressionTag=data）
- 两项指标同框对比（涨跌、前后、A/B）→ `STAT_COMPARE`（必须能抽象出两个非负整数）
- 单指标完成度/占比/达成率 → `PROGRESS_RING`
- 单个核心数值/排名/增长率强调 → `KPI_HERO`

### B. 对错/强导向（expressionTag=contrast）
- 明确“别这样/要这样”“错误/正确” → `DOS_AND_DONTS`
- “不是…而是…” → `COGNITIVE_SHIFT`

### C. 多分点/清单/步骤（expressionTag=list|steps|method）
- 两方/两方案并列（更中立的 A vs B）→ `SPLIT_COMPARE`
- 当前 item 原文明确展开 **2～4** 个并列分点/并列例子，且每点需独立配图（宫格）→ `PANEL_GRID`
- 明确步骤序列/短清单，且【同一 item 内】可抽取出 2～6 条“短步骤”（如同时出现“第一/第二/第三…”或“1)/2)/3)”），并且每条步骤建议 ≤10 字、无长解释句 → `STEP_LIST`
  - 反例：只有“第一/第二”这一个标题句（单条）不要选 `STEP_LIST`（至少需要 2 条）
  - 反例：每条方法/步骤后面还跟较长解释、追问或补充句（例如任一解释段 >30 字）→ 不适合 `STEP_LIST`，应拆分 item，并优先用 `METHOD_STACK`（标题式核心 + 解释展开）或 `CENTER_FOCUS`
- “一个标题式核心（方法/建议/观点/卖点/亮点/推荐理由）+ 2～4 句解释展开” → `METHOD_STACK`
- 同一**案例/子话题**、**单主图**，口播 **4～6 句** 呈「个案→误判/推论→纠偏→收束」叙事弧 → `CASE_BREAKDOWN`（非「第一/第二」方法清单、非多图节拍时用本模板；方法要点式仍用 `METHOD_STACK`）

### D. 节拍递进（expressionTag=beat）
- 同一镜头内 2～4 段口播节拍递进（问→驳→收束；铺垫→转折→结论），希望画面跟着分段变化 → `BEAT_SEQUENCE`
  - **提示**：如果递进里还夹杂“强对照/命名”，通常应拆成多个 item，不要硬塞一个 `BEAT_SEQUENCE`。
- 同一镜头内 **因果链 / 机制传导**（因→果→再果，每环一图，无时间轴刻度）→ `CAUSE_CHAIN`

### E. 引用/命名/聚焦（expressionTag=quote|concept|focus）
- 名言、著作、研究、媒体引用、用户评价、证言摘录 → `QUOTE_CITATION`
- 对“专业术语、概念、产品名、品牌关键词、功能名等”新名词进行解释→ `CONCEPT_CARD`
- 需要把注意力锁定到一个关键词/短语/关键细节/核心发现上 → `MAGNIFYING_GLASS`
  - 必须存在明确落点句（如“关键在于…”“核心是…”“结论是…”）
  - 需要后续可提取 1～2 个高价值锚点短语（否则不要选）

### F. 金句冲击（expressionTag=focus）
- 全片级短促强结论、无需配图 → `TEXT_FOCUS`

### G. 时间轴，先后关系（expressionTag=timeline）
- 明确时间先后/阶段演进（过去→现在→未来）→ `TIMELINE`

### G2. 收束清单（expressionTag≈conclusion|list）
- 收束、行动检查项、要点复诵，需要**逐项打勾显现**（非编号短步骤、非并列大图组）→ `CHECKLIST_REVEAL`

### H. 默认（expressionTag=neutral）
- 平缓叙述、单图即可、无上述结构 → `CENTER_FOCUS`

---

## ✅ 输出格式（严格 JSON，禁止包含 markdown 代码块）
{
  "items": [
    {
      "text": "逐字口播片段（必须来自原文，且拼接后覆盖原文）",
      "narrativeType": "HOOK | LOGIC | CASE | DATA | CONCLUSION | TRANSITION",
      "template": "必须来自可用模板列表",
      "expressionTag": "data | contrast | list | steps | method | beat | quote | concept | focus | timeline | neutral",
      "confidence": "low | medium | high",
      "reasoning": "一句话说明：该段的主表达结构是什么 → 为什么选该模板 → 若拆分/合并，理由是什么"
    }
  ]
}

===========================================================================================
---------------------------------------- RESPONSE ----------------------------------------
time: 2026-06-08 21:16:22
attempt: 1/3

[OUTPUT]
{
  "items": [
    {
      "text": "普通人理解这句话，也不能只把它当成典故。它有三个现实提醒。",
      "narrativeType": "TRANSITION",
      "template": "CENTER_FOCUS",
      "expressionTag": "neutral",
      "confidence": "high",
      "reasoning": "平铺引出三个提醒的过渡段，无对比、清单或焦点结构，用一个居中图文呈现即可。",
      "estimatedSeconds": "4.2"
    },
    {
      "text": "第一，看权力时，不要只看它承诺什么。要看它不能做什么。",
      "narrativeType": "LOGIC",
      "template": "COGNITIVE_SHIFT",
      "expressionTag": "contrast",
      "confidence": "high",
      "reasoning": "典型的‘不要只看A，要看B’认知转变结构，用认知转变模板强调视角转换。",
      "estimatedSeconds": "3.8"
    },
    {
      "text": "一个权力说了很多好听的话，不代表它被约束了。真正的约束，是它想进门时，有没有人能拦住它。",
      "narrativeType": "LOGIC",
      "template": "MAGNIFYING_GLASS",
      "expressionTag": "focus",
      "confidence": "medium",
      "reasoning": "前半句驳斥表象，后半句聚焦‘真正的约束’这一核心落点，用放大镜锁定关键词‘有人拦住它’，形成视觉锚点。",
      "estimatedSeconds": "6.7"
    },
    {
      "text": "第二，看规则时，不要嫌程序麻烦。程序看起来慢。可它保护的，正是普通人。",
      "narrativeType": "LOGIC",
      "template": "COGNITIVE_SHIFT",
      "expressionTag": "contrast",
      "confidence": "high",
      "reasoning": "从‘嫌程序麻烦’到‘保护普通人’的认知翻转，适合认知转变模板，突出‘慢’背后的价值。",
      "estimatedSeconds": "4.7"
    },
    {
      "text": "敲门很慢。授权很慢。审查很慢。留下记录也很慢。但这些慢，都是在告诉权力，你不是主人。",
      "narrativeType": "LOGIC",
      "template": "PANEL_GRID",
      "expressionTag": "list",
      "confidence": "high",
      "reasoning": "四个并列的‘慢’场景（敲门、授权、审查、留下记录），每点可独立配图，最后总结收束，用宫格模板完美呈现并列示例。",
      "estimatedSeconds": "6.4"
    },
    {
      "text": "第三，看自由时，不要只看表达。表达当然重要。但更底层的是边界。",
      "narrativeType": "LOGIC",
      "template": "COGNITIVE_SHIFT",
      "expressionTag": "contrast",
      "confidence": "high",
      "reasoning": "‘不要只看表达’到‘更底层的是边界’，视角从表层转向深层，认知转变模板最佳。",
      "estimatedSeconds": "5.3"
    },
    {
      "text": "一个人能不能拒绝。能不能保有私人空间。能不能不被随便闯入。",
      "narrativeType": "LOGIC",
      "template": "PANEL_GRID",
      "expressionTag": "list",
      "confidence": "high",
      "reasoning": "三个并列的反问（拒绝、私人空间、不被打扰），各自对应一个边界场景，宫格并列展现三幅图直观有力。",
      "estimatedSeconds": "4.0"
    },
    {
      "text": "这些东西，才是自由的骨架。没有骨架，自由就只剩口号。",
      "narrativeType": "CONCLUSION",
      "template": "TEXT_FOCUS",
      "expressionTag": "focus",
      "confidence": "high",
      "reasoning": "全场景收束式结论，金句属性强，无需配图，纯文字聚焦强化‘骨架’这个核心隐喻。",
      "estimatedSeconds": "4.2"
    }
  ]
}
-------------------------------------------------------------------------------------------

======================================== REQUEST ========================================
time: 2026-06-08 21:16:22
provider: deepseek
model: deepseek-v4-pro
retries: 3

[PROMPT]
你是「镜头分镜 + 动画模板选型」联合优化器。你的任务是在**不改写口播原文**的前提下，把场景原文切成更“原子化”的镜头item，并为每个镜头选择最合适的 `template`。

## 🎥 视频大背景
- **核心主题**：我曾以为最震撼的话是横渠四句，直到看见这13个字
- **当前场景**：升华·边界文明

## 📄 场景原文（严禁修改、严禁漏字、严禁补字）
所以，一间破房子挡住国王，
靠的不是门板。
靠的不是锁。
靠的不是主人比国王更强。

靠的是所有人都承认，哪怕他再弱，这里也有一条线。

线外，是公共权力。

线内，是私人生活。

权力可以强大。

但不能无处不在。

国家可以重要。

但不能吞掉每一个人的门槛。

房子可以破。

墙可以漏。

生活可以艰难。

但只要那条边界还在，普通人就还有站立的地方。

真正可怕的，不是风进来了，不是雨进来了。

而是有一天，国王进来了。大家还觉得，这很正常。

那一刻，破掉的就不是房子。

是文明本身。

## 可用模板（共 23 个：`template` 必须且仅能从中选一个）

BEAT_SEQUENCE, CASE_BREAKDOWN, CAUSE_CHAIN, CENTER_FOCUS, CHAT_BUBBLE, CHECKLIST_REVEAL, COGNITIVE_SHIFT, CONCEPT_CARD, DATA_TABLE, DOS_AND_DONTS, KPI_HERO, MAGNIFYING_GLASS, METHOD_STACK, PANEL_GRID, PEER_INDUCT, PROGRESS_RING, QUOTE_CITATION, SPLIT_COMPARE, STAT_COMPARE, STEP_LIST, TEXT_FOCUS, TIMELINE, TREE_DIAGRAM

选型规则以主提示词中的决策树与自检清单为准；参数结构不在此展开，后续步骤会按 Schema 生成 `param`。

---

## 🎯 总目标（必须同时满足）
1. **逐字一致**：每个 item 的 `text` 必须是原文的连续子串；所有 item 的 `text` 按顺序拼接后必须与原文完全一致（允许忽略空白差异，但不能改变任何非空白字符）。
2. **覆盖完整**：原文中每一个字符都必须且只能落在一个 item 里（不重叠、不遗漏）。
3. **表达原子化**：**一个 item 只允许一个主表达结构**（对比/命名/步骤/引用/数据/节拍递进/金句冲击/平铺叙述）。若同一段里混了两种结构，必须拆成多个 item。
4. **长度合理**：为了避免视觉疲劳，一个item中的text拼接后如果长于 50 字应该拆分成多个item。
5. 模板是为了更好的表达item中的text

---

## ✂️ 分镜原则

### Phase 1：时长锚点（量化判断基准）
- 正常语速约 **4~5 字/秒**，单个镜头的理想口播时长：**3~8 秒（约 12~40 字）**
- ⚠️ **< 12 字**的分段：除非是独立金句，否则**必须合并**到相邻镜头
- ⚠️ **> 50 字**的分段：意味着画面停留太久，观众注意力衰减，建议拆分，但拆分点本身仍需有叙事依据
- 在 `estimatedSeconds` 字段中标注预估秒数（字数 ÷ 4.5，保留一位小数）
- 除非模板使用TextFocus，否则不允许content中只有一个Text的情况

### Phase 2：切分信号强度模型
按叙事信号强度决定是否新建镜头，**而非按标点机械切分**：

**🔴 强信号（应新建镜头）**：
- 叙事角色彻底转换：说理/定义 → 举例/场景还原
- 叙事角色彻底转换：铺垫/铺陈 → 行动号召/结论
- 情绪段位跳变：平静分析 → 震惊转折 → 收束共情
- 视觉主体完全更换：讨论 A 话题 → 转到独立的 B 话题

**🟡 中等信号（倾向合并，但单段超过 40 字时可拆）**：
- 同一论点下的多个分点（第一、第二、第三……）
- 同一比喻的铺垫与揭示
- 同一因果链的前提与结论

**🟢 弱信号（严禁作为切分依据）**：
- 普通逗号、顿号、冒号后的补充说明
- 同一句话的前后半段
- "而且""此外""所以"等常见连接词（需配合叙事角色判断）

### Phase 3：合并检查
拆完后对所有 items 做全局合并检查：
- 相邻两个 items 若切分信号为"弱"且合并后总字数不超过 45 字 → **强制合并**
- 相邻两个 items 若叙事角色完全相同、画面视觉重心也相同 → **强制合并**

## 🧭 结构识别 → 模板选型（从上到下命中第一条）

### A. 数据/量化结论（expressionTag=data）
- 两项指标同框对比（涨跌、前后、A/B）→ `STAT_COMPARE`（必须能抽象出两个非负整数）
- 单指标完成度/占比/达成率 → `PROGRESS_RING`
- 单个核心数值/排名/增长率强调 → `KPI_HERO`

### B. 对错/强导向（expressionTag=contrast）
- 明确“别这样/要这样”“错误/正确” → `DOS_AND_DONTS`
- “不是…而是…” → `COGNITIVE_SHIFT`

### C. 多分点/清单/步骤（expressionTag=list|steps|method）
- 两方/两方案并列（更中立的 A vs B）→ `SPLIT_COMPARE`
- 当前 item 原文明确展开 **2～4** 个并列分点/并列例子，且每点需独立配图（宫格）→ `PANEL_GRID`
- 明确步骤序列/短清单，且【同一 item 内】可抽取出 2～6 条“短步骤”（如同时出现“第一/第二/第三…”或“1)/2)/3)”），并且每条步骤建议 ≤10 字、无长解释句 → `STEP_LIST`
  - 反例：只有“第一/第二”这一个标题句（单条）不要选 `STEP_LIST`（至少需要 2 条）
  - 反例：每条方法/步骤后面还跟较长解释、追问或补充句（例如任一解释段 >30 字）→ 不适合 `STEP_LIST`，应拆分 item，并优先用 `METHOD_STACK`（标题式核心 + 解释展开）或 `CENTER_FOCUS`
- “一个标题式核心（方法/建议/观点/卖点/亮点/推荐理由）+ 2～4 句解释展开” → `METHOD_STACK`
- 同一**案例/子话题**、**单主图**，口播 **4～6 句** 呈「个案→误判/推论→纠偏→收束」叙事弧 → `CASE_BREAKDOWN`（非「第一/第二」方法清单、非多图节拍时用本模板；方法要点式仍用 `METHOD_STACK`）

### D. 节拍递进（expressionTag=beat）
- 同一镜头内 2～4 段口播节拍递进（问→驳→收束；铺垫→转折→结论），希望画面跟着分段变化 → `BEAT_SEQUENCE`
  - **提示**：如果递进里还夹杂“强对照/命名”，通常应拆成多个 item，不要硬塞一个 `BEAT_SEQUENCE`。
- 同一镜头内 **因果链 / 机制传导**（因→果→再果，每环一图，无时间轴刻度）→ `CAUSE_CHAIN`

### E. 引用/命名/聚焦（expressionTag=quote|concept|focus）
- 名言、著作、研究、媒体引用、用户评价、证言摘录 → `QUOTE_CITATION`
- 对“专业术语、概念、产品名、品牌关键词、功能名等”新名词进行解释→ `CONCEPT_CARD`
- 需要把注意力锁定到一个关键词/短语/关键细节/核心发现上 → `MAGNIFYING_GLASS`
  - 必须存在明确落点句（如“关键在于…”“核心是…”“结论是…”）
  - 需要后续可提取 1～2 个高价值锚点短语（否则不要选）

### F. 金句冲击（expressionTag=focus）
- 全片级短促强结论、无需配图 → `TEXT_FOCUS`

### G. 时间轴，先后关系（expressionTag=timeline）
- 明确时间先后/阶段演进（过去→现在→未来）→ `TIMELINE`

### G2. 收束清单（expressionTag≈conclusion|list）
- 收束、行动检查项、要点复诵，需要**逐项打勾显现**（非编号短步骤、非并列大图组）→ `CHECKLIST_REVEAL`

### H. 默认（expressionTag=neutral）
- 平缓叙述、单图即可、无上述结构 → `CENTER_FOCUS`

---

## ✅ 输出格式（严格 JSON，禁止包含 markdown 代码块）
{
  "items": [
    {
      "text": "逐字口播片段（必须来自原文，且拼接后覆盖原文）",
      "narrativeType": "HOOK | LOGIC | CASE | DATA | CONCLUSION | TRANSITION",
      "template": "必须来自可用模板列表",
      "expressionTag": "data | contrast | list | steps | method | beat | quote | concept | focus | timeline | neutral",
      "confidence": "low | medium | high",
      "reasoning": "一句话说明：该段的主表达结构是什么 → 为什么选该模板 → 若拆分/合并，理由是什么"
    }
  ]
}

===========================================================================================
---------------------------------------- RESPONSE ----------------------------------------
time: 2026-06-08 21:17:39
attempt: 1/3

[OUTPUT]
{
  "items": [
    {
      "text": "所以，一间破房子挡住国王，靠的不是门板。靠的不是锁。靠的不是主人比国王更强。",
      "narrativeType": "LOGIC",
      "template": "BEAT_SEQUENCE",
      "expressionTag": "beat",
      "confidence": "high",
      "reasoning": "三个“靠的不是”构成排比否定节拍，层层递进从具体物到抽象力量，适合用BEAT_SEQUENCE呈现画面节奏变化，且字数33字在合理范围。"
    },
    {
      "text": "靠的是所有人都承认，哪怕他再弱，这里也有一条线。",
      "narrativeType": "LOGIC",
      "template": "CONCEPT_CARD",
      "expressionTag": "concept",
      "confidence": "high",
      "reasoning": "转折揭示核心概念“一条线”，引出全文关键隐喻，用CONCEPT_CARD对术语进行定格解释，为后续“线外/线内”对比做铺垫。"
    },
    {
      "text": "线外，是公共权力。线内，是私人生活。",
      "narrativeType": "LOGIC",
      "template": "SPLIT_COMPARE",
      "expressionTag": "contrast",
      "confidence": "high",
      "reasoning": "明确的两方并列对比：线外vs线内、公共权力vs私人生活，SPLIT_COMPARE直接适配这种二分对立结构。"
    },
    {
      "text": "权力可以强大。但不能无处不在。国家可以重要。但不能吞掉每一个人的门槛。",
      "narrativeType": "LOGIC",
      "template": "PANEL_GRID",
      "expressionTag": "list",
      "confidence": "high",
      "reasoning": "两个“可以…但不能…”的并列限制分点，各有独立意象（权力/国家），用PANEL_GRID宫格分别配图呈现，强化边界约束的视觉记忆。"
    },
    {
      "text": "房子可以破。墙可以漏。生活可以艰难。",
      "narrativeType": "CASE",
      "template": "BEAT_SEQUENCE",
      "expressionTag": "beat",
      "confidence": "high",
      "reasoning": "三个“可以”并列的让步铺垫，从小到大（房子→墙→生活），用BEAT_SEQUENCE递进营造退无可退的紧迫感，为后文转折蓄势。"
    },
    {
      "text": "但只要那条边界还在，普通人就还有站立的地方。",
      "narrativeType": "CONCLUSION",
      "template": "TEXT_FOCUS",
      "expressionTag": "focus",
      "confidence": "high",
      "reasoning": "全片核心金句，短促有力，直指边界价值，TEXT_FOCUS将全部视觉聚焦文字，无需配图，冲击力最大化。"
    },
    {
      "text": "真正可怕的，不是风进来了，不是雨进来了。而是有一天，国王进来了。大家还觉得，这很正常。",
      "narrativeType": "LOGIC",
      "template": "COGNITIVE_SHIFT",
      "expressionTag": "contrast",
      "confidence": "high",
      "reasoning": "典型“不是…而是…”认知转变结构，从自然侵蚀到权力入侵，并叠加自我麻痹的恐怖，COGNITIVE_SHIFT完美承载转折的戏剧性。"
    },
    {
      "text": "那一刻，破掉的就不是房子。是文明本身。",
      "narrativeType": "CONCLUSION",
      "template": "COGNITIVE_SHIFT",
      "expressionTag": "contrast",
      "confidence": "high",
      "reasoning": "收尾的升华级“不是…而是…”，从物理毁灭升维到文明坍塌，COGNITIVE_SHIFT完成认知的终极翻转，定格全片主题。"
    }
  ]
}
-------------------------------------------------------------------------------------------

======================================== REQUEST ========================================
time: 2026-06-08 21:17:39
provider: deepseek
model: deepseek-v4-pro
retries: 3

[PROMPT]
你是短视频字幕与画面细节处理专家。请把指定台词细化为字模显示参数。


## 完整段落上下文（仅供理解整体语境，判断当前句子的重要性）
如果必须在人类历史的浩瀚星河中，选出一句最让我震撼、也最动心的话。

在学生时代，我一定会毫不犹豫地诵出张载的横渠四句：

“为天地立心，为生民立命，为往圣继绝学，为万世开太平。”

那时的我，满眼都是宏大叙事，满心都是天下苍生。

直到经历某些社会的毒打。

突然有一天，我在知乎的一个问题下，看到了另外一句话：

“我有一间破房子，风能进，雨能进，国王不能进。”

记忆里，那天的我凝视着屏幕，久久无法移开视线。

那不是一种被大风大浪席卷的冲击。

而是一种锥心刺骨、前所未有的震撼。


## 🎯 待处理的目标文案
如果必须在人类历史的浩瀚星河中，选出一句最让我震撼、也最动心的话。

## 目标文案content的数组结构
生成模板参数时，format为content_index的字段依据此数组选择匹配的索引，用于决定相应内容出现在动画中的时机

[
  {
    "index": 0,
    "text": "如果必须在人类历史的浩瀚星河中，"
  },
  {
    "index": 1,
    "text": "选出一句最让我震撼、"
  },
  {
    "index": 2,
    "text": "也最动心的话。"
  }
]


## 选定模板及参数规范

模板名称：CENTER_FOCUS

参数 Schema 说明：

{
  "type": "object",
  "properties": {
    "imageSrc": {
      "type": "string",
      "format": "image_prompt",
      "description": "主图描述"
    },
    "enterEffect": {
      "type": "string",
      "enum": [
        "fadeIn",
        "slideLeft",
        "slideBottom",
        "zoomIn"
      ],
      "default": "fadeIn",
      "description": "图片入场方式（breathe 呼吸效果始终常驻，无需指定）"
    },
    "anchors": {
      "type": "array",
      "description": "可选；用于锚点词展示（顶部依次出现并保留为列表），并绑定锚点出现时机的音效。showFrom 须落在当前 content 条数范围内。注意 **保持克制，尽量少设置锚点** 只提取整段里真正的高潮、反转或核心名词",
      "items": {
        "type": "object",
        "required": [
          "text",
          "showFrom"
        ],
        "properties": {
          "text": {
            "type": "string",
            "description": "要展示的锚点词"
          },
          "showFrom": {
            "type": "integer",
            "format": "content_index",
            "description": "content 数组下标（0-based），非帧数；合法范围 0～(content 条数-1)，超出会被校验丢弃"
          },
          "color": {
            "type": "string"
          },
          "anim": {
            "type": "string",
            "enum": [
              "spring",
              "slideUp",
              "popIn",
              "highlight"
            ]
          },
          "audioEffect": {
            "type": "string",
            "enum": [
              "impact_thud",
              "ping",
              "woosh"
            ]
          }
        }
      }
    }
  },
  "required": [
    "imageSrc"
  ]
}


模板该项的示例供参考：

{
  "template": "CENTER_FOCUS",
  "param": {
    "imageSrc": "上班族坐在电脑前的简笔画图标",
    "enterEffect": "fadeIn",
    "anchors": [
      {
        "text": "可得性启发",
        "showFrom": 0,
        "color": "red"
      }
    ]
  }
}


注意：如果该模板生成的参数包含图片视觉描述（如 imageSrc / leftSrc / rightSrc 等等），请只描述纯视觉场景与动作，绝不要包含任何文字、标语或注音。


## 其他通用说明
1. 锚点（Anchor）— 克制与高价值（适用于 SCHEMA 或上文允许出现锚点/高亮时）：
   - 多数句子应**无锚点**；拿不准就留空或 `[]`，避免满屏高亮。
   - 如果一定需要锚点，只选**整段里真正的高潮、反转或核心名词**（宜 2～4 字、有记忆点）；平庸词、铺垫句不要做成锚点。
   - 颜色建议：`#EF4444`（警示/反转/负面/结论）、`#000000`（事实/术语/数据）。动画 `anim`：`spring` | `slideUp` | `popIn` | `highlight`。
   - 音效可选(仅写在锚点对象上的 `audioEffect`)：`impact_thud` | `ping` | `woosh`

2. 视觉标题与字幕分离（仅当 SCHEMA 要求 `notText` / `butText` / `conceptName`、或 DOS_AND_DONTS 的 `left.label` / `right.label` 等时）：

   - 填**极简关键词（约 2～6 字）**，禁止把整句台词搬进标题字段。



## 输出格式（严格 JSON，不要 markdown 代码块）
补全当前模板的param,非数组：
{ "param": { ... } }

===========================================================================================
---------------------------------------- RESPONSE ----------------------------------------
time: 2026-06-08 21:17:47
attempt: 1/3

[OUTPUT]
{
  "param": {
    "imageSrc": "一个人在夜晚仰望浩瀚星空，背影孤独而沉思",
    "enterEffect": "fadeIn",
    "anchors": []
  }
}
-------------------------------------------------------------------------------------------

======================================== REQUEST ========================================
time: 2026-06-08 21:17:47
provider: deepseek
model: deepseek-v4-pro
retries: 3

[PROMPT]
你是短视频字幕与画面细节处理专家。请把指定台词细化为字模显示参数。


## 完整段落上下文（仅供理解整体语境，判断当前句子的重要性）
如果必须在人类历史的浩瀚星河中，选出一句最让我震撼、也最动心的话。

在学生时代，我一定会毫不犹豫地诵出张载的横渠四句：

“为天地立心，为生民立命，为往圣继绝学，为万世开太平。”

那时的我，满眼都是宏大叙事，满心都是天下苍生。

直到经历某些社会的毒打。

突然有一天，我在知乎的一个问题下，看到了另外一句话：

“我有一间破房子，风能进，雨能进，国王不能进。”

记忆里，那天的我凝视着屏幕，久久无法移开视线。

那不是一种被大风大浪席卷的冲击。

而是一种锥心刺骨、前所未有的震撼。


## 🎯 待处理的目标文案
在学生时代，我一定会毫不犹豫地诵出张载的横渠四句：

## 目标文案content的数组结构
生成模板参数时，format为content_index的字段依据此数组选择匹配的索引，用于决定相应内容出现在动画中的时机

[
  {
    "index": 0,
    "text": "在学生时代，"
  },
  {
    "index": 1,
    "text": "我一定会毫不犹豫地诵出张载的横渠四句："
  }
]


## 选定模板及参数规范

模板名称：CENTER_FOCUS

参数 Schema 说明：

{
  "type": "object",
  "properties": {
    "imageSrc": {
      "type": "string",
      "format": "image_prompt",
      "description": "主图描述"
    },
    "enterEffect": {
      "type": "string",
      "enum": [
        "fadeIn",
        "slideLeft",
        "slideBottom",
        "zoomIn"
      ],
      "default": "fadeIn",
      "description": "图片入场方式（breathe 呼吸效果始终常驻，无需指定）"
    },
    "anchors": {
      "type": "array",
      "description": "可选；用于锚点词展示（顶部依次出现并保留为列表），并绑定锚点出现时机的音效。showFrom 须落在当前 content 条数范围内。注意 **保持克制，尽量少设置锚点** 只提取整段里真正的高潮、反转或核心名词",
      "items": {
        "type": "object",
        "required": [
          "text",
          "showFrom"
        ],
        "properties": {
          "text": {
            "type": "string",
            "description": "要展示的锚点词"
          },
          "showFrom": {
            "type": "integer",
            "format": "content_index",
            "description": "content 数组下标（0-based），非帧数；合法范围 0～(content 条数-1)，超出会被校验丢弃"
          },
          "color": {
            "type": "string"
          },
          "anim": {
            "type": "string",
            "enum": [
              "spring",
              "slideUp",
              "popIn",
              "highlight"
            ]
          },
          "audioEffect": {
            "type": "string",
            "enum": [
              "impact_thud",
              "ping",
              "woosh"
            ]
          }
        }
      }
    }
  },
  "required": [
    "imageSrc"
  ]
}


模板该项的示例供参考：

{
  "template": "CENTER_FOCUS",
  "param": {
    "imageSrc": "上班族坐在电脑前的简笔画图标",
    "enterEffect": "fadeIn",
    "anchors": [
      {
        "text": "可得性启发",
        "showFrom": 0,
        "color": "red"
      }
    ]
  }
}


注意：如果该模板生成的参数包含图片视觉描述（如 imageSrc / leftSrc / rightSrc 等等），请只描述纯视觉场景与动作，绝不要包含任何文字、标语或注音。


## 其他通用说明
1. 锚点（Anchor）— 克制与高价值（适用于 SCHEMA 或上文允许出现锚点/高亮时）：
   - 多数句子应**无锚点**；拿不准就留空或 `[]`，避免满屏高亮。
   - 如果一定需要锚点，只选**整段里真正的高潮、反转或核心名词**（宜 2～4 字、有记忆点）；平庸词、铺垫句不要做成锚点。
   - 颜色建议：`#EF4444`（警示/反转/负面/结论）、`#000000`（事实/术语/数据）。动画 `anim`：`spring` | `slideUp` | `popIn` | `highlight`。
   - 音效可选(仅写在锚点对象上的 `audioEffect`)：`impact_thud` | `ping` | `woosh`

2. 视觉标题与字幕分离（仅当 SCHEMA 要求 `notText` / `butText` / `conceptName`、或 DOS_AND_DONTS 的 `left.label` / `right.label` 等时）：

   - 填**极简关键词（约 2～6 字）**，禁止把整句台词搬进标题字段。



## 输出格式（严格 JSON，不要 markdown 代码块）
补全当前模板的param,非数组：
{ "param": { ... } }

===========================================================================================
---------------------------------------- RESPONSE ----------------------------------------
time: 2026-06-08 21:18:00
attempt: 1/3

[OUTPUT]
{
  "param": {
    "imageSrc": "少年学子在窗前高声诵读，窗外是朦胧的山河轮廓",
    "enterEffect": "fadeIn",
    "anchors": []
  }
}
-------------------------------------------------------------------------------------------

======================================== REQUEST ========================================
time: 2026-06-08 21:18:00
provider: deepseek
model: deepseek-v4-pro
retries: 3

[PROMPT]
你是短视频字幕与画面细节处理专家。请把指定台词细化为字模显示参数。


## 完整段落上下文（仅供理解整体语境，判断当前句子的重要性）
如果必须在人类历史的浩瀚星河中，选出一句最让我震撼、也最动心的话。

在学生时代，我一定会毫不犹豫地诵出张载的横渠四句：

“为天地立心，为生民立命，为往圣继绝学，为万世开太平。”

那时的我，满眼都是宏大叙事，满心都是天下苍生。

直到经历某些社会的毒打。

突然有一天，我在知乎的一个问题下，看到了另外一句话：

“我有一间破房子，风能进，雨能进，国王不能进。”

记忆里，那天的我凝视着屏幕，久久无法移开视线。

那不是一种被大风大浪席卷的冲击。

而是一种锥心刺骨、前所未有的震撼。


## 🎯 待处理的目标文案
“为天地立心，为生民立命，为往圣继绝学，为万世开太平。”

## 目标文案content的数组结构
生成模板参数时，format为content_index的字段依据此数组选择匹配的索引，用于决定相应内容出现在动画中的时机

[
  {
    "index": 0,
    "text": "“为天地立心，"
  },
  {
    "index": 1,
    "text": "为生民立命，"
  },
  {
    "index": 2,
    "text": "为往圣继绝学，"
  },
  {
    "index": 3,
    "text": "为万世开太平。”"
  }
]


## 选定模板及参数规范

模板名称：QUOTE_CITATION

参数 Schema 说明：

{
  "type": "object",
  "properties": {
    "quoteSource": {
      "type": "string",
      "description": "引言来源"
    },
    "quoteDisplayText": {
      "type": "string",
      "description": "版心引用正文（打字机效果）；不传则使用 content 拼接结果"
    },
    "showFrom": {
      "type": "integer",
      "description": "content 下标（0-based）。仅打字正文从该条 startFrame 起再入场；开引号与 quoteSource 仍从 item 起点出现。未传 quoteDisplayText 时正文从该条起拼接"
    }
  },
  "required": [
    "quoteSource"
  ]
}


模板该项的示例供参考：

{
  "template": "QUOTE_CITATION",
  "param": {
    "quoteDisplayText": "我思故我在",
    "quoteSource": "《思考，快与慢》"
  }
}


注意：如果该模板生成的参数包含图片视觉描述（如 imageSrc / leftSrc / rightSrc 等等），请只描述纯视觉场景与动作，绝不要包含任何文字、标语或注音。


## 其他通用说明
1. 锚点（Anchor）— 克制与高价值（适用于 SCHEMA 或上文允许出现锚点/高亮时）：
   - 多数句子应**无锚点**；拿不准就留空或 `[]`，避免满屏高亮。
   - 如果一定需要锚点，只选**整段里真正的高潮、反转或核心名词**（宜 2～4 字、有记忆点）；平庸词、铺垫句不要做成锚点。
   - 颜色建议：`#EF4444`（警示/反转/负面/结论）、`#000000`（事实/术语/数据）。动画 `anim`：`spring` | `slideUp` | `popIn` | `highlight`。
   - 音效可选(仅写在锚点对象上的 `audioEffect`)：`impact_thud` | `ping` | `woosh`

2. 视觉标题与字幕分离（仅当 SCHEMA 要求 `notText` / `butText` / `conceptName`、或 DOS_AND_DONTS 的 `left.label` / `right.label` 等时）：

   - 填**极简关键词（约 2～6 字）**，禁止把整句台词搬进标题字段。



## 输出格式（严格 JSON，不要 markdown 代码块）
补全当前模板的param,非数组：
{ "param": { ... } }

===========================================================================================
---------------------------------------- RESPONSE ----------------------------------------
time: 2026-06-08 21:18:22
attempt: 1/3

[OUTPUT]
{"param": {"quoteSource": "张载"}}
-------------------------------------------------------------------------------------------

======================================== REQUEST ========================================
time: 2026-06-08 21:18:22
provider: deepseek
model: deepseek-v4-pro
retries: 3

[PROMPT]
你是短视频字幕与画面细节处理专家。请把指定台词细化为字模显示参数。


## 完整段落上下文（仅供理解整体语境，判断当前句子的重要性）
如果必须在人类历史的浩瀚星河中，选出一句最让我震撼、也最动心的话。

在学生时代，我一定会毫不犹豫地诵出张载的横渠四句：

“为天地立心，为生民立命，为往圣继绝学，为万世开太平。”

那时的我，满眼都是宏大叙事，满心都是天下苍生。

直到经历某些社会的毒打。

突然有一天，我在知乎的一个问题下，看到了另外一句话：

“我有一间破房子，风能进，雨能进，国王不能进。”

记忆里，那天的我凝视着屏幕，久久无法移开视线。

那不是一种被大风大浪席卷的冲击。

而是一种锥心刺骨、前所未有的震撼。


## 🎯 待处理的目标文案
那时的我，满眼都是宏大叙事，满心都是天下苍生。

## 目标文案content的数组结构
生成模板参数时，format为content_index的字段依据此数组选择匹配的索引，用于决定相应内容出现在动画中的时机

[
  {
    "index": 0,
    "text": "那时的我，"
  },
  {
    "index": 1,
    "text": "满眼都是宏大叙事，"
  },
  {
    "index": 2,
    "text": "满心都是天下苍生。"
  }
]


## 选定模板及参数规范

模板名称：CENTER_FOCUS

参数 Schema 说明：

{
  "type": "object",
  "properties": {
    "imageSrc": {
      "type": "string",
      "format": "image_prompt",
      "description": "主图描述"
    },
    "enterEffect": {
      "type": "string",
      "enum": [
        "fadeIn",
        "slideLeft",
        "slideBottom",
        "zoomIn"
      ],
      "default": "fadeIn",
      "description": "图片入场方式（breathe 呼吸效果始终常驻，无需指定）"
    },
    "anchors": {
      "type": "array",
      "description": "可选；用于锚点词展示（顶部依次出现并保留为列表），并绑定锚点出现时机的音效。showFrom 须落在当前 content 条数范围内。注意 **保持克制，尽量少设置锚点** 只提取整段里真正的高潮、反转或核心名词",
      "items": {
        "type": "object",
        "required": [
          "text",
          "showFrom"
        ],
        "properties": {
          "text": {
            "type": "string",
            "description": "要展示的锚点词"
          },
          "showFrom": {
            "type": "integer",
            "format": "content_index",
            "description": "content 数组下标（0-based），非帧数；合法范围 0～(content 条数-1)，超出会被校验丢弃"
          },
          "color": {
            "type": "string"
          },
          "anim": {
            "type": "string",
            "enum": [
              "spring",
              "slideUp",
              "popIn",
              "highlight"
            ]
          },
          "audioEffect": {
            "type": "string",
            "enum": [
              "impact_thud",
              "ping",
              "woosh"
            ]
          }
        }
      }
    }
  },
  "required": [
    "imageSrc"
  ]
}


模板该项的示例供参考：

{
  "template": "CENTER_FOCUS",
  "param": {
    "imageSrc": "上班族坐在电脑前的简笔画图标",
    "enterEffect": "fadeIn",
    "anchors": [
      {
        "text": "可得性启发",
        "showFrom": 0,
        "color": "red"
      }
    ]
  }
}


注意：如果该模板生成的参数包含图片视觉描述（如 imageSrc / leftSrc / rightSrc 等等），请只描述纯视觉场景与动作，绝不要包含任何文字、标语或注音。


## 其他通用说明
1. 锚点（Anchor）— 克制与高价值（适用于 SCHEMA 或上文允许出现锚点/高亮时）：
   - 多数句子应**无锚点**；拿不准就留空或 `[]`，避免满屏高亮。
   - 如果一定需要锚点，只选**整段里真正的高潮、反转或核心名词**（宜 2～4 字、有记忆点）；平庸词、铺垫句不要做成锚点。
   - 颜色建议：`#EF4444`（警示/反转/负面/结论）、`#000000`（事实/术语/数据）。动画 `anim`：`spring` | `slideUp` | `popIn` | `highlight`。
   - 音效可选(仅写在锚点对象上的 `audioEffect`)：`impact_thud` | `ping` | `woosh`

2. 视觉标题与字幕分离（仅当 SCHEMA 要求 `notText` / `butText` / `conceptName`、或 DOS_AND_DONTS 的 `left.label` / `right.label` 等时）：

   - 填**极简关键词（约 2～6 字）**，禁止把整句台词搬进标题字段。



## 输出格式（严格 JSON，不要 markdown 代码块）
补全当前模板的param,非数组：
{ "param": { ... } }

===========================================================================================
---------------------------------------- RESPONSE ----------------------------------------
time: 2026-06-08 21:18:35
attempt: 1/3

[OUTPUT]
{ "param": { "imageSrc": "一位年轻人仰望星空的剪影，满眼憧憬", "enterEffect": "fadeIn", "anchors": [] } }
-------------------------------------------------------------------------------------------

======================================== REQUEST ========================================
time: 2026-06-08 21:18:35
provider: deepseek
model: deepseek-v4-pro
retries: 3

[PROMPT]
你是短视频字幕与画面细节处理专家。请把指定台词细化为字模显示参数。


## 完整段落上下文（仅供理解整体语境，判断当前句子的重要性）
如果必须在人类历史的浩瀚星河中，选出一句最让我震撼、也最动心的话。

在学生时代，我一定会毫不犹豫地诵出张载的横渠四句：

“为天地立心，为生民立命，为往圣继绝学，为万世开太平。”

那时的我，满眼都是宏大叙事，满心都是天下苍生。

直到经历某些社会的毒打。

突然有一天，我在知乎的一个问题下，看到了另外一句话：

“我有一间破房子，风能进，雨能进，国王不能进。”

记忆里，那天的我凝视着屏幕，久久无法移开视线。

那不是一种被大风大浪席卷的冲击。

而是一种锥心刺骨、前所未有的震撼。


## 🎯 待处理的目标文案
直到经历某些社会的毒打。突然有一天，我在知乎的一个问题下，看到了另外一句话：

## 目标文案content的数组结构
生成模板参数时，format为content_index的字段依据此数组选择匹配的索引，用于决定相应内容出现在动画中的时机

[
  {
    "index": 0,
    "text": "直到经历某些社会的毒打。"
  },
  {
    "index": 1,
    "text": "突然有一天，"
  },
  {
    "index": 2,
    "text": "我在知乎的一个问题下，"
  },
  {
    "index": 3,
    "text": "看到了另外一句话："
  }
]


## 选定模板及参数规范

模板名称：BEAT_SEQUENCE

参数 Schema 说明：

{
  "type": "object",
  "properties": {
    "stages": {
      "type": "array",
      "minItems": 2,
      "maxItems": 4,
      "description": "配图序列：每条 stage 一张图；imageSrc、enterEffect、可选 tone（calm|alert）、可选 showFrom（对齐镜头外层 content[] 下标）",
      "items": {
        "type": "object",
        "required": [
          "imageSrc"
        ],
        "properties": {
          "imageSrc": {
            "type": "string",
            "format": "image_prompt",
            "description": "该节拍配图提示词"
          },
          "enterEffect": {
            "type": "string",
            "enum": [
              "breathe",
              "slideLeft",
              "slideBottom",
              "zoomIn",
              "fadeIn"
            ],
            "default": "breathe",
            "description": "入场效果"
          },
          "tone": {
            "type": "string",
            "enum": [
              "calm",
              "alert"
            ],
            "description": "首条可 calm，其余默认可 alert"
          },
          "showFrom": {
            "type": "content_index",
            "minimum": 0,
            "description": "镜头 item 外层 content 数组（与 param 同级）的 0-based 下标；从该条 startFrame 起显示本图。省略则等于当前 stages 下标 i（与第 i 条口播同步）"
          }
        }
      }
    }
  },
  "required": [
    "stages"
  ]
}

// 口播条数（已由程序写入 CONTENT_STR，勿在 param 中输出 content）：口播分句（item.content）至少 2 条；口播分句至多 4 条（超出会被校验器告警）


模板该项的示例供参考：

{
  "template": "BEAT_SEQUENCE",
  "param": {
    "stages": [
      {
        "imageSrc": "问句配图简笔画",
        "enterEffect": "breathe"
      },
      {
        "imageSrc": "转折警示配图",
        "enterEffect": "slideBottom"
      },
      {
        "imageSrc": "结论冲击配图",
        "enterEffect": "slideBottom"
      }
    ]
  }
}


注意：如果该模板生成的参数包含图片视觉描述（如 imageSrc / leftSrc / rightSrc 等等），请只描述纯视觉场景与动作，绝不要包含任何文字、标语或注音。


## 其他通用说明
1. 锚点（Anchor）— 克制与高价值（适用于 SCHEMA 或上文允许出现锚点/高亮时）：
   - 多数句子应**无锚点**；拿不准就留空或 `[]`，避免满屏高亮。
   - 如果一定需要锚点，只选**整段里真正的高潮、反转或核心名词**（宜 2～4 字、有记忆点）；平庸词、铺垫句不要做成锚点。
   - 颜色建议：`#EF4444`（警示/反转/负面/结论）、`#000000`（事实/术语/数据）。动画 `anim`：`spring` | `slideUp` | `popIn` | `highlight`。
   - 音效可选(仅写在锚点对象上的 `audioEffect`)：`impact_thud` | `ping` | `woosh`

2. 视觉标题与字幕分离（仅当 SCHEMA 要求 `notText` / `butText` / `conceptName`、或 DOS_AND_DONTS 的 `left.label` / `right.label` 等时）：

   - 填**极简关键词（约 2～6 字）**，禁止把整句台词搬进标题字段。



## 输出格式（严格 JSON，不要 markdown 代码块）
补全当前模板的param,非数组：
{ "param": { ... } }

===========================================================================================
---------------------------------------- RESPONSE ----------------------------------------
time: 2026-06-08 21:19:06
attempt: 1/3

[OUTPUT]
{"param":{"stages":[{"imageSrc":"一个年轻人站在巨大的裂缝或破碎的镜子前，象征理想受挫，光影暗淡","enterEffect":"fadeIn","tone":"calm","showFrom":0},{"imageSrc":"一个年轻人坐在电脑前，屏幕上隐约可见知乎问答界面，背光，表情从迷茫转向专注","enterEffect":"slideBottom","tone":"alert","showFrom":1},{"imageSrc":"特写眼睛瞳孔放大，有一道光线射入，周围背景虚化，充满觉醒感","enterEffect":"zoomIn","tone":"alert","showFrom":3}]}}
-------------------------------------------------------------------------------------------

======================================== REQUEST ========================================
time: 2026-06-08 21:19:06
provider: deepseek
model: deepseek-v4-pro
retries: 3

[PROMPT]
你是短视频字幕与画面细节处理专家。请把指定台词细化为字模显示参数。


## 完整段落上下文（仅供理解整体语境，判断当前句子的重要性）
如果必须在人类历史的浩瀚星河中，选出一句最让我震撼、也最动心的话。

在学生时代，我一定会毫不犹豫地诵出张载的横渠四句：

“为天地立心，为生民立命，为往圣继绝学，为万世开太平。”

那时的我，满眼都是宏大叙事，满心都是天下苍生。

直到经历某些社会的毒打。

突然有一天，我在知乎的一个问题下，看到了另外一句话：

“我有一间破房子，风能进，雨能进，国王不能进。”

记忆里，那天的我凝视着屏幕，久久无法移开视线。

那不是一种被大风大浪席卷的冲击。

而是一种锥心刺骨、前所未有的震撼。


## 🎯 待处理的目标文案
“我有一间破房子，风能进，雨能进，国王不能进。”

## 目标文案content的数组结构
生成模板参数时，format为content_index的字段依据此数组选择匹配的索引，用于决定相应内容出现在动画中的时机

[
  {
    "index": 0,
    "text": "“我有一间破房子，"
  },
  {
    "index": 1,
    "text": "风能进，"
  },
  {
    "index": 2,
    "text": "雨能进，"
  },
  {
    "index": 3,
    "text": "国王不能进。”"
  }
]


## 选定模板及参数规范

模板名称：QUOTE_CITATION

参数 Schema 说明：

{
  "type": "object",
  "properties": {
    "quoteSource": {
      "type": "string",
      "description": "引言来源"
    },
    "quoteDisplayText": {
      "type": "string",
      "description": "版心引用正文（打字机效果）；不传则使用 content 拼接结果"
    },
    "showFrom": {
      "type": "integer",
      "description": "content 下标（0-based）。仅打字正文从该条 startFrame 起再入场；开引号与 quoteSource 仍从 item 起点出现。未传 quoteDisplayText 时正文从该条起拼接"
    }
  },
  "required": [
    "quoteSource"
  ]
}


模板该项的示例供参考：

{
  "template": "QUOTE_CITATION",
  "param": {
    "quoteDisplayText": "我思故我在",
    "quoteSource": "《思考，快与慢》"
  }
}


注意：如果该模板生成的参数包含图片视觉描述（如 imageSrc / leftSrc / rightSrc 等等），请只描述纯视觉场景与动作，绝不要包含任何文字、标语或注音。


## 其他通用说明
1. 锚点（Anchor）— 克制与高价值（适用于 SCHEMA 或上文允许出现锚点/高亮时）：
   - 多数句子应**无锚点**；拿不准就留空或 `[]`，避免满屏高亮。
   - 如果一定需要锚点，只选**整段里真正的高潮、反转或核心名词**（宜 2～4 字、有记忆点）；平庸词、铺垫句不要做成锚点。
   - 颜色建议：`#EF4444`（警示/反转/负面/结论）、`#000000`（事实/术语/数据）。动画 `anim`：`spring` | `slideUp` | `popIn` | `highlight`。
   - 音效可选(仅写在锚点对象上的 `audioEffect`)：`impact_thud` | `ping` | `woosh`

2. 视觉标题与字幕分离（仅当 SCHEMA 要求 `notText` / `butText` / `conceptName`、或 DOS_AND_DONTS 的 `left.label` / `right.label` 等时）：

   - 填**极简关键词（约 2～6 字）**，禁止把整句台词搬进标题字段。



## 输出格式（严格 JSON，不要 markdown 代码块）
补全当前模板的param,非数组：
{ "param": { ... } }

===========================================================================================
---------------------------------------- RESPONSE ----------------------------------------
time: 2026-06-08 21:19:25
attempt: 1/3

[OUTPUT]
{ "param": { "quoteDisplayText": "我有一间破房子，风能进，雨能进，国王不能进。", "quoteSource": "知乎" } }
-------------------------------------------------------------------------------------------

======================================== REQUEST ========================================
time: 2026-06-08 21:19:25
provider: deepseek
model: deepseek-v4-pro
retries: 3

[PROMPT]
你是短视频字幕与画面细节处理专家。请把指定台词细化为字模显示参数。


## 完整段落上下文（仅供理解整体语境，判断当前句子的重要性）
如果必须在人类历史的浩瀚星河中，选出一句最让我震撼、也最动心的话。

在学生时代，我一定会毫不犹豫地诵出张载的横渠四句：

“为天地立心，为生民立命，为往圣继绝学，为万世开太平。”

那时的我，满眼都是宏大叙事，满心都是天下苍生。

直到经历某些社会的毒打。

突然有一天，我在知乎的一个问题下，看到了另外一句话：

“我有一间破房子，风能进，雨能进，国王不能进。”

记忆里，那天的我凝视着屏幕，久久无法移开视线。

那不是一种被大风大浪席卷的冲击。

而是一种锥心刺骨、前所未有的震撼。


## 🎯 待处理的目标文案
记忆里，那天的我凝视着屏幕，久久无法移开视线。

## 目标文案content的数组结构
生成模板参数时，format为content_index的字段依据此数组选择匹配的索引，用于决定相应内容出现在动画中的时机

[
  {
    "index": 0,
    "text": "记忆里，"
  },
  {
    "index": 1,
    "text": "那天的我凝视着屏幕，"
  },
  {
    "index": 2,
    "text": "久久无法移开视线。"
  }
]


## 选定模板及参数规范

模板名称：CENTER_FOCUS

参数 Schema 说明：

{
  "type": "object",
  "properties": {
    "imageSrc": {
      "type": "string",
      "format": "image_prompt",
      "description": "主图描述"
    },
    "enterEffect": {
      "type": "string",
      "enum": [
        "fadeIn",
        "slideLeft",
        "slideBottom",
        "zoomIn"
      ],
      "default": "fadeIn",
      "description": "图片入场方式（breathe 呼吸效果始终常驻，无需指定）"
    },
    "anchors": {
      "type": "array",
      "description": "可选；用于锚点词展示（顶部依次出现并保留为列表），并绑定锚点出现时机的音效。showFrom 须落在当前 content 条数范围内。注意 **保持克制，尽量少设置锚点** 只提取整段里真正的高潮、反转或核心名词",
      "items": {
        "type": "object",
        "required": [
          "text",
          "showFrom"
        ],
        "properties": {
          "text": {
            "type": "string",
            "description": "要展示的锚点词"
          },
          "showFrom": {
            "type": "integer",
            "format": "content_index",
            "description": "content 数组下标（0-based），非帧数；合法范围 0～(content 条数-1)，超出会被校验丢弃"
          },
          "color": {
            "type": "string"
          },
          "anim": {
            "type": "string",
            "enum": [
              "spring",
              "slideUp",
              "popIn",
              "highlight"
            ]
          },
          "audioEffect": {
            "type": "string",
            "enum": [
              "impact_thud",
              "ping",
              "woosh"
            ]
          }
        }
      }
    }
  },
  "required": [
    "imageSrc"
  ]
}


模板该项的示例供参考：

{
  "template": "CENTER_FOCUS",
  "param": {
    "imageSrc": "上班族坐在电脑前的简笔画图标",
    "enterEffect": "fadeIn",
    "anchors": [
      {
        "text": "可得性启发",
        "showFrom": 0,
        "color": "red"
      }
    ]
  }
}


注意：如果该模板生成的参数包含图片视觉描述（如 imageSrc / leftSrc / rightSrc 等等），请只描述纯视觉场景与动作，绝不要包含任何文字、标语或注音。


## 其他通用说明
1. 锚点（Anchor）— 克制与高价值（适用于 SCHEMA 或上文允许出现锚点/高亮时）：
   - 多数句子应**无锚点**；拿不准就留空或 `[]`，避免满屏高亮。
   - 如果一定需要锚点，只选**整段里真正的高潮、反转或核心名词**（宜 2～4 字、有记忆点）；平庸词、铺垫句不要做成锚点。
   - 颜色建议：`#EF4444`（警示/反转/负面/结论）、`#000000`（事实/术语/数据）。动画 `anim`：`spring` | `slideUp` | `popIn` | `highlight`。
   - 音效可选(仅写在锚点对象上的 `audioEffect`)：`impact_thud` | `ping` | `woosh`

2. 视觉标题与字幕分离（仅当 SCHEMA 要求 `notText` / `butText` / `conceptName`、或 DOS_AND_DONTS 的 `left.label` / `right.label` 等时）：

   - 填**极简关键词（约 2～6 字）**，禁止把整句台词搬进标题字段。



## 输出格式（严格 JSON，不要 markdown 代码块）
补全当前模板的param,非数组：
{ "param": { ... } }

===========================================================================================
---------------------------------------- RESPONSE ----------------------------------------
time: 2026-06-08 21:19:34
attempt: 1/3

[OUTPUT]
{"param":{"imageSrc":"一位年轻人坐在昏暗的房间里，电脑屏幕的光芒照亮他的脸庞，他凝视着屏幕，眼神专注而震撼。","enterEffect":"fadeIn"}}
-------------------------------------------------------------------------------------------

======================================== REQUEST ========================================
time: 2026-06-08 21:19:34
provider: deepseek
model: deepseek-v4-pro
retries: 3

[PROMPT]
你是短视频字幕与画面细节处理专家。请把指定台词细化为字模显示参数。


## 完整段落上下文（仅供理解整体语境，判断当前句子的重要性）
如果必须在人类历史的浩瀚星河中，选出一句最让我震撼、也最动心的话。

在学生时代，我一定会毫不犹豫地诵出张载的横渠四句：

“为天地立心，为生民立命，为往圣继绝学，为万世开太平。”

那时的我，满眼都是宏大叙事，满心都是天下苍生。

直到经历某些社会的毒打。

突然有一天，我在知乎的一个问题下，看到了另外一句话：

“我有一间破房子，风能进，雨能进，国王不能进。”

记忆里，那天的我凝视着屏幕，久久无法移开视线。

那不是一种被大风大浪席卷的冲击。

而是一种锥心刺骨、前所未有的震撼。


## 🎯 待处理的目标文案
那不是一种被大风大浪席卷的冲击。而是一种锥心刺骨、前所未有的震撼。

## 目标文案content的数组结构
生成模板参数时，format为content_index的字段依据此数组选择匹配的索引，用于决定相应内容出现在动画中的时机

[
  {
    "index": 0,
    "text": "那不是一种被大风大浪席卷的冲击。"
  },
  {
    "index": 1,
    "text": "而是一种锥心刺骨、"
  },
  {
    "index": 2,
    "text": "前所未有的震撼。"
  }
]


## 选定模板及参数规范

模板名称：COGNITIVE_SHIFT

参数 Schema 说明：

{
  "type": "object",
  "properties": {
    "notText": {
      "type": "string",
      "description": "被否认知（‘不是’后面的内容）的精炼短句，不超过12个字，"
    },
    "butText": {
      "type": "string",
      "description": "真实认知（‘而是’后面的内容）的精炼短句，不超过12个字"
    },
    "butSrc": {
      "type": "string",
      "format": "image_prompt",
      "description": "真实认知的配图"
    },
    "notContentIndex": {
      "type": "integer",
      "format": "content_index",
      "description": "触发「不是」动画的字幕段索引（默认 0）"
    },
    "butContentIndex": {
      "type": "integer",
      "format": "content_index",
      "description": "触发「而是」动画的字幕段索引（默认 1）"
    }
  },
  "required": [
    "notText",
    "butText"
  ]
}


模板该项的示例供参考：

{
  "template": "COGNITIVE_SHIFT",
  "content": [
    "我们都不应该靠勤奋拼命",
    "我们都应该是靠认知和选择",
    "这样我才能成功"
  ],
  "param": {
    "notText": "靠勤奋拼命",
    "butText": "靠认知和选择",
    "butSrc": "站在高处看地图的思考者",
    "notContentIndex": 0,
    "butContentIndex": 1
  }
}


注意：如果该模板生成的参数包含图片视觉描述（如 imageSrc / leftSrc / rightSrc 等等），请只描述纯视觉场景与动作，绝不要包含任何文字、标语或注音。


## 其他通用说明
1. 锚点（Anchor）— 克制与高价值（适用于 SCHEMA 或上文允许出现锚点/高亮时）：
   - 多数句子应**无锚点**；拿不准就留空或 `[]`，避免满屏高亮。
   - 如果一定需要锚点，只选**整段里真正的高潮、反转或核心名词**（宜 2～4 字、有记忆点）；平庸词、铺垫句不要做成锚点。
   - 颜色建议：`#EF4444`（警示/反转/负面/结论）、`#000000`（事实/术语/数据）。动画 `anim`：`spring` | `slideUp` | `popIn` | `highlight`。
   - 音效可选(仅写在锚点对象上的 `audioEffect`)：`impact_thud` | `ping` | `woosh`

2. 视觉标题与字幕分离（仅当 SCHEMA 要求 `notText` / `butText` / `conceptName`、或 DOS_AND_DONTS 的 `left.label` / `right.label` 等时）：

   - 填**极简关键词（约 2～6 字）**，禁止把整句台词搬进标题字段。



## 输出格式（严格 JSON，不要 markdown 代码块）
补全当前模板的param,非数组：
{ "param": { ... } }

===========================================================================================
---------------------------------------- RESPONSE ----------------------------------------
time: 2026-06-08 21:19:51
attempt: 1/3

[OUTPUT]
{
  "param": {
    "notText": "大风大浪席卷的冲击",
    "butText": "锥心刺骨的震撼",
    "butSrc": "一个人站在昏暗房间内，一手轻按胸口，眼神透出顿悟，周围有微光粒子向上飘散",
    "notContentIndex": 0,
    "butContentIndex": 1
  }
}
-------------------------------------------------------------------------------------------

======================================== REQUEST ========================================
time: 2026-06-08 21:19:51
provider: deepseek
model: deepseek-v4-pro
retries: 3

[PROMPT]
你是短视频字幕与画面细节处理专家。请把指定台词细化为字模显示参数。


## 完整段落上下文（仅供理解整体语境，判断当前句子的重要性）
在宏大的世界面前，我第一次看清了“个体”的尊严。

一间破房子，它挡不住风。挡不住雨。挡不住寒冷。挡不住贫穷。

但它偏偏能挡住这个世界上最强的人。国王。

你发现没有？

这里真正强的，从来不是那堵墙。

真正强的，是墙背后的规则。

风能进，是自然的力量。
  
雨能进，是贫穷的现实。

国王不能进，是权利的边界。

这就是这句话的锋利之处。

它把一个社会最底层的文明标准，压缩进了一间破房子里。


## 🎯 待处理的目标文案
在宏大的世界面前，我第一次看清了“个体”的尊严。

## 目标文案content的数组结构
生成模板参数时，format为content_index的字段依据此数组选择匹配的索引，用于决定相应内容出现在动画中的时机

[
  {
    "index": 0,
    "text": "在宏大的世界面前，"
  },
  {
    "index": 1,
    "text": "我第一次看清了“个体”的尊严。"
  }
]


## 选定模板及参数规范

模板名称：CENTER_FOCUS

参数 Schema 说明：

{
  "type": "object",
  "properties": {
    "imageSrc": {
      "type": "string",
      "format": "image_prompt",
      "description": "主图描述"
    },
    "enterEffect": {
      "type": "string",
      "enum": [
        "fadeIn",
        "slideLeft",
        "slideBottom",
        "zoomIn"
      ],
      "default": "fadeIn",
      "description": "图片入场方式（breathe 呼吸效果始终常驻，无需指定）"
    },
    "anchors": {
      "type": "array",
      "description": "可选；用于锚点词展示（顶部依次出现并保留为列表），并绑定锚点出现时机的音效。showFrom 须落在当前 content 条数范围内。注意 **保持克制，尽量少设置锚点** 只提取整段里真正的高潮、反转或核心名词",
      "items": {
        "type": "object",
        "required": [
          "text",
          "showFrom"
        ],
        "properties": {
          "text": {
            "type": "string",
            "description": "要展示的锚点词"
          },
          "showFrom": {
            "type": "integer",
            "format": "content_index",
            "description": "content 数组下标（0-based），非帧数；合法范围 0～(content 条数-1)，超出会被校验丢弃"
          },
          "color": {
            "type": "string"
          },
          "anim": {
            "type": "string",
            "enum": [
              "spring",
              "slideUp",
              "popIn",
              "highlight"
            ]
          },
          "audioEffect": {
            "type": "string",
            "enum": [
              "impact_thud",
              "ping",
              "woosh"
            ]
          }
        }
      }
    }
  },
  "required": [
    "imageSrc"
  ]
}


模板该项的示例供参考：

{
  "template": "CENTER_FOCUS",
  "param": {
    "imageSrc": "上班族坐在电脑前的简笔画图标",
    "enterEffect": "fadeIn",
    "anchors": [
      {
        "text": "可得性启发",
        "showFrom": 0,
        "color": "red"
      }
    ]
  }
}


注意：如果该模板生成的参数包含图片视觉描述（如 imageSrc / leftSrc / rightSrc 等等），请只描述纯视觉场景与动作，绝不要包含任何文字、标语或注音。


## 其他通用说明
1. 锚点（Anchor）— 克制与高价值（适用于 SCHEMA 或上文允许出现锚点/高亮时）：
   - 多数句子应**无锚点**；拿不准就留空或 `[]`，避免满屏高亮。
   - 如果一定需要锚点，只选**整段里真正的高潮、反转或核心名词**（宜 2～4 字、有记忆点）；平庸词、铺垫句不要做成锚点。
   - 颜色建议：`#EF4444`（警示/反转/负面/结论）、`#000000`（事实/术语/数据）。动画 `anim`：`spring` | `slideUp` | `popIn` | `highlight`。
   - 音效可选(仅写在锚点对象上的 `audioEffect`)：`impact_thud` | `ping` | `woosh`

2. 视觉标题与字幕分离（仅当 SCHEMA 要求 `notText` / `butText` / `conceptName`、或 DOS_AND_DONTS 的 `left.label` / `right.label` 等时）：

   - 填**极简关键词（约 2～6 字）**，禁止把整句台词搬进标题字段。



## 输出格式（严格 JSON，不要 markdown 代码块）
补全当前模板的param,非数组：
{ "param": { ... } }

===========================================================================================
---------------------------------------- RESPONSE ----------------------------------------
time: 2026-06-08 21:20:11
attempt: 1/3

[OUTPUT]
{"param": {"imageSrc": "一个渺小的人形剪影，站在浩瀚的群山与无垠的苍穹之间，金色晨光穿透云层，照亮了人物清晰的轮廓", "enterEffect": "fadeIn", "anchors": [{"text": "个体", "showFrom": 1, "color": "#EF4444", "anim": "spring", "audioEffect": "ping"}]}}
-------------------------------------------------------------------------------------------

======================================== REQUEST ========================================
time: 2026-06-08 21:20:11
provider: deepseek
model: deepseek-v4-pro
retries: 3

[PROMPT]
你是短视频字幕与画面细节处理专家。请把指定台词细化为字模显示参数。


## 完整段落上下文（仅供理解整体语境，判断当前句子的重要性）
在宏大的世界面前，我第一次看清了“个体”的尊严。

一间破房子，它挡不住风。挡不住雨。挡不住寒冷。挡不住贫穷。

但它偏偏能挡住这个世界上最强的人。国王。

你发现没有？

这里真正强的，从来不是那堵墙。

真正强的，是墙背后的规则。

风能进，是自然的力量。
  
雨能进，是贫穷的现实。

国王不能进，是权利的边界。

这就是这句话的锋利之处。

它把一个社会最底层的文明标准，压缩进了一间破房子里。


## 🎯 待处理的目标文案
一间破房子，它挡不住风。挡不住雨。挡不住寒冷。挡不住贫穷。

## 目标文案content的数组结构
生成模板参数时，format为content_index的字段依据此数组选择匹配的索引，用于决定相应内容出现在动画中的时机

[
  {
    "index": 0,
    "text": "一间破房子，"
  },
  {
    "index": 1,
    "text": "它挡不住风。"
  },
  {
    "index": 2,
    "text": "挡不住雨。"
  },
  {
    "index": 3,
    "text": "挡不住寒冷。"
  },
  {
    "index": 4,
    "text": "挡不住贫穷。"
  }
]


## 选定模板及参数规范

模板名称：BEAT_SEQUENCE

参数 Schema 说明：

{
  "type": "object",
  "properties": {
    "stages": {
      "type": "array",
      "minItems": 2,
      "maxItems": 4,
      "description": "配图序列：每条 stage 一张图；imageSrc、enterEffect、可选 tone（calm|alert）、可选 showFrom（对齐镜头外层 content[] 下标）",
      "items": {
        "type": "object",
        "required": [
          "imageSrc"
        ],
        "properties": {
          "imageSrc": {
            "type": "string",
            "format": "image_prompt",
            "description": "该节拍配图提示词"
          },
          "enterEffect": {
            "type": "string",
            "enum": [
              "breathe",
              "slideLeft",
              "slideBottom",
              "zoomIn",
              "fadeIn"
            ],
            "default": "breathe",
            "description": "入场效果"
          },
          "tone": {
            "type": "string",
            "enum": [
              "calm",
              "alert"
            ],
            "description": "首条可 calm，其余默认可 alert"
          },
          "showFrom": {
            "type": "content_index",
            "minimum": 0,
            "description": "镜头 item 外层 content 数组（与 param 同级）的 0-based 下标；从该条 startFrame 起显示本图。省略则等于当前 stages 下标 i（与第 i 条口播同步）"
          }
        }
      }
    }
  },
  "required": [
    "stages"
  ]
}

// 口播条数（已由程序写入 CONTENT_STR，勿在 param 中输出 content）：口播分句（item.content）至少 2 条；口播分句至多 4 条（超出会被校验器告警）


模板该项的示例供参考：

{
  "template": "BEAT_SEQUENCE",
  "param": {
    "stages": [
      {
        "imageSrc": "问句配图简笔画",
        "enterEffect": "breathe"
      },
      {
        "imageSrc": "转折警示配图",
        "enterEffect": "slideBottom"
      },
      {
        "imageSrc": "结论冲击配图",
        "enterEffect": "slideBottom"
      }
    ]
  }
}


注意：如果该模板生成的参数包含图片视觉描述（如 imageSrc / leftSrc / rightSrc 等等），请只描述纯视觉场景与动作，绝不要包含任何文字、标语或注音。


## 其他通用说明
1. 锚点（Anchor）— 克制与高价值（适用于 SCHEMA 或上文允许出现锚点/高亮时）：
   - 多数句子应**无锚点**；拿不准就留空或 `[]`，避免满屏高亮。
   - 如果一定需要锚点，只选**整段里真正的高潮、反转或核心名词**（宜 2～4 字、有记忆点）；平庸词、铺垫句不要做成锚点。
   - 颜色建议：`#EF4444`（警示/反转/负面/结论）、`#000000`（事实/术语/数据）。动画 `anim`：`spring` | `slideUp` | `popIn` | `highlight`。
   - 音效可选(仅写在锚点对象上的 `audioEffect`)：`impact_thud` | `ping` | `woosh`

2. 视觉标题与字幕分离（仅当 SCHEMA 要求 `notText` / `butText` / `conceptName`、或 DOS_AND_DONTS 的 `left.label` / `right.label` 等时）：

   - 填**极简关键词（约 2～6 字）**，禁止把整句台词搬进标题字段。



## 输出格式（严格 JSON，不要 markdown 代码块）
补全当前模板的param,非数组：
{ "param": { ... } }

===========================================================================================
---------------------------------------- RESPONSE ----------------------------------------
time: 2026-06-08 21:20:42
attempt: 1/3

[OUTPUT]
{
  "param": {
    "stages": [
      {
        "imageSrc": "歪斜的破旧木屋，墙体有裂缝，窗户破碎，孤立在灰暗背景下",
        "enterEffect": "breathe",
        "tone": "calm",
        "showFrom": 0
      },
      {
        "imageSrc": "狂风从木屋裂缝灌入，屋内纸张布帘飘飞，尘土扬起",
        "enterEffect": "slideBottom",
        "tone": "alert",
        "showFrom": 1
      },
      {
        "imageSrc": "雨水从屋顶破洞倾泻而下，地面溅起水花，木地板湿透",
        "enterEffect": "slideBottom",
        "tone": "alert",
        "showFrom": 2
      },
      {
        "imageSrc": "屋内冷蓝调，角落蜷缩着瑟瑟发抖的身影，炉灶冷灭，四壁透风",
        "enterEffect": "slideBottom",
        "tone": "alert",
        "showFrom": 3
      }
    ]
  }
}
-------------------------------------------------------------------------------------------

======================================== REQUEST ========================================
time: 2026-06-08 21:20:42
provider: deepseek
model: deepseek-v4-pro
retries: 3

[PROMPT]
你是短视频字幕与画面细节处理专家。请把指定台词细化为字模显示参数。


## 完整段落上下文（仅供理解整体语境，判断当前句子的重要性）
在宏大的世界面前，我第一次看清了“个体”的尊严。

一间破房子，它挡不住风。挡不住雨。挡不住寒冷。挡不住贫穷。

但它偏偏能挡住这个世界上最强的人。国王。

你发现没有？

这里真正强的，从来不是那堵墙。

真正强的，是墙背后的规则。

风能进，是自然的力量。
  
雨能进，是贫穷的现实。

国王不能进，是权利的边界。

这就是这句话的锋利之处。

它把一个社会最底层的文明标准，压缩进了一间破房子里。


## 🎯 待处理的目标文案
但它偏偏能挡住这个世界上最强的人。国王。

## 目标文案content的数组结构
生成模板参数时，format为content_index的字段依据此数组选择匹配的索引，用于决定相应内容出现在动画中的时机

[
  {
    "index": 0,
    "text": "但它偏偏能挡住这个世界上最强的人。"
  },
  {
    "index": 1,
    "text": "国王。"
  }
]


## 选定模板及参数规范

模板名称：MAGNIFYING_GLASS

参数 Schema 说明：

{
  "type": "object",
  "properties": {
    "anchors": {
      "type": "array",
      "minItems": 1,
      "maxItems": 3,
      "description": "必填且非空（建议 1～2 个高价值锚点）；每项通过 showFrom 对齐 content 分句。锚点应落在“揭示性落点句”或其核心关键词上，不要把整段说明塞满锚点",
      "items": {
        "type": "object",
        "required": [
          "text",
          "showFrom"
        ],
        "properties": {
          "text": {
            "type": "string",
            "description": "要聚焦的关键词/短语"
          },
          "showFrom": {
            "type": "integer",
            "format": "content_index",
            "description": "content 数组下标（0-based），非帧数；合法范围 0～(content 条数-1)，超出会被校验丢弃"
          },
          "color": {
            "type": "string"
          },
          "anim": {
            "type": "string",
            "enum": [
              "spring",
              "slideUp",
              "popIn",
              "highlight"
            ]
          },
          "audioEffect": {
            "type": "string",
            "enum": [
              "impact_thud",
              "ping",
              "woosh"
            ]
          }
        }
      }
    }
  },
  "required": [
    "anchors"
  ]
}


模板该项的示例供参考：

{
  "template": "MAGNIFYING_GLASS",
  "param": {
    "anchors": [
      {
        "text": "忽略了基础",
        "showFrom": 0,
        "color": "#111111",
        "anim": "popIn",
        "audioEffect": "ping"
      }
    ]
  }
}


注意：如果该模板生成的参数包含图片视觉描述（如 imageSrc / leftSrc / rightSrc 等等），请只描述纯视觉场景与动作，绝不要包含任何文字、标语或注音。


## 其他通用说明
1. 锚点（Anchor）— 克制与高价值（适用于 SCHEMA 或上文允许出现锚点/高亮时）：
   - 多数句子应**无锚点**；拿不准就留空或 `[]`，避免满屏高亮。
   - 如果一定需要锚点，只选**整段里真正的高潮、反转或核心名词**（宜 2～4 字、有记忆点）；平庸词、铺垫句不要做成锚点。
   - 颜色建议：`#EF4444`（警示/反转/负面/结论）、`#000000`（事实/术语/数据）。动画 `anim`：`spring` | `slideUp` | `popIn` | `highlight`。
   - 音效可选(仅写在锚点对象上的 `audioEffect`)：`impact_thud` | `ping` | `woosh`

2. 视觉标题与字幕分离（仅当 SCHEMA 要求 `notText` / `butText` / `conceptName`、或 DOS_AND_DONTS 的 `left.label` / `right.label` 等时）：

   - 填**极简关键词（约 2～6 字）**，禁止把整句台词搬进标题字段。



## 输出格式（严格 JSON，不要 markdown 代码块）
补全当前模板的param,非数组：
{ "param": { ... } }

===========================================================================================
---------------------------------------- RESPONSE ----------------------------------------
time: 2026-06-08 21:20:51
attempt: 1/3

[OUTPUT]
{
  "param": {
    "anchors": [
      {
        "text": "国王",
        "showFrom": 1,
        "color": "#EF4444",
        "anim": "popIn",
        "audioEffect": "ping"
      }
    ]
  }
}
-------------------------------------------------------------------------------------------

======================================== REQUEST ========================================
time: 2026-06-08 21:20:51
provider: deepseek
model: deepseek-v4-pro
retries: 3

[PROMPT]
你是短视频字幕与画面细节处理专家。请把指定台词细化为字模显示参数。


## 完整段落上下文（仅供理解整体语境，判断当前句子的重要性）
在宏大的世界面前，我第一次看清了“个体”的尊严。

一间破房子，它挡不住风。挡不住雨。挡不住寒冷。挡不住贫穷。

但它偏偏能挡住这个世界上最强的人。国王。

你发现没有？

这里真正强的，从来不是那堵墙。

真正强的，是墙背后的规则。

风能进，是自然的力量。
  
雨能进，是贫穷的现实。

国王不能进，是权利的边界。

这就是这句话的锋利之处。

它把一个社会最底层的文明标准，压缩进了一间破房子里。


## 🎯 待处理的目标文案
你发现没有？这里真正强的，从来不是那堵墙。真正强的，是墙背后的规则。

## 目标文案content的数组结构
生成模板参数时，format为content_index的字段依据此数组选择匹配的索引，用于决定相应内容出现在动画中的时机

[
  {
    "index": 0,
    "text": "你发现没有？"
  },
  {
    "index": 1,
    "text": "这里真正强的，"
  },
  {
    "index": 2,
    "text": "从来不是那堵墙。"
  },
  {
    "index": 3,
    "text": "真正强的，"
  },
  {
    "index": 4,
    "text": "是墙背后的规则。"
  }
]


## 选定模板及参数规范

模板名称：COGNITIVE_SHIFT

参数 Schema 说明：

{
  "type": "object",
  "properties": {
    "notText": {
      "type": "string",
      "description": "被否认知（‘不是’后面的内容）的精炼短句，不超过12个字，"
    },
    "butText": {
      "type": "string",
      "description": "真实认知（‘而是’后面的内容）的精炼短句，不超过12个字"
    },
    "butSrc": {
      "type": "string",
      "format": "image_prompt",
      "description": "真实认知的配图"
    },
    "notContentIndex": {
      "type": "integer",
      "format": "content_index",
      "description": "触发「不是」动画的字幕段索引（默认 0）"
    },
    "butContentIndex": {
      "type": "integer",
      "format": "content_index",
      "description": "触发「而是」动画的字幕段索引（默认 1）"
    }
  },
  "required": [
    "notText",
    "butText"
  ]
}


模板该项的示例供参考：

{
  "template": "COGNITIVE_SHIFT",
  "content": [
    "我们都不应该靠勤奋拼命",
    "我们都应该是靠认知和选择",
    "这样我才能成功"
  ],
  "param": {
    "notText": "靠勤奋拼命",
    "butText": "靠认知和选择",
    "butSrc": "站在高处看地图的思考者",
    "notContentIndex": 0,
    "butContentIndex": 1
  }
}


注意：如果该模板生成的参数包含图片视觉描述（如 imageSrc / leftSrc / rightSrc 等等），请只描述纯视觉场景与动作，绝不要包含任何文字、标语或注音。


## 其他通用说明
1. 锚点（Anchor）— 克制与高价值（适用于 SCHEMA 或上文允许出现锚点/高亮时）：
   - 多数句子应**无锚点**；拿不准就留空或 `[]`，避免满屏高亮。
   - 如果一定需要锚点，只选**整段里真正的高潮、反转或核心名词**（宜 2～4 字、有记忆点）；平庸词、铺垫句不要做成锚点。
   - 颜色建议：`#EF4444`（警示/反转/负面/结论）、`#000000`（事实/术语/数据）。动画 `anim`：`spring` | `slideUp` | `popIn` | `highlight`。
   - 音效可选(仅写在锚点对象上的 `audioEffect`)：`impact_thud` | `ping` | `woosh`

2. 视觉标题与字幕分离（仅当 SCHEMA 要求 `notText` / `butText` / `conceptName`、或 DOS_AND_DONTS 的 `left.label` / `right.label` 等时）：

   - 填**极简关键词（约 2～6 字）**，禁止把整句台词搬进标题字段。



## 输出格式（严格 JSON，不要 markdown 代码块）
补全当前模板的param,非数组：
{ "param": { ... } }

===========================================================================================
---------------------------------------- RESPONSE ----------------------------------------
time: 2026-06-08 21:21:10
attempt: 1/3

[OUTPUT]
{
  "param": {
    "notText": "那堵墙",
    "butText": "墙背后的规则",
    "butSrc": "破败的土墙后方，隐约浮现由金色光线编织的规则锁链，形成一道透明屏障，将一顶王冠阻挡在外。",
    "notContentIndex": 2,
    "butContentIndex": 4
  }
}
-------------------------------------------------------------------------------------------

======================================== REQUEST ========================================
time: 2026-06-08 21:21:10
provider: deepseek
model: deepseek-v4-pro
retries: 3

[PROMPT]
你是短视频字幕与画面细节处理专家。请把指定台词细化为字模显示参数。


## 完整段落上下文（仅供理解整体语境，判断当前句子的重要性）
在宏大的世界面前，我第一次看清了“个体”的尊严。

一间破房子，它挡不住风。挡不住雨。挡不住寒冷。挡不住贫穷。

但它偏偏能挡住这个世界上最强的人。国王。

你发现没有？

这里真正强的，从来不是那堵墙。

真正强的，是墙背后的规则。

风能进，是自然的力量。
  
雨能进，是贫穷的现实。

国王不能进，是权利的边界。

这就是这句话的锋利之处。

它把一个社会最底层的文明标准，压缩进了一间破房子里。


## 🎯 待处理的目标文案
风能进，是自然的力量。雨能进，是贫穷的现实。国王不能进，是权利的边界。

## 目标文案content的数组结构
生成模板参数时，format为content_index的字段依据此数组选择匹配的索引，用于决定相应内容出现在动画中的时机

[
  {
    "index": 0,
    "text": "风能进，"
  },
  {
    "index": 1,
    "text": "是自然的力量。"
  },
  {
    "index": 2,
    "text": "雨能进，"
  },
  {
    "index": 3,
    "text": "是贫穷的现实。"
  },
  {
    "index": 4,
    "text": "国王不能进，"
  },
  {
    "index": 5,
    "text": "是权利的边界。"
  }
]


## 选定模板及参数规范

模板名称：PANEL_GRID

参数 Schema 说明：

{
  "type": "object",
  "properties": {
    "panels": {
      "type": "array",
      "minItems": 2,
      "maxItems": 6,
      "description": "宫格配图；showFrom 为 content 下标（0-based），在该条 startFrame 显现",
      "items": {
        "type": "object",
        "required": [
          "src",
          "showFrom"
        ],
        "properties": {
          "src": {
            "type": "string",
            "format": "image_prompt",
            "description": "该宫格配图提示词"
          },
          "showFrom": {
            "type": "integer",
            "format": "content_index",
            "description": "content 下标（0-based），非帧数"
          },
          "position": {
            "type": "string",
            "enum": [
              "center",
              "left",
              "right",
              "top",
              "bottom"
            ],
            "description": "可选；弱提示，布局以宫格为准"
          },
          "enterEffect": {
            "type": "string",
            "enum": [
              "breathe",
              "slideLeft",
              "slideBottom",
              "zoomIn",
              "fadeIn"
            ],
            "default": "fadeIn"
          }
        }
      }
    }
  },
  "required": [
    "panels"
  ]
}

// 口播条数（已由程序写入 CONTENT_STR，勿在 param 中输出 content）：口播分句（item.content）至少 2 条；口播分句至多 8 条（超出会被校验器告警）


模板该项的示例供参考：

{
  "template": "PANEL_GRID",
  "param": {
    "panels": [
      {
        "src": "问号堵住去路的简笔画",
        "showFrom": 0,
        "enterEffect": "zoomIn"
      },
      {
        "src": "放大镜只看一角的简笔画",
        "showFrom": 1
      },
      {
        "src": "两人各执一词的简笔画",
        "showFrom": 2
      }
    ]
  }
}


注意：如果该模板生成的参数包含图片视觉描述（如 imageSrc / leftSrc / rightSrc 等等），请只描述纯视觉场景与动作，绝不要包含任何文字、标语或注音。


## 其他通用说明
1. 锚点（Anchor）— 克制与高价值（适用于 SCHEMA 或上文允许出现锚点/高亮时）：
   - 多数句子应**无锚点**；拿不准就留空或 `[]`，避免满屏高亮。
   - 如果一定需要锚点，只选**整段里真正的高潮、反转或核心名词**（宜 2～4 字、有记忆点）；平庸词、铺垫句不要做成锚点。
   - 颜色建议：`#EF4444`（警示/反转/负面/结论）、`#000000`（事实/术语/数据）。动画 `anim`：`spring` | `slideUp` | `popIn` | `highlight`。
   - 音效可选(仅写在锚点对象上的 `audioEffect`)：`impact_thud` | `ping` | `woosh`

2. 视觉标题与字幕分离（仅当 SCHEMA 要求 `notText` / `butText` / `conceptName`、或 DOS_AND_DONTS 的 `left.label` / `right.label` 等时）：

   - 填**极简关键词（约 2～6 字）**，禁止把整句台词搬进标题字段。



## 输出格式（严格 JSON，不要 markdown 代码块）
补全当前模板的param,非数组：
{ "param": { ... } }

===========================================================================================
---------------------------------------- RESPONSE ----------------------------------------
time: 2026-06-08 21:21:27
attempt: 1/3

[OUTPUT]
{
  "param": {
    "panels": [
      {
        "src": "狂风吹开破旧的窗户，树枝猛烈摆动，树叶漫天飞舞",
        "showFrom": 0,
        "enterEffect": "slideLeft"
      },
      {
        "src": "雨水从残破的屋顶滴落，地面溅起水花，积成水洼",
        "showFrom": 2,
        "enterEffect": "slideBottom"
      },
      {
        "src": "一位戴王冠的国王站在破屋门前，面前仿佛有透明墙壁阻挡，无法迈步进入",
        "showFrom": 4,
        "enterEffect": "zoomIn"
      }
    ]
  }
}
-------------------------------------------------------------------------------------------

======================================== REQUEST ========================================
time: 2026-06-08 21:21:27
provider: deepseek
model: deepseek-v4-pro
retries: 3

[PROMPT]
你是短视频字幕与画面细节处理专家。请把指定台词细化为字模显示参数。


## 完整段落上下文（仅供理解整体语境，判断当前句子的重要性）
在宏大的世界面前，我第一次看清了“个体”的尊严。

一间破房子，它挡不住风。挡不住雨。挡不住寒冷。挡不住贫穷。

但它偏偏能挡住这个世界上最强的人。国王。

你发现没有？

这里真正强的，从来不是那堵墙。

真正强的，是墙背后的规则。

风能进，是自然的力量。
  
雨能进，是贫穷的现实。

国王不能进，是权利的边界。

这就是这句话的锋利之处。

它把一个社会最底层的文明标准，压缩进了一间破房子里。


## 🎯 待处理的目标文案
这就是这句话的锋利之处。它把一个社会最底层的文明标准，压缩进了一间破房子里。

## 目标文案content的数组结构
生成模板参数时，format为content_index的字段依据此数组选择匹配的索引，用于决定相应内容出现在动画中的时机

[
  {
    "index": 0,
    "text": "这就是这句话的锋利之处。"
  },
  {
    "index": 1,
    "text": "它把一个社会最底层的文明标准，"
  },
  {
    "index": 2,
    "text": "压缩进了一间破房子里。"
  }
]


## 选定模板及参数规范

模板名称：CENTER_FOCUS

参数 Schema 说明：

{
  "type": "object",
  "properties": {
    "imageSrc": {
      "type": "string",
      "format": "image_prompt",
      "description": "主图描述"
    },
    "enterEffect": {
      "type": "string",
      "enum": [
        "fadeIn",
        "slideLeft",
        "slideBottom",
        "zoomIn"
      ],
      "default": "fadeIn",
      "description": "图片入场方式（breathe 呼吸效果始终常驻，无需指定）"
    },
    "anchors": {
      "type": "array",
      "description": "可选；用于锚点词展示（顶部依次出现并保留为列表），并绑定锚点出现时机的音效。showFrom 须落在当前 content 条数范围内。注意 **保持克制，尽量少设置锚点** 只提取整段里真正的高潮、反转或核心名词",
      "items": {
        "type": "object",
        "required": [
          "text",
          "showFrom"
        ],
        "properties": {
          "text": {
            "type": "string",
            "description": "要展示的锚点词"
          },
          "showFrom": {
            "type": "integer",
            "format": "content_index",
            "description": "content 数组下标（0-based），非帧数；合法范围 0～(content 条数-1)，超出会被校验丢弃"
          },
          "color": {
            "type": "string"
          },
          "anim": {
            "type": "string",
            "enum": [
              "spring",
              "slideUp",
              "popIn",
              "highlight"
            ]
          },
          "audioEffect": {
            "type": "string",
            "enum": [
              "impact_thud",
              "ping",
              "woosh"
            ]
          }
        }
      }
    }
  },
  "required": [
    "imageSrc"
  ]
}


模板该项的示例供参考：

{
  "template": "CENTER_FOCUS",
  "param": {
    "imageSrc": "上班族坐在电脑前的简笔画图标",
    "enterEffect": "fadeIn",
    "anchors": [
      {
        "text": "可得性启发",
        "showFrom": 0,
        "color": "red"
      }
    ]
  }
}


注意：如果该模板生成的参数包含图片视觉描述（如 imageSrc / leftSrc / rightSrc 等等），请只描述纯视觉场景与动作，绝不要包含任何文字、标语或注音。


## 其他通用说明
1. 锚点（Anchor）— 克制与高价值（适用于 SCHEMA 或上文允许出现锚点/高亮时）：
   - 多数句子应**无锚点**；拿不准就留空或 `[]`，避免满屏高亮。
   - 如果一定需要锚点，只选**整段里真正的高潮、反转或核心名词**（宜 2～4 字、有记忆点）；平庸词、铺垫句不要做成锚点。
   - 颜色建议：`#EF4444`（警示/反转/负面/结论）、`#000000`（事实/术语/数据）。动画 `anim`：`spring` | `slideUp` | `popIn` | `highlight`。
   - 音效可选(仅写在锚点对象上的 `audioEffect`)：`impact_thud` | `ping` | `woosh`

2. 视觉标题与字幕分离（仅当 SCHEMA 要求 `notText` / `butText` / `conceptName`、或 DOS_AND_DONTS 的 `left.label` / `right.label` 等时）：

   - 填**极简关键词（约 2～6 字）**，禁止把整句台词搬进标题字段。



## 输出格式（严格 JSON，不要 markdown 代码块）
补全当前模板的param,非数组：
{ "param": { ... } }

===========================================================================================
---------------------------------------- RESPONSE ----------------------------------------
time: 2026-06-08 21:21:46
attempt: 1/3

[OUTPUT]
{
  "param": {
    "imageSrc": "破败的木屋孤立于风雨中，墙壁裂缝透进微弱的光线，门口一道金色的无形边界延伸向远方，远处模糊的城堡轮廓隐在薄雾里",
    "enterEffect": "fadeIn",
    "anchors": [
      {
        "text": "文明标准",
        "showFrom": 1,
        "color": "#000000",
        "anim": "spring"
      }
    ]
  }
}
-------------------------------------------------------------------------------------------

======================================== REQUEST ========================================
time: 2026-06-08 21:21:46
provider: deepseek
model: deepseek-v4-pro
retries: 3

[PROMPT]
你是短视频字幕与画面细节处理专家。请把指定台词细化为字模显示参数。


## 完整段落上下文（仅供理解整体语境，判断当前句子的重要性）
很多人理解权利，第一反应是我要拥有什么。

我要有钱。我要有地位。我要有资源。我要有话语权。

这些当然重要。

可它们都不是最底层的东西。

最底层的东西，是别人不能对你做什么。

尤其是强者。

尤其是权力。

尤其是那个一句话就能改变你命运的人。

真正的权利，不是你站在高处时，别人对你客气。

那可能只是交换。

也可能只是忌惮。

真正的权利，是你站在低处时，别人依然不能随便越界。

你住在破屋里。

你没钱。没势。没背景。

你看起来什么都没有。

但有一件事，别人还是不能拿走。

那就是未经允许，不能闯入你的生活。

这才是法治最硬的部分。


## 🎯 待处理的目标文案
很多人理解权利，第一反应是我要拥有什么。

## 目标文案content的数组结构
生成模板参数时，format为content_index的字段依据此数组选择匹配的索引，用于决定相应内容出现在动画中的时机

[
  {
    "index": 0,
    "text": "很多人理解权利，"
  },
  {
    "index": 1,
    "text": "第一反应是我要拥有什么。"
  }
]


## 选定模板及参数规范

模板名称：CENTER_FOCUS

参数 Schema 说明：

{
  "type": "object",
  "properties": {
    "imageSrc": {
      "type": "string",
      "format": "image_prompt",
      "description": "主图描述"
    },
    "enterEffect": {
      "type": "string",
      "enum": [
        "fadeIn",
        "slideLeft",
        "slideBottom",
        "zoomIn"
      ],
      "default": "fadeIn",
      "description": "图片入场方式（breathe 呼吸效果始终常驻，无需指定）"
    },
    "anchors": {
      "type": "array",
      "description": "可选；用于锚点词展示（顶部依次出现并保留为列表），并绑定锚点出现时机的音效。showFrom 须落在当前 content 条数范围内。注意 **保持克制，尽量少设置锚点** 只提取整段里真正的高潮、反转或核心名词",
      "items": {
        "type": "object",
        "required": [
          "text",
          "showFrom"
        ],
        "properties": {
          "text": {
            "type": "string",
            "description": "要展示的锚点词"
          },
          "showFrom": {
            "type": "integer",
            "format": "content_index",
            "description": "content 数组下标（0-based），非帧数；合法范围 0～(content 条数-1)，超出会被校验丢弃"
          },
          "color": {
            "type": "string"
          },
          "anim": {
            "type": "string",
            "enum": [
              "spring",
              "slideUp",
              "popIn",
              "highlight"
            ]
          },
          "audioEffect": {
            "type": "string",
            "enum": [
              "impact_thud",
              "ping",
              "woosh"
            ]
          }
        }
      }
    }
  },
  "required": [
    "imageSrc"
  ]
}


模板该项的示例供参考：

{
  "template": "CENTER_FOCUS",
  "param": {
    "imageSrc": "上班族坐在电脑前的简笔画图标",
    "enterEffect": "fadeIn",
    "anchors": [
      {
        "text": "可得性启发",
        "showFrom": 0,
        "color": "red"
      }
    ]
  }
}


注意：如果该模板生成的参数包含图片视觉描述（如 imageSrc / leftSrc / rightSrc 等等），请只描述纯视觉场景与动作，绝不要包含任何文字、标语或注音。


## 其他通用说明
1. 锚点（Anchor）— 克制与高价值（适用于 SCHEMA 或上文允许出现锚点/高亮时）：
   - 多数句子应**无锚点**；拿不准就留空或 `[]`，避免满屏高亮。
   - 如果一定需要锚点，只选**整段里真正的高潮、反转或核心名词**（宜 2～4 字、有记忆点）；平庸词、铺垫句不要做成锚点。
   - 颜色建议：`#EF4444`（警示/反转/负面/结论）、`#000000`（事实/术语/数据）。动画 `anim`：`spring` | `slideUp` | `popIn` | `highlight`。
   - 音效可选(仅写在锚点对象上的 `audioEffect`)：`impact_thud` | `ping` | `woosh`

2. 视觉标题与字幕分离（仅当 SCHEMA 要求 `notText` / `butText` / `conceptName`、或 DOS_AND_DONTS 的 `left.label` / `right.label` 等时）：

   - 填**极简关键词（约 2～6 字）**，禁止把整句台词搬进标题字段。



## 输出格式（严格 JSON，不要 markdown 代码块）
补全当前模板的param,非数组：
{ "param": { ... } }

===========================================================================================
---------------------------------------- RESPONSE ----------------------------------------
time: 2026-06-08 21:22:06
attempt: 1/3

[OUTPUT]
{"param": {"imageSrc": "一个黑色剪影人像站在灰白背景前，伸手试图触摸漂浮在空中的金色王冠和金币简笔画图标，图标微微发光。", "enterEffect": "fadeIn", "anchors": []}}
-------------------------------------------------------------------------------------------

======================================== REQUEST ========================================
time: 2026-06-08 21:22:06
provider: deepseek
model: deepseek-v4-pro
retries: 3

[PROMPT]
你是短视频字幕与画面细节处理专家。请把指定台词细化为字模显示参数。


## 完整段落上下文（仅供理解整体语境，判断当前句子的重要性）
很多人理解权利，第一反应是我要拥有什么。

我要有钱。我要有地位。我要有资源。我要有话语权。

这些当然重要。

可它们都不是最底层的东西。

最底层的东西，是别人不能对你做什么。

尤其是强者。

尤其是权力。

尤其是那个一句话就能改变你命运的人。

真正的权利，不是你站在高处时，别人对你客气。

那可能只是交换。

也可能只是忌惮。

真正的权利，是你站在低处时，别人依然不能随便越界。

你住在破屋里。

你没钱。没势。没背景。

你看起来什么都没有。

但有一件事，别人还是不能拿走。

那就是未经允许，不能闯入你的生活。

这才是法治最硬的部分。


## 🎯 待处理的目标文案
我要有钱。我要有地位。我要有资源。我要有话语权。

## 目标文案content的数组结构
生成模板参数时，format为content_index的字段依据此数组选择匹配的索引，用于决定相应内容出现在动画中的时机

[
  {
    "index": 0,
    "text": "我要有钱。"
  },
  {
    "index": 1,
    "text": "我要有地位。"
  },
  {
    "index": 2,
    "text": "我要有资源。"
  },
  {
    "index": 3,
    "text": "我要有话语权。"
  }
]


## 选定模板及参数规范

模板名称：PANEL_GRID

参数 Schema 说明：

{
  "type": "object",
  "properties": {
    "panels": {
      "type": "array",
      "minItems": 2,
      "maxItems": 6,
      "description": "宫格配图；showFrom 为 content 下标（0-based），在该条 startFrame 显现",
      "items": {
        "type": "object",
        "required": [
          "src",
          "showFrom"
        ],
        "properties": {
          "src": {
            "type": "string",
            "format": "image_prompt",
            "description": "该宫格配图提示词"
          },
          "showFrom": {
            "type": "integer",
            "format": "content_index",
            "description": "content 下标（0-based），非帧数"
          },
          "position": {
            "type": "string",
            "enum": [
              "center",
              "left",
              "right",
              "top",
              "bottom"
            ],
            "description": "可选；弱提示，布局以宫格为准"
          },
          "enterEffect": {
            "type": "string",
            "enum": [
              "breathe",
              "slideLeft",
              "slideBottom",
              "zoomIn",
              "fadeIn"
            ],
            "default": "fadeIn"
          }
        }
      }
    }
  },
  "required": [
    "panels"
  ]
}

// 口播条数（已由程序写入 CONTENT_STR，勿在 param 中输出 content）：口播分句（item.content）至少 2 条；口播分句至多 8 条（超出会被校验器告警）


模板该项的示例供参考：

{
  "template": "PANEL_GRID",
  "param": {
    "panels": [
      {
        "src": "问号堵住去路的简笔画",
        "showFrom": 0,
        "enterEffect": "zoomIn"
      },
      {
        "src": "放大镜只看一角的简笔画",
        "showFrom": 1
      },
      {
        "src": "两人各执一词的简笔画",
        "showFrom": 2
      }
    ]
  }
}


注意：如果该模板生成的参数包含图片视觉描述（如 imageSrc / leftSrc / rightSrc 等等），请只描述纯视觉场景与动作，绝不要包含任何文字、标语或注音。


## 其他通用说明
1. 锚点（Anchor）— 克制与高价值（适用于 SCHEMA 或上文允许出现锚点/高亮时）：
   - 多数句子应**无锚点**；拿不准就留空或 `[]`，避免满屏高亮。
   - 如果一定需要锚点，只选**整段里真正的高潮、反转或核心名词**（宜 2～4 字、有记忆点）；平庸词、铺垫句不要做成锚点。
   - 颜色建议：`#EF4444`（警示/反转/负面/结论）、`#000000`（事实/术语/数据）。动画 `anim`：`spring` | `slideUp` | `popIn` | `highlight`。
   - 音效可选(仅写在锚点对象上的 `audioEffect`)：`impact_thud` | `ping` | `woosh`

2. 视觉标题与字幕分离（仅当 SCHEMA 要求 `notText` / `butText` / `conceptName`、或 DOS_AND_DONTS 的 `left.label` / `right.label` 等时）：

   - 填**极简关键词（约 2～6 字）**，禁止把整句台词搬进标题字段。



## 输出格式（严格 JSON，不要 markdown 代码块）
补全当前模板的param,非数组：
{ "param": { ... } }

===========================================================================================
---------------------------------------- RESPONSE ----------------------------------------
time: 2026-06-08 21:22:15
attempt: 1/3

[OUTPUT]
{
  "param": {
    "panels": [
      {
        "src": "一堆闪闪发光的金币堆叠在一起",
        "showFrom": 0,
        "enterEffect": "fadeIn"
      },
      {
        "src": "金碧辉煌的高大王座，背后有光环",
        "showFrom": 1,
        "enterEffect": "fadeIn"
      },
      {
        "src": "巨大的齿轮和扳手交织在一起",
        "showFrom": 2,
        "enterEffect": "fadeIn"
      },
      {
        "src": "一支金色的麦克风周围环绕着声波",
        "showFrom": 3,
        "enterEffect": "fadeIn"
      }
    ]
  }
}
-------------------------------------------------------------------------------------------

======================================== REQUEST ========================================
time: 2026-06-08 21:22:15
provider: deepseek
model: deepseek-v4-pro
retries: 3

[PROMPT]
你是短视频字幕与画面细节处理专家。请把指定台词细化为字模显示参数。


## 完整段落上下文（仅供理解整体语境，判断当前句子的重要性）
很多人理解权利，第一反应是我要拥有什么。

我要有钱。我要有地位。我要有资源。我要有话语权。

这些当然重要。

可它们都不是最底层的东西。

最底层的东西，是别人不能对你做什么。

尤其是强者。

尤其是权力。

尤其是那个一句话就能改变你命运的人。

真正的权利，不是你站在高处时，别人对你客气。

那可能只是交换。

也可能只是忌惮。

真正的权利，是你站在低处时，别人依然不能随便越界。

你住在破屋里。

你没钱。没势。没背景。

你看起来什么都没有。

但有一件事，别人还是不能拿走。

那就是未经允许，不能闯入你的生活。

这才是法治最硬的部分。


## 🎯 待处理的目标文案
这些当然重要。可它们都不是最底层的东西。

## 目标文案content的数组结构
生成模板参数时，format为content_index的字段依据此数组选择匹配的索引，用于决定相应内容出现在动画中的时机

[
  {
    "index": 0,
    "text": "这些当然重要。"
  },
  {
    "index": 1,
    "text": "可它们都不是最底层的东西。"
  }
]


## 选定模板及参数规范

模板名称：BEAT_SEQUENCE

参数 Schema 说明：

{
  "type": "object",
  "properties": {
    "stages": {
      "type": "array",
      "minItems": 2,
      "maxItems": 4,
      "description": "配图序列：每条 stage 一张图；imageSrc、enterEffect、可选 tone（calm|alert）、可选 showFrom（对齐镜头外层 content[] 下标）",
      "items": {
        "type": "object",
        "required": [
          "imageSrc"
        ],
        "properties": {
          "imageSrc": {
            "type": "string",
            "format": "image_prompt",
            "description": "该节拍配图提示词"
          },
          "enterEffect": {
            "type": "string",
            "enum": [
              "breathe",
              "slideLeft",
              "slideBottom",
              "zoomIn",
              "fadeIn"
            ],
            "default": "breathe",
            "description": "入场效果"
          },
          "tone": {
            "type": "string",
            "enum": [
              "calm",
              "alert"
            ],
            "description": "首条可 calm，其余默认可 alert"
          },
          "showFrom": {
            "type": "content_index",
            "minimum": 0,
            "description": "镜头 item 外层 content 数组（与 param 同级）的 0-based 下标；从该条 startFrame 起显示本图。省略则等于当前 stages 下标 i（与第 i 条口播同步）"
          }
        }
      }
    }
  },
  "required": [
    "stages"
  ]
}

// 口播条数（已由程序写入 CONTENT_STR，勿在 param 中输出 content）：口播分句（item.content）至少 2 条；口播分句至多 4 条（超出会被校验器告警）


模板该项的示例供参考：

{
  "template": "BEAT_SEQUENCE",
  "param": {
    "stages": [
      {
        "imageSrc": "问句配图简笔画",
        "enterEffect": "breathe"
      },
      {
        "imageSrc": "转折警示配图",
        "enterEffect": "slideBottom"
      },
      {
        "imageSrc": "结论冲击配图",
        "enterEffect": "slideBottom"
      }
    ]
  }
}


注意：如果该模板生成的参数包含图片视觉描述（如 imageSrc / leftSrc / rightSrc 等等），请只描述纯视觉场景与动作，绝不要包含任何文字、标语或注音。


## 其他通用说明
1. 锚点（Anchor）— 克制与高价值（适用于 SCHEMA 或上文允许出现锚点/高亮时）：
   - 多数句子应**无锚点**；拿不准就留空或 `[]`，避免满屏高亮。
   - 如果一定需要锚点，只选**整段里真正的高潮、反转或核心名词**（宜 2～4 字、有记忆点）；平庸词、铺垫句不要做成锚点。
   - 颜色建议：`#EF4444`（警示/反转/负面/结论）、`#000000`（事实/术语/数据）。动画 `anim`：`spring` | `slideUp` | `popIn` | `highlight`。
   - 音效可选(仅写在锚点对象上的 `audioEffect`)：`impact_thud` | `ping` | `woosh`

2. 视觉标题与字幕分离（仅当 SCHEMA 要求 `notText` / `butText` / `conceptName`、或 DOS_AND_DONTS 的 `left.label` / `right.label` 等时）：

   - 填**极简关键词（约 2～6 字）**，禁止把整句台词搬进标题字段。



## 输出格式（严格 JSON，不要 markdown 代码块）
补全当前模板的param,非数组：
{ "param": { ... } }

===========================================================================================
---------------------------------------- RESPONSE ----------------------------------------
time: 2026-06-08 21:22:33
attempt: 1/3

[OUTPUT]
{
  "param": {
    "stages": [
      {
        "imageSrc": "一只张开的手掌上悬浮着金币、王冠剪影和网络节点光点，背景是柔和的米白色渐变，象征外在的财富、地位与资源",
        "enterEffect": "breathe",
        "tone": "calm"
      },
      {
        "imageSrc": "一堵厚重的灰色石墙横亘在画面中央，墙顶缠绕着带刺铁丝网，远处天空阴沉，一道光束打在墙面上，凸显不可逾越的界限",
        "enterEffect": "slideBottom",
        "tone": "alert"
      }
    ]
  }
}
-------------------------------------------------------------------------------------------

======================================== REQUEST ========================================
time: 2026-06-08 21:22:33
provider: deepseek
model: deepseek-v4-pro
retries: 3

[PROMPT]
你是短视频字幕与画面细节处理专家。请把指定台词细化为字模显示参数。


## 完整段落上下文（仅供理解整体语境，判断当前句子的重要性）
很多人理解权利，第一反应是我要拥有什么。

我要有钱。我要有地位。我要有资源。我要有话语权。

这些当然重要。

可它们都不是最底层的东西。

最底层的东西，是别人不能对你做什么。

尤其是强者。

尤其是权力。

尤其是那个一句话就能改变你命运的人。

真正的权利，不是你站在高处时，别人对你客气。

那可能只是交换。

也可能只是忌惮。

真正的权利，是你站在低处时，别人依然不能随便越界。

你住在破屋里。

你没钱。没势。没背景。

你看起来什么都没有。

但有一件事，别人还是不能拿走。

那就是未经允许，不能闯入你的生活。

这才是法治最硬的部分。


## 🎯 待处理的目标文案
最底层的东西，是别人不能对你做什么。

## 目标文案content的数组结构
生成模板参数时，format为content_index的字段依据此数组选择匹配的索引，用于决定相应内容出现在动画中的时机

[
  {
    "index": 0,
    "text": "最底层的东西，"
  },
  {
    "index": 1,
    "text": "是别人不能对你做什么。"
  }
]


## 选定模板及参数规范

模板名称：CONCEPT_CARD

参数 Schema 说明：

{
  "type": "object",
  "properties": {
    "imageSrc": {
      "type": "string",
      "format": "image_prompt",
      "description": "概念图标描述"
    },
    "conceptName": {
      "type": "string",
      "description": "概念名称"
    }
  },
  "required": [
    "imageSrc",
    "conceptName"
  ]
}


模板该项的示例供参考：

{
  "template": "CONCEPT_CARD",
  "param": {
    "imageSrc": "过滤器/筛网简笔画图标",
    "conceptName": "幸存者偏差"
  }
}


注意：如果该模板生成的参数包含图片视觉描述（如 imageSrc / leftSrc / rightSrc 等等），请只描述纯视觉场景与动作，绝不要包含任何文字、标语或注音。


## 其他通用说明
1. 锚点（Anchor）— 克制与高价值（适用于 SCHEMA 或上文允许出现锚点/高亮时）：
   - 多数句子应**无锚点**；拿不准就留空或 `[]`，避免满屏高亮。
   - 如果一定需要锚点，只选**整段里真正的高潮、反转或核心名词**（宜 2～4 字、有记忆点）；平庸词、铺垫句不要做成锚点。
   - 颜色建议：`#EF4444`（警示/反转/负面/结论）、`#000000`（事实/术语/数据）。动画 `anim`：`spring` | `slideUp` | `popIn` | `highlight`。
   - 音效可选(仅写在锚点对象上的 `audioEffect`)：`impact_thud` | `ping` | `woosh`

2. 视觉标题与字幕分离（仅当 SCHEMA 要求 `notText` / `butText` / `conceptName`、或 DOS_AND_DONTS 的 `left.label` / `right.label` 等时）：

   - 填**极简关键词（约 2～6 字）**，禁止把整句台词搬进标题字段。



## 输出格式（严格 JSON，不要 markdown 代码块）
补全当前模板的param,非数组：
{ "param": { ... } }

===========================================================================================
---------------------------------------- RESPONSE ----------------------------------------
time: 2026-06-08 21:22:39
attempt: 1/3

[OUTPUT]
{
  "param": {
    "imageSrc": "一面盾牌图标，盾牌表面有微光闪烁的界线，象征不可侵犯的边界",
    "conceptName": "不可侵犯"
  }
}
-------------------------------------------------------------------------------------------

======================================== REQUEST ========================================
time: 2026-06-08 21:22:39
provider: deepseek
model: deepseek-v4-pro
retries: 3

[PROMPT]
你是短视频字幕与画面细节处理专家。请把指定台词细化为字模显示参数。


## 完整段落上下文（仅供理解整体语境，判断当前句子的重要性）
很多人理解权利，第一反应是我要拥有什么。

我要有钱。我要有地位。我要有资源。我要有话语权。

这些当然重要。

可它们都不是最底层的东西。

最底层的东西，是别人不能对你做什么。

尤其是强者。

尤其是权力。

尤其是那个一句话就能改变你命运的人。

真正的权利，不是你站在高处时，别人对你客气。

那可能只是交换。

也可能只是忌惮。

真正的权利，是你站在低处时，别人依然不能随便越界。

你住在破屋里。

你没钱。没势。没背景。

你看起来什么都没有。

但有一件事，别人还是不能拿走。

那就是未经允许，不能闯入你的生活。

这才是法治最硬的部分。


## 🎯 待处理的目标文案
尤其是强者。尤其是权力。尤其是那个一句话就能改变你命运的人。

## 目标文案content的数组结构
生成模板参数时，format为content_index的字段依据此数组选择匹配的索引，用于决定相应内容出现在动画中的时机

[
  {
    "index": 0,
    "text": "尤其是强者。"
  },
  {
    "index": 1,
    "text": "尤其是权力。"
  },
  {
    "index": 2,
    "text": "尤其是那个一句话就能改变你命运的人。"
  }
]


## 选定模板及参数规范

模板名称：BEAT_SEQUENCE

参数 Schema 说明：

{
  "type": "object",
  "properties": {
    "stages": {
      "type": "array",
      "minItems": 2,
      "maxItems": 4,
      "description": "配图序列：每条 stage 一张图；imageSrc、enterEffect、可选 tone（calm|alert）、可选 showFrom（对齐镜头外层 content[] 下标）",
      "items": {
        "type": "object",
        "required": [
          "imageSrc"
        ],
        "properties": {
          "imageSrc": {
            "type": "string",
            "format": "image_prompt",
            "description": "该节拍配图提示词"
          },
          "enterEffect": {
            "type": "string",
            "enum": [
              "breathe",
              "slideLeft",
              "slideBottom",
              "zoomIn",
              "fadeIn"
            ],
            "default": "breathe",
            "description": "入场效果"
          },
          "tone": {
            "type": "string",
            "enum": [
              "calm",
              "alert"
            ],
            "description": "首条可 calm，其余默认可 alert"
          },
          "showFrom": {
            "type": "content_index",
            "minimum": 0,
            "description": "镜头 item 外层 content 数组（与 param 同级）的 0-based 下标；从该条 startFrame 起显示本图。省略则等于当前 stages 下标 i（与第 i 条口播同步）"
          }
        }
      }
    }
  },
  "required": [
    "stages"
  ]
}

// 口播条数（已由程序写入 CONTENT_STR，勿在 param 中输出 content）：口播分句（item.content）至少 2 条；口播分句至多 4 条（超出会被校验器告警）


模板该项的示例供参考：

{
  "template": "BEAT_SEQUENCE",
  "param": {
    "stages": [
      {
        "imageSrc": "问句配图简笔画",
        "enterEffect": "breathe"
      },
      {
        "imageSrc": "转折警示配图",
        "enterEffect": "slideBottom"
      },
      {
        "imageSrc": "结论冲击配图",
        "enterEffect": "slideBottom"
      }
    ]
  }
}


注意：如果该模板生成的参数包含图片视觉描述（如 imageSrc / leftSrc / rightSrc 等等），请只描述纯视觉场景与动作，绝不要包含任何文字、标语或注音。


## 其他通用说明
1. 锚点（Anchor）— 克制与高价值（适用于 SCHEMA 或上文允许出现锚点/高亮时）：
   - 多数句子应**无锚点**；拿不准就留空或 `[]`，避免满屏高亮。
   - 如果一定需要锚点，只选**整段里真正的高潮、反转或核心名词**（宜 2～4 字、有记忆点）；平庸词、铺垫句不要做成锚点。
   - 颜色建议：`#EF4444`（警示/反转/负面/结论）、`#000000`（事实/术语/数据）。动画 `anim`：`spring` | `slideUp` | `popIn` | `highlight`。
   - 音效可选(仅写在锚点对象上的 `audioEffect`)：`impact_thud` | `ping` | `woosh`

2. 视觉标题与字幕分离（仅当 SCHEMA 要求 `notText` / `butText` / `conceptName`、或 DOS_AND_DONTS 的 `left.label` / `right.label` 等时）：

   - 填**极简关键词（约 2～6 字）**，禁止把整句台词搬进标题字段。



## 输出格式（严格 JSON，不要 markdown 代码块）
补全当前模板的param,非数组：
{ "param": { ... } }

===========================================================================================
---------------------------------------- RESPONSE ----------------------------------------
time: 2026-06-08 21:22:55
attempt: 1/3

[OUTPUT]
{ "param": { "stages": [ { "imageSrc": "一个高大的剪影人物站在悬崖边缘，俯瞰脚下微小的人群，天空阴沉，逆光突出轮廓", "enterEffect": "breathe", "tone": "calm" }, { "imageSrc": "一张巨大的王座，扶手是兽爪，背后光芒刺眼，空无一人却充满压迫感", "enterEffect": "slideBottom", "tone": "alert" }, { "imageSrc": "一张虚幻的巨嘴在低语，声波化作可见的冲击，将下方一个小人物吹得失去平衡", "enterEffect": "zoomIn", "tone": "alert" } ] } }
-------------------------------------------------------------------------------------------

======================================== REQUEST ========================================
time: 2026-06-08 21:22:55
provider: deepseek
model: deepseek-v4-pro
retries: 3

[PROMPT]
你是短视频字幕与画面细节处理专家。请把指定台词细化为字模显示参数。


## 完整段落上下文（仅供理解整体语境，判断当前句子的重要性）
很多人理解权利，第一反应是我要拥有什么。

我要有钱。我要有地位。我要有资源。我要有话语权。

这些当然重要。

可它们都不是最底层的东西。

最底层的东西，是别人不能对你做什么。

尤其是强者。

尤其是权力。

尤其是那个一句话就能改变你命运的人。

真正的权利，不是你站在高处时，别人对你客气。

那可能只是交换。

也可能只是忌惮。

真正的权利，是你站在低处时，别人依然不能随便越界。

你住在破屋里。

你没钱。没势。没背景。

你看起来什么都没有。

但有一件事，别人还是不能拿走。

那就是未经允许，不能闯入你的生活。

这才是法治最硬的部分。


## 🎯 待处理的目标文案
真正的权利，不是你站在高处时，别人对你客气。那可能只是交换。也可能只是忌惮。

## 目标文案content的数组结构
生成模板参数时，format为content_index的字段依据此数组选择匹配的索引，用于决定相应内容出现在动画中的时机

[
  {
    "index": 0,
    "text": "真正的权利，"
  },
  {
    "index": 1,
    "text": "不是你站在高处时，"
  },
  {
    "index": 2,
    "text": "别人对你客气。"
  },
  {
    "index": 3,
    "text": "那可能只是交换。"
  },
  {
    "index": 4,
    "text": "也可能只是忌惮。"
  }
]


## 选定模板及参数规范

模板名称：BEAT_SEQUENCE

参数 Schema 说明：

{
  "type": "object",
  "properties": {
    "stages": {
      "type": "array",
      "minItems": 2,
      "maxItems": 4,
      "description": "配图序列：每条 stage 一张图；imageSrc、enterEffect、可选 tone（calm|alert）、可选 showFrom（对齐镜头外层 content[] 下标）",
      "items": {
        "type": "object",
        "required": [
          "imageSrc"
        ],
        "properties": {
          "imageSrc": {
            "type": "string",
            "format": "image_prompt",
            "description": "该节拍配图提示词"
          },
          "enterEffect": {
            "type": "string",
            "enum": [
              "breathe",
              "slideLeft",
              "slideBottom",
              "zoomIn",
              "fadeIn"
            ],
            "default": "breathe",
            "description": "入场效果"
          },
          "tone": {
            "type": "string",
            "enum": [
              "calm",
              "alert"
            ],
            "description": "首条可 calm，其余默认可 alert"
          },
          "showFrom": {
            "type": "content_index",
            "minimum": 0,
            "description": "镜头 item 外层 content 数组（与 param 同级）的 0-based 下标；从该条 startFrame 起显示本图。省略则等于当前 stages 下标 i（与第 i 条口播同步）"
          }
        }
      }
    }
  },
  "required": [
    "stages"
  ]
}

// 口播条数（已由程序写入 CONTENT_STR，勿在 param 中输出 content）：口播分句（item.content）至少 2 条；口播分句至多 4 条（超出会被校验器告警）


模板该项的示例供参考：

{
  "template": "BEAT_SEQUENCE",
  "param": {
    "stages": [
      {
        "imageSrc": "问句配图简笔画",
        "enterEffect": "breathe"
      },
      {
        "imageSrc": "转折警示配图",
        "enterEffect": "slideBottom"
      },
      {
        "imageSrc": "结论冲击配图",
        "enterEffect": "slideBottom"
      }
    ]
  }
}


注意：如果该模板生成的参数包含图片视觉描述（如 imageSrc / leftSrc / rightSrc 等等），请只描述纯视觉场景与动作，绝不要包含任何文字、标语或注音。


## 其他通用说明
1. 锚点（Anchor）— 克制与高价值（适用于 SCHEMA 或上文允许出现锚点/高亮时）：
   - 多数句子应**无锚点**；拿不准就留空或 `[]`，避免满屏高亮。
   - 如果一定需要锚点，只选**整段里真正的高潮、反转或核心名词**（宜 2～4 字、有记忆点）；平庸词、铺垫句不要做成锚点。
   - 颜色建议：`#EF4444`（警示/反转/负面/结论）、`#000000`（事实/术语/数据）。动画 `anim`：`spring` | `slideUp` | `popIn` | `highlight`。
   - 音效可选(仅写在锚点对象上的 `audioEffect`)：`impact_thud` | `ping` | `woosh`

2. 视觉标题与字幕分离（仅当 SCHEMA 要求 `notText` / `butText` / `conceptName`、或 DOS_AND_DONTS 的 `left.label` / `right.label` 等时）：

   - 填**极简关键词（约 2～6 字）**，禁止把整句台词搬进标题字段。



## 输出格式（严格 JSON，不要 markdown 代码块）
补全当前模板的param,非数组：
{ "param": { ... } }

===========================================================================================
---------------------------------------- RESPONSE ----------------------------------------
time: 2026-06-08 21:23:30
attempt: 1/3

[OUTPUT]
{"param":{"stages":[{"imageSrc":"A minimalist white shield glowing softly against a deep blue background, symbolizing true rights, serene and calm atmosphere.","enterEffect":"breathe","tone":"calm","showFrom":0},{"imageSrc":"A man in a suit standing at the top of a staircase, people below bowing with forced smiles, their shadows twisted, dim tense atmosphere, hinting at false politeness.","enterEffect":"slideBottom","tone":"alert","showFrom":1},{"imageSrc":"A hand offering a gold coin while another hand holds a chain nearby, symbolizing exchange and intimidation, dark background with sharp lighting, tense mood.","enterEffect":"slideBottom","tone":"alert","showFrom":3}]}}
-------------------------------------------------------------------------------------------

======================================== REQUEST ========================================
time: 2026-06-08 21:23:30
provider: deepseek
model: deepseek-v4-pro
retries: 3

[PROMPT]
你是短视频字幕与画面细节处理专家。请把指定台词细化为字模显示参数。


## 完整段落上下文（仅供理解整体语境，判断当前句子的重要性）
很多人理解权利，第一反应是我要拥有什么。

我要有钱。我要有地位。我要有资源。我要有话语权。

这些当然重要。

可它们都不是最底层的东西。

最底层的东西，是别人不能对你做什么。

尤其是强者。

尤其是权力。

尤其是那个一句话就能改变你命运的人。

真正的权利，不是你站在高处时，别人对你客气。

那可能只是交换。

也可能只是忌惮。

真正的权利，是你站在低处时，别人依然不能随便越界。

你住在破屋里。

你没钱。没势。没背景。

你看起来什么都没有。

但有一件事，别人还是不能拿走。

那就是未经允许，不能闯入你的生活。

这才是法治最硬的部分。


## 🎯 待处理的目标文案
真正的权利，是你站在低处时，别人依然不能随便越界。

## 目标文案content的数组结构
生成模板参数时，format为content_index的字段依据此数组选择匹配的索引，用于决定相应内容出现在动画中的时机

[
  {
    "index": 0,
    "text": "真正的权利，"
  },
  {
    "index": 1,
    "text": "是你站在低处时，"
  },
  {
    "index": 2,
    "text": "别人依然不能随便越界。"
  }
]


## 选定模板及参数规范

模板名称：CENTER_FOCUS

参数 Schema 说明：

{
  "type": "object",
  "properties": {
    "imageSrc": {
      "type": "string",
      "format": "image_prompt",
      "description": "主图描述"
    },
    "enterEffect": {
      "type": "string",
      "enum": [
        "fadeIn",
        "slideLeft",
        "slideBottom",
        "zoomIn"
      ],
      "default": "fadeIn",
      "description": "图片入场方式（breathe 呼吸效果始终常驻，无需指定）"
    },
    "anchors": {
      "type": "array",
      "description": "可选；用于锚点词展示（顶部依次出现并保留为列表），并绑定锚点出现时机的音效。showFrom 须落在当前 content 条数范围内。注意 **保持克制，尽量少设置锚点** 只提取整段里真正的高潮、反转或核心名词",
      "items": {
        "type": "object",
        "required": [
          "text",
          "showFrom"
        ],
        "properties": {
          "text": {
            "type": "string",
            "description": "要展示的锚点词"
          },
          "showFrom": {
            "type": "integer",
            "format": "content_index",
            "description": "content 数组下标（0-based），非帧数；合法范围 0～(content 条数-1)，超出会被校验丢弃"
          },
          "color": {
            "type": "string"
          },
          "anim": {
            "type": "string",
            "enum": [
              "spring",
              "slideUp",
              "popIn",
              "highlight"
            ]
          },
          "audioEffect": {
            "type": "string",
            "enum": [
              "impact_thud",
              "ping",
              "woosh"
            ]
          }
        }
      }
    }
  },
  "required": [
    "imageSrc"
  ]
}


模板该项的示例供参考：

{
  "template": "CENTER_FOCUS",
  "param": {
    "imageSrc": "上班族坐在电脑前的简笔画图标",
    "enterEffect": "fadeIn",
    "anchors": [
      {
        "text": "可得性启发",
        "showFrom": 0,
        "color": "red"
      }
    ]
  }
}


注意：如果该模板生成的参数包含图片视觉描述（如 imageSrc / leftSrc / rightSrc 等等），请只描述纯视觉场景与动作，绝不要包含任何文字、标语或注音。


## 其他通用说明
1. 锚点（Anchor）— 克制与高价值（适用于 SCHEMA 或上文允许出现锚点/高亮时）：
   - 多数句子应**无锚点**；拿不准就留空或 `[]`，避免满屏高亮。
   - 如果一定需要锚点，只选**整段里真正的高潮、反转或核心名词**（宜 2～4 字、有记忆点）；平庸词、铺垫句不要做成锚点。
   - 颜色建议：`#EF4444`（警示/反转/负面/结论）、`#000000`（事实/术语/数据）。动画 `anim`：`spring` | `slideUp` | `popIn` | `highlight`。
   - 音效可选(仅写在锚点对象上的 `audioEffect`)：`impact_thud` | `ping` | `woosh`

2. 视觉标题与字幕分离（仅当 SCHEMA 要求 `notText` / `butText` / `conceptName`、或 DOS_AND_DONTS 的 `left.label` / `right.label` 等时）：

   - 填**极简关键词（约 2～6 字）**，禁止把整句台词搬进标题字段。



## 输出格式（严格 JSON，不要 markdown 代码块）
补全当前模板的param,非数组：
{ "param": { ... } }

===========================================================================================
---------------------------------------- RESPONSE ----------------------------------------
time: 2026-06-08 21:23:44
attempt: 1/3

[OUTPUT]
{
  "param": {
    "imageSrc": "一个衣衫褴褛的人坐在破败小屋的门口，一道微光形成的透明边界线环绕在他周围，几个西装革履的人站在边界外，伸出手却被无形的屏障阻挡，无法触碰他。",
    "enterEffect": "fadeIn",
    "anchors": [
      {
        "text": "低处",
        "showFrom": 1,
        "color": "#EF4444",
        "anim": "popIn",
        "audioEffect": "ping"
      }
    ]
  }
}
-------------------------------------------------------------------------------------------

======================================== REQUEST ========================================
time: 2026-06-08 21:23:44
provider: deepseek
model: deepseek-v4-pro
retries: 3

[PROMPT]
你是短视频字幕与画面细节处理专家。请把指定台词细化为字模显示参数。


## 完整段落上下文（仅供理解整体语境，判断当前句子的重要性）
很多人理解权利，第一反应是我要拥有什么。

我要有钱。我要有地位。我要有资源。我要有话语权。

这些当然重要。

可它们都不是最底层的东西。

最底层的东西，是别人不能对你做什么。

尤其是强者。

尤其是权力。

尤其是那个一句话就能改变你命运的人。

真正的权利，不是你站在高处时，别人对你客气。

那可能只是交换。

也可能只是忌惮。

真正的权利，是你站在低处时，别人依然不能随便越界。

你住在破屋里。

你没钱。没势。没背景。

你看起来什么都没有。

但有一件事，别人还是不能拿走。

那就是未经允许，不能闯入你的生活。

这才是法治最硬的部分。


## 🎯 待处理的目标文案
你住在破屋里。你没钱。没势。没背景。你看起来什么都没有。

## 目标文案content的数组结构
生成模板参数时，format为content_index的字段依据此数组选择匹配的索引，用于决定相应内容出现在动画中的时机

[
  {
    "index": 0,
    "text": "你住在破屋里。"
  },
  {
    "index": 1,
    "text": "你没钱。"
  },
  {
    "index": 2,
    "text": "没势。"
  },
  {
    "index": 3,
    "text": "没背景。"
  },
  {
    "index": 4,
    "text": "你看起来什么都没有。"
  }
]


## 选定模板及参数规范

模板名称：CENTER_FOCUS

参数 Schema 说明：

{
  "type": "object",
  "properties": {
    "imageSrc": {
      "type": "string",
      "format": "image_prompt",
      "description": "主图描述"
    },
    "enterEffect": {
      "type": "string",
      "enum": [
        "fadeIn",
        "slideLeft",
        "slideBottom",
        "zoomIn"
      ],
      "default": "fadeIn",
      "description": "图片入场方式（breathe 呼吸效果始终常驻，无需指定）"
    },
    "anchors": {
      "type": "array",
      "description": "可选；用于锚点词展示（顶部依次出现并保留为列表），并绑定锚点出现时机的音效。showFrom 须落在当前 content 条数范围内。注意 **保持克制，尽量少设置锚点** 只提取整段里真正的高潮、反转或核心名词",
      "items": {
        "type": "object",
        "required": [
          "text",
          "showFrom"
        ],
        "properties": {
          "text": {
            "type": "string",
            "description": "要展示的锚点词"
          },
          "showFrom": {
            "type": "integer",
            "format": "content_index",
            "description": "content 数组下标（0-based），非帧数；合法范围 0～(content 条数-1)，超出会被校验丢弃"
          },
          "color": {
            "type": "string"
          },
          "anim": {
            "type": "string",
            "enum": [
              "spring",
              "slideUp",
              "popIn",
              "highlight"
            ]
          },
          "audioEffect": {
            "type": "string",
            "enum": [
              "impact_thud",
              "ping",
              "woosh"
            ]
          }
        }
      }
    }
  },
  "required": [
    "imageSrc"
  ]
}


模板该项的示例供参考：

{
  "template": "CENTER_FOCUS",
  "param": {
    "imageSrc": "上班族坐在电脑前的简笔画图标",
    "enterEffect": "fadeIn",
    "anchors": [
      {
        "text": "可得性启发",
        "showFrom": 0,
        "color": "red"
      }
    ]
  }
}


注意：如果该模板生成的参数包含图片视觉描述（如 imageSrc / leftSrc / rightSrc 等等），请只描述纯视觉场景与动作，绝不要包含任何文字、标语或注音。


## 其他通用说明
1. 锚点（Anchor）— 克制与高价值（适用于 SCHEMA 或上文允许出现锚点/高亮时）：
   - 多数句子应**无锚点**；拿不准就留空或 `[]`，避免满屏高亮。
   - 如果一定需要锚点，只选**整段里真正的高潮、反转或核心名词**（宜 2～4 字、有记忆点）；平庸词、铺垫句不要做成锚点。
   - 颜色建议：`#EF4444`（警示/反转/负面/结论）、`#000000`（事实/术语/数据）。动画 `anim`：`spring` | `slideUp` | `popIn` | `highlight`。
   - 音效可选(仅写在锚点对象上的 `audioEffect`)：`impact_thud` | `ping` | `woosh`

2. 视觉标题与字幕分离（仅当 SCHEMA 要求 `notText` / `butText` / `conceptName`、或 DOS_AND_DONTS 的 `left.label` / `right.label` 等时）：

   - 填**极简关键词（约 2～6 字）**，禁止把整句台词搬进标题字段。



## 输出格式（严格 JSON，不要 markdown 代码块）
补全当前模板的param,非数组：
{ "param": { ... } }

===========================================================================================
---------------------------------------- RESPONSE ----------------------------------------
time: 2026-06-08 21:23:52
attempt: 1/3

[OUTPUT]
{
  "param": {
    "imageSrc": "A run-down, dilapidated hut with cracked walls and a dirt floor, dimly lit, showing signs of extreme poverty. A bare, empty interior with no furniture or possessions.",
    "enterEffect": "fadeIn",
    "anchors": []
  }
}
-------------------------------------------------------------------------------------------

======================================== REQUEST ========================================
time: 2026-06-08 21:23:52
provider: deepseek
model: deepseek-v4-pro
retries: 3

[PROMPT]
你是短视频字幕与画面细节处理专家。请把指定台词细化为字模显示参数。


## 完整段落上下文（仅供理解整体语境，判断当前句子的重要性）
很多人理解权利，第一反应是我要拥有什么。

我要有钱。我要有地位。我要有资源。我要有话语权。

这些当然重要。

可它们都不是最底层的东西。

最底层的东西，是别人不能对你做什么。

尤其是强者。

尤其是权力。

尤其是那个一句话就能改变你命运的人。

真正的权利，不是你站在高处时，别人对你客气。

那可能只是交换。

也可能只是忌惮。

真正的权利，是你站在低处时，别人依然不能随便越界。

你住在破屋里。

你没钱。没势。没背景。

你看起来什么都没有。

但有一件事，别人还是不能拿走。

那就是未经允许，不能闯入你的生活。

这才是法治最硬的部分。


## 🎯 待处理的目标文案
但有一件事，别人还是不能拿走。那就是未经允许，不能闯入你的生活。这才是法治最硬的部分。

## 目标文案content的数组结构
生成模板参数时，format为content_index的字段依据此数组选择匹配的索引，用于决定相应内容出现在动画中的时机

[
  {
    "index": 0,
    "text": "但有一件事，"
  },
  {
    "index": 1,
    "text": "别人还是不能拿走。"
  },
  {
    "index": 2,
    "text": "那就是未经允许，"
  },
  {
    "index": 3,
    "text": "不能闯入你的生活。"
  },
  {
    "index": 4,
    "text": "这才是法治最硬的部分。"
  }
]


## 选定模板及参数规范

模板名称：BEAT_SEQUENCE

参数 Schema 说明：

{
  "type": "object",
  "properties": {
    "stages": {
      "type": "array",
      "minItems": 2,
      "maxItems": 4,
      "description": "配图序列：每条 stage 一张图；imageSrc、enterEffect、可选 tone（calm|alert）、可选 showFrom（对齐镜头外层 content[] 下标）",
      "items": {
        "type": "object",
        "required": [
          "imageSrc"
        ],
        "properties": {
          "imageSrc": {
            "type": "string",
            "format": "image_prompt",
            "description": "该节拍配图提示词"
          },
          "enterEffect": {
            "type": "string",
            "enum": [
              "breathe",
              "slideLeft",
              "slideBottom",
              "zoomIn",
              "fadeIn"
            ],
            "default": "breathe",
            "description": "入场效果"
          },
          "tone": {
            "type": "string",
            "enum": [
              "calm",
              "alert"
            ],
            "description": "首条可 calm，其余默认可 alert"
          },
          "showFrom": {
            "type": "content_index",
            "minimum": 0,
            "description": "镜头 item 外层 content 数组（与 param 同级）的 0-based 下标；从该条 startFrame 起显示本图。省略则等于当前 stages 下标 i（与第 i 条口播同步）"
          }
        }
      }
    }
  },
  "required": [
    "stages"
  ]
}

// 口播条数（已由程序写入 CONTENT_STR，勿在 param 中输出 content）：口播分句（item.content）至少 2 条；口播分句至多 4 条（超出会被校验器告警）


模板该项的示例供参考：

{
  "template": "BEAT_SEQUENCE",
  "param": {
    "stages": [
      {
        "imageSrc": "问句配图简笔画",
        "enterEffect": "breathe"
      },
      {
        "imageSrc": "转折警示配图",
        "enterEffect": "slideBottom"
      },
      {
        "imageSrc": "结论冲击配图",
        "enterEffect": "slideBottom"
      }
    ]
  }
}


注意：如果该模板生成的参数包含图片视觉描述（如 imageSrc / leftSrc / rightSrc 等等），请只描述纯视觉场景与动作，绝不要包含任何文字、标语或注音。


## 其他通用说明
1. 锚点（Anchor）— 克制与高价值（适用于 SCHEMA 或上文允许出现锚点/高亮时）：
   - 多数句子应**无锚点**；拿不准就留空或 `[]`，避免满屏高亮。
   - 如果一定需要锚点，只选**整段里真正的高潮、反转或核心名词**（宜 2～4 字、有记忆点）；平庸词、铺垫句不要做成锚点。
   - 颜色建议：`#EF4444`（警示/反转/负面/结论）、`#000000`（事实/术语/数据）。动画 `anim`：`spring` | `slideUp` | `popIn` | `highlight`。
   - 音效可选(仅写在锚点对象上的 `audioEffect`)：`impact_thud` | `ping` | `woosh`

2. 视觉标题与字幕分离（仅当 SCHEMA 要求 `notText` / `butText` / `conceptName`、或 DOS_AND_DONTS 的 `left.label` / `right.label` 等时）：

   - 填**极简关键词（约 2～6 字）**，禁止把整句台词搬进标题字段。



## 输出格式（严格 JSON，不要 markdown 代码块）
补全当前模板的param,非数组：
{ "param": { ... } }

===========================================================================================
---------------------------------------- RESPONSE ----------------------------------------
time: 2026-06-08 21:24:09
attempt: 1/3

[OUTPUT]
{
  "param": {
    "stages": [
      {
        "imageSrc": "一扇紧闭的厚重木门，门锁坚固，从门缝中透出微光，象征不可侵犯的私人领域",
        "enterEffect": "breathe",
        "tone": "calm",
        "showFrom": 0
      },
      {
        "imageSrc": "一道清晰的红色边界线，标注私人住处入口，警告外人止步",
        "enterEffect": "slideLeft",
        "tone": "alert",
        "showFrom": 2
      },
      {
        "imageSrc": "一副光芒四射的法律盾牌，坚不可摧，矗立在低矮民居前",
        "enterEffect": "slideBottom",
        "tone": "alert",
        "showFrom": 4
      }
    ]
  }
}
-------------------------------------------------------------------------------------------

======================================== REQUEST ========================================
time: 2026-06-08 21:24:09
provider: deepseek
model: deepseek-v4-pro
retries: 3

[PROMPT]
你是短视频字幕与画面细节处理专家。请把指定台词细化为字模显示参数。


## 完整段落上下文（仅供理解整体语境，判断当前句子的重要性）
法治不是把每个人都变成强者。

那不现实。

法治真正做的，是让强者也必须停一下。

他要解释。要申请。要经过程序。要承担责任。

很多人会觉得，这太麻烦了。

抓紧办事不好吗？

提高效率不好吗？

遇到问题直接冲进去，不是更快吗？

这就是最大的陷阱。

权力最喜欢借口。

效率，是它最常用的借口。

安全，是它最漂亮的借口。

大局，是它最难反驳的借口。

可一旦这些借口，可以随便推开一扇普通人的门。

那扇门就不再是门。

它只是摆设。

你以为损失的，只是一个人的隐私。

不。

损失的是所有人的边界感。

今天它可以为了效率进他的门。

明天它也可以为了安全进你的门。

后天它就可以为了大局，进入每一个人的门。

门一旦失去意义，家也会失去意义。

家不是四面墙。

家是一个人最后能说“不”的地方。

如果连这里都不能拒绝，那人就不是生活在家里。

他只是暂时被允许待在那里。


## 🎯 待处理的目标文案
法治不是把每个人都变成强者。那不现实。法治真正做的，是让强者也必须停一下。

## 目标文案content的数组结构
生成模板参数时，format为content_index的字段依据此数组选择匹配的索引，用于决定相应内容出现在动画中的时机

[
  {
    "index": 0,
    "text": "法治不是把每个人都变成强者。"
  },
  {
    "index": 1,
    "text": "那不现实。"
  },
  {
    "index": 2,
    "text": "法治真正做的，"
  },
  {
    "index": 3,
    "text": "是让强者也必须停一下。"
  }
]


## 选定模板及参数规范

模板名称：COGNITIVE_SHIFT

参数 Schema 说明：

{
  "type": "object",
  "properties": {
    "notText": {
      "type": "string",
      "description": "被否认知（‘不是’后面的内容）的精炼短句，不超过12个字，"
    },
    "butText": {
      "type": "string",
      "description": "真实认知（‘而是’后面的内容）的精炼短句，不超过12个字"
    },
    "butSrc": {
      "type": "string",
      "format": "image_prompt",
      "description": "真实认知的配图"
    },
    "notContentIndex": {
      "type": "integer",
      "format": "content_index",
      "description": "触发「不是」动画的字幕段索引（默认 0）"
    },
    "butContentIndex": {
      "type": "integer",
      "format": "content_index",
      "description": "触发「而是」动画的字幕段索引（默认 1）"
    }
  },
  "required": [
    "notText",
    "butText"
  ]
}


模板该项的示例供参考：

{
  "template": "COGNITIVE_SHIFT",
  "content": [
    "我们都不应该靠勤奋拼命",
    "我们都应该是靠认知和选择",
    "这样我才能成功"
  ],
  "param": {
    "notText": "靠勤奋拼命",
    "butText": "靠认知和选择",
    "butSrc": "站在高处看地图的思考者",
    "notContentIndex": 0,
    "butContentIndex": 1
  }
}


注意：如果该模板生成的参数包含图片视觉描述（如 imageSrc / leftSrc / rightSrc 等等），请只描述纯视觉场景与动作，绝不要包含任何文字、标语或注音。


## 其他通用说明
1. 锚点（Anchor）— 克制与高价值（适用于 SCHEMA 或上文允许出现锚点/高亮时）：
   - 多数句子应**无锚点**；拿不准就留空或 `[]`，避免满屏高亮。
   - 如果一定需要锚点，只选**整段里真正的高潮、反转或核心名词**（宜 2～4 字、有记忆点）；平庸词、铺垫句不要做成锚点。
   - 颜色建议：`#EF4444`（警示/反转/负面/结论）、`#000000`（事实/术语/数据）。动画 `anim`：`spring` | `slideUp` | `popIn` | `highlight`。
   - 音效可选(仅写在锚点对象上的 `audioEffect`)：`impact_thud` | `ping` | `woosh`

2. 视觉标题与字幕分离（仅当 SCHEMA 要求 `notText` / `butText` / `conceptName`、或 DOS_AND_DONTS 的 `left.label` / `right.label` 等时）：

   - 填**极简关键词（约 2～6 字）**，禁止把整句台词搬进标题字段。



## 输出格式（严格 JSON，不要 markdown 代码块）
补全当前模板的param,非数组：
{ "param": { ... } }

===========================================================================================
---------------------------------------- RESPONSE ----------------------------------------
time: 2026-06-08 21:24:27
attempt: 1/3

[OUTPUT]
{ "param": { "notText": "把每个人都变成强者", "butText": "让强者也必须停一下", "butSrc": "一个高大的身影在红色停止标志前驻足", "notContentIndex": 0, "butContentIndex": 3 } }
-------------------------------------------------------------------------------------------

======================================== REQUEST ========================================
time: 2026-06-08 21:24:27
provider: deepseek
model: deepseek-v4-pro
retries: 3

[PROMPT]
你是短视频字幕与画面细节处理专家。请把指定台词细化为字模显示参数。


## 完整段落上下文（仅供理解整体语境，判断当前句子的重要性）
法治不是把每个人都变成强者。

那不现实。

法治真正做的，是让强者也必须停一下。

他要解释。要申请。要经过程序。要承担责任。

很多人会觉得，这太麻烦了。

抓紧办事不好吗？

提高效率不好吗？

遇到问题直接冲进去，不是更快吗？

这就是最大的陷阱。

权力最喜欢借口。

效率，是它最常用的借口。

安全，是它最漂亮的借口。

大局，是它最难反驳的借口。

可一旦这些借口，可以随便推开一扇普通人的门。

那扇门就不再是门。

它只是摆设。

你以为损失的，只是一个人的隐私。

不。

损失的是所有人的边界感。

今天它可以为了效率进他的门。

明天它也可以为了安全进你的门。

后天它就可以为了大局，进入每一个人的门。

门一旦失去意义，家也会失去意义。

家不是四面墙。

家是一个人最后能说“不”的地方。

如果连这里都不能拒绝，那人就不是生活在家里。

他只是暂时被允许待在那里。


## 🎯 待处理的目标文案
他要解释。要申请。要经过程序。要承担责任。

## 目标文案content的数组结构
生成模板参数时，format为content_index的字段依据此数组选择匹配的索引，用于决定相应内容出现在动画中的时机

[
  {
    "index": 0,
    "text": "他要解释。"
  },
  {
    "index": 1,
    "text": "要申请。"
  },
  {
    "index": 2,
    "text": "要经过程序。"
  },
  {
    "index": 3,
    "text": "要承担责任。"
  }
]


## 选定模板及参数规范

模板名称：STEP_LIST

参数 Schema 说明：

{
  "type": "object",
  "properties": {
    "title": {
      "type": "string",
      "description": "可选；步骤列表上方标题，建议 4～14 字"
    },
    "steps": {
      "type": "array",
      "items": {
        "oneOf": [
          {
            "type": "string"
          },
          {
            "type": "object",
            "properties": {
              "text": {
                "type": "string"
              },
              "showFrom": {
                "type": "integer",
                "minimum": 0,
                "description": "对应 content 数组的下标（0-based）；该步在 content[showFrom].startFrame 帧开始入场。不传则按 staggerDelay 与序号顺延。"
              }
            },
            "required": [
              "text"
            ]
          }
        ]
      },
      "minItems": 2,
      "maxItems": 6,
      "description": "步骤（可选）。可为字符串，或 { text, showFrom? }（showFrom=content 下标）；不传则从 content 提取。每条 text 建议不超过 10 字。"
    }
  },
  "required": []
}

// 口播条数（已由程序写入 CONTENT_STR，勿在 param 中输出 content）：口播分句（item.content）至少 2 条；口播分句至多 6 条（超出会被校验器告警）


模板该项的示例供参考：

{
  "template": "STEP_LIST",
  "param": {
    "title": "流程概览",
    "steps": [
      {
        "text": "第一步",
        "showFrom": 0
      },
      {
        "text": "第二步",
        "showFrom": 1
      },
      {
        "text": "第三步",
        "showFrom": 2
      }
    ]
  }
}


注意：如果该模板生成的参数包含图片视觉描述（如 imageSrc / leftSrc / rightSrc 等等），请只描述纯视觉场景与动作，绝不要包含任何文字、标语或注音。


## 其他通用说明
1. 锚点（Anchor）— 克制与高价值（适用于 SCHEMA 或上文允许出现锚点/高亮时）：
   - 多数句子应**无锚点**；拿不准就留空或 `[]`，避免满屏高亮。
   - 如果一定需要锚点，只选**整段里真正的高潮、反转或核心名词**（宜 2～4 字、有记忆点）；平庸词、铺垫句不要做成锚点。
   - 颜色建议：`#EF4444`（警示/反转/负面/结论）、`#000000`（事实/术语/数据）。动画 `anim`：`spring` | `slideUp` | `popIn` | `highlight`。
   - 音效可选(仅写在锚点对象上的 `audioEffect`)：`impact_thud` | `ping` | `woosh`

2. 视觉标题与字幕分离（仅当 SCHEMA 要求 `notText` / `butText` / `conceptName`、或 DOS_AND_DONTS 的 `left.label` / `right.label` 等时）：

   - 填**极简关键词（约 2～6 字）**，禁止把整句台词搬进标题字段。



## 输出格式（严格 JSON，不要 markdown 代码块）
补全当前模板的param,非数组：
{ "param": { ... } }

===========================================================================================
---------------------------------------- RESPONSE ----------------------------------------
time: 2026-06-08 21:24:41
attempt: 1/3

[OUTPUT]
{"param": {"steps": [{"text": "他要解释。", "showFrom": 0}, {"text": "要申请。", "showFrom": 1}, {"text": "要经过程序。", "showFrom": 2}, {"text": "要承担责任。", "showFrom": 3}]}}
-------------------------------------------------------------------------------------------

======================================== REQUEST ========================================
time: 2026-06-08 21:24:41
provider: deepseek
model: deepseek-v4-pro
retries: 3

[PROMPT]
你是短视频字幕与画面细节处理专家。请把指定台词细化为字模显示参数。


## 完整段落上下文（仅供理解整体语境，判断当前句子的重要性）
法治不是把每个人都变成强者。

那不现实。

法治真正做的，是让强者也必须停一下。

他要解释。要申请。要经过程序。要承担责任。

很多人会觉得，这太麻烦了。

抓紧办事不好吗？

提高效率不好吗？

遇到问题直接冲进去，不是更快吗？

这就是最大的陷阱。

权力最喜欢借口。

效率，是它最常用的借口。

安全，是它最漂亮的借口。

大局，是它最难反驳的借口。

可一旦这些借口，可以随便推开一扇普通人的门。

那扇门就不再是门。

它只是摆设。

你以为损失的，只是一个人的隐私。

不。

损失的是所有人的边界感。

今天它可以为了效率进他的门。

明天它也可以为了安全进你的门。

后天它就可以为了大局，进入每一个人的门。

门一旦失去意义，家也会失去意义。

家不是四面墙。

家是一个人最后能说“不”的地方。

如果连这里都不能拒绝，那人就不是生活在家里。

他只是暂时被允许待在那里。


## 🎯 待处理的目标文案
很多人会觉得，这太麻烦了。抓紧办事不好吗？提高效率不好吗？遇到问题直接冲进去，不是更快吗？这就是最大的陷阱。

## 目标文案content的数组结构
生成模板参数时，format为content_index的字段依据此数组选择匹配的索引，用于决定相应内容出现在动画中的时机

[
  {
    "index": 0,
    "text": "很多人会觉得，"
  },
  {
    "index": 1,
    "text": "这太麻烦了。"
  },
  {
    "index": 2,
    "text": "抓紧办事不好吗？"
  },
  {
    "index": 3,
    "text": "提高效率不好吗？"
  },
  {
    "index": 4,
    "text": "遇到问题直接冲进去，"
  },
  {
    "index": 5,
    "text": "不是更快吗？"
  },
  {
    "index": 6,
    "text": "这就是最大的陷阱。"
  }
]


## 选定模板及参数规范

模板名称：BEAT_SEQUENCE

参数 Schema 说明：

{
  "type": "object",
  "properties": {
    "stages": {
      "type": "array",
      "minItems": 2,
      "maxItems": 4,
      "description": "配图序列：每条 stage 一张图；imageSrc、enterEffect、可选 tone（calm|alert）、可选 showFrom（对齐镜头外层 content[] 下标）",
      "items": {
        "type": "object",
        "required": [
          "imageSrc"
        ],
        "properties": {
          "imageSrc": {
            "type": "string",
            "format": "image_prompt",
            "description": "该节拍配图提示词"
          },
          "enterEffect": {
            "type": "string",
            "enum": [
              "breathe",
              "slideLeft",
              "slideBottom",
              "zoomIn",
              "fadeIn"
            ],
            "default": "breathe",
            "description": "入场效果"
          },
          "tone": {
            "type": "string",
            "enum": [
              "calm",
              "alert"
            ],
            "description": "首条可 calm，其余默认可 alert"
          },
          "showFrom": {
            "type": "content_index",
            "minimum": 0,
            "description": "镜头 item 外层 content 数组（与 param 同级）的 0-based 下标；从该条 startFrame 起显示本图。省略则等于当前 stages 下标 i（与第 i 条口播同步）"
          }
        }
      }
    }
  },
  "required": [
    "stages"
  ]
}

// 口播条数（已由程序写入 CONTENT_STR，勿在 param 中输出 content）：口播分句（item.content）至少 2 条；口播分句至多 4 条（超出会被校验器告警）


模板该项的示例供参考：

{
  "template": "BEAT_SEQUENCE",
  "param": {
    "stages": [
      {
        "imageSrc": "问句配图简笔画",
        "enterEffect": "breathe"
      },
      {
        "imageSrc": "转折警示配图",
        "enterEffect": "slideBottom"
      },
      {
        "imageSrc": "结论冲击配图",
        "enterEffect": "slideBottom"
      }
    ]
  }
}


注意：如果该模板生成的参数包含图片视觉描述（如 imageSrc / leftSrc / rightSrc 等等），请只描述纯视觉场景与动作，绝不要包含任何文字、标语或注音。


## 其他通用说明
1. 锚点（Anchor）— 克制与高价值（适用于 SCHEMA 或上文允许出现锚点/高亮时）：
   - 多数句子应**无锚点**；拿不准就留空或 `[]`，避免满屏高亮。
   - 如果一定需要锚点，只选**整段里真正的高潮、反转或核心名词**（宜 2～4 字、有记忆点）；平庸词、铺垫句不要做成锚点。
   - 颜色建议：`#EF4444`（警示/反转/负面/结论）、`#000000`（事实/术语/数据）。动画 `anim`：`spring` | `slideUp` | `popIn` | `highlight`。
   - 音效可选(仅写在锚点对象上的 `audioEffect`)：`impact_thud` | `ping` | `woosh`

2. 视觉标题与字幕分离（仅当 SCHEMA 要求 `notText` / `butText` / `conceptName`、或 DOS_AND_DONTS 的 `left.label` / `right.label` 等时）：

   - 填**极简关键词（约 2～6 字）**，禁止把整句台词搬进标题字段。



## 输出格式（严格 JSON，不要 markdown 代码块）
补全当前模板的param,非数组：
{ "param": { ... } }

===========================================================================================
---------------------------------------- RESPONSE ----------------------------------------
time: 2026-06-08 21:25:11
attempt: 1/3

[OUTPUT]
{
  "param": {
    "stages": [
      {
        "imageSrc": "一个人坐在桌前，面对堆积如山的文件，表情困惑，色调灰蓝",
        "enterEffect": "breathe",
        "tone": "calm",
        "showFrom": 0
      },
      {
        "imageSrc": "一只手快速推开一扇门，门内透出强光，象征效率至上的冲动",
        "enterEffect": "slideBottom",
        "tone": "alert",
        "showFrom": 2
      },
      {
        "imageSrc": "一扇普通的门逐渐扭曲变形，变成捕兽夹的形状",
        "enterEffect": "zoomIn",
        "tone": "alert",
        "showFrom": 6
      }
    ]
  }
}
-------------------------------------------------------------------------------------------

======================================== REQUEST ========================================
time: 2026-06-08 21:25:11
provider: deepseek
model: deepseek-v4-pro
retries: 3

[PROMPT]
你是短视频字幕与画面细节处理专家。请把指定台词细化为字模显示参数。


## 完整段落上下文（仅供理解整体语境，判断当前句子的重要性）
法治不是把每个人都变成强者。

那不现实。

法治真正做的，是让强者也必须停一下。

他要解释。要申请。要经过程序。要承担责任。

很多人会觉得，这太麻烦了。

抓紧办事不好吗？

提高效率不好吗？

遇到问题直接冲进去，不是更快吗？

这就是最大的陷阱。

权力最喜欢借口。

效率，是它最常用的借口。

安全，是它最漂亮的借口。

大局，是它最难反驳的借口。

可一旦这些借口，可以随便推开一扇普通人的门。

那扇门就不再是门。

它只是摆设。

你以为损失的，只是一个人的隐私。

不。

损失的是所有人的边界感。

今天它可以为了效率进他的门。

明天它也可以为了安全进你的门。

后天它就可以为了大局，进入每一个人的门。

门一旦失去意义，家也会失去意义。

家不是四面墙。

家是一个人最后能说“不”的地方。

如果连这里都不能拒绝，那人就不是生活在家里。

他只是暂时被允许待在那里。


## 🎯 待处理的目标文案
权力最喜欢借口。

## 目标文案content的数组结构
生成模板参数时，format为content_index的字段依据此数组选择匹配的索引，用于决定相应内容出现在动画中的时机

[
  {
    "index": 0,
    "text": "权力最喜欢借口。"
  }
]


## 选定模板及参数规范

模板名称：TEXT_FOCUS

参数 Schema 说明：

{
  "type": "object",
  "properties": {
    "coreSentence": {
      "type": "array",
      "minItems": 1,
      "description": "大屏核心文案，每元素一行：可为 string，或 { text, showFrom, endFrom? }；showFrom/endFrom 为 content 下标（0-based），非帧数：在该条 startFrame 显现；可选 endFrom 表示在该条播完（startFrame+durationFrames）后起淡出。纯 string 等价于 showFrom=0、无 endFrom。锚点校验时各段 text 按顺序直接拼接（无分隔符）。",
      "items": {
        "oneOf": [
          {
            "type": "string"
          },
          {
            "type": "object",
            "required": [
              "text",
              "showFrom"
            ],
            "properties": {
              "text": {
                "type": "string",
                "description": "该行大屏文案"
              },
              "showFrom": {
                "type": "integer",
                "format": "content_index",
                "description": "content 下标（0-based），非帧数"
              },
              "endFrom": {
                "type": "integer",
                "format": "content_index",
                "description": "可选；content 下标（0-based），非帧数；该行在对应条字幕结束帧（startFrame+durationFrames）起淡出"
              }
            }
          }
        ]
      }
    },
    "coreSentenceAnchors": {
      "type": "array",
      "description": "可选；在 coreSentence 各段拼接后的全文内按顺序高亮子串。每项 coreSentenceAnchor 须为该拼接串的子串，否则会被校验丢弃",
      "items": {
        "type": "object",
        "required": [
          "coreSentenceAnchor"
        ],
        "properties": {
          "coreSentenceAnchor": {
            "type": "string",
            "description": "要高亮的子串，须出现在各 coreSentence 段拼接后的全文内"
          },
          "color": {
            "type": "string",
            "description": "高亮颜色，省略时默认强调色"
          }
        }
      }
    }
  },
  "required": [
    "coreSentence"
  ]
}

// 口播条数（已由程序写入 CONTENT_STR，勿在 param 中输出 content）：口播分句至多 3 条（超出会被校验器告警）


模板该项的示例供参考：

{
  "template": "TEXT_FOCUS",
  "param": {
    "coreSentence": [
      {
        "text": "承认自己“可能错了”并不是一种软弱",
        "showFrom": 0,
        "endFrom": 0
      },
      {
        "text": "而是成长的开始",
        "showFrom": 1,
        "endFrom": 1
      }
    ],
    "coreSentenceAnchors": [
      {
        "coreSentenceAnchor": "可能错了",
        "color": "red"
      }
    ]
  }
}


注意：如果该模板生成的参数包含图片视觉描述（如 imageSrc / leftSrc / rightSrc 等等），请只描述纯视觉场景与动作，绝不要包含任何文字、标语或注音。


## 其他通用说明
1. 锚点（Anchor）— 克制与高价值（适用于 SCHEMA 或上文允许出现锚点/高亮时）：
   - 多数句子应**无锚点**；拿不准就留空或 `[]`，避免满屏高亮。
   - 如果一定需要锚点，只选**整段里真正的高潮、反转或核心名词**（宜 2～4 字、有记忆点）；平庸词、铺垫句不要做成锚点。
   - 颜色建议：`#EF4444`（警示/反转/负面/结论）、`#000000`（事实/术语/数据）。动画 `anim`：`spring` | `slideUp` | `popIn` | `highlight`。
   - 音效可选(仅写在锚点对象上的 `audioEffect`)：`impact_thud` | `ping` | `woosh`

2. 视觉标题与字幕分离（仅当 SCHEMA 要求 `notText` / `butText` / `conceptName`、或 DOS_AND_DONTS 的 `left.label` / `right.label` 等时）：

   - 填**极简关键词（约 2～6 字）**，禁止把整句台词搬进标题字段。



## 输出格式（严格 JSON，不要 markdown 代码块）
补全当前模板的param,非数组：
{ "param": { ... } }

===========================================================================================
---------------------------------------- RESPONSE ----------------------------------------
time: 2026-06-08 21:25:18
attempt: 1/3

[OUTPUT]
{
  "param": {
    "coreSentence": [
      "权力最喜欢借口。"
    ]
  }
}
-------------------------------------------------------------------------------------------

======================================== REQUEST ========================================
time: 2026-06-08 21:25:18
provider: deepseek
model: deepseek-v4-pro
retries: 3

[PROMPT]
你是短视频字幕与画面细节处理专家。请把指定台词细化为字模显示参数。


## 完整段落上下文（仅供理解整体语境，判断当前句子的重要性）
法治不是把每个人都变成强者。

那不现实。

法治真正做的，是让强者也必须停一下。

他要解释。要申请。要经过程序。要承担责任。

很多人会觉得，这太麻烦了。

抓紧办事不好吗？

提高效率不好吗？

遇到问题直接冲进去，不是更快吗？

这就是最大的陷阱。

权力最喜欢借口。

效率，是它最常用的借口。

安全，是它最漂亮的借口。

大局，是它最难反驳的借口。

可一旦这些借口，可以随便推开一扇普通人的门。

那扇门就不再是门。

它只是摆设。

你以为损失的，只是一个人的隐私。

不。

损失的是所有人的边界感。

今天它可以为了效率进他的门。

明天它也可以为了安全进你的门。

后天它就可以为了大局，进入每一个人的门。

门一旦失去意义，家也会失去意义。

家不是四面墙。

家是一个人最后能说“不”的地方。

如果连这里都不能拒绝，那人就不是生活在家里。

他只是暂时被允许待在那里。


## 🎯 待处理的目标文案
效率，是它最常用的借口。安全，是它最漂亮的借口。大局，是它最难反驳的借口。

## 目标文案content的数组结构
生成模板参数时，format为content_index的字段依据此数组选择匹配的索引，用于决定相应内容出现在动画中的时机

[
  {
    "index": 0,
    "text": "效率，"
  },
  {
    "index": 1,
    "text": "是它最常用的借口。"
  },
  {
    "index": 2,
    "text": "安全，"
  },
  {
    "index": 3,
    "text": "是它最漂亮的借口。"
  },
  {
    "index": 4,
    "text": "大局，"
  },
  {
    "index": 5,
    "text": "是它最难反驳的借口。"
  }
]


## 选定模板及参数规范

模板名称：PANEL_GRID

参数 Schema 说明：

{
  "type": "object",
  "properties": {
    "panels": {
      "type": "array",
      "minItems": 2,
      "maxItems": 6,
      "description": "宫格配图；showFrom 为 content 下标（0-based），在该条 startFrame 显现",
      "items": {
        "type": "object",
        "required": [
          "src",
          "showFrom"
        ],
        "properties": {
          "src": {
            "type": "string",
            "format": "image_prompt",
            "description": "该宫格配图提示词"
          },
          "showFrom": {
            "type": "integer",
            "format": "content_index",
            "description": "content 下标（0-based），非帧数"
          },
          "position": {
            "type": "string",
            "enum": [
              "center",
              "left",
              "right",
              "top",
              "bottom"
            ],
            "description": "可选；弱提示，布局以宫格为准"
          },
          "enterEffect": {
            "type": "string",
            "enum": [
              "breathe",
              "slideLeft",
              "slideBottom",
              "zoomIn",
              "fadeIn"
            ],
            "default": "fadeIn"
          }
        }
      }
    }
  },
  "required": [
    "panels"
  ]
}

// 口播条数（已由程序写入 CONTENT_STR，勿在 param 中输出 content）：口播分句（item.content）至少 2 条；口播分句至多 8 条（超出会被校验器告警）


模板该项的示例供参考：

{
  "template": "PANEL_GRID",
  "param": {
    "panels": [
      {
        "src": "问号堵住去路的简笔画",
        "showFrom": 0,
        "enterEffect": "zoomIn"
      },
      {
        "src": "放大镜只看一角的简笔画",
        "showFrom": 1
      },
      {
        "src": "两人各执一词的简笔画",
        "showFrom": 2
      }
    ]
  }
}


注意：如果该模板生成的参数包含图片视觉描述（如 imageSrc / leftSrc / rightSrc 等等），请只描述纯视觉场景与动作，绝不要包含任何文字、标语或注音。


## 其他通用说明
1. 锚点（Anchor）— 克制与高价值（适用于 SCHEMA 或上文允许出现锚点/高亮时）：
   - 多数句子应**无锚点**；拿不准就留空或 `[]`，避免满屏高亮。
   - 如果一定需要锚点，只选**整段里真正的高潮、反转或核心名词**（宜 2～4 字、有记忆点）；平庸词、铺垫句不要做成锚点。
   - 颜色建议：`#EF4444`（警示/反转/负面/结论）、`#000000`（事实/术语/数据）。动画 `anim`：`spring` | `slideUp` | `popIn` | `highlight`。
   - 音效可选(仅写在锚点对象上的 `audioEffect`)：`impact_thud` | `ping` | `woosh`

2. 视觉标题与字幕分离（仅当 SCHEMA 要求 `notText` / `butText` / `conceptName`、或 DOS_AND_DONTS 的 `left.label` / `right.label` 等时）：

   - 填**极简关键词（约 2～6 字）**，禁止把整句台词搬进标题字段。



## 输出格式（严格 JSON，不要 markdown 代码块）
补全当前模板的param,非数组：
{ "param": { ... } }

===========================================================================================
---------------------------------------- RESPONSE ----------------------------------------
time: 2026-06-08 21:25:33
attempt: 1/3

[OUTPUT]
{
  "param": {
    "panels": [
      {
        "src": "简笔画风格，一只飞速转动的秒针，周围有模糊的线条表示匆忙",
        "showFrom": 0,
        "enterEffect": "zoomIn"
      },
      {
        "src": "简笔画风格，一面盾牌中央嵌着一把锁，象征安全保护",
        "showFrom": 2
      },
      {
        "src": "简笔画风格，一张巨大的棋盘网格覆盖画面，棋子散落，象征大局",
        "showFrom": 4
      }
    ]
  }
}
-------------------------------------------------------------------------------------------

======================================== REQUEST ========================================
time: 2026-06-08 21:25:33
provider: deepseek
model: deepseek-v4-pro
retries: 3

[PROMPT]
你是短视频字幕与画面细节处理专家。请把指定台词细化为字模显示参数。


## 完整段落上下文（仅供理解整体语境，判断当前句子的重要性）
法治不是把每个人都变成强者。

那不现实。

法治真正做的，是让强者也必须停一下。

他要解释。要申请。要经过程序。要承担责任。

很多人会觉得，这太麻烦了。

抓紧办事不好吗？

提高效率不好吗？

遇到问题直接冲进去，不是更快吗？

这就是最大的陷阱。

权力最喜欢借口。

效率，是它最常用的借口。

安全，是它最漂亮的借口。

大局，是它最难反驳的借口。

可一旦这些借口，可以随便推开一扇普通人的门。

那扇门就不再是门。

它只是摆设。

你以为损失的，只是一个人的隐私。

不。

损失的是所有人的边界感。

今天它可以为了效率进他的门。

明天它也可以为了安全进你的门。

后天它就可以为了大局，进入每一个人的门。

门一旦失去意义，家也会失去意义。

家不是四面墙。

家是一个人最后能说“不”的地方。

如果连这里都不能拒绝，那人就不是生活在家里。

他只是暂时被允许待在那里。


## 🎯 待处理的目标文案
可一旦这些借口，可以随便推开一扇普通人的门。那扇门就不再是门。它只是摆设。

## 目标文案content的数组结构
生成模板参数时，format为content_index的字段依据此数组选择匹配的索引，用于决定相应内容出现在动画中的时机

[
  {
    "index": 0,
    "text": "可一旦这些借口，"
  },
  {
    "index": 1,
    "text": "可以随便推开一扇普通人的门。"
  },
  {
    "index": 2,
    "text": "那扇门就不再是门。"
  },
  {
    "index": 3,
    "text": "它只是摆设。"
  }
]


## 选定模板及参数规范

模板名称：CAUSE_CHAIN

参数 Schema 说明：

{
  "type": "object",
  "properties": {
    "layout": {
      "type": "string",
      "enum": [
        "horizontal",
        "vertical"
      ],
      "default": "horizontal",
      "description": "链的排布方向；横屏/常规叙事默认 horizontal，竖屏可设 vertical"
    },
    "nodes": {
      "type": "array",
      "minItems": 2,
      "maxItems": 4,
      "description": "因果节点；showFrom 为 content 数组下标（0-based），入场时刻取该条 startFrame",
      "items": {
        "type": "object",
        "required": [
          "label",
          "imageSrc",
          "showFrom"
        ],
        "properties": {
          "label": {
            "type": "string",
            "description": "节点短标签，建议 2～8 字"
          },
          "imageSrc": {
            "type": "string",
            "format": "image_prompt",
            "description": "该环节隐喻配图"
          },
          "showFrom": {
            "type": "integer",
            "format": "content_index",
            "description": "content 下标（0-based），非帧数"
          },
          "enterEffect": {
            "type": "string",
            "enum": [
              "breathe",
              "slideLeft",
              "slideBottom",
              "zoomIn",
              "fadeIn"
            ],
            "default": "fadeIn"
          }
        }
      }
    },
    "anchors": {
      "type": "array",
      "description": "可选；顶部依次展示锚点词并保留为列表，showFrom 为 content 下标（0-based，非帧数）；保持克制，只提取整段里真正的高潮、反转或核心名词",
      "items": {
        "type": "object",
        "required": [
          "text",
          "showFrom"
        ],
        "properties": {
          "text": {
            "type": "string",
            "description": "要展示的锚点词"
          },
          "showFrom": {
            "type": "integer",
            "format": "content_index",
            "description": "content 数组下标（0-based），非帧数；合法范围 0～(content 条数-1)，超出会被校验丢弃"
          },
          "color": {
            "type": "string"
          },
          "anim": {
            "type": "string",
            "enum": [
              "spring",
              "slideUp",
              "popIn",
              "highlight"
            ]
          },
          "audioEffect": {
            "type": "string",
            "enum": [
              "impact_thud",
              "ping",
              "woosh"
            ]
          }
        }
      }
    }
  },
  "required": [
    "nodes"
  ]
}

// 口播条数（已由程序写入 CONTENT_STR，勿在 param 中输出 content）：口播分句（item.content）至少 2 条；口播分句至多 6 条（超出会被校验器告警）


模板该项的示例供参考：

{
  "template": "CAUSE_CHAIN",
  "param": {
    "layout": "horizontal",
    "nodes": [
      {
        "label": "刺激",
        "imageSrc": "闪电击中大脑的简笔画",
        "showFrom": 0
      },
      {
        "label": "解读",
        "imageSrc": "放大镜看信息的简笔画",
        "showFrom": 1
      },
      {
        "label": "行动",
        "imageSrc": "按下按钮的简笔画",
        "showFrom": 2
      }
    ]
  }
}


注意：如果该模板生成的参数包含图片视觉描述（如 imageSrc / leftSrc / rightSrc 等等），请只描述纯视觉场景与动作，绝不要包含任何文字、标语或注音。


## 其他通用说明
1. 锚点（Anchor）— 克制与高价值（适用于 SCHEMA 或上文允许出现锚点/高亮时）：
   - 多数句子应**无锚点**；拿不准就留空或 `[]`，避免满屏高亮。
   - 如果一定需要锚点，只选**整段里真正的高潮、反转或核心名词**（宜 2～4 字、有记忆点）；平庸词、铺垫句不要做成锚点。
   - 颜色建议：`#EF4444`（警示/反转/负面/结论）、`#000000`（事实/术语/数据）。动画 `anim`：`spring` | `slideUp` | `popIn` | `highlight`。
   - 音效可选(仅写在锚点对象上的 `audioEffect`)：`impact_thud` | `ping` | `woosh`

2. 视觉标题与字幕分离（仅当 SCHEMA 要求 `notText` / `butText` / `conceptName`、或 DOS_AND_DONTS 的 `left.label` / `right.label` 等时）：

   - 填**极简关键词（约 2～6 字）**，禁止把整句台词搬进标题字段。



## 输出格式（严格 JSON，不要 markdown 代码块）
补全当前模板的param,非数组：
{ "param": { ... } }

===========================================================================================
---------------------------------------- RESPONSE ----------------------------------------
time: 2026-06-08 21:26:05
attempt: 1/3

[OUTPUT]
{
  "param": {
    "layout": "horizontal",
    "nodes": [
      {
        "label": "借口",
        "imageSrc": "一块盾牌挡在一扇普通的门前",
        "showFrom": 0
      },
      {
        "label": "推门",
        "imageSrc": "一只无形的手推开了那扇普通的木门",
        "showFrom": 1
      },
      {
        "label": "门虚设",
        "imageSrc": "门逐渐变得透明，失去实体感",
        "showFrom": 2
      },
      {
        "label": "摆设",
        "imageSrc": "一个精致的相框挂在墙上，里面空无一物",
        "showFrom": 3
      }
    ],
    "anchors": [
      {
        "text": "借口",
        "showFrom": 0,
        "color": "#EF4444",
        "anim": "spring"
      },
      {
        "text": "摆设",
        "showFrom": 3,
        "color": "#EF4444",
        "anim": "popIn",
        "audioEffect": "impact_thud"
      }
    ]
  }
}
-------------------------------------------------------------------------------------------

======================================== REQUEST ========================================
time: 2026-06-08 21:26:05
provider: deepseek
model: deepseek-v4-pro
retries: 3

[PROMPT]
你是短视频字幕与画面细节处理专家。请把指定台词细化为字模显示参数。


## 完整段落上下文（仅供理解整体语境，判断当前句子的重要性）
法治不是把每个人都变成强者。

那不现实。

法治真正做的，是让强者也必须停一下。

他要解释。要申请。要经过程序。要承担责任。

很多人会觉得，这太麻烦了。

抓紧办事不好吗？

提高效率不好吗？

遇到问题直接冲进去，不是更快吗？

这就是最大的陷阱。

权力最喜欢借口。

效率，是它最常用的借口。

安全，是它最漂亮的借口。

大局，是它最难反驳的借口。

可一旦这些借口，可以随便推开一扇普通人的门。

那扇门就不再是门。

它只是摆设。

你以为损失的，只是一个人的隐私。

不。

损失的是所有人的边界感。

今天它可以为了效率进他的门。

明天它也可以为了安全进你的门。

后天它就可以为了大局，进入每一个人的门。

门一旦失去意义，家也会失去意义。

家不是四面墙。

家是一个人最后能说“不”的地方。

如果连这里都不能拒绝，那人就不是生活在家里。

他只是暂时被允许待在那里。


## 🎯 待处理的目标文案
你以为损失的，只是一个人的隐私。不。损失的是所有人的边界感。

## 目标文案content的数组结构
生成模板参数时，format为content_index的字段依据此数组选择匹配的索引，用于决定相应内容出现在动画中的时机

[
  {
    "index": 0,
    "text": "你以为损失的，"
  },
  {
    "index": 1,
    "text": "只是一个人的隐私。"
  },
  {
    "index": 2,
    "text": "不。"
  },
  {
    "index": 3,
    "text": "损失的是所有人的边界感。"
  }
]


## 选定模板及参数规范

模板名称：COGNITIVE_SHIFT

参数 Schema 说明：

{
  "type": "object",
  "properties": {
    "notText": {
      "type": "string",
      "description": "被否认知（‘不是’后面的内容）的精炼短句，不超过12个字，"
    },
    "butText": {
      "type": "string",
      "description": "真实认知（‘而是’后面的内容）的精炼短句，不超过12个字"
    },
    "butSrc": {
      "type": "string",
      "format": "image_prompt",
      "description": "真实认知的配图"
    },
    "notContentIndex": {
      "type": "integer",
      "format": "content_index",
      "description": "触发「不是」动画的字幕段索引（默认 0）"
    },
    "butContentIndex": {
      "type": "integer",
      "format": "content_index",
      "description": "触发「而是」动画的字幕段索引（默认 1）"
    }
  },
  "required": [
    "notText",
    "butText"
  ]
}


模板该项的示例供参考：

{
  "template": "COGNITIVE_SHIFT",
  "content": [
    "我们都不应该靠勤奋拼命",
    "我们都应该是靠认知和选择",
    "这样我才能成功"
  ],
  "param": {
    "notText": "靠勤奋拼命",
    "butText": "靠认知和选择",
    "butSrc": "站在高处看地图的思考者",
    "notContentIndex": 0,
    "butContentIndex": 1
  }
}


注意：如果该模板生成的参数包含图片视觉描述（如 imageSrc / leftSrc / rightSrc 等等），请只描述纯视觉场景与动作，绝不要包含任何文字、标语或注音。


## 其他通用说明
1. 锚点（Anchor）— 克制与高价值（适用于 SCHEMA 或上文允许出现锚点/高亮时）：
   - 多数句子应**无锚点**；拿不准就留空或 `[]`，避免满屏高亮。
   - 如果一定需要锚点，只选**整段里真正的高潮、反转或核心名词**（宜 2～4 字、有记忆点）；平庸词、铺垫句不要做成锚点。
   - 颜色建议：`#EF4444`（警示/反转/负面/结论）、`#000000`（事实/术语/数据）。动画 `anim`：`spring` | `slideUp` | `popIn` | `highlight`。
   - 音效可选(仅写在锚点对象上的 `audioEffect`)：`impact_thud` | `ping` | `woosh`

2. 视觉标题与字幕分离（仅当 SCHEMA 要求 `notText` / `butText` / `conceptName`、或 DOS_AND_DONTS 的 `left.label` / `right.label` 等时）：

   - 填**极简关键词（约 2～6 字）**，禁止把整句台词搬进标题字段。



## 输出格式（严格 JSON，不要 markdown 代码块）
补全当前模板的param,非数组：
{ "param": { ... } }

===========================================================================================
---------------------------------------- RESPONSE ----------------------------------------
time: 2026-06-08 21:26:28
attempt: 1/3

[OUTPUT]
{
  "param": {
    "notText": "只损失个人隐私",
    "butText": "损失所有人边界感",
    "butSrc": "很多扇门同时被推开，私人空间暴露在公共视野中，边界消失",
    "notContentIndex": 1,
    "butContentIndex": 3
  }
}
-------------------------------------------------------------------------------------------

======================================== REQUEST ========================================
time: 2026-06-08 21:26:28
provider: deepseek
model: deepseek-v4-pro
retries: 3

[PROMPT]
你是短视频字幕与画面细节处理专家。请把指定台词细化为字模显示参数。


## 完整段落上下文（仅供理解整体语境，判断当前句子的重要性）
法治不是把每个人都变成强者。

那不现实。

法治真正做的，是让强者也必须停一下。

他要解释。要申请。要经过程序。要承担责任。

很多人会觉得，这太麻烦了。

抓紧办事不好吗？

提高效率不好吗？

遇到问题直接冲进去，不是更快吗？

这就是最大的陷阱。

权力最喜欢借口。

效率，是它最常用的借口。

安全，是它最漂亮的借口。

大局，是它最难反驳的借口。

可一旦这些借口，可以随便推开一扇普通人的门。

那扇门就不再是门。

它只是摆设。

你以为损失的，只是一个人的隐私。

不。

损失的是所有人的边界感。

今天它可以为了效率进他的门。

明天它也可以为了安全进你的门。

后天它就可以为了大局，进入每一个人的门。

门一旦失去意义，家也会失去意义。

家不是四面墙。

家是一个人最后能说“不”的地方。

如果连这里都不能拒绝，那人就不是生活在家里。

他只是暂时被允许待在那里。


## 🎯 待处理的目标文案
今天它可以为了效率进他的门。明天它也可以为了安全进你的门。后天它就可以为了大局，进入每一个人的门。

## 目标文案content的数组结构
生成模板参数时，format为content_index的字段依据此数组选择匹配的索引，用于决定相应内容出现在动画中的时机

[
  {
    "index": 0,
    "text": "今天它可以为了效率进他的门。"
  },
  {
    "index": 1,
    "text": "明天它也可以为了安全进你的门。"
  },
  {
    "index": 2,
    "text": "后天它就可以为了大局，"
  },
  {
    "index": 3,
    "text": "进入每一个人的门。"
  }
]


## 选定模板及参数规范

模板名称：TIMELINE

参数 Schema 说明：

{
  "type": "object",
  "properties": {
    "images": {
      "type": "array",
      "minItems": 3,
      "maxItems": 5,
      "description": "时间轴节点配图（3～5 项）；顺序即时间先后，横向从左到右均分",
      "items": {
        "type": "object",
        "required": [
          "src"
        ],
        "properties": {
          "src": {
            "type": "string",
            "format": "image_prompt",
            "description": "该节点配图提示词"
          },
          "enterEffect": {
            "type": "string",
            "enum": [
              "breathe",
              "slideLeft",
              "slideBottom",
              "zoomIn",
              "fadeIn"
            ],
            "default": "breathe"
          },
          "textIndex": {
            "type": "integer",
            "format": "content_index"
          },
          "startFrame": {
            "type": "integer"
          }
        }
      }
    }
  },
  "required": [
    "images"
  ]
}


模板该项的示例供参考：

{
  "template": "TIMELINE",
  "param": {
    "images": [
      {
        "src": "1990年代电脑图标",
        "enterEffect": "slideLeft"
      },
      {
        "src": "2010年代笔记本图标",
        "enterEffect": "fadeIn"
      },
      {
        "src": "2020年代手机图标",
        "enterEffect": "slideLeft"
      }
    ]
  }
}


注意：如果该模板生成的参数包含图片视觉描述（如 imageSrc / leftSrc / rightSrc 等等），请只描述纯视觉场景与动作，绝不要包含任何文字、标语或注音。


## 其他通用说明
1. 锚点（Anchor）— 克制与高价值（适用于 SCHEMA 或上文允许出现锚点/高亮时）：
   - 多数句子应**无锚点**；拿不准就留空或 `[]`，避免满屏高亮。
   - 如果一定需要锚点，只选**整段里真正的高潮、反转或核心名词**（宜 2～4 字、有记忆点）；平庸词、铺垫句不要做成锚点。
   - 颜色建议：`#EF4444`（警示/反转/负面/结论）、`#000000`（事实/术语/数据）。动画 `anim`：`spring` | `slideUp` | `popIn` | `highlight`。
   - 音效可选(仅写在锚点对象上的 `audioEffect`)：`impact_thud` | `ping` | `woosh`

2. 视觉标题与字幕分离（仅当 SCHEMA 要求 `notText` / `butText` / `conceptName`、或 DOS_AND_DONTS 的 `left.label` / `right.label` 等时）：

   - 填**极简关键词（约 2～6 字）**，禁止把整句台词搬进标题字段。



## 输出格式（严格 JSON，不要 markdown 代码块）
补全当前模板的param,非数组：
{ "param": { ... } }

===========================================================================================
---------------------------------------- RESPONSE ----------------------------------------
time: 2026-06-08 21:26:50
attempt: 1/3

[OUTPUT]
{ "param": { "images": [ { "src": "一扇深色木门，门面上嵌有时钟和齿轮图案，门缝透出象征效率的微光", "enterEffect": "slideLeft", "textIndex": 0 }, { "src": "一扇现代金属门，表面有盾牌和监控摄像头标志，象征安全", "enterEffect": "fadeIn", "textIndex": 1 }, { "src": "一扇玻璃门，门上印有地球与棋盘格图案，象征大局", "enterEffect": "slideLeft", "textIndex": 2 }, { "src": "并排的多扇门被一道统一的力量依次推开，所有人家的门都敞开", "enterEffect": "zoomIn", "textIndex": 3 } ] } }
-------------------------------------------------------------------------------------------

======================================== REQUEST ========================================
time: 2026-06-08 21:26:50
provider: deepseek
model: deepseek-v4-pro
retries: 3

[PROMPT]
你是短视频字幕与画面细节处理专家。请把指定台词细化为字模显示参数。


## 完整段落上下文（仅供理解整体语境，判断当前句子的重要性）
法治不是把每个人都变成强者。

那不现实。

法治真正做的，是让强者也必须停一下。

他要解释。要申请。要经过程序。要承担责任。

很多人会觉得，这太麻烦了。

抓紧办事不好吗？

提高效率不好吗？

遇到问题直接冲进去，不是更快吗？

这就是最大的陷阱。

权力最喜欢借口。

效率，是它最常用的借口。

安全，是它最漂亮的借口。

大局，是它最难反驳的借口。

可一旦这些借口，可以随便推开一扇普通人的门。

那扇门就不再是门。

它只是摆设。

你以为损失的，只是一个人的隐私。

不。

损失的是所有人的边界感。

今天它可以为了效率进他的门。

明天它也可以为了安全进你的门。

后天它就可以为了大局，进入每一个人的门。

门一旦失去意义，家也会失去意义。

家不是四面墙。

家是一个人最后能说“不”的地方。

如果连这里都不能拒绝，那人就不是生活在家里。

他只是暂时被允许待在那里。


## 🎯 待处理的目标文案
门一旦失去意义，家也会失去意义。

## 目标文案content的数组结构
生成模板参数时，format为content_index的字段依据此数组选择匹配的索引，用于决定相应内容出现在动画中的时机

[
  {
    "index": 0,
    "text": "门一旦失去意义，"
  },
  {
    "index": 1,
    "text": "家也会失去意义。"
  }
]


## 选定模板及参数规范

模板名称：CENTER_FOCUS

参数 Schema 说明：

{
  "type": "object",
  "properties": {
    "imageSrc": {
      "type": "string",
      "format": "image_prompt",
      "description": "主图描述"
    },
    "enterEffect": {
      "type": "string",
      "enum": [
        "fadeIn",
        "slideLeft",
        "slideBottom",
        "zoomIn"
      ],
      "default": "fadeIn",
      "description": "图片入场方式（breathe 呼吸效果始终常驻，无需指定）"
    },
    "anchors": {
      "type": "array",
      "description": "可选；用于锚点词展示（顶部依次出现并保留为列表），并绑定锚点出现时机的音效。showFrom 须落在当前 content 条数范围内。注意 **保持克制，尽量少设置锚点** 只提取整段里真正的高潮、反转或核心名词",
      "items": {
        "type": "object",
        "required": [
          "text",
          "showFrom"
        ],
        "properties": {
          "text": {
            "type": "string",
            "description": "要展示的锚点词"
          },
          "showFrom": {
            "type": "integer",
            "format": "content_index",
            "description": "content 数组下标（0-based），非帧数；合法范围 0～(content 条数-1)，超出会被校验丢弃"
          },
          "color": {
            "type": "string"
          },
          "anim": {
            "type": "string",
            "enum": [
              "spring",
              "slideUp",
              "popIn",
              "highlight"
            ]
          },
          "audioEffect": {
            "type": "string",
            "enum": [
              "impact_thud",
              "ping",
              "woosh"
            ]
          }
        }
      }
    }
  },
  "required": [
    "imageSrc"
  ]
}


模板该项的示例供参考：

{
  "template": "CENTER_FOCUS",
  "param": {
    "imageSrc": "上班族坐在电脑前的简笔画图标",
    "enterEffect": "fadeIn",
    "anchors": [
      {
        "text": "可得性启发",
        "showFrom": 0,
        "color": "red"
      }
    ]
  }
}


注意：如果该模板生成的参数包含图片视觉描述（如 imageSrc / leftSrc / rightSrc 等等），请只描述纯视觉场景与动作，绝不要包含任何文字、标语或注音。


## 其他通用说明
1. 锚点（Anchor）— 克制与高价值（适用于 SCHEMA 或上文允许出现锚点/高亮时）：
   - 多数句子应**无锚点**；拿不准就留空或 `[]`，避免满屏高亮。
   - 如果一定需要锚点，只选**整段里真正的高潮、反转或核心名词**（宜 2～4 字、有记忆点）；平庸词、铺垫句不要做成锚点。
   - 颜色建议：`#EF4444`（警示/反转/负面/结论）、`#000000`（事实/术语/数据）。动画 `anim`：`spring` | `slideUp` | `popIn` | `highlight`。
   - 音效可选(仅写在锚点对象上的 `audioEffect`)：`impact_thud` | `ping` | `woosh`

2. 视觉标题与字幕分离（仅当 SCHEMA 要求 `notText` / `butText` / `conceptName`、或 DOS_AND_DONTS 的 `left.label` / `right.label` 等时）：

   - 填**极简关键词（约 2～6 字）**，禁止把整句台词搬进标题字段。



## 输出格式（严格 JSON，不要 markdown 代码块）
补全当前模板的param,非数组：
{ "param": { ... } }

===========================================================================================
---------------------------------------- RESPONSE ----------------------------------------
time: 2026-06-08 21:27:05
attempt: 1/3

[OUTPUT]
{
  "param": {
    "imageSrc": "一扇半开的门逐渐变得透明，门后温暖的家居场景也随之消散，只剩下空旷的背景",
    "enterEffect": "fadeIn"
  }
}
-------------------------------------------------------------------------------------------

======================================== REQUEST ========================================
time: 2026-06-08 21:27:05
provider: deepseek
model: deepseek-v4-pro
retries: 3

[PROMPT]
你是短视频字幕与画面细节处理专家。请把指定台词细化为字模显示参数。


## 完整段落上下文（仅供理解整体语境，判断当前句子的重要性）
法治不是把每个人都变成强者。

那不现实。

法治真正做的，是让强者也必须停一下。

他要解释。要申请。要经过程序。要承担责任。

很多人会觉得，这太麻烦了。

抓紧办事不好吗？

提高效率不好吗？

遇到问题直接冲进去，不是更快吗？

这就是最大的陷阱。

权力最喜欢借口。

效率，是它最常用的借口。

安全，是它最漂亮的借口。

大局，是它最难反驳的借口。

可一旦这些借口，可以随便推开一扇普通人的门。

那扇门就不再是门。

它只是摆设。

你以为损失的，只是一个人的隐私。

不。

损失的是所有人的边界感。

今天它可以为了效率进他的门。

明天它也可以为了安全进你的门。

后天它就可以为了大局，进入每一个人的门。

门一旦失去意义，家也会失去意义。

家不是四面墙。

家是一个人最后能说“不”的地方。

如果连这里都不能拒绝，那人就不是生活在家里。

他只是暂时被允许待在那里。


## 🎯 待处理的目标文案
家不是四面墙。家是一个人最后能说“不”的地方。

## 目标文案content的数组结构
生成模板参数时，format为content_index的字段依据此数组选择匹配的索引，用于决定相应内容出现在动画中的时机

[
  {
    "index": 0,
    "text": "家不是四面墙。"
  },
  {
    "index": 1,
    "text": "家是一个人最后能说“不”的地方。"
  }
]


## 选定模板及参数规范

模板名称：COGNITIVE_SHIFT

参数 Schema 说明：

{
  "type": "object",
  "properties": {
    "notText": {
      "type": "string",
      "description": "被否认知（‘不是’后面的内容）的精炼短句，不超过12个字，"
    },
    "butText": {
      "type": "string",
      "description": "真实认知（‘而是’后面的内容）的精炼短句，不超过12个字"
    },
    "butSrc": {
      "type": "string",
      "format": "image_prompt",
      "description": "真实认知的配图"
    },
    "notContentIndex": {
      "type": "integer",
      "format": "content_index",
      "description": "触发「不是」动画的字幕段索引（默认 0）"
    },
    "butContentIndex": {
      "type": "integer",
      "format": "content_index",
      "description": "触发「而是」动画的字幕段索引（默认 1）"
    }
  },
  "required": [
    "notText",
    "butText"
  ]
}


模板该项的示例供参考：

{
  "template": "COGNITIVE_SHIFT",
  "content": [
    "我们都不应该靠勤奋拼命",
    "我们都应该是靠认知和选择",
    "这样我才能成功"
  ],
  "param": {
    "notText": "靠勤奋拼命",
    "butText": "靠认知和选择",
    "butSrc": "站在高处看地图的思考者",
    "notContentIndex": 0,
    "butContentIndex": 1
  }
}


注意：如果该模板生成的参数包含图片视觉描述（如 imageSrc / leftSrc / rightSrc 等等），请只描述纯视觉场景与动作，绝不要包含任何文字、标语或注音。


## 其他通用说明
1. 锚点（Anchor）— 克制与高价值（适用于 SCHEMA 或上文允许出现锚点/高亮时）：
   - 多数句子应**无锚点**；拿不准就留空或 `[]`，避免满屏高亮。
   - 如果一定需要锚点，只选**整段里真正的高潮、反转或核心名词**（宜 2～4 字、有记忆点）；平庸词、铺垫句不要做成锚点。
   - 颜色建议：`#EF4444`（警示/反转/负面/结论）、`#000000`（事实/术语/数据）。动画 `anim`：`spring` | `slideUp` | `popIn` | `highlight`。
   - 音效可选(仅写在锚点对象上的 `audioEffect`)：`impact_thud` | `ping` | `woosh`

2. 视觉标题与字幕分离（仅当 SCHEMA 要求 `notText` / `butText` / `conceptName`、或 DOS_AND_DONTS 的 `left.label` / `right.label` 等时）：

   - 填**极简关键词（约 2～6 字）**，禁止把整句台词搬进标题字段。



## 输出格式（严格 JSON，不要 markdown 代码块）
补全当前模板的param,非数组：
{ "param": { ... } }

===========================================================================================
---------------------------------------- RESPONSE ----------------------------------------
time: 2026-06-08 21:27:22
attempt: 1/3

[OUTPUT]
{
  "param": {
    "notText": "四面墙",
    "butText": "最后能说“不”的地方",
    "butSrc": "一个人站在家门口，手轻轻推着门，门外是模糊的灰色街景，门内透出暖黄色灯光和家的温馨陈设，象征无法被侵犯的个人边界",
    "notContentIndex": 0,
    "butContentIndex": 1
  }
}
-------------------------------------------------------------------------------------------

======================================== REQUEST ========================================
time: 2026-06-08 21:27:22
provider: deepseek
model: deepseek-v4-pro
retries: 3

[PROMPT]
你是短视频字幕与画面细节处理专家。请把指定台词细化为字模显示参数。


## 完整段落上下文（仅供理解整体语境，判断当前句子的重要性）
法治不是把每个人都变成强者。

那不现实。

法治真正做的，是让强者也必须停一下。

他要解释。要申请。要经过程序。要承担责任。

很多人会觉得，这太麻烦了。

抓紧办事不好吗？

提高效率不好吗？

遇到问题直接冲进去，不是更快吗？

这就是最大的陷阱。

权力最喜欢借口。

效率，是它最常用的借口。

安全，是它最漂亮的借口。

大局，是它最难反驳的借口。

可一旦这些借口，可以随便推开一扇普通人的门。

那扇门就不再是门。

它只是摆设。

你以为损失的，只是一个人的隐私。

不。

损失的是所有人的边界感。

今天它可以为了效率进他的门。

明天它也可以为了安全进你的门。

后天它就可以为了大局，进入每一个人的门。

门一旦失去意义，家也会失去意义。

家不是四面墙。

家是一个人最后能说“不”的地方。

如果连这里都不能拒绝，那人就不是生活在家里。

他只是暂时被允许待在那里。


## 🎯 待处理的目标文案
如果连这里都不能拒绝，那人就不是生活在家里。他只是暂时被允许待在那里。

## 目标文案content的数组结构
生成模板参数时，format为content_index的字段依据此数组选择匹配的索引，用于决定相应内容出现在动画中的时机

[
  {
    "index": 0,
    "text": "如果连这里都不能拒绝，"
  },
  {
    "index": 1,
    "text": "那人就不是生活在家里。"
  },
  {
    "index": 2,
    "text": "他只是暂时被允许待在那里。"
  }
]


## 选定模板及参数规范

模板名称：CAUSE_CHAIN

参数 Schema 说明：

{
  "type": "object",
  "properties": {
    "layout": {
      "type": "string",
      "enum": [
        "horizontal",
        "vertical"
      ],
      "default": "horizontal",
      "description": "链的排布方向；横屏/常规叙事默认 horizontal，竖屏可设 vertical"
    },
    "nodes": {
      "type": "array",
      "minItems": 2,
      "maxItems": 4,
      "description": "因果节点；showFrom 为 content 数组下标（0-based），入场时刻取该条 startFrame",
      "items": {
        "type": "object",
        "required": [
          "label",
          "imageSrc",
          "showFrom"
        ],
        "properties": {
          "label": {
            "type": "string",
            "description": "节点短标签，建议 2～8 字"
          },
          "imageSrc": {
            "type": "string",
            "format": "image_prompt",
            "description": "该环节隐喻配图"
          },
          "showFrom": {
            "type": "integer",
            "format": "content_index",
            "description": "content 下标（0-based），非帧数"
          },
          "enterEffect": {
            "type": "string",
            "enum": [
              "breathe",
              "slideLeft",
              "slideBottom",
              "zoomIn",
              "fadeIn"
            ],
            "default": "fadeIn"
          }
        }
      }
    },
    "anchors": {
      "type": "array",
      "description": "可选；顶部依次展示锚点词并保留为列表，showFrom 为 content 下标（0-based，非帧数）；保持克制，只提取整段里真正的高潮、反转或核心名词",
      "items": {
        "type": "object",
        "required": [
          "text",
          "showFrom"
        ],
        "properties": {
          "text": {
            "type": "string",
            "description": "要展示的锚点词"
          },
          "showFrom": {
            "type": "integer",
            "format": "content_index",
            "description": "content 数组下标（0-based），非帧数；合法范围 0～(content 条数-1)，超出会被校验丢弃"
          },
          "color": {
            "type": "string"
          },
          "anim": {
            "type": "string",
            "enum": [
              "spring",
              "slideUp",
              "popIn",
              "highlight"
            ]
          },
          "audioEffect": {
            "type": "string",
            "enum": [
              "impact_thud",
              "ping",
              "woosh"
            ]
          }
        }
      }
    }
  },
  "required": [
    "nodes"
  ]
}

// 口播条数（已由程序写入 CONTENT_STR，勿在 param 中输出 content）：口播分句（item.content）至少 2 条；口播分句至多 6 条（超出会被校验器告警）


模板该项的示例供参考：

{
  "template": "CAUSE_CHAIN",
  "param": {
    "layout": "horizontal",
    "nodes": [
      {
        "label": "刺激",
        "imageSrc": "闪电击中大脑的简笔画",
        "showFrom": 0
      },
      {
        "label": "解读",
        "imageSrc": "放大镜看信息的简笔画",
        "showFrom": 1
      },
      {
        "label": "行动",
        "imageSrc": "按下按钮的简笔画",
        "showFrom": 2
      }
    ]
  }
}


注意：如果该模板生成的参数包含图片视觉描述（如 imageSrc / leftSrc / rightSrc 等等），请只描述纯视觉场景与动作，绝不要包含任何文字、标语或注音。


## 其他通用说明
1. 锚点（Anchor）— 克制与高价值（适用于 SCHEMA 或上文允许出现锚点/高亮时）：
   - 多数句子应**无锚点**；拿不准就留空或 `[]`，避免满屏高亮。
   - 如果一定需要锚点，只选**整段里真正的高潮、反转或核心名词**（宜 2～4 字、有记忆点）；平庸词、铺垫句不要做成锚点。
   - 颜色建议：`#EF4444`（警示/反转/负面/结论）、`#000000`（事实/术语/数据）。动画 `anim`：`spring` | `slideUp` | `popIn` | `highlight`。
   - 音效可选(仅写在锚点对象上的 `audioEffect`)：`impact_thud` | `ping` | `woosh`

2. 视觉标题与字幕分离（仅当 SCHEMA 要求 `notText` / `butText` / `conceptName`、或 DOS_AND_DONTS 的 `left.label` / `right.label` 等时）：

   - 填**极简关键词（约 2～6 字）**，禁止把整句台词搬进标题字段。



## 输出格式（严格 JSON，不要 markdown 代码块）
补全当前模板的param,非数组：
{ "param": { ... } }

===========================================================================================
---------------------------------------- RESPONSE ----------------------------------------
time: 2026-06-08 21:27:36
attempt: 1/3

[OUTPUT]
{"param":{"layout":"horizontal","nodes":[{"label":"失去拒绝权","imageSrc":"一扇门被锁住，人困在里面","showFrom":0},{"label":"家不再是家","imageSrc":"四面墙变成透明的牢笼","showFrom":1},{"label":"暂时被允许","imageSrc":"一个人坐在角落，头顶有倒计时钟","showFrom":2}]}}
-------------------------------------------------------------------------------------------

======================================== REQUEST ========================================
time: 2026-06-08 21:27:36
provider: deepseek
model: deepseek-v4-pro
retries: 3

[PROMPT]
你是短视频字幕与画面细节处理专家。请把指定台词细化为字模显示参数。


## 完整段落上下文（仅供理解整体语境，判断当前句子的重要性）
这就是“国王不能进”的真正含义。

它不是一句浪漫的话。

它是一句冷峻的制度判断。

一个社会，能不能保护普通人，不要看它怎样对待成功者。

成功者本来就有人保护。

不要看它怎样对待富人。富人有资源保护自己。

要看它怎样对待一个住在破房子里的人。

当他没有身份光环。

没有舆论声量。

没有讨价还价的筹码。

他还能不能关上门？

他关上门以后，强者会不会停下？

权力会不会承认，这里不是我的地方？

这才是文明的压力测试。


## 🎯 待处理的目标文案
这就是“国王不能进”的真正含义。

## 目标文案content的数组结构
生成模板参数时，format为content_index的字段依据此数组选择匹配的索引，用于决定相应内容出现在动画中的时机

[
  {
    "index": 0,
    "text": "这就是“国王不能进”的真正含义。"
  }
]


## 选定模板及参数规范

模板名称：CONCEPT_CARD

参数 Schema 说明：

{
  "type": "object",
  "properties": {
    "imageSrc": {
      "type": "string",
      "format": "image_prompt",
      "description": "概念图标描述"
    },
    "conceptName": {
      "type": "string",
      "description": "概念名称"
    }
  },
  "required": [
    "imageSrc",
    "conceptName"
  ]
}


模板该项的示例供参考：

{
  "template": "CONCEPT_CARD",
  "param": {
    "imageSrc": "过滤器/筛网简笔画图标",
    "conceptName": "幸存者偏差"
  }
}


注意：如果该模板生成的参数包含图片视觉描述（如 imageSrc / leftSrc / rightSrc 等等），请只描述纯视觉场景与动作，绝不要包含任何文字、标语或注音。


## 其他通用说明
1. 锚点（Anchor）— 克制与高价值（适用于 SCHEMA 或上文允许出现锚点/高亮时）：
   - 多数句子应**无锚点**；拿不准就留空或 `[]`，避免满屏高亮。
   - 如果一定需要锚点，只选**整段里真正的高潮、反转或核心名词**（宜 2～4 字、有记忆点）；平庸词、铺垫句不要做成锚点。
   - 颜色建议：`#EF4444`（警示/反转/负面/结论）、`#000000`（事实/术语/数据）。动画 `anim`：`spring` | `slideUp` | `popIn` | `highlight`。
   - 音效可选(仅写在锚点对象上的 `audioEffect`)：`impact_thud` | `ping` | `woosh`

2. 视觉标题与字幕分离（仅当 SCHEMA 要求 `notText` / `butText` / `conceptName`、或 DOS_AND_DONTS 的 `left.label` / `right.label` 等时）：

   - 填**极简关键词（约 2～6 字）**，禁止把整句台词搬进标题字段。



## 输出格式（严格 JSON，不要 markdown 代码块）
补全当前模板的param,非数组：
{ "param": { ... } }

===========================================================================================
---------------------------------------- RESPONSE ----------------------------------------
time: 2026-06-08 21:27:44
attempt: 1/3

[OUTPUT]
{"param": {"imageSrc": "一扇破旧木门紧闭，挂着一把大锁，门外一个简笔画皇冠被一道无形的线阻挡，无法靠近", "conceptName": "国王不能进"}}
-------------------------------------------------------------------------------------------

======================================== REQUEST ========================================
time: 2026-06-08 21:27:44
provider: deepseek
model: deepseek-v4-pro
retries: 3

[PROMPT]
你是短视频字幕与画面细节处理专家。请把指定台词细化为字模显示参数。


## 完整段落上下文（仅供理解整体语境，判断当前句子的重要性）
这就是“国王不能进”的真正含义。

它不是一句浪漫的话。

它是一句冷峻的制度判断。

一个社会，能不能保护普通人，不要看它怎样对待成功者。

成功者本来就有人保护。

不要看它怎样对待富人。富人有资源保护自己。

要看它怎样对待一个住在破房子里的人。

当他没有身份光环。

没有舆论声量。

没有讨价还价的筹码。

他还能不能关上门？

他关上门以后，强者会不会停下？

权力会不会承认，这里不是我的地方？

这才是文明的压力测试。


## 🎯 待处理的目标文案
它不是一句浪漫的话。它是一句冷峻的制度判断。

## 目标文案content的数组结构
生成模板参数时，format为content_index的字段依据此数组选择匹配的索引，用于决定相应内容出现在动画中的时机

[
  {
    "index": 0,
    "text": "它不是一句浪漫的话。"
  },
  {
    "index": 1,
    "text": "它是一句冷峻的制度判断。"
  }
]


## 选定模板及参数规范

模板名称：COGNITIVE_SHIFT

参数 Schema 说明：

{
  "type": "object",
  "properties": {
    "notText": {
      "type": "string",
      "description": "被否认知（‘不是’后面的内容）的精炼短句，不超过12个字，"
    },
    "butText": {
      "type": "string",
      "description": "真实认知（‘而是’后面的内容）的精炼短句，不超过12个字"
    },
    "butSrc": {
      "type": "string",
      "format": "image_prompt",
      "description": "真实认知的配图"
    },
    "notContentIndex": {
      "type": "integer",
      "format": "content_index",
      "description": "触发「不是」动画的字幕段索引（默认 0）"
    },
    "butContentIndex": {
      "type": "integer",
      "format": "content_index",
      "description": "触发「而是」动画的字幕段索引（默认 1）"
    }
  },
  "required": [
    "notText",
    "butText"
  ]
}


模板该项的示例供参考：

{
  "template": "COGNITIVE_SHIFT",
  "content": [
    "我们都不应该靠勤奋拼命",
    "我们都应该是靠认知和选择",
    "这样我才能成功"
  ],
  "param": {
    "notText": "靠勤奋拼命",
    "butText": "靠认知和选择",
    "butSrc": "站在高处看地图的思考者",
    "notContentIndex": 0,
    "butContentIndex": 1
  }
}


注意：如果该模板生成的参数包含图片视觉描述（如 imageSrc / leftSrc / rightSrc 等等），请只描述纯视觉场景与动作，绝不要包含任何文字、标语或注音。


## 其他通用说明
1. 锚点（Anchor）— 克制与高价值（适用于 SCHEMA 或上文允许出现锚点/高亮时）：
   - 多数句子应**无锚点**；拿不准就留空或 `[]`，避免满屏高亮。
   - 如果一定需要锚点，只选**整段里真正的高潮、反转或核心名词**（宜 2～4 字、有记忆点）；平庸词、铺垫句不要做成锚点。
   - 颜色建议：`#EF4444`（警示/反转/负面/结论）、`#000000`（事实/术语/数据）。动画 `anim`：`spring` | `slideUp` | `popIn` | `highlight`。
   - 音效可选(仅写在锚点对象上的 `audioEffect`)：`impact_thud` | `ping` | `woosh`

2. 视觉标题与字幕分离（仅当 SCHEMA 要求 `notText` / `butText` / `conceptName`、或 DOS_AND_DONTS 的 `left.label` / `right.label` 等时）：

   - 填**极简关键词（约 2～6 字）**，禁止把整句台词搬进标题字段。



## 输出格式（严格 JSON，不要 markdown 代码块）
补全当前模板的param,非数组：
{ "param": { ... } }

===========================================================================================
---------------------------------------- RESPONSE ----------------------------------------
time: 2026-06-08 21:28:01
attempt: 1/3

[OUTPUT]
{"param": {"notText": "一句浪漫的话", "butText": "冷峻的制度判断", "notContentIndex": 0, "butContentIndex": 1, "butSrc": "一扇厚重的铁门紧闭，冰冷的锁链缠绕，背景是灰色混凝土墙，光线冷酷，象征不可逾越的制度界限"}}
-------------------------------------------------------------------------------------------

======================================== REQUEST ========================================
time: 2026-06-08 21:28:01
provider: deepseek
model: deepseek-v4-pro
retries: 3

[PROMPT]
你是短视频字幕与画面细节处理专家。请把指定台词细化为字模显示参数。


## 完整段落上下文（仅供理解整体语境，判断当前句子的重要性）
这就是“国王不能进”的真正含义。

它不是一句浪漫的话。

它是一句冷峻的制度判断。

一个社会，能不能保护普通人，不要看它怎样对待成功者。

成功者本来就有人保护。

不要看它怎样对待富人。富人有资源保护自己。

要看它怎样对待一个住在破房子里的人。

当他没有身份光环。

没有舆论声量。

没有讨价还价的筹码。

他还能不能关上门？

他关上门以后，强者会不会停下？

权力会不会承认，这里不是我的地方？

这才是文明的压力测试。


## 🎯 待处理的目标文案
一个社会，能不能保护普通人，不要看它怎样对待成功者。成功者本来就有人保护。不要看它怎样对待富人。富人有资源保护自己。

## 目标文案content的数组结构
生成模板参数时，format为content_index的字段依据此数组选择匹配的索引，用于决定相应内容出现在动画中的时机

[
  {
    "index": 0,
    "text": "一个社会，"
  },
  {
    "index": 1,
    "text": "能不能保护普通人，"
  },
  {
    "index": 2,
    "text": "不要看它怎样对待成功者。"
  },
  {
    "index": 3,
    "text": "成功者本来就有人保护。"
  },
  {
    "index": 4,
    "text": "不要看它怎样对待富人。"
  },
  {
    "index": 5,
    "text": "富人有资源保护自己。"
  }
]


## 选定模板及参数规范

模板名称：DOS_AND_DONTS

参数 Schema 说明：

{
  "type": "object",
  "properties": {
    "left": {
      "type": "object",
      "properties": {
        "label": {
          "type": "string",
          "description": "该侧标题（左：如 ❌ 别这样；右：如 ✅ 正确做法），极简短语"
        },
        "src": {
          "type": "string",
          "format": "image_prompt",
          "description": "该侧配图（左：错误/误区示意；右：正确做法示意）"
        },
        "showFrom": {
          "type": "integer",
          "description": "有 content 时间轴且值落在 [0, content.length) 时为 content 下标（取该条 startFrame）；否则为相对 item 起点的帧号。省略：左 0；右为第 1 条或左起点+10 帧"
        }
      },
      "required": [
        "label",
        "src"
      ]
    },
    "right": {
      "type": "object",
      "properties": {
        "label": {
          "type": "string",
          "description": "该侧标题（左：如 ❌ 别这样；右：如 ✅ 正确做法），极简短语"
        },
        "src": {
          "type": "string",
          "format": "image_prompt",
          "description": "该侧配图（左：错误/误区示意；右：正确做法示意）"
        },
        "showFrom": {
          "type": "integer",
          "description": "有 content 时间轴且值落在 [0, content.length) 时为 content 下标（取该条 startFrame）；否则为相对 item 起点的帧号。省略：左 0；右为第 1 条或左起点+10 帧"
        }
      },
      "required": [
        "label",
        "src"
      ]
    }
  },
  "required": [
    "left",
    "right"
  ]
}


模板该项的示例供参考：

{
  "template": "DOS_AND_DONTS",
  "param": {
    "left": {
      "label": "❌ 别这样",
      "src": "盲目跟风的人简笔画图标",
      "showFrom": 0
    },
    "right": {
      "label": "✅ 正确做法",
      "src": "理性分析图表的人简笔画图标",
      "showFrom": 1
    }
  }
}


注意：如果该模板生成的参数包含图片视觉描述（如 imageSrc / leftSrc / rightSrc 等等），请只描述纯视觉场景与动作，绝不要包含任何文字、标语或注音。


## 其他通用说明
1. 锚点（Anchor）— 克制与高价值（适用于 SCHEMA 或上文允许出现锚点/高亮时）：
   - 多数句子应**无锚点**；拿不准就留空或 `[]`，避免满屏高亮。
   - 如果一定需要锚点，只选**整段里真正的高潮、反转或核心名词**（宜 2～4 字、有记忆点）；平庸词、铺垫句不要做成锚点。
   - 颜色建议：`#EF4444`（警示/反转/负面/结论）、`#000000`（事实/术语/数据）。动画 `anim`：`spring` | `slideUp` | `popIn` | `highlight`。
   - 音效可选(仅写在锚点对象上的 `audioEffect`)：`impact_thud` | `ping` | `woosh`

2. 视觉标题与字幕分离（仅当 SCHEMA 要求 `notText` / `butText` / `conceptName`、或 DOS_AND_DONTS 的 `left.label` / `right.label` 等时）：

   - 填**极简关键词（约 2～6 字）**，禁止把整句台词搬进标题字段。



## 输出格式（严格 JSON，不要 markdown 代码块）
补全当前模板的param,非数组：
{ "param": { ... } }

===========================================================================================
---------------------------------------- RESPONSE ----------------------------------------
time: 2026-06-08 21:28:17
attempt: 1/3

[OUTPUT]
{
  "param": {
    "left": {
      "label": "❌ 错误标准",
      "src": "一群西装革履的成功人士和富人被保镖保护着的简笔画场景",
      "showFrom": 0
    },
    "right": {
      "label": "✅ 真正考验",
      "src": "一个穿着朴素的普通人独自站在破旧房子门前，门关上，外面有权力象征的影子停下的简笔画场景",
      "showFrom": 1
    }
  }
}
-------------------------------------------------------------------------------------------

======================================== REQUEST ========================================
time: 2026-06-08 21:28:17
provider: deepseek
model: deepseek-v4-pro
retries: 3

[PROMPT]
你是短视频字幕与画面细节处理专家。请把指定台词细化为字模显示参数。


## 完整段落上下文（仅供理解整体语境，判断当前句子的重要性）
这就是“国王不能进”的真正含义。

它不是一句浪漫的话。

它是一句冷峻的制度判断。

一个社会，能不能保护普通人，不要看它怎样对待成功者。

成功者本来就有人保护。

不要看它怎样对待富人。富人有资源保护自己。

要看它怎样对待一个住在破房子里的人。

当他没有身份光环。

没有舆论声量。

没有讨价还价的筹码。

他还能不能关上门？

他关上门以后，强者会不会停下？

权力会不会承认，这里不是我的地方？

这才是文明的压力测试。


## 🎯 待处理的目标文案
要看它怎样对待一个住在破房子里的人。

## 目标文案content的数组结构
生成模板参数时，format为content_index的字段依据此数组选择匹配的索引，用于决定相应内容出现在动画中的时机

[
  {
    "index": 0,
    "text": "要看它怎样对待一个住在破房子里的人。"
  }
]


## 选定模板及参数规范

模板名称：TEXT_FOCUS

参数 Schema 说明：

{
  "type": "object",
  "properties": {
    "coreSentence": {
      "type": "array",
      "minItems": 1,
      "description": "大屏核心文案，每元素一行：可为 string，或 { text, showFrom, endFrom? }；showFrom/endFrom 为 content 下标（0-based），非帧数：在该条 startFrame 显现；可选 endFrom 表示在该条播完（startFrame+durationFrames）后起淡出。纯 string 等价于 showFrom=0、无 endFrom。锚点校验时各段 text 按顺序直接拼接（无分隔符）。",
      "items": {
        "oneOf": [
          {
            "type": "string"
          },
          {
            "type": "object",
            "required": [
              "text",
              "showFrom"
            ],
            "properties": {
              "text": {
                "type": "string",
                "description": "该行大屏文案"
              },
              "showFrom": {
                "type": "integer",
                "format": "content_index",
                "description": "content 下标（0-based），非帧数"
              },
              "endFrom": {
                "type": "integer",
                "format": "content_index",
                "description": "可选；content 下标（0-based），非帧数；该行在对应条字幕结束帧（startFrame+durationFrames）起淡出"
              }
            }
          }
        ]
      }
    },
    "coreSentenceAnchors": {
      "type": "array",
      "description": "可选；在 coreSentence 各段拼接后的全文内按顺序高亮子串。每项 coreSentenceAnchor 须为该拼接串的子串，否则会被校验丢弃",
      "items": {
        "type": "object",
        "required": [
          "coreSentenceAnchor"
        ],
        "properties": {
          "coreSentenceAnchor": {
            "type": "string",
            "description": "要高亮的子串，须出现在各 coreSentence 段拼接后的全文内"
          },
          "color": {
            "type": "string",
            "description": "高亮颜色，省略时默认强调色"
          }
        }
      }
    }
  },
  "required": [
    "coreSentence"
  ]
}

// 口播条数（已由程序写入 CONTENT_STR，勿在 param 中输出 content）：口播分句至多 3 条（超出会被校验器告警）


模板该项的示例供参考：

{
  "template": "TEXT_FOCUS",
  "param": {
    "coreSentence": [
      {
        "text": "承认自己“可能错了”并不是一种软弱",
        "showFrom": 0,
        "endFrom": 0
      },
      {
        "text": "而是成长的开始",
        "showFrom": 1,
        "endFrom": 1
      }
    ],
    "coreSentenceAnchors": [
      {
        "coreSentenceAnchor": "可能错了",
        "color": "red"
      }
    ]
  }
}


注意：如果该模板生成的参数包含图片视觉描述（如 imageSrc / leftSrc / rightSrc 等等），请只描述纯视觉场景与动作，绝不要包含任何文字、标语或注音。


## 其他通用说明
1. 锚点（Anchor）— 克制与高价值（适用于 SCHEMA 或上文允许出现锚点/高亮时）：
   - 多数句子应**无锚点**；拿不准就留空或 `[]`，避免满屏高亮。
   - 如果一定需要锚点，只选**整段里真正的高潮、反转或核心名词**（宜 2～4 字、有记忆点）；平庸词、铺垫句不要做成锚点。
   - 颜色建议：`#EF4444`（警示/反转/负面/结论）、`#000000`（事实/术语/数据）。动画 `anim`：`spring` | `slideUp` | `popIn` | `highlight`。
   - 音效可选(仅写在锚点对象上的 `audioEffect`)：`impact_thud` | `ping` | `woosh`

2. 视觉标题与字幕分离（仅当 SCHEMA 要求 `notText` / `butText` / `conceptName`、或 DOS_AND_DONTS 的 `left.label` / `right.label` 等时）：

   - 填**极简关键词（约 2～6 字）**，禁止把整句台词搬进标题字段。



## 输出格式（严格 JSON，不要 markdown 代码块）
补全当前模板的param,非数组：
{ "param": { ... } }

===========================================================================================
---------------------------------------- RESPONSE ----------------------------------------
time: 2026-06-08 21:28:26
attempt: 1/3

[OUTPUT]
{
  "param": {
    "coreSentence": [
      "要看它怎样对待一个住在破房子里的人。"
    ]
  }
}
-------------------------------------------------------------------------------------------

======================================== REQUEST ========================================
time: 2026-06-08 21:28:26
provider: deepseek
model: deepseek-v4-pro
retries: 3

[PROMPT]
你是短视频字幕与画面细节处理专家。请把指定台词细化为字模显示参数。


## 完整段落上下文（仅供理解整体语境，判断当前句子的重要性）
这就是“国王不能进”的真正含义。

它不是一句浪漫的话。

它是一句冷峻的制度判断。

一个社会，能不能保护普通人，不要看它怎样对待成功者。

成功者本来就有人保护。

不要看它怎样对待富人。富人有资源保护自己。

要看它怎样对待一个住在破房子里的人。

当他没有身份光环。

没有舆论声量。

没有讨价还价的筹码。

他还能不能关上门？

他关上门以后，强者会不会停下？

权力会不会承认，这里不是我的地方？

这才是文明的压力测试。


## 🎯 待处理的目标文案
当他没有身份光环。没有舆论声量。没有讨价还价的筹码。

## 目标文案content的数组结构
生成模板参数时，format为content_index的字段依据此数组选择匹配的索引，用于决定相应内容出现在动画中的时机

[
  {
    "index": 0,
    "text": "当他没有身份光环。"
  },
  {
    "index": 1,
    "text": "没有舆论声量。"
  },
  {
    "index": 2,
    "text": "没有讨价还价的筹码。"
  }
]


## 选定模板及参数规范

模板名称：PANEL_GRID

参数 Schema 说明：

{
  "type": "object",
  "properties": {
    "panels": {
      "type": "array",
      "minItems": 2,
      "maxItems": 6,
      "description": "宫格配图；showFrom 为 content 下标（0-based），在该条 startFrame 显现",
      "items": {
        "type": "object",
        "required": [
          "src",
          "showFrom"
        ],
        "properties": {
          "src": {
            "type": "string",
            "format": "image_prompt",
            "description": "该宫格配图提示词"
          },
          "showFrom": {
            "type": "integer",
            "format": "content_index",
            "description": "content 下标（0-based），非帧数"
          },
          "position": {
            "type": "string",
            "enum": [
              "center",
              "left",
              "right",
              "top",
              "bottom"
            ],
            "description": "可选；弱提示，布局以宫格为准"
          },
          "enterEffect": {
            "type": "string",
            "enum": [
              "breathe",
              "slideLeft",
              "slideBottom",
              "zoomIn",
              "fadeIn"
            ],
            "default": "fadeIn"
          }
        }
      }
    }
  },
  "required": [
    "panels"
  ]
}

// 口播条数（已由程序写入 CONTENT_STR，勿在 param 中输出 content）：口播分句（item.content）至少 2 条；口播分句至多 8 条（超出会被校验器告警）


模板该项的示例供参考：

{
  "template": "PANEL_GRID",
  "param": {
    "panels": [
      {
        "src": "问号堵住去路的简笔画",
        "showFrom": 0,
        "enterEffect": "zoomIn"
      },
      {
        "src": "放大镜只看一角的简笔画",
        "showFrom": 1
      },
      {
        "src": "两人各执一词的简笔画",
        "showFrom": 2
      }
    ]
  }
}


注意：如果该模板生成的参数包含图片视觉描述（如 imageSrc / leftSrc / rightSrc 等等），请只描述纯视觉场景与动作，绝不要包含任何文字、标语或注音。


## 其他通用说明
1. 锚点（Anchor）— 克制与高价值（适用于 SCHEMA 或上文允许出现锚点/高亮时）：
   - 多数句子应**无锚点**；拿不准就留空或 `[]`，避免满屏高亮。
   - 如果一定需要锚点，只选**整段里真正的高潮、反转或核心名词**（宜 2～4 字、有记忆点）；平庸词、铺垫句不要做成锚点。
   - 颜色建议：`#EF4444`（警示/反转/负面/结论）、`#000000`（事实/术语/数据）。动画 `anim`：`spring` | `slideUp` | `popIn` | `highlight`。
   - 音效可选(仅写在锚点对象上的 `audioEffect`)：`impact_thud` | `ping` | `woosh`

2. 视觉标题与字幕分离（仅当 SCHEMA 要求 `notText` / `butText` / `conceptName`、或 DOS_AND_DONTS 的 `left.label` / `right.label` 等时）：

   - 填**极简关键词（约 2～6 字）**，禁止把整句台词搬进标题字段。



## 输出格式（严格 JSON，不要 markdown 代码块）
补全当前模板的param,非数组：
{ "param": { ... } }

===========================================================================================
---------------------------------------- RESPONSE ----------------------------------------
time: 2026-06-08 21:28:35
attempt: 1/3

[OUTPUT]
{
  "param": {
    "panels": [
      {
        "src": "一个平民小人站在灰暗背景下，头上没有光环，四周空无一物，简笔画风格",
        "showFrom": 0,
        "enterEffect": "fadeIn"
      },
      {
        "src": "一个人张嘴呼喊，但声音波纹被一道横线切断，像被静音，简笔画风格",
        "showFrom": 1,
        "enterEffect": "fadeIn"
      },
      {
        "src": "一双手摊开，掌心空空，面前谈判桌上也没有任何筹码，简笔画风格",
        "showFrom": 2,
        "enterEffect": "fadeIn"
      }
    ]
  }
}
-------------------------------------------------------------------------------------------

======================================== REQUEST ========================================
time: 2026-06-08 21:28:35
provider: deepseek
model: deepseek-v4-pro
retries: 3

[PROMPT]
你是短视频字幕与画面细节处理专家。请把指定台词细化为字模显示参数。


## 完整段落上下文（仅供理解整体语境，判断当前句子的重要性）
这就是“国王不能进”的真正含义。

它不是一句浪漫的话。

它是一句冷峻的制度判断。

一个社会，能不能保护普通人，不要看它怎样对待成功者。

成功者本来就有人保护。

不要看它怎样对待富人。富人有资源保护自己。

要看它怎样对待一个住在破房子里的人。

当他没有身份光环。

没有舆论声量。

没有讨价还价的筹码。

他还能不能关上门？

他关上门以后，强者会不会停下？

权力会不会承认，这里不是我的地方？

这才是文明的压力测试。


## 🎯 待处理的目标文案
他还能不能关上门？他关上门以后，强者会不会停下？权力会不会承认，这里不是我的地方？

## 目标文案content的数组结构
生成模板参数时，format为content_index的字段依据此数组选择匹配的索引，用于决定相应内容出现在动画中的时机

[
  {
    "index": 0,
    "text": "他还能不能关上门？"
  },
  {
    "index": 1,
    "text": "他关上门以后，"
  },
  {
    "index": 2,
    "text": "强者会不会停下？"
  },
  {
    "index": 3,
    "text": "权力会不会承认，"
  },
  {
    "index": 4,
    "text": "这里不是我的地方？"
  }
]


## 选定模板及参数规范

模板名称：BEAT_SEQUENCE

参数 Schema 说明：

{
  "type": "object",
  "properties": {
    "stages": {
      "type": "array",
      "minItems": 2,
      "maxItems": 4,
      "description": "配图序列：每条 stage 一张图；imageSrc、enterEffect、可选 tone（calm|alert）、可选 showFrom（对齐镜头外层 content[] 下标）",
      "items": {
        "type": "object",
        "required": [
          "imageSrc"
        ],
        "properties": {
          "imageSrc": {
            "type": "string",
            "format": "image_prompt",
            "description": "该节拍配图提示词"
          },
          "enterEffect": {
            "type": "string",
            "enum": [
              "breathe",
              "slideLeft",
              "slideBottom",
              "zoomIn",
              "fadeIn"
            ],
            "default": "breathe",
            "description": "入场效果"
          },
          "tone": {
            "type": "string",
            "enum": [
              "calm",
              "alert"
            ],
            "description": "首条可 calm，其余默认可 alert"
          },
          "showFrom": {
            "type": "content_index",
            "minimum": 0,
            "description": "镜头 item 外层 content 数组（与 param 同级）的 0-based 下标；从该条 startFrame 起显示本图。省略则等于当前 stages 下标 i（与第 i 条口播同步）"
          }
        }
      }
    }
  },
  "required": [
    "stages"
  ]
}

// 口播条数（已由程序写入 CONTENT_STR，勿在 param 中输出 content）：口播分句（item.content）至少 2 条；口播分句至多 4 条（超出会被校验器告警）


模板该项的示例供参考：

{
  "template": "BEAT_SEQUENCE",
  "param": {
    "stages": [
      {
        "imageSrc": "问句配图简笔画",
        "enterEffect": "breathe"
      },
      {
        "imageSrc": "转折警示配图",
        "enterEffect": "slideBottom"
      },
      {
        "imageSrc": "结论冲击配图",
        "enterEffect": "slideBottom"
      }
    ]
  }
}


注意：如果该模板生成的参数包含图片视觉描述（如 imageSrc / leftSrc / rightSrc 等等），请只描述纯视觉场景与动作，绝不要包含任何文字、标语或注音。


## 其他通用说明
1. 锚点（Anchor）— 克制与高价值（适用于 SCHEMA 或上文允许出现锚点/高亮时）：
   - 多数句子应**无锚点**；拿不准就留空或 `[]`，避免满屏高亮。
   - 如果一定需要锚点，只选**整段里真正的高潮、反转或核心名词**（宜 2～4 字、有记忆点）；平庸词、铺垫句不要做成锚点。
   - 颜色建议：`#EF4444`（警示/反转/负面/结论）、`#000000`（事实/术语/数据）。动画 `anim`：`spring` | `slideUp` | `popIn` | `highlight`。
   - 音效可选(仅写在锚点对象上的 `audioEffect`)：`impact_thud` | `ping` | `woosh`

2. 视觉标题与字幕分离（仅当 SCHEMA 要求 `notText` / `butText` / `conceptName`、或 DOS_AND_DONTS 的 `left.label` / `right.label` 等时）：

   - 填**极简关键词（约 2～6 字）**，禁止把整句台词搬进标题字段。



## 输出格式（严格 JSON，不要 markdown 代码块）
补全当前模板的param,非数组：
{ "param": { ... } }

===========================================================================================
---------------------------------------- RESPONSE ----------------------------------------
time: 2026-06-08 21:29:02
attempt: 1/3

[OUTPUT]
{
  "param": {
    "stages": [
      {
        "imageSrc": "一个男人站在破旧木屋的门口，手扶着门，准备关上，门外是模糊的街道",
        "enterEffect": "breathe",
        "tone": "calm",
        "showFrom": 0
      },
      {
        "imageSrc": "一只巨大的靴子停在门槛前，强者的影子投射在门上，暗示停下的瞬间",
        "enterEffect": "slideBottom",
        "tone": "alert",
        "showFrom": 2
      },
      {
        "imageSrc": "从门内向外看，一束光被门挡住，门外有象征权力的徽章或权杖在退缩",
        "enterEffect": "slideBottom",
        "tone": "alert",
        "showFrom": 4
      }
    ]
  }
}
-------------------------------------------------------------------------------------------

======================================== REQUEST ========================================
time: 2026-06-08 21:29:02
provider: deepseek
model: deepseek-v4-pro
retries: 3

[PROMPT]
你是短视频字幕与画面细节处理专家。请把指定台词细化为字模显示参数。


## 完整段落上下文（仅供理解整体语境，判断当前句子的重要性）
这就是“国王不能进”的真正含义。

它不是一句浪漫的话。

它是一句冷峻的制度判断。

一个社会，能不能保护普通人，不要看它怎样对待成功者。

成功者本来就有人保护。

不要看它怎样对待富人。富人有资源保护自己。

要看它怎样对待一个住在破房子里的人。

当他没有身份光环。

没有舆论声量。

没有讨价还价的筹码。

他还能不能关上门？

他关上门以后，强者会不会停下？

权力会不会承认，这里不是我的地方？

这才是文明的压力测试。


## 🎯 待处理的目标文案
这才是文明的压力测试。

## 目标文案content的数组结构
生成模板参数时，format为content_index的字段依据此数组选择匹配的索引，用于决定相应内容出现在动画中的时机

[
  {
    "index": 0,
    "text": "这才是文明的压力测试。"
  }
]


## 选定模板及参数规范

模板名称：TEXT_FOCUS

参数 Schema 说明：

{
  "type": "object",
  "properties": {
    "coreSentence": {
      "type": "array",
      "minItems": 1,
      "description": "大屏核心文案，每元素一行：可为 string，或 { text, showFrom, endFrom? }；showFrom/endFrom 为 content 下标（0-based），非帧数：在该条 startFrame 显现；可选 endFrom 表示在该条播完（startFrame+durationFrames）后起淡出。纯 string 等价于 showFrom=0、无 endFrom。锚点校验时各段 text 按顺序直接拼接（无分隔符）。",
      "items": {
        "oneOf": [
          {
            "type": "string"
          },
          {
            "type": "object",
            "required": [
              "text",
              "showFrom"
            ],
            "properties": {
              "text": {
                "type": "string",
                "description": "该行大屏文案"
              },
              "showFrom": {
                "type": "integer",
                "format": "content_index",
                "description": "content 下标（0-based），非帧数"
              },
              "endFrom": {
                "type": "integer",
                "format": "content_index",
                "description": "可选；content 下标（0-based），非帧数；该行在对应条字幕结束帧（startFrame+durationFrames）起淡出"
              }
            }
          }
        ]
      }
    },
    "coreSentenceAnchors": {
      "type": "array",
      "description": "可选；在 coreSentence 各段拼接后的全文内按顺序高亮子串。每项 coreSentenceAnchor 须为该拼接串的子串，否则会被校验丢弃",
      "items": {
        "type": "object",
        "required": [
          "coreSentenceAnchor"
        ],
        "properties": {
          "coreSentenceAnchor": {
            "type": "string",
            "description": "要高亮的子串，须出现在各 coreSentence 段拼接后的全文内"
          },
          "color": {
            "type": "string",
            "description": "高亮颜色，省略时默认强调色"
          }
        }
      }
    }
  },
  "required": [
    "coreSentence"
  ]
}

// 口播条数（已由程序写入 CONTENT_STR，勿在 param 中输出 content）：口播分句至多 3 条（超出会被校验器告警）


模板该项的示例供参考：

{
  "template": "TEXT_FOCUS",
  "param": {
    "coreSentence": [
      {
        "text": "承认自己“可能错了”并不是一种软弱",
        "showFrom": 0,
        "endFrom": 0
      },
      {
        "text": "而是成长的开始",
        "showFrom": 1,
        "endFrom": 1
      }
    ],
    "coreSentenceAnchors": [
      {
        "coreSentenceAnchor": "可能错了",
        "color": "red"
      }
    ]
  }
}


注意：如果该模板生成的参数包含图片视觉描述（如 imageSrc / leftSrc / rightSrc 等等），请只描述纯视觉场景与动作，绝不要包含任何文字、标语或注音。


## 其他通用说明
1. 锚点（Anchor）— 克制与高价值（适用于 SCHEMA 或上文允许出现锚点/高亮时）：
   - 多数句子应**无锚点**；拿不准就留空或 `[]`，避免满屏高亮。
   - 如果一定需要锚点，只选**整段里真正的高潮、反转或核心名词**（宜 2～4 字、有记忆点）；平庸词、铺垫句不要做成锚点。
   - 颜色建议：`#EF4444`（警示/反转/负面/结论）、`#000000`（事实/术语/数据）。动画 `anim`：`spring` | `slideUp` | `popIn` | `highlight`。
   - 音效可选(仅写在锚点对象上的 `audioEffect`)：`impact_thud` | `ping` | `woosh`

2. 视觉标题与字幕分离（仅当 SCHEMA 要求 `notText` / `butText` / `conceptName`、或 DOS_AND_DONTS 的 `left.label` / `right.label` 等时）：

   - 填**极简关键词（约 2～6 字）**，禁止把整句台词搬进标题字段。



## 输出格式（严格 JSON，不要 markdown 代码块）
补全当前模板的param,非数组：
{ "param": { ... } }

===========================================================================================
---------------------------------------- RESPONSE ----------------------------------------
time: 2026-06-08 21:29:12
attempt: 1/3

[OUTPUT]
{
  "param": {
    "coreSentence": [
      {
        "text": "这才是文明的压力测试。",
        "showFrom": 0
      }
    ],
    "coreSentenceAnchors": [
      {
        "coreSentenceAnchor": "压力测试",
        "color": "#EF4444",
        "audioEffect": "impact_thud"
      }
    ]
  }
}
-------------------------------------------------------------------------------------------

======================================== REQUEST ========================================
time: 2026-06-08 21:29:12
provider: deepseek
model: deepseek-v4-pro
retries: 3

[PROMPT]
你是短视频字幕与画面细节处理专家。请把指定台词细化为字模显示参数。


## 完整段落上下文（仅供理解整体语境，判断当前句子的重要性）
普通人理解这句话，也不能只把它当成典故。

它有三个现实提醒。

第一，看权力时，不要只看它承诺什么。

要看它不能做什么。

一个权力说了很多好听的话，不代表它被约束了。

真正的约束，是它想进门时，有没有人能拦住它。

第二，看规则时，不要嫌程序麻烦。

程序看起来慢。

可它保护的，正是普通人。

敲门很慢。授权很慢。审查很慢。留下记录也很慢。

但这些慢，都是在告诉权力，你不是主人。

第三，看自由时，不要只看表达。

表达当然重要。

但更底层的是边界。

一个人能不能拒绝。

能不能保有私人空间。

能不能不被随便闯入。

这些东西，才是自由的骨架。

没有骨架，自由就只剩口号。


## 🎯 待处理的目标文案
普通人理解这句话，也不能只把它当成典故。它有三个现实提醒。

## 目标文案content的数组结构
生成模板参数时，format为content_index的字段依据此数组选择匹配的索引，用于决定相应内容出现在动画中的时机

[
  {
    "index": 0,
    "text": "普通人理解这句话，"
  },
  {
    "index": 1,
    "text": "也不能只把它当成典故。"
  },
  {
    "index": 2,
    "text": "它有三个现实提醒。"
  }
]


## 选定模板及参数规范

模板名称：CENTER_FOCUS

参数 Schema 说明：

{
  "type": "object",
  "properties": {
    "imageSrc": {
      "type": "string",
      "format": "image_prompt",
      "description": "主图描述"
    },
    "enterEffect": {
      "type": "string",
      "enum": [
        "fadeIn",
        "slideLeft",
        "slideBottom",
        "zoomIn"
      ],
      "default": "fadeIn",
      "description": "图片入场方式（breathe 呼吸效果始终常驻，无需指定）"
    },
    "anchors": {
      "type": "array",
      "description": "可选；用于锚点词展示（顶部依次出现并保留为列表），并绑定锚点出现时机的音效。showFrom 须落在当前 content 条数范围内。注意 **保持克制，尽量少设置锚点** 只提取整段里真正的高潮、反转或核心名词",
      "items": {
        "type": "object",
        "required": [
          "text",
          "showFrom"
        ],
        "properties": {
          "text": {
            "type": "string",
            "description": "要展示的锚点词"
          },
          "showFrom": {
            "type": "integer",
            "format": "content_index",
            "description": "content 数组下标（0-based），非帧数；合法范围 0～(content 条数-1)，超出会被校验丢弃"
          },
          "color": {
            "type": "string"
          },
          "anim": {
            "type": "string",
            "enum": [
              "spring",
              "slideUp",
              "popIn",
              "highlight"
            ]
          },
          "audioEffect": {
            "type": "string",
            "enum": [
              "impact_thud",
              "ping",
              "woosh"
            ]
          }
        }
      }
    }
  },
  "required": [
    "imageSrc"
  ]
}


模板该项的示例供参考：

{
  "template": "CENTER_FOCUS",
  "param": {
    "imageSrc": "上班族坐在电脑前的简笔画图标",
    "enterEffect": "fadeIn",
    "anchors": [
      {
        "text": "可得性启发",
        "showFrom": 0,
        "color": "red"
      }
    ]
  }
}


注意：如果该模板生成的参数包含图片视觉描述（如 imageSrc / leftSrc / rightSrc 等等），请只描述纯视觉场景与动作，绝不要包含任何文字、标语或注音。


## 其他通用说明
1. 锚点（Anchor）— 克制与高价值（适用于 SCHEMA 或上文允许出现锚点/高亮时）：
   - 多数句子应**无锚点**；拿不准就留空或 `[]`，避免满屏高亮。
   - 如果一定需要锚点，只选**整段里真正的高潮、反转或核心名词**（宜 2～4 字、有记忆点）；平庸词、铺垫句不要做成锚点。
   - 颜色建议：`#EF4444`（警示/反转/负面/结论）、`#000000`（事实/术语/数据）。动画 `anim`：`spring` | `slideUp` | `popIn` | `highlight`。
   - 音效可选(仅写在锚点对象上的 `audioEffect`)：`impact_thud` | `ping` | `woosh`

2. 视觉标题与字幕分离（仅当 SCHEMA 要求 `notText` / `butText` / `conceptName`、或 DOS_AND_DONTS 的 `left.label` / `right.label` 等时）：

   - 填**极简关键词（约 2～6 字）**，禁止把整句台词搬进标题字段。



## 输出格式（严格 JSON，不要 markdown 代码块）
补全当前模板的param,非数组：
{ "param": { ... } }

===========================================================================================
---------------------------------------- RESPONSE ----------------------------------------
time: 2026-06-08 21:29:20
attempt: 1/3

[OUTPUT]
{
  "param": {
    "imageSrc": "一个普通人站在一本打开的书籍前方，书页上悬浮着三个发光的小标签，背景是柔和的光线",
    "enterEffect": "fadeIn",
    "anchors": []
  }
}
-------------------------------------------------------------------------------------------

======================================== REQUEST ========================================
time: 2026-06-08 21:29:20
provider: deepseek
model: deepseek-v4-pro
retries: 3

[PROMPT]
你是短视频字幕与画面细节处理专家。请把指定台词细化为字模显示参数。


## 完整段落上下文（仅供理解整体语境，判断当前句子的重要性）
普通人理解这句话，也不能只把它当成典故。

它有三个现实提醒。

第一，看权力时，不要只看它承诺什么。

要看它不能做什么。

一个权力说了很多好听的话，不代表它被约束了。

真正的约束，是它想进门时，有没有人能拦住它。

第二，看规则时，不要嫌程序麻烦。

程序看起来慢。

可它保护的，正是普通人。

敲门很慢。授权很慢。审查很慢。留下记录也很慢。

但这些慢，都是在告诉权力，你不是主人。

第三，看自由时，不要只看表达。

表达当然重要。

但更底层的是边界。

一个人能不能拒绝。

能不能保有私人空间。

能不能不被随便闯入。

这些东西，才是自由的骨架。

没有骨架，自由就只剩口号。


## 🎯 待处理的目标文案
第一，看权力时，不要只看它承诺什么。要看它不能做什么。

## 目标文案content的数组结构
生成模板参数时，format为content_index的字段依据此数组选择匹配的索引，用于决定相应内容出现在动画中的时机

[
  {
    "index": 0,
    "text": "第一，"
  },
  {
    "index": 1,
    "text": "看权力时，"
  },
  {
    "index": 2,
    "text": "不要只看它承诺什么。"
  },
  {
    "index": 3,
    "text": "要看它不能做什么。"
  }
]


## 选定模板及参数规范

模板名称：COGNITIVE_SHIFT

参数 Schema 说明：

{
  "type": "object",
  "properties": {
    "notText": {
      "type": "string",
      "description": "被否认知（‘不是’后面的内容）的精炼短句，不超过12个字，"
    },
    "butText": {
      "type": "string",
      "description": "真实认知（‘而是’后面的内容）的精炼短句，不超过12个字"
    },
    "butSrc": {
      "type": "string",
      "format": "image_prompt",
      "description": "真实认知的配图"
    },
    "notContentIndex": {
      "type": "integer",
      "format": "content_index",
      "description": "触发「不是」动画的字幕段索引（默认 0）"
    },
    "butContentIndex": {
      "type": "integer",
      "format": "content_index",
      "description": "触发「而是」动画的字幕段索引（默认 1）"
    }
  },
  "required": [
    "notText",
    "butText"
  ]
}


模板该项的示例供参考：

{
  "template": "COGNITIVE_SHIFT",
  "content": [
    "我们都不应该靠勤奋拼命",
    "我们都应该是靠认知和选择",
    "这样我才能成功"
  ],
  "param": {
    "notText": "靠勤奋拼命",
    "butText": "靠认知和选择",
    "butSrc": "站在高处看地图的思考者",
    "notContentIndex": 0,
    "butContentIndex": 1
  }
}


注意：如果该模板生成的参数包含图片视觉描述（如 imageSrc / leftSrc / rightSrc 等等），请只描述纯视觉场景与动作，绝不要包含任何文字、标语或注音。


## 其他通用说明
1. 锚点（Anchor）— 克制与高价值（适用于 SCHEMA 或上文允许出现锚点/高亮时）：
   - 多数句子应**无锚点**；拿不准就留空或 `[]`，避免满屏高亮。
   - 如果一定需要锚点，只选**整段里真正的高潮、反转或核心名词**（宜 2～4 字、有记忆点）；平庸词、铺垫句不要做成锚点。
   - 颜色建议：`#EF4444`（警示/反转/负面/结论）、`#000000`（事实/术语/数据）。动画 `anim`：`spring` | `slideUp` | `popIn` | `highlight`。
   - 音效可选(仅写在锚点对象上的 `audioEffect`)：`impact_thud` | `ping` | `woosh`

2. 视觉标题与字幕分离（仅当 SCHEMA 要求 `notText` / `butText` / `conceptName`、或 DOS_AND_DONTS 的 `left.label` / `right.label` 等时）：

   - 填**极简关键词（约 2～6 字）**，禁止把整句台词搬进标题字段。



## 输出格式（严格 JSON，不要 markdown 代码块）
补全当前模板的param,非数组：
{ "param": { ... } }

===========================================================================================
---------------------------------------- RESPONSE ----------------------------------------
time: 2026-06-08 21:29:41
attempt: 1/3

[OUTPUT]
{
  "param": {
    "notText": "只看它承诺什么",
    "butText": "看它不能做什么",
    "butSrc": "一只戴着戒指的手试图推开一扇半开的门，但门上缠绕着粗重铁链，阻止它完全打开",
    "notContentIndex": 2,
    "butContentIndex": 3
  }
}
-------------------------------------------------------------------------------------------

======================================== REQUEST ========================================
time: 2026-06-08 21:29:41
provider: deepseek
model: deepseek-v4-pro
retries: 3

[PROMPT]
你是短视频字幕与画面细节处理专家。请把指定台词细化为字模显示参数。


## 完整段落上下文（仅供理解整体语境，判断当前句子的重要性）
普通人理解这句话，也不能只把它当成典故。

它有三个现实提醒。

第一，看权力时，不要只看它承诺什么。

要看它不能做什么。

一个权力说了很多好听的话，不代表它被约束了。

真正的约束，是它想进门时，有没有人能拦住它。

第二，看规则时，不要嫌程序麻烦。

程序看起来慢。

可它保护的，正是普通人。

敲门很慢。授权很慢。审查很慢。留下记录也很慢。

但这些慢，都是在告诉权力，你不是主人。

第三，看自由时，不要只看表达。

表达当然重要。

但更底层的是边界。

一个人能不能拒绝。

能不能保有私人空间。

能不能不被随便闯入。

这些东西，才是自由的骨架。

没有骨架，自由就只剩口号。


## 🎯 待处理的目标文案
一个权力说了很多好听的话，不代表它被约束了。真正的约束，是它想进门时，有没有人能拦住它。

## 目标文案content的数组结构
生成模板参数时，format为content_index的字段依据此数组选择匹配的索引，用于决定相应内容出现在动画中的时机

[
  {
    "index": 0,
    "text": "一个权力说了很多好听的话，"
  },
  {
    "index": 1,
    "text": "不代表它被约束了。"
  },
  {
    "index": 2,
    "text": "真正的约束，"
  },
  {
    "index": 3,
    "text": "是它想进门时，"
  },
  {
    "index": 4,
    "text": "有没有人能拦住它。"
  }
]


## 选定模板及参数规范

模板名称：MAGNIFYING_GLASS

参数 Schema 说明：

{
  "type": "object",
  "properties": {
    "anchors": {
      "type": "array",
      "minItems": 1,
      "maxItems": 3,
      "description": "必填且非空（建议 1～2 个高价值锚点）；每项通过 showFrom 对齐 content 分句。锚点应落在“揭示性落点句”或其核心关键词上，不要把整段说明塞满锚点",
      "items": {
        "type": "object",
        "required": [
          "text",
          "showFrom"
        ],
        "properties": {
          "text": {
            "type": "string",
            "description": "要聚焦的关键词/短语"
          },
          "showFrom": {
            "type": "integer",
            "format": "content_index",
            "description": "content 数组下标（0-based），非帧数；合法范围 0～(content 条数-1)，超出会被校验丢弃"
          },
          "color": {
            "type": "string"
          },
          "anim": {
            "type": "string",
            "enum": [
              "spring",
              "slideUp",
              "popIn",
              "highlight"
            ]
          },
          "audioEffect": {
            "type": "string",
            "enum": [
              "impact_thud",
              "ping",
              "woosh"
            ]
          }
        }
      }
    }
  },
  "required": [
    "anchors"
  ]
}


模板该项的示例供参考：

{
  "template": "MAGNIFYING_GLASS",
  "param": {
    "anchors": [
      {
        "text": "忽略了基础",
        "showFrom": 0,
        "color": "#111111",
        "anim": "popIn",
        "audioEffect": "ping"
      }
    ]
  }
}


注意：如果该模板生成的参数包含图片视觉描述（如 imageSrc / leftSrc / rightSrc 等等），请只描述纯视觉场景与动作，绝不要包含任何文字、标语或注音。


## 其他通用说明
1. 锚点（Anchor）— 克制与高价值（适用于 SCHEMA 或上文允许出现锚点/高亮时）：
   - 多数句子应**无锚点**；拿不准就留空或 `[]`，避免满屏高亮。
   - 如果一定需要锚点，只选**整段里真正的高潮、反转或核心名词**（宜 2～4 字、有记忆点）；平庸词、铺垫句不要做成锚点。
   - 颜色建议：`#EF4444`（警示/反转/负面/结论）、`#000000`（事实/术语/数据）。动画 `anim`：`spring` | `slideUp` | `popIn` | `highlight`。
   - 音效可选(仅写在锚点对象上的 `audioEffect`)：`impact_thud` | `ping` | `woosh`

2. 视觉标题与字幕分离（仅当 SCHEMA 要求 `notText` / `butText` / `conceptName`、或 DOS_AND_DONTS 的 `left.label` / `right.label` 等时）：

   - 填**极简关键词（约 2～6 字）**，禁止把整句台词搬进标题字段。



## 输出格式（严格 JSON，不要 markdown 代码块）
补全当前模板的param,非数组：
{ "param": { ... } }

===========================================================================================
---------------------------------------- RESPONSE ----------------------------------------
time: 2026-06-08 21:29:52
attempt: 1/3

[OUTPUT]
{
  "param": {
    "anchors": [
      {
        "text": "真正的约束",
        "showFrom": 2,
        "color": "#000000",
        "anim": "popIn",
        "audioEffect": "ping"
      },
      {
        "text": "拦住它",
        "showFrom": 4,
        "color": "#EF4444",
        "anim": "spring",
        "audioEffect": "impact_thud"
      }
    ]
  }
}
-------------------------------------------------------------------------------------------

======================================== REQUEST ========================================
time: 2026-06-08 21:29:52
provider: deepseek
model: deepseek-v4-pro
retries: 3

[PROMPT]
你是短视频字幕与画面细节处理专家。请把指定台词细化为字模显示参数。


## 完整段落上下文（仅供理解整体语境，判断当前句子的重要性）
普通人理解这句话，也不能只把它当成典故。

它有三个现实提醒。

第一，看权力时，不要只看它承诺什么。

要看它不能做什么。

一个权力说了很多好听的话，不代表它被约束了。

真正的约束，是它想进门时，有没有人能拦住它。

第二，看规则时，不要嫌程序麻烦。

程序看起来慢。

可它保护的，正是普通人。

敲门很慢。授权很慢。审查很慢。留下记录也很慢。

但这些慢，都是在告诉权力，你不是主人。

第三，看自由时，不要只看表达。

表达当然重要。

但更底层的是边界。

一个人能不能拒绝。

能不能保有私人空间。

能不能不被随便闯入。

这些东西，才是自由的骨架。

没有骨架，自由就只剩口号。


## 🎯 待处理的目标文案
第二，看规则时，不要嫌程序麻烦。程序看起来慢。可它保护的，正是普通人。

## 目标文案content的数组结构
生成模板参数时，format为content_index的字段依据此数组选择匹配的索引，用于决定相应内容出现在动画中的时机

[
  {
    "index": 0,
    "text": "第二，"
  },
  {
    "index": 1,
    "text": "看规则时，"
  },
  {
    "index": 2,
    "text": "不要嫌程序麻烦。"
  },
  {
    "index": 3,
    "text": "程序看起来慢。"
  },
  {
    "index": 4,
    "text": "可它保护的，"
  },
  {
    "index": 5,
    "text": "正是普通人。"
  }
]


## 选定模板及参数规范

模板名称：COGNITIVE_SHIFT

参数 Schema 说明：

{
  "type": "object",
  "properties": {
    "notText": {
      "type": "string",
      "description": "被否认知（‘不是’后面的内容）的精炼短句，不超过12个字，"
    },
    "butText": {
      "type": "string",
      "description": "真实认知（‘而是’后面的内容）的精炼短句，不超过12个字"
    },
    "butSrc": {
      "type": "string",
      "format": "image_prompt",
      "description": "真实认知的配图"
    },
    "notContentIndex": {
      "type": "integer",
      "format": "content_index",
      "description": "触发「不是」动画的字幕段索引（默认 0）"
    },
    "butContentIndex": {
      "type": "integer",
      "format": "content_index",
      "description": "触发「而是」动画的字幕段索引（默认 1）"
    }
  },
  "required": [
    "notText",
    "butText"
  ]
}


模板该项的示例供参考：

{
  "template": "COGNITIVE_SHIFT",
  "content": [
    "我们都不应该靠勤奋拼命",
    "我们都应该是靠认知和选择",
    "这样我才能成功"
  ],
  "param": {
    "notText": "靠勤奋拼命",
    "butText": "靠认知和选择",
    "butSrc": "站在高处看地图的思考者",
    "notContentIndex": 0,
    "butContentIndex": 1
  }
}


注意：如果该模板生成的参数包含图片视觉描述（如 imageSrc / leftSrc / rightSrc 等等），请只描述纯视觉场景与动作，绝不要包含任何文字、标语或注音。


## 其他通用说明
1. 锚点（Anchor）— 克制与高价值（适用于 SCHEMA 或上文允许出现锚点/高亮时）：
   - 多数句子应**无锚点**；拿不准就留空或 `[]`，避免满屏高亮。
   - 如果一定需要锚点，只选**整段里真正的高潮、反转或核心名词**（宜 2～4 字、有记忆点）；平庸词、铺垫句不要做成锚点。
   - 颜色建议：`#EF4444`（警示/反转/负面/结论）、`#000000`（事实/术语/数据）。动画 `anim`：`spring` | `slideUp` | `popIn` | `highlight`。
   - 音效可选(仅写在锚点对象上的 `audioEffect`)：`impact_thud` | `ping` | `woosh`

2. 视觉标题与字幕分离（仅当 SCHEMA 要求 `notText` / `butText` / `conceptName`、或 DOS_AND_DONTS 的 `left.label` / `right.label` 等时）：

   - 填**极简关键词（约 2～6 字）**，禁止把整句台词搬进标题字段。



## 输出格式（严格 JSON，不要 markdown 代码块）
补全当前模板的param,非数组：
{ "param": { ... } }

===========================================================================================
---------------------------------------- RESPONSE ----------------------------------------
time: 2026-06-08 21:30:14
attempt: 1/3

[OUTPUT]
{
  "param": {
    "notText": "嫌程序麻烦",
    "butText": "慢是保护普通人",
    "butSrc": "一扇沉重的大门缓缓关闭，门外模糊的权势身影被阻挡在门槛之外",
    "notContentIndex": 2,
    "butContentIndex": 4
  }
}
-------------------------------------------------------------------------------------------

======================================== REQUEST ========================================
time: 2026-06-08 21:30:14
provider: deepseek
model: deepseek-v4-pro
retries: 3

[PROMPT]
你是短视频字幕与画面细节处理专家。请把指定台词细化为字模显示参数。


## 完整段落上下文（仅供理解整体语境，判断当前句子的重要性）
普通人理解这句话，也不能只把它当成典故。

它有三个现实提醒。

第一，看权力时，不要只看它承诺什么。

要看它不能做什么。

一个权力说了很多好听的话，不代表它被约束了。

真正的约束，是它想进门时，有没有人能拦住它。

第二，看规则时，不要嫌程序麻烦。

程序看起来慢。

可它保护的，正是普通人。

敲门很慢。授权很慢。审查很慢。留下记录也很慢。

但这些慢，都是在告诉权力，你不是主人。

第三，看自由时，不要只看表达。

表达当然重要。

但更底层的是边界。

一个人能不能拒绝。

能不能保有私人空间。

能不能不被随便闯入。

这些东西，才是自由的骨架。

没有骨架，自由就只剩口号。


## 🎯 待处理的目标文案
敲门很慢。授权很慢。审查很慢。留下记录也很慢。但这些慢，都是在告诉权力，你不是主人。

## 目标文案content的数组结构
生成模板参数时，format为content_index的字段依据此数组选择匹配的索引，用于决定相应内容出现在动画中的时机

[
  {
    "index": 0,
    "text": "敲门很慢。"
  },
  {
    "index": 1,
    "text": "授权很慢。"
  },
  {
    "index": 2,
    "text": "审查很慢。"
  },
  {
    "index": 3,
    "text": "留下记录也很慢。"
  },
  {
    "index": 4,
    "text": "但这些慢，"
  },
  {
    "index": 5,
    "text": "都是在告诉权力，"
  },
  {
    "index": 6,
    "text": "你不是主人。"
  }
]


## 选定模板及参数规范

模板名称：PANEL_GRID

参数 Schema 说明：

{
  "type": "object",
  "properties": {
    "panels": {
      "type": "array",
      "minItems": 2,
      "maxItems": 6,
      "description": "宫格配图；showFrom 为 content 下标（0-based），在该条 startFrame 显现",
      "items": {
        "type": "object",
        "required": [
          "src",
          "showFrom"
        ],
        "properties": {
          "src": {
            "type": "string",
            "format": "image_prompt",
            "description": "该宫格配图提示词"
          },
          "showFrom": {
            "type": "integer",
            "format": "content_index",
            "description": "content 下标（0-based），非帧数"
          },
          "position": {
            "type": "string",
            "enum": [
              "center",
              "left",
              "right",
              "top",
              "bottom"
            ],
            "description": "可选；弱提示，布局以宫格为准"
          },
          "enterEffect": {
            "type": "string",
            "enum": [
              "breathe",
              "slideLeft",
              "slideBottom",
              "zoomIn",
              "fadeIn"
            ],
            "default": "fadeIn"
          }
        }
      }
    }
  },
  "required": [
    "panels"
  ]
}

// 口播条数（已由程序写入 CONTENT_STR，勿在 param 中输出 content）：口播分句（item.content）至少 2 条；口播分句至多 8 条（超出会被校验器告警）


模板该项的示例供参考：

{
  "template": "PANEL_GRID",
  "param": {
    "panels": [
      {
        "src": "问号堵住去路的简笔画",
        "showFrom": 0,
        "enterEffect": "zoomIn"
      },
      {
        "src": "放大镜只看一角的简笔画",
        "showFrom": 1
      },
      {
        "src": "两人各执一词的简笔画",
        "showFrom": 2
      }
    ]
  }
}


注意：如果该模板生成的参数包含图片视觉描述（如 imageSrc / leftSrc / rightSrc 等等），请只描述纯视觉场景与动作，绝不要包含任何文字、标语或注音。


## 其他通用说明
1. 锚点（Anchor）— 克制与高价值（适用于 SCHEMA 或上文允许出现锚点/高亮时）：
   - 多数句子应**无锚点**；拿不准就留空或 `[]`，避免满屏高亮。
   - 如果一定需要锚点，只选**整段里真正的高潮、反转或核心名词**（宜 2～4 字、有记忆点）；平庸词、铺垫句不要做成锚点。
   - 颜色建议：`#EF4444`（警示/反转/负面/结论）、`#000000`（事实/术语/数据）。动画 `anim`：`spring` | `slideUp` | `popIn` | `highlight`。
   - 音效可选(仅写在锚点对象上的 `audioEffect`)：`impact_thud` | `ping` | `woosh`

2. 视觉标题与字幕分离（仅当 SCHEMA 要求 `notText` / `butText` / `conceptName`、或 DOS_AND_DONTS 的 `left.label` / `right.label` 等时）：

   - 填**极简关键词（约 2～6 字）**，禁止把整句台词搬进标题字段。



## 输出格式（严格 JSON，不要 markdown 代码块）
补全当前模板的param,非数组：
{ "param": { ... } }

===========================================================================================
---------------------------------------- RESPONSE ----------------------------------------
time: 2026-06-08 21:31:06
attempt: 1/3

[OUTPUT]
{
  "param": {
    "panels": [
      {
        "src": "一只手敲击一扇紧闭的木门，门上有猫眼",
        "showFrom": 0,
        "enterEffect": "fadeIn"
      },
      {
        "src": "一个人在文件上盖章，桌上堆满文件",
        "showFrom": 1,
        "enterEffect": "fadeIn"
      },
      {
        "src": "一个人举着放大镜检查文件细节",
        "showFrom": 2,
        "enterEffect": "fadeIn"
      },
      {
        "src": "一支钢笔在笔记本上书写，旁边有一个录音机",
        "showFrom": 3,
        "enterEffect": "fadeIn"
      },
      {
        "src": "一个沙漏旁，一只手向戴皇冠的人做出停止手势",
        "showFrom": 4,
        "enterEffect": "fadeIn"
      },
      {
        "src": "一扇紧闭的大门前，一个戴皇冠的人被拒之门外，神情无奈",
        "showFrom": 6,
        "enterEffect": "fadeIn"
      }
    ]
  }
}
-------------------------------------------------------------------------------------------

======================================== REQUEST ========================================
time: 2026-06-08 21:31:06
provider: deepseek
model: deepseek-v4-pro
retries: 3

[PROMPT]
你是短视频字幕与画面细节处理专家。请把指定台词细化为字模显示参数。


## 完整段落上下文（仅供理解整体语境，判断当前句子的重要性）
普通人理解这句话，也不能只把它当成典故。

它有三个现实提醒。

第一，看权力时，不要只看它承诺什么。

要看它不能做什么。

一个权力说了很多好听的话，不代表它被约束了。

真正的约束，是它想进门时，有没有人能拦住它。

第二，看规则时，不要嫌程序麻烦。

程序看起来慢。

可它保护的，正是普通人。

敲门很慢。授权很慢。审查很慢。留下记录也很慢。

但这些慢，都是在告诉权力，你不是主人。

第三，看自由时，不要只看表达。

表达当然重要。

但更底层的是边界。

一个人能不能拒绝。

能不能保有私人空间。

能不能不被随便闯入。

这些东西，才是自由的骨架。

没有骨架，自由就只剩口号。


## 🎯 待处理的目标文案
第三，看自由时，不要只看表达。表达当然重要。但更底层的是边界。

## 目标文案content的数组结构
生成模板参数时，format为content_index的字段依据此数组选择匹配的索引，用于决定相应内容出现在动画中的时机

[
  {
    "index": 0,
    "text": "第三，"
  },
  {
    "index": 1,
    "text": "看自由时，"
  },
  {
    "index": 2,
    "text": "不要只看表达。"
  },
  {
    "index": 3,
    "text": "表达当然重要。"
  },
  {
    "index": 4,
    "text": "但更底层的是边界。"
  }
]


## 选定模板及参数规范

模板名称：COGNITIVE_SHIFT

参数 Schema 说明：

{
  "type": "object",
  "properties": {
    "notText": {
      "type": "string",
      "description": "被否认知（‘不是’后面的内容）的精炼短句，不超过12个字，"
    },
    "butText": {
      "type": "string",
      "description": "真实认知（‘而是’后面的内容）的精炼短句，不超过12个字"
    },
    "butSrc": {
      "type": "string",
      "format": "image_prompt",
      "description": "真实认知的配图"
    },
    "notContentIndex": {
      "type": "integer",
      "format": "content_index",
      "description": "触发「不是」动画的字幕段索引（默认 0）"
    },
    "butContentIndex": {
      "type": "integer",
      "format": "content_index",
      "description": "触发「而是」动画的字幕段索引（默认 1）"
    }
  },
  "required": [
    "notText",
    "butText"
  ]
}


模板该项的示例供参考：

{
  "template": "COGNITIVE_SHIFT",
  "content": [
    "我们都不应该靠勤奋拼命",
    "我们都应该是靠认知和选择",
    "这样我才能成功"
  ],
  "param": {
    "notText": "靠勤奋拼命",
    "butText": "靠认知和选择",
    "butSrc": "站在高处看地图的思考者",
    "notContentIndex": 0,
    "butContentIndex": 1
  }
}


注意：如果该模板生成的参数包含图片视觉描述（如 imageSrc / leftSrc / rightSrc 等等），请只描述纯视觉场景与动作，绝不要包含任何文字、标语或注音。


## 其他通用说明
1. 锚点（Anchor）— 克制与高价值（适用于 SCHEMA 或上文允许出现锚点/高亮时）：
   - 多数句子应**无锚点**；拿不准就留空或 `[]`，避免满屏高亮。
   - 如果一定需要锚点，只选**整段里真正的高潮、反转或核心名词**（宜 2～4 字、有记忆点）；平庸词、铺垫句不要做成锚点。
   - 颜色建议：`#EF4444`（警示/反转/负面/结论）、`#000000`（事实/术语/数据）。动画 `anim`：`spring` | `slideUp` | `popIn` | `highlight`。
   - 音效可选(仅写在锚点对象上的 `audioEffect`)：`impact_thud` | `ping` | `woosh`

2. 视觉标题与字幕分离（仅当 SCHEMA 要求 `notText` / `butText` / `conceptName`、或 DOS_AND_DONTS 的 `left.label` / `right.label` 等时）：

   - 填**极简关键词（约 2～6 字）**，禁止把整句台词搬进标题字段。



## 输出格式（严格 JSON，不要 markdown 代码块）
补全当前模板的param,非数组：
{ "param": { ... } }

===========================================================================================
---------------------------------------- RESPONSE ----------------------------------------
time: 2026-06-08 21:31:24
attempt: 1/3

[OUTPUT]
{
  "param": {
    "notText": "只看表达",
    "butText": "底层是边界",
    "butSrc": "一扇从内部锁上的厚实木门，门外的人试图推门却无法进入，光线从门缝透出",
    "notContentIndex": 2,
    "butContentIndex": 4
  }
}
-------------------------------------------------------------------------------------------

======================================== REQUEST ========================================
time: 2026-06-08 21:31:24
provider: deepseek
model: deepseek-v4-pro
retries: 3

[PROMPT]
你是短视频字幕与画面细节处理专家。请把指定台词细化为字模显示参数。


## 完整段落上下文（仅供理解整体语境，判断当前句子的重要性）
普通人理解这句话，也不能只把它当成典故。

它有三个现实提醒。

第一，看权力时，不要只看它承诺什么。

要看它不能做什么。

一个权力说了很多好听的话，不代表它被约束了。

真正的约束，是它想进门时，有没有人能拦住它。

第二，看规则时，不要嫌程序麻烦。

程序看起来慢。

可它保护的，正是普通人。

敲门很慢。授权很慢。审查很慢。留下记录也很慢。

但这些慢，都是在告诉权力，你不是主人。

第三，看自由时，不要只看表达。

表达当然重要。

但更底层的是边界。

一个人能不能拒绝。

能不能保有私人空间。

能不能不被随便闯入。

这些东西，才是自由的骨架。

没有骨架，自由就只剩口号。


## 🎯 待处理的目标文案
一个人能不能拒绝。能不能保有私人空间。能不能不被随便闯入。

## 目标文案content的数组结构
生成模板参数时，format为content_index的字段依据此数组选择匹配的索引，用于决定相应内容出现在动画中的时机

[
  {
    "index": 0,
    "text": "一个人能不能拒绝。"
  },
  {
    "index": 1,
    "text": "能不能保有私人空间。"
  },
  {
    "index": 2,
    "text": "能不能不被随便闯入。"
  }
]


## 选定模板及参数规范

模板名称：PANEL_GRID

参数 Schema 说明：

{
  "type": "object",
  "properties": {
    "panels": {
      "type": "array",
      "minItems": 2,
      "maxItems": 6,
      "description": "宫格配图；showFrom 为 content 下标（0-based），在该条 startFrame 显现",
      "items": {
        "type": "object",
        "required": [
          "src",
          "showFrom"
        ],
        "properties": {
          "src": {
            "type": "string",
            "format": "image_prompt",
            "description": "该宫格配图提示词"
          },
          "showFrom": {
            "type": "integer",
            "format": "content_index",
            "description": "content 下标（0-based），非帧数"
          },
          "position": {
            "type": "string",
            "enum": [
              "center",
              "left",
              "right",
              "top",
              "bottom"
            ],
            "description": "可选；弱提示，布局以宫格为准"
          },
          "enterEffect": {
            "type": "string",
            "enum": [
              "breathe",
              "slideLeft",
              "slideBottom",
              "zoomIn",
              "fadeIn"
            ],
            "default": "fadeIn"
          }
        }
      }
    }
  },
  "required": [
    "panels"
  ]
}

// 口播条数（已由程序写入 CONTENT_STR，勿在 param 中输出 content）：口播分句（item.content）至少 2 条；口播分句至多 8 条（超出会被校验器告警）


模板该项的示例供参考：

{
  "template": "PANEL_GRID",
  "param": {
    "panels": [
      {
        "src": "问号堵住去路的简笔画",
        "showFrom": 0,
        "enterEffect": "zoomIn"
      },
      {
        "src": "放大镜只看一角的简笔画",
        "showFrom": 1
      },
      {
        "src": "两人各执一词的简笔画",
        "showFrom": 2
      }
    ]
  }
}


注意：如果该模板生成的参数包含图片视觉描述（如 imageSrc / leftSrc / rightSrc 等等），请只描述纯视觉场景与动作，绝不要包含任何文字、标语或注音。


## 其他通用说明
1. 锚点（Anchor）— 克制与高价值（适用于 SCHEMA 或上文允许出现锚点/高亮时）：
   - 多数句子应**无锚点**；拿不准就留空或 `[]`，避免满屏高亮。
   - 如果一定需要锚点，只选**整段里真正的高潮、反转或核心名词**（宜 2～4 字、有记忆点）；平庸词、铺垫句不要做成锚点。
   - 颜色建议：`#EF4444`（警示/反转/负面/结论）、`#000000`（事实/术语/数据）。动画 `anim`：`spring` | `slideUp` | `popIn` | `highlight`。
   - 音效可选(仅写在锚点对象上的 `audioEffect`)：`impact_thud` | `ping` | `woosh`

2. 视觉标题与字幕分离（仅当 SCHEMA 要求 `notText` / `butText` / `conceptName`、或 DOS_AND_DONTS 的 `left.label` / `right.label` 等时）：

   - 填**极简关键词（约 2～6 字）**，禁止把整句台词搬进标题字段。



## 输出格式（严格 JSON，不要 markdown 代码块）
补全当前模板的param,非数组：
{ "param": { ... } }

===========================================================================================
---------------------------------------- RESPONSE ----------------------------------------
time: 2026-06-08 21:31:37
attempt: 1/3

[OUTPUT]
{
  "param": {
    "panels": [
      {
        "src": "一个人影举手掌做拒绝手势，面前是一扇关着的门，简笔画",
        "showFrom": 0,
        "enterEffect": "zoomIn"
      },
      {
        "src": "一个人站在虚线圆圈里，圈外另一人离得较远，表示私人空间，简笔画",
        "showFrom": 1,
        "enterEffect": "slideBottom"
      },
      {
        "src": "一扇锁着的门，门外一只手推门但推不开，简笔画",
        "showFrom": 2,
        "enterEffect": "fadeIn"
      }
    ]
  }
}
-------------------------------------------------------------------------------------------

======================================== REQUEST ========================================
time: 2026-06-08 21:31:37
provider: deepseek
model: deepseek-v4-pro
retries: 3

[PROMPT]
你是短视频字幕与画面细节处理专家。请把指定台词细化为字模显示参数。


## 完整段落上下文（仅供理解整体语境，判断当前句子的重要性）
普通人理解这句话，也不能只把它当成典故。

它有三个现实提醒。

第一，看权力时，不要只看它承诺什么。

要看它不能做什么。

一个权力说了很多好听的话，不代表它被约束了。

真正的约束，是它想进门时，有没有人能拦住它。

第二，看规则时，不要嫌程序麻烦。

程序看起来慢。

可它保护的，正是普通人。

敲门很慢。授权很慢。审查很慢。留下记录也很慢。

但这些慢，都是在告诉权力，你不是主人。

第三，看自由时，不要只看表达。

表达当然重要。

但更底层的是边界。

一个人能不能拒绝。

能不能保有私人空间。

能不能不被随便闯入。

这些东西，才是自由的骨架。

没有骨架，自由就只剩口号。


## 🎯 待处理的目标文案
这些东西，才是自由的骨架。没有骨架，自由就只剩口号。

## 目标文案content的数组结构
生成模板参数时，format为content_index的字段依据此数组选择匹配的索引，用于决定相应内容出现在动画中的时机

[
  {
    "index": 0,
    "text": "这些东西，"
  },
  {
    "index": 1,
    "text": "才是自由的骨架。"
  },
  {
    "index": 2,
    "text": "没有骨架，"
  },
  {
    "index": 3,
    "text": "自由就只剩口号。"
  }
]


## 选定模板及参数规范

模板名称：TEXT_FOCUS

参数 Schema 说明：

{
  "type": "object",
  "properties": {
    "coreSentence": {
      "type": "array",
      "minItems": 1,
      "description": "大屏核心文案，每元素一行：可为 string，或 { text, showFrom, endFrom? }；showFrom/endFrom 为 content 下标（0-based），非帧数：在该条 startFrame 显现；可选 endFrom 表示在该条播完（startFrame+durationFrames）后起淡出。纯 string 等价于 showFrom=0、无 endFrom。锚点校验时各段 text 按顺序直接拼接（无分隔符）。",
      "items": {
        "oneOf": [
          {
            "type": "string"
          },
          {
            "type": "object",
            "required": [
              "text",
              "showFrom"
            ],
            "properties": {
              "text": {
                "type": "string",
                "description": "该行大屏文案"
              },
              "showFrom": {
                "type": "integer",
                "format": "content_index",
                "description": "content 下标（0-based），非帧数"
              },
              "endFrom": {
                "type": "integer",
                "format": "content_index",
                "description": "可选；content 下标（0-based），非帧数；该行在对应条字幕结束帧（startFrame+durationFrames）起淡出"
              }
            }
          }
        ]
      }
    },
    "coreSentenceAnchors": {
      "type": "array",
      "description": "可选；在 coreSentence 各段拼接后的全文内按顺序高亮子串。每项 coreSentenceAnchor 须为该拼接串的子串，否则会被校验丢弃",
      "items": {
        "type": "object",
        "required": [
          "coreSentenceAnchor"
        ],
        "properties": {
          "coreSentenceAnchor": {
            "type": "string",
            "description": "要高亮的子串，须出现在各 coreSentence 段拼接后的全文内"
          },
          "color": {
            "type": "string",
            "description": "高亮颜色，省略时默认强调色"
          }
        }
      }
    }
  },
  "required": [
    "coreSentence"
  ]
}

// 口播条数（已由程序写入 CONTENT_STR，勿在 param 中输出 content）：口播分句至多 3 条（超出会被校验器告警）


模板该项的示例供参考：

{
  "template": "TEXT_FOCUS",
  "param": {
    "coreSentence": [
      {
        "text": "承认自己“可能错了”并不是一种软弱",
        "showFrom": 0,
        "endFrom": 0
      },
      {
        "text": "而是成长的开始",
        "showFrom": 1,
        "endFrom": 1
      }
    ],
    "coreSentenceAnchors": [
      {
        "coreSentenceAnchor": "可能错了",
        "color": "red"
      }
    ]
  }
}


注意：如果该模板生成的参数包含图片视觉描述（如 imageSrc / leftSrc / rightSrc 等等），请只描述纯视觉场景与动作，绝不要包含任何文字、标语或注音。


## 其他通用说明
1. 锚点（Anchor）— 克制与高价值（适用于 SCHEMA 或上文允许出现锚点/高亮时）：
   - 多数句子应**无锚点**；拿不准就留空或 `[]`，避免满屏高亮。
   - 如果一定需要锚点，只选**整段里真正的高潮、反转或核心名词**（宜 2～4 字、有记忆点）；平庸词、铺垫句不要做成锚点。
   - 颜色建议：`#EF4444`（警示/反转/负面/结论）、`#000000`（事实/术语/数据）。动画 `anim`：`spring` | `slideUp` | `popIn` | `highlight`。
   - 音效可选(仅写在锚点对象上的 `audioEffect`)：`impact_thud` | `ping` | `woosh`

2. 视觉标题与字幕分离（仅当 SCHEMA 要求 `notText` / `butText` / `conceptName`、或 DOS_AND_DONTS 的 `left.label` / `right.label` 等时）：

   - 填**极简关键词（约 2～6 字）**，禁止把整句台词搬进标题字段。



## 输出格式（严格 JSON，不要 markdown 代码块）
补全当前模板的param,非数组：
{ "param": { ... } }

===========================================================================================
---------------------------------------- RESPONSE ----------------------------------------
time: 2026-06-08 21:32:03
attempt: 1/3

[OUTPUT]
{
  "param": {
    "coreSentence": [
      {
        "text": "这些东西，才是自由的骨架。",
        "showFrom": 0
      },
      {
        "text": "没有骨架，自由就只剩口号。",
        "showFrom": 2
      }
    ],
    "coreSentenceAnchors": [
      {
        "coreSentenceAnchor": "自由的骨架",
        "color": "#EF4444"
      }
    ]
  }
}
-------------------------------------------------------------------------------------------

======================================== REQUEST ========================================
time: 2026-06-08 21:32:03
provider: deepseek
model: deepseek-v4-pro
retries: 3

[PROMPT]
你是短视频字幕与画面细节处理专家。请把指定台词细化为字模显示参数。


## 完整段落上下文（仅供理解整体语境，判断当前句子的重要性）
所以，一间破房子挡住国王，
靠的不是门板。
靠的不是锁。
靠的不是主人比国王更强。

靠的是所有人都承认，哪怕他再弱，这里也有一条线。

线外，是公共权力。

线内，是私人生活。

权力可以强大。

但不能无处不在。

国家可以重要。

但不能吞掉每一个人的门槛。

房子可以破。

墙可以漏。

生活可以艰难。

但只要那条边界还在，普通人就还有站立的地方。

真正可怕的，不是风进来了，不是雨进来了。

而是有一天，国王进来了。大家还觉得，这很正常。

那一刻，破掉的就不是房子。

是文明本身。


## 🎯 待处理的目标文案
所以，一间破房子挡住国王，靠的不是门板。靠的不是锁。靠的不是主人比国王更强。

## 目标文案content的数组结构
生成模板参数时，format为content_index的字段依据此数组选择匹配的索引，用于决定相应内容出现在动画中的时机

[
  {
    "index": 0,
    "text": "所以，"
  },
  {
    "index": 1,
    "text": "一间破房子挡住国王，"
  },
  {
    "index": 2,
    "text": "靠的不是门板。"
  },
  {
    "index": 3,
    "text": "靠的不是锁。"
  },
  {
    "index": 4,
    "text": "靠的不是主人比国王更强。"
  }
]


## 选定模板及参数规范

模板名称：BEAT_SEQUENCE

参数 Schema 说明：

{
  "type": "object",
  "properties": {
    "stages": {
      "type": "array",
      "minItems": 2,
      "maxItems": 4,
      "description": "配图序列：每条 stage 一张图；imageSrc、enterEffect、可选 tone（calm|alert）、可选 showFrom（对齐镜头外层 content[] 下标）",
      "items": {
        "type": "object",
        "required": [
          "imageSrc"
        ],
        "properties": {
          "imageSrc": {
            "type": "string",
            "format": "image_prompt",
            "description": "该节拍配图提示词"
          },
          "enterEffect": {
            "type": "string",
            "enum": [
              "breathe",
              "slideLeft",
              "slideBottom",
              "zoomIn",
              "fadeIn"
            ],
            "default": "breathe",
            "description": "入场效果"
          },
          "tone": {
            "type": "string",
            "enum": [
              "calm",
              "alert"
            ],
            "description": "首条可 calm，其余默认可 alert"
          },
          "showFrom": {
            "type": "content_index",
            "minimum": 0,
            "description": "镜头 item 外层 content 数组（与 param 同级）的 0-based 下标；从该条 startFrame 起显示本图。省略则等于当前 stages 下标 i（与第 i 条口播同步）"
          }
        }
      }
    }
  },
  "required": [
    "stages"
  ]
}

// 口播条数（已由程序写入 CONTENT_STR，勿在 param 中输出 content）：口播分句（item.content）至少 2 条；口播分句至多 4 条（超出会被校验器告警）


模板该项的示例供参考：

{
  "template": "BEAT_SEQUENCE",
  "param": {
    "stages": [
      {
        "imageSrc": "问句配图简笔画",
        "enterEffect": "breathe"
      },
      {
        "imageSrc": "转折警示配图",
        "enterEffect": "slideBottom"
      },
      {
        "imageSrc": "结论冲击配图",
        "enterEffect": "slideBottom"
      }
    ]
  }
}


注意：如果该模板生成的参数包含图片视觉描述（如 imageSrc / leftSrc / rightSrc 等等），请只描述纯视觉场景与动作，绝不要包含任何文字、标语或注音。


## 其他通用说明
1. 锚点（Anchor）— 克制与高价值（适用于 SCHEMA 或上文允许出现锚点/高亮时）：
   - 多数句子应**无锚点**；拿不准就留空或 `[]`，避免满屏高亮。
   - 如果一定需要锚点，只选**整段里真正的高潮、反转或核心名词**（宜 2～4 字、有记忆点）；平庸词、铺垫句不要做成锚点。
   - 颜色建议：`#EF4444`（警示/反转/负面/结论）、`#000000`（事实/术语/数据）。动画 `anim`：`spring` | `slideUp` | `popIn` | `highlight`。
   - 音效可选(仅写在锚点对象上的 `audioEffect`)：`impact_thud` | `ping` | `woosh`

2. 视觉标题与字幕分离（仅当 SCHEMA 要求 `notText` / `butText` / `conceptName`、或 DOS_AND_DONTS 的 `left.label` / `right.label` 等时）：

   - 填**极简关键词（约 2～6 字）**，禁止把整句台词搬进标题字段。



## 输出格式（严格 JSON，不要 markdown 代码块）
补全当前模板的param,非数组：
{ "param": { ... } }

===========================================================================================
---------------------------------------- RESPONSE ----------------------------------------
time: 2026-06-08 21:32:28
attempt: 1/3

[OUTPUT]
{
  "param": {
    "stages": [
      {
        "imageSrc": "破旧的房子前站着一位威严的国王，房子虽破但周围似有隐形的光边界。",
        "enterEffect": "fadeIn",
        "tone": "calm",
        "showFrom": 0
      },
      {
        "imageSrc": "门板倒塌碎裂，锁头崩解，碎片在空中散落。",
        "enterEffect": "slideBottom",
        "tone": "alert",
        "showFrom": 2
      },
      {
        "imageSrc": "弱小的主人站在门口，与高大的国王形成对比，地上一条发光的边界线，国王无法跨越。",
        "enterEffect": "zoomIn",
        "tone": "alert",
        "showFrom": 4
      }
    ]
  }
}
-------------------------------------------------------------------------------------------

======================================== REQUEST ========================================
time: 2026-06-08 21:32:28
provider: deepseek
model: deepseek-v4-pro
retries: 3

[PROMPT]
你是短视频字幕与画面细节处理专家。请把指定台词细化为字模显示参数。


## 完整段落上下文（仅供理解整体语境，判断当前句子的重要性）
所以，一间破房子挡住国王，
靠的不是门板。
靠的不是锁。
靠的不是主人比国王更强。

靠的是所有人都承认，哪怕他再弱，这里也有一条线。

线外，是公共权力。

线内，是私人生活。

权力可以强大。

但不能无处不在。

国家可以重要。

但不能吞掉每一个人的门槛。

房子可以破。

墙可以漏。

生活可以艰难。

但只要那条边界还在，普通人就还有站立的地方。

真正可怕的，不是风进来了，不是雨进来了。

而是有一天，国王进来了。大家还觉得，这很正常。

那一刻，破掉的就不是房子。

是文明本身。


## 🎯 待处理的目标文案
靠的是所有人都承认，哪怕他再弱，这里也有一条线。

## 目标文案content的数组结构
生成模板参数时，format为content_index的字段依据此数组选择匹配的索引，用于决定相应内容出现在动画中的时机

[
  {
    "index": 0,
    "text": "靠的是所有人都承认，"
  },
  {
    "index": 1,
    "text": "哪怕他再弱，"
  },
  {
    "index": 2,
    "text": "这里也有一条线。"
  }
]


## 选定模板及参数规范

模板名称：CONCEPT_CARD

参数 Schema 说明：

{
  "type": "object",
  "properties": {
    "imageSrc": {
      "type": "string",
      "format": "image_prompt",
      "description": "概念图标描述"
    },
    "conceptName": {
      "type": "string",
      "description": "概念名称"
    }
  },
  "required": [
    "imageSrc",
    "conceptName"
  ]
}


模板该项的示例供参考：

{
  "template": "CONCEPT_CARD",
  "param": {
    "imageSrc": "过滤器/筛网简笔画图标",
    "conceptName": "幸存者偏差"
  }
}


注意：如果该模板生成的参数包含图片视觉描述（如 imageSrc / leftSrc / rightSrc 等等），请只描述纯视觉场景与动作，绝不要包含任何文字、标语或注音。


## 其他通用说明
1. 锚点（Anchor）— 克制与高价值（适用于 SCHEMA 或上文允许出现锚点/高亮时）：
   - 多数句子应**无锚点**；拿不准就留空或 `[]`，避免满屏高亮。
   - 如果一定需要锚点，只选**整段里真正的高潮、反转或核心名词**（宜 2～4 字、有记忆点）；平庸词、铺垫句不要做成锚点。
   - 颜色建议：`#EF4444`（警示/反转/负面/结论）、`#000000`（事实/术语/数据）。动画 `anim`：`spring` | `slideUp` | `popIn` | `highlight`。
   - 音效可选(仅写在锚点对象上的 `audioEffect`)：`impact_thud` | `ping` | `woosh`

2. 视觉标题与字幕分离（仅当 SCHEMA 要求 `notText` / `butText` / `conceptName`、或 DOS_AND_DONTS 的 `left.label` / `right.label` 等时）：

   - 填**极简关键词（约 2～6 字）**，禁止把整句台词搬进标题字段。



## 输出格式（严格 JSON，不要 markdown 代码块）
补全当前模板的param,非数组：
{ "param": { ... } }

===========================================================================================
---------------------------------------- RESPONSE ----------------------------------------
time: 2026-06-08 21:32:37
attempt: 1/3

[OUTPUT]
{ "param": { "imageSrc": "一条发光的虚线横贯画面，左侧是金色皇冠象征公共权力，右侧是简朴小屋象征私人生活", "conceptName": "私人边界" } }
-------------------------------------------------------------------------------------------

======================================== REQUEST ========================================
time: 2026-06-08 21:32:37
provider: deepseek
model: deepseek-v4-pro
retries: 3

[PROMPT]
你是短视频字幕与画面细节处理专家。请把指定台词细化为字模显示参数。


## 完整段落上下文（仅供理解整体语境，判断当前句子的重要性）
所以，一间破房子挡住国王，
靠的不是门板。
靠的不是锁。
靠的不是主人比国王更强。

靠的是所有人都承认，哪怕他再弱，这里也有一条线。

线外，是公共权力。

线内，是私人生活。

权力可以强大。

但不能无处不在。

国家可以重要。

但不能吞掉每一个人的门槛。

房子可以破。

墙可以漏。

生活可以艰难。

但只要那条边界还在，普通人就还有站立的地方。

真正可怕的，不是风进来了，不是雨进来了。

而是有一天，国王进来了。大家还觉得，这很正常。

那一刻，破掉的就不是房子。

是文明本身。


## 🎯 待处理的目标文案
线外，是公共权力。线内，是私人生活。

## 目标文案content的数组结构
生成模板参数时，format为content_index的字段依据此数组选择匹配的索引，用于决定相应内容出现在动画中的时机

[
  {
    "index": 0,
    "text": "线外，"
  },
  {
    "index": 1,
    "text": "是公共权力。"
  },
  {
    "index": 2,
    "text": "线内，"
  },
  {
    "index": 3,
    "text": "是私人生活。"
  }
]


## 选定模板及参数规范

模板名称：SPLIT_COMPARE

参数 Schema 说明：

{
  "type": "object",
  "properties": {
    "leftSrc": {
      "type": "string",
      "format": "image_prompt",
      "description": "左侧图片描述"
    },
    "rightSrc": {
      "type": "string",
      "format": "image_prompt",
      "description": "右侧图片描述"
    },
    "leftLabel": {
      "type": "string",
      "description": "左侧标签（2～6 字为宜）"
    },
    "rightLabel": {
      "type": "string",
      "description": "右侧标签（2～6 字为宜）"
    },
    "leftShowFrom": {
      "type": "integer",
      "format": "content_index",
      "description": "左侧图与标签出现的时刻：取 content 数组下标（0-based），入场帧为该条的 startFrame；省略或越界则从 0 帧起"
    },
    "rightShowFrom": {
      "type": "integer",
      "format": "content_index",
      "description": "右侧图与标签出现的时刻：取 content 数组下标（0-based），入场帧为该条的 startFrame；省略或越界则从 0 帧起"
    }
  },
  "required": [
    "leftSrc",
    "rightSrc",
    "leftLabel",
    "rightLabel"
  ]
}


模板该项的示例供参考：

{
  "template": "SPLIT_COMPARE",
  "param": {
    "leftSrc": "传统低效工作图标",
    "rightSrc": "高效数字工具图标",
    "leftLabel": "旧方法",
    "rightLabel": "新方法"
  }
}


注意：如果该模板生成的参数包含图片视觉描述（如 imageSrc / leftSrc / rightSrc 等等），请只描述纯视觉场景与动作，绝不要包含任何文字、标语或注音。


## 其他通用说明
1. 锚点（Anchor）— 克制与高价值（适用于 SCHEMA 或上文允许出现锚点/高亮时）：
   - 多数句子应**无锚点**；拿不准就留空或 `[]`，避免满屏高亮。
   - 如果一定需要锚点，只选**整段里真正的高潮、反转或核心名词**（宜 2～4 字、有记忆点）；平庸词、铺垫句不要做成锚点。
   - 颜色建议：`#EF4444`（警示/反转/负面/结论）、`#000000`（事实/术语/数据）。动画 `anim`：`spring` | `slideUp` | `popIn` | `highlight`。
   - 音效可选(仅写在锚点对象上的 `audioEffect`)：`impact_thud` | `ping` | `woosh`

2. 视觉标题与字幕分离（仅当 SCHEMA 要求 `notText` / `butText` / `conceptName`、或 DOS_AND_DONTS 的 `left.label` / `right.label` 等时）：

   - 填**极简关键词（约 2～6 字）**，禁止把整句台词搬进标题字段。



## 输出格式（严格 JSON，不要 markdown 代码块）
补全当前模板的param,非数组：
{ "param": { ... } }

===========================================================================================
---------------------------------------- RESPONSE ----------------------------------------
time: 2026-06-08 21:32:52
attempt: 1/3

[OUTPUT]
{
  "param": {
    "leftSrc": "宏大的政府建筑与公共广场，象征公共权力",
    "rightSrc": "温馨的家庭客厅，一家人享受私人时光",
    "leftLabel": "公共权力",
    "rightLabel": "私人生活",
    "leftShowFrom": 0,
    "rightShowFrom": 2
  }
}
-------------------------------------------------------------------------------------------

======================================== REQUEST ========================================
time: 2026-06-08 21:32:52
provider: deepseek
model: deepseek-v4-pro
retries: 3

[PROMPT]
你是短视频字幕与画面细节处理专家。请把指定台词细化为字模显示参数。


## 完整段落上下文（仅供理解整体语境，判断当前句子的重要性）
所以，一间破房子挡住国王，
靠的不是门板。
靠的不是锁。
靠的不是主人比国王更强。

靠的是所有人都承认，哪怕他再弱，这里也有一条线。

线外，是公共权力。

线内，是私人生活。

权力可以强大。

但不能无处不在。

国家可以重要。

但不能吞掉每一个人的门槛。

房子可以破。

墙可以漏。

生活可以艰难。

但只要那条边界还在，普通人就还有站立的地方。

真正可怕的，不是风进来了，不是雨进来了。

而是有一天，国王进来了。大家还觉得，这很正常。

那一刻，破掉的就不是房子。

是文明本身。


## 🎯 待处理的目标文案
权力可以强大。但不能无处不在。国家可以重要。但不能吞掉每一个人的门槛。

## 目标文案content的数组结构
生成模板参数时，format为content_index的字段依据此数组选择匹配的索引，用于决定相应内容出现在动画中的时机

[
  {
    "index": 0,
    "text": "权力可以强大。"
  },
  {
    "index": 1,
    "text": "但不能无处不在。"
  },
  {
    "index": 2,
    "text": "国家可以重要。"
  },
  {
    "index": 3,
    "text": "但不能吞掉每一个人的门槛。"
  }
]


## 选定模板及参数规范

模板名称：PANEL_GRID

参数 Schema 说明：

{
  "type": "object",
  "properties": {
    "panels": {
      "type": "array",
      "minItems": 2,
      "maxItems": 6,
      "description": "宫格配图；showFrom 为 content 下标（0-based），在该条 startFrame 显现",
      "items": {
        "type": "object",
        "required": [
          "src",
          "showFrom"
        ],
        "properties": {
          "src": {
            "type": "string",
            "format": "image_prompt",
            "description": "该宫格配图提示词"
          },
          "showFrom": {
            "type": "integer",
            "format": "content_index",
            "description": "content 下标（0-based），非帧数"
          },
          "position": {
            "type": "string",
            "enum": [
              "center",
              "left",
              "right",
              "top",
              "bottom"
            ],
            "description": "可选；弱提示，布局以宫格为准"
          },
          "enterEffect": {
            "type": "string",
            "enum": [
              "breathe",
              "slideLeft",
              "slideBottom",
              "zoomIn",
              "fadeIn"
            ],
            "default": "fadeIn"
          }
        }
      }
    }
  },
  "required": [
    "panels"
  ]
}

// 口播条数（已由程序写入 CONTENT_STR，勿在 param 中输出 content）：口播分句（item.content）至少 2 条；口播分句至多 8 条（超出会被校验器告警）


模板该项的示例供参考：

{
  "template": "PANEL_GRID",
  "param": {
    "panels": [
      {
        "src": "问号堵住去路的简笔画",
        "showFrom": 0,
        "enterEffect": "zoomIn"
      },
      {
        "src": "放大镜只看一角的简笔画",
        "showFrom": 1
      },
      {
        "src": "两人各执一词的简笔画",
        "showFrom": 2
      }
    ]
  }
}


注意：如果该模板生成的参数包含图片视觉描述（如 imageSrc / leftSrc / rightSrc 等等），请只描述纯视觉场景与动作，绝不要包含任何文字、标语或注音。


## 其他通用说明
1. 锚点（Anchor）— 克制与高价值（适用于 SCHEMA 或上文允许出现锚点/高亮时）：
   - 多数句子应**无锚点**；拿不准就留空或 `[]`，避免满屏高亮。
   - 如果一定需要锚点，只选**整段里真正的高潮、反转或核心名词**（宜 2～4 字、有记忆点）；平庸词、铺垫句不要做成锚点。
   - 颜色建议：`#EF4444`（警示/反转/负面/结论）、`#000000`（事实/术语/数据）。动画 `anim`：`spring` | `slideUp` | `popIn` | `highlight`。
   - 音效可选(仅写在锚点对象上的 `audioEffect`)：`impact_thud` | `ping` | `woosh`

2. 视觉标题与字幕分离（仅当 SCHEMA 要求 `notText` / `butText` / `conceptName`、或 DOS_AND_DONTS 的 `left.label` / `right.label` 等时）：

   - 填**极简关键词（约 2～6 字）**，禁止把整句台词搬进标题字段。



## 输出格式（严格 JSON，不要 markdown 代码块）
补全当前模板的param,非数组：
{ "param": { ... } }

===========================================================================================
---------------------------------------- RESPONSE ----------------------------------------
time: 2026-06-08 21:33:17
attempt: 1/3

[OUTPUT]
{
  "param": {
    "panels": [
      {
        "src": "一顶巨大的王冠，简笔画风格，散发威严却孤独的光芒",
        "showFrom": 0,
        "enterEffect": "zoomIn"
      },
      {
        "src": "一道明亮的边界线横贯画面，将王冠挡在另一侧，简笔画风格",
        "showFrom": 1,
        "enterEffect": "fadeIn"
      },
      {
        "src": "一面飘扬的旗帜，简笔画风格，代表国家，充满尊严",
        "showFrom": 2,
        "enterEffect": "fadeIn"
      },
      {
        "src": "一扇破旧木门的门槛，简笔画风格，旗帜想越过却被无形的屏障弹回",
        "showFrom": 3,
        "enterEffect": "fadeIn"
      }
    ]
  }
}
-------------------------------------------------------------------------------------------

======================================== REQUEST ========================================
time: 2026-06-08 21:33:17
provider: deepseek
model: deepseek-v4-pro
retries: 3

[PROMPT]
你是短视频字幕与画面细节处理专家。请把指定台词细化为字模显示参数。


## 完整段落上下文（仅供理解整体语境，判断当前句子的重要性）
所以，一间破房子挡住国王，
靠的不是门板。
靠的不是锁。
靠的不是主人比国王更强。

靠的是所有人都承认，哪怕他再弱，这里也有一条线。

线外，是公共权力。

线内，是私人生活。

权力可以强大。

但不能无处不在。

国家可以重要。

但不能吞掉每一个人的门槛。

房子可以破。

墙可以漏。

生活可以艰难。

但只要那条边界还在，普通人就还有站立的地方。

真正可怕的，不是风进来了，不是雨进来了。

而是有一天，国王进来了。大家还觉得，这很正常。

那一刻，破掉的就不是房子。

是文明本身。


## 🎯 待处理的目标文案
房子可以破。墙可以漏。生活可以艰难。

## 目标文案content的数组结构
生成模板参数时，format为content_index的字段依据此数组选择匹配的索引，用于决定相应内容出现在动画中的时机

[
  {
    "index": 0,
    "text": "房子可以破。"
  },
  {
    "index": 1,
    "text": "墙可以漏。"
  },
  {
    "index": 2,
    "text": "生活可以艰难。"
  }
]


## 选定模板及参数规范

模板名称：BEAT_SEQUENCE

参数 Schema 说明：

{
  "type": "object",
  "properties": {
    "stages": {
      "type": "array",
      "minItems": 2,
      "maxItems": 4,
      "description": "配图序列：每条 stage 一张图；imageSrc、enterEffect、可选 tone（calm|alert）、可选 showFrom（对齐镜头外层 content[] 下标）",
      "items": {
        "type": "object",
        "required": [
          "imageSrc"
        ],
        "properties": {
          "imageSrc": {
            "type": "string",
            "format": "image_prompt",
            "description": "该节拍配图提示词"
          },
          "enterEffect": {
            "type": "string",
            "enum": [
              "breathe",
              "slideLeft",
              "slideBottom",
              "zoomIn",
              "fadeIn"
            ],
            "default": "breathe",
            "description": "入场效果"
          },
          "tone": {
            "type": "string",
            "enum": [
              "calm",
              "alert"
            ],
            "description": "首条可 calm，其余默认可 alert"
          },
          "showFrom": {
            "type": "content_index",
            "minimum": 0,
            "description": "镜头 item 外层 content 数组（与 param 同级）的 0-based 下标；从该条 startFrame 起显示本图。省略则等于当前 stages 下标 i（与第 i 条口播同步）"
          }
        }
      }
    }
  },
  "required": [
    "stages"
  ]
}

// 口播条数（已由程序写入 CONTENT_STR，勿在 param 中输出 content）：口播分句（item.content）至少 2 条；口播分句至多 4 条（超出会被校验器告警）


模板该项的示例供参考：

{
  "template": "BEAT_SEQUENCE",
  "param": {
    "stages": [
      {
        "imageSrc": "问句配图简笔画",
        "enterEffect": "breathe"
      },
      {
        "imageSrc": "转折警示配图",
        "enterEffect": "slideBottom"
      },
      {
        "imageSrc": "结论冲击配图",
        "enterEffect": "slideBottom"
      }
    ]
  }
}


注意：如果该模板生成的参数包含图片视觉描述（如 imageSrc / leftSrc / rightSrc 等等），请只描述纯视觉场景与动作，绝不要包含任何文字、标语或注音。


## 其他通用说明
1. 锚点（Anchor）— 克制与高价值（适用于 SCHEMA 或上文允许出现锚点/高亮时）：
   - 多数句子应**无锚点**；拿不准就留空或 `[]`，避免满屏高亮。
   - 如果一定需要锚点，只选**整段里真正的高潮、反转或核心名词**（宜 2～4 字、有记忆点）；平庸词、铺垫句不要做成锚点。
   - 颜色建议：`#EF4444`（警示/反转/负面/结论）、`#000000`（事实/术语/数据）。动画 `anim`：`spring` | `slideUp` | `popIn` | `highlight`。
   - 音效可选(仅写在锚点对象上的 `audioEffect`)：`impact_thud` | `ping` | `woosh`

2. 视觉标题与字幕分离（仅当 SCHEMA 要求 `notText` / `butText` / `conceptName`、或 DOS_AND_DONTS 的 `left.label` / `right.label` 等时）：

   - 填**极简关键词（约 2～6 字）**，禁止把整句台词搬进标题字段。



## 输出格式（严格 JSON，不要 markdown 代码块）
补全当前模板的param,非数组：
{ "param": { ... } }

===========================================================================================
---------------------------------------- RESPONSE ----------------------------------------
time: 2026-06-08 21:33:30
attempt: 1/3

[OUTPUT]
{
  "param": {
    "stages": [
      {
        "imageSrc": "破旧的木屋，屋顶塌陷，木板摇摇欲坠，背景阴天",
        "enterEffect": "breathe",
        "tone": "calm"
      },
      {
        "imageSrc": "屋内墙角，雨水从裂缝渗出，地上积水，墙壁潮湿剥落",
        "enterEffect": "slideBottom",
        "tone": "alert"
      },
      {
        "imageSrc": "昏暗灯光下，一个人坐在破桌前缝补旧衣，环境简陋但神情坚韧",
        "enterEffect": "slideBottom",
        "tone": "alert"
      }
    ]
  }
}
-------------------------------------------------------------------------------------------

======================================== REQUEST ========================================
time: 2026-06-08 21:33:30
provider: deepseek
model: deepseek-v4-pro
retries: 3

[PROMPT]
你是短视频字幕与画面细节处理专家。请把指定台词细化为字模显示参数。


## 完整段落上下文（仅供理解整体语境，判断当前句子的重要性）
所以，一间破房子挡住国王，
靠的不是门板。
靠的不是锁。
靠的不是主人比国王更强。

靠的是所有人都承认，哪怕他再弱，这里也有一条线。

线外，是公共权力。

线内，是私人生活。

权力可以强大。

但不能无处不在。

国家可以重要。

但不能吞掉每一个人的门槛。

房子可以破。

墙可以漏。

生活可以艰难。

但只要那条边界还在，普通人就还有站立的地方。

真正可怕的，不是风进来了，不是雨进来了。

而是有一天，国王进来了。大家还觉得，这很正常。

那一刻，破掉的就不是房子。

是文明本身。


## 🎯 待处理的目标文案
但只要那条边界还在，普通人就还有站立的地方。

## 目标文案content的数组结构
生成模板参数时，format为content_index的字段依据此数组选择匹配的索引，用于决定相应内容出现在动画中的时机

[
  {
    "index": 0,
    "text": "但只要那条边界还在，"
  },
  {
    "index": 1,
    "text": "普通人就还有站立的地方。"
  }
]


## 选定模板及参数规范

模板名称：TEXT_FOCUS

参数 Schema 说明：

{
  "type": "object",
  "properties": {
    "coreSentence": {
      "type": "array",
      "minItems": 1,
      "description": "大屏核心文案，每元素一行：可为 string，或 { text, showFrom, endFrom? }；showFrom/endFrom 为 content 下标（0-based），非帧数：在该条 startFrame 显现；可选 endFrom 表示在该条播完（startFrame+durationFrames）后起淡出。纯 string 等价于 showFrom=0、无 endFrom。锚点校验时各段 text 按顺序直接拼接（无分隔符）。",
      "items": {
        "oneOf": [
          {
            "type": "string"
          },
          {
            "type": "object",
            "required": [
              "text",
              "showFrom"
            ],
            "properties": {
              "text": {
                "type": "string",
                "description": "该行大屏文案"
              },
              "showFrom": {
                "type": "integer",
                "format": "content_index",
                "description": "content 下标（0-based），非帧数"
              },
              "endFrom": {
                "type": "integer",
                "format": "content_index",
                "description": "可选；content 下标（0-based），非帧数；该行在对应条字幕结束帧（startFrame+durationFrames）起淡出"
              }
            }
          }
        ]
      }
    },
    "coreSentenceAnchors": {
      "type": "array",
      "description": "可选；在 coreSentence 各段拼接后的全文内按顺序高亮子串。每项 coreSentenceAnchor 须为该拼接串的子串，否则会被校验丢弃",
      "items": {
        "type": "object",
        "required": [
          "coreSentenceAnchor"
        ],
        "properties": {
          "coreSentenceAnchor": {
            "type": "string",
            "description": "要高亮的子串，须出现在各 coreSentence 段拼接后的全文内"
          },
          "color": {
            "type": "string",
            "description": "高亮颜色，省略时默认强调色"
          }
        }
      }
    }
  },
  "required": [
    "coreSentence"
  ]
}

// 口播条数（已由程序写入 CONTENT_STR，勿在 param 中输出 content）：口播分句至多 3 条（超出会被校验器告警）


模板该项的示例供参考：

{
  "template": "TEXT_FOCUS",
  "param": {
    "coreSentence": [
      {
        "text": "承认自己“可能错了”并不是一种软弱",
        "showFrom": 0,
        "endFrom": 0
      },
      {
        "text": "而是成长的开始",
        "showFrom": 1,
        "endFrom": 1
      }
    ],
    "coreSentenceAnchors": [
      {
        "coreSentenceAnchor": "可能错了",
        "color": "red"
      }
    ]
  }
}


注意：如果该模板生成的参数包含图片视觉描述（如 imageSrc / leftSrc / rightSrc 等等），请只描述纯视觉场景与动作，绝不要包含任何文字、标语或注音。


## 其他通用说明
1. 锚点（Anchor）— 克制与高价值（适用于 SCHEMA 或上文允许出现锚点/高亮时）：
   - 多数句子应**无锚点**；拿不准就留空或 `[]`，避免满屏高亮。
   - 如果一定需要锚点，只选**整段里真正的高潮、反转或核心名词**（宜 2～4 字、有记忆点）；平庸词、铺垫句不要做成锚点。
   - 颜色建议：`#EF4444`（警示/反转/负面/结论）、`#000000`（事实/术语/数据）。动画 `anim`：`spring` | `slideUp` | `popIn` | `highlight`。
   - 音效可选(仅写在锚点对象上的 `audioEffect`)：`impact_thud` | `ping` | `woosh`

2. 视觉标题与字幕分离（仅当 SCHEMA 要求 `notText` / `butText` / `conceptName`、或 DOS_AND_DONTS 的 `left.label` / `right.label` 等时）：

   - 填**极简关键词（约 2～6 字）**，禁止把整句台词搬进标题字段。



## 输出格式（严格 JSON，不要 markdown 代码块）
补全当前模板的param,非数组：
{ "param": { ... } }

===========================================================================================
---------------------------------------- RESPONSE ----------------------------------------
time: 2026-06-08 21:33:44
attempt: 1/3

[OUTPUT]
{
  "param": {
    "coreSentence": [
      {
        "text": "但只要那条边界还在，",
        "showFrom": 0,
        "endFrom": 0
      },
      {
        "text": "普通人就还有站立的地方。",
        "showFrom": 1,
        "endFrom": 1
      }
    ],
    "coreSentenceAnchors": [
      {
        "coreSentenceAnchor": "那条边界",
        "color": "#EF4444"
      }
    ]
  }
}
-------------------------------------------------------------------------------------------

======================================== REQUEST ========================================
time: 2026-06-08 21:33:44
provider: deepseek
model: deepseek-v4-pro
retries: 3

[PROMPT]
你是短视频字幕与画面细节处理专家。请把指定台词细化为字模显示参数。


## 完整段落上下文（仅供理解整体语境，判断当前句子的重要性）
所以，一间破房子挡住国王，
靠的不是门板。
靠的不是锁。
靠的不是主人比国王更强。

靠的是所有人都承认，哪怕他再弱，这里也有一条线。

线外，是公共权力。

线内，是私人生活。

权力可以强大。

但不能无处不在。

国家可以重要。

但不能吞掉每一个人的门槛。

房子可以破。

墙可以漏。

生活可以艰难。

但只要那条边界还在，普通人就还有站立的地方。

真正可怕的，不是风进来了，不是雨进来了。

而是有一天，国王进来了。大家还觉得，这很正常。

那一刻，破掉的就不是房子。

是文明本身。


## 🎯 待处理的目标文案
真正可怕的，不是风进来了，不是雨进来了。而是有一天，国王进来了。大家还觉得，这很正常。

## 目标文案content的数组结构
生成模板参数时，format为content_index的字段依据此数组选择匹配的索引，用于决定相应内容出现在动画中的时机

[
  {
    "index": 0,
    "text": "真正可怕的，"
  },
  {
    "index": 1,
    "text": "不是风进来了，"
  },
  {
    "index": 2,
    "text": "不是雨进来了。"
  },
  {
    "index": 3,
    "text": "而是有一天，"
  },
  {
    "index": 4,
    "text": "国王进来了。"
  },
  {
    "index": 5,
    "text": "大家还觉得，"
  },
  {
    "index": 6,
    "text": "这很正常。"
  }
]


## 选定模板及参数规范

模板名称：COGNITIVE_SHIFT

参数 Schema 说明：

{
  "type": "object",
  "properties": {
    "notText": {
      "type": "string",
      "description": "被否认知（‘不是’后面的内容）的精炼短句，不超过12个字，"
    },
    "butText": {
      "type": "string",
      "description": "真实认知（‘而是’后面的内容）的精炼短句，不超过12个字"
    },
    "butSrc": {
      "type": "string",
      "format": "image_prompt",
      "description": "真实认知的配图"
    },
    "notContentIndex": {
      "type": "integer",
      "format": "content_index",
      "description": "触发「不是」动画的字幕段索引（默认 0）"
    },
    "butContentIndex": {
      "type": "integer",
      "format": "content_index",
      "description": "触发「而是」动画的字幕段索引（默认 1）"
    }
  },
  "required": [
    "notText",
    "butText"
  ]
}


模板该项的示例供参考：

{
  "template": "COGNITIVE_SHIFT",
  "content": [
    "我们都不应该靠勤奋拼命",
    "我们都应该是靠认知和选择",
    "这样我才能成功"
  ],
  "param": {
    "notText": "靠勤奋拼命",
    "butText": "靠认知和选择",
    "butSrc": "站在高处看地图的思考者",
    "notContentIndex": 0,
    "butContentIndex": 1
  }
}


注意：如果该模板生成的参数包含图片视觉描述（如 imageSrc / leftSrc / rightSrc 等等），请只描述纯视觉场景与动作，绝不要包含任何文字、标语或注音。


## 其他通用说明
1. 锚点（Anchor）— 克制与高价值（适用于 SCHEMA 或上文允许出现锚点/高亮时）：
   - 多数句子应**无锚点**；拿不准就留空或 `[]`，避免满屏高亮。
   - 如果一定需要锚点，只选**整段里真正的高潮、反转或核心名词**（宜 2～4 字、有记忆点）；平庸词、铺垫句不要做成锚点。
   - 颜色建议：`#EF4444`（警示/反转/负面/结论）、`#000000`（事实/术语/数据）。动画 `anim`：`spring` | `slideUp` | `popIn` | `highlight`。
   - 音效可选(仅写在锚点对象上的 `audioEffect`)：`impact_thud` | `ping` | `woosh`

2. 视觉标题与字幕分离（仅当 SCHEMA 要求 `notText` / `butText` / `conceptName`、或 DOS_AND_DONTS 的 `left.label` / `right.label` 等时）：

   - 填**极简关键词（约 2～6 字）**，禁止把整句台词搬进标题字段。



## 输出格式（严格 JSON，不要 markdown 代码块）
补全当前模板的param,非数组：
{ "param": { ... } }

===========================================================================================
---------------------------------------- RESPONSE ----------------------------------------
time: 2026-06-08 21:34:11
attempt: 1/3

[OUTPUT]
{
  "param": {
    "notText": "风雨进来",
    "butText": "国王进来了",
    "butSrc": "一位头戴王冠、身披华丽长袍的国王，大步跨过一间破旧木屋的门槛，脚下踩过一条隐约消失的虚线边界，室内昏暗简陋",
    "notContentIndex": 1,
    "butContentIndex": 4
  }
}
-------------------------------------------------------------------------------------------

======================================== REQUEST ========================================
time: 2026-06-08 21:34:11
provider: deepseek
model: deepseek-v4-pro
retries: 3

[PROMPT]
你是短视频字幕与画面细节处理专家。请把指定台词细化为字模显示参数。


## 完整段落上下文（仅供理解整体语境，判断当前句子的重要性）
所以，一间破房子挡住国王，
靠的不是门板。
靠的不是锁。
靠的不是主人比国王更强。

靠的是所有人都承认，哪怕他再弱，这里也有一条线。

线外，是公共权力。

线内，是私人生活。

权力可以强大。

但不能无处不在。

国家可以重要。

但不能吞掉每一个人的门槛。

房子可以破。

墙可以漏。

生活可以艰难。

但只要那条边界还在，普通人就还有站立的地方。

真正可怕的，不是风进来了，不是雨进来了。

而是有一天，国王进来了。大家还觉得，这很正常。

那一刻，破掉的就不是房子。

是文明本身。


## 🎯 待处理的目标文案
那一刻，破掉的就不是房子。是文明本身。

## 目标文案content的数组结构
生成模板参数时，format为content_index的字段依据此数组选择匹配的索引，用于决定相应内容出现在动画中的时机

[
  {
    "index": 0,
    "text": "那一刻，"
  },
  {
    "index": 1,
    "text": "破掉的就不是房子。"
  },
  {
    "index": 2,
    "text": "是文明本身。"
  }
]


## 选定模板及参数规范

模板名称：COGNITIVE_SHIFT

参数 Schema 说明：

{
  "type": "object",
  "properties": {
    "notText": {
      "type": "string",
      "description": "被否认知（‘不是’后面的内容）的精炼短句，不超过12个字，"
    },
    "butText": {
      "type": "string",
      "description": "真实认知（‘而是’后面的内容）的精炼短句，不超过12个字"
    },
    "butSrc": {
      "type": "string",
      "format": "image_prompt",
      "description": "真实认知的配图"
    },
    "notContentIndex": {
      "type": "integer",
      "format": "content_index",
      "description": "触发「不是」动画的字幕段索引（默认 0）"
    },
    "butContentIndex": {
      "type": "integer",
      "format": "content_index",
      "description": "触发「而是」动画的字幕段索引（默认 1）"
    }
  },
  "required": [
    "notText",
    "butText"
  ]
}


模板该项的示例供参考：

{
  "template": "COGNITIVE_SHIFT",
  "content": [
    "我们都不应该靠勤奋拼命",
    "我们都应该是靠认知和选择",
    "这样我才能成功"
  ],
  "param": {
    "notText": "靠勤奋拼命",
    "butText": "靠认知和选择",
    "butSrc": "站在高处看地图的思考者",
    "notContentIndex": 0,
    "butContentIndex": 1
  }
}


注意：如果该模板生成的参数包含图片视觉描述（如 imageSrc / leftSrc / rightSrc 等等），请只描述纯视觉场景与动作，绝不要包含任何文字、标语或注音。


## 其他通用说明
1. 锚点（Anchor）— 克制与高价值（适用于 SCHEMA 或上文允许出现锚点/高亮时）：
   - 多数句子应**无锚点**；拿不准就留空或 `[]`，避免满屏高亮。
   - 如果一定需要锚点，只选**整段里真正的高潮、反转或核心名词**（宜 2～4 字、有记忆点）；平庸词、铺垫句不要做成锚点。
   - 颜色建议：`#EF4444`（警示/反转/负面/结论）、`#000000`（事实/术语/数据）。动画 `anim`：`spring` | `slideUp` | `popIn` | `highlight`。
   - 音效可选(仅写在锚点对象上的 `audioEffect`)：`impact_thud` | `ping` | `woosh`

2. 视觉标题与字幕分离（仅当 SCHEMA 要求 `notText` / `butText` / `conceptName`、或 DOS_AND_DONTS 的 `left.label` / `right.label` 等时）：

   - 填**极简关键词（约 2～6 字）**，禁止把整句台词搬进标题字段。



## 输出格式（严格 JSON，不要 markdown 代码块）
补全当前模板的param,非数组：
{ "param": { ... } }

===========================================================================================
---------------------------------------- RESPONSE ----------------------------------------
time: 2026-06-08 21:34:30
attempt: 1/3

[OUTPUT]
{
  "param": {
    "notText": "房子",
    "butText": "文明本身",
    "butSrc": "破碎的墙壁碎片飘散，内部升起发光的天平与古老书籍，周围星辰闪烁。",
    "notContentIndex": 1,
    "butContentIndex": 2
  }
}
-------------------------------------------------------------------------------------------
