
======================================== REQUEST ========================================
time: 2026-06-28 21:06:58
provider: deepseek
model: deepseek-v4-pro
retries: 3

[PROMPT]
你是「镜头分镜 + 动画模板选型」联合优化器。你的任务是在**不改写口播原文**的前提下，把场景原文切成更“原子化”的镜头item，并为每个镜头选择最合适的 `template`。

## 🎥 视频大背景
- **核心主题**：华为东西为什么贵？你多花的钱，正在替制裁和情怀买单
- **当前场景**：引入：贵的疑问

## 📄 场景原文（严禁修改、严禁漏字、严禁补字）
华为的产品为什么都偏贵？是他的质量更好吗？

这篇视频让我来客观的告诉你，华为的东西贵在哪里。

## 可用模板（共 24 个：`template` 必须且仅能从中选一个）

BEAT_SEQUENCE, CASE_BREAKDOWN, CAUSE_CHAIN, CENTER_FOCUS, CHAT_BUBBLE, CHECKLIST_REVEAL, COGNITIVE_SHIFT, CONCEPT_CARD, DATA_TABLE, DOS_AND_DONTS, KPI_HERO, MAGNIFYING_GLASS, METHOD_STACK, PANEL_GRID, PEER_INDUCT, PROGRESS_RING, PUNCH_CAPTION, QUOTE_CITATION, SPLIT_COMPARE, STAT_COMPARE, STEP_LIST, TEXT_FOCUS, TIMELINE, TREE_DIAGRAM

选型规则以主提示词中的决策树与自检清单为准；参数结构不在此展开，后续步骤会按 Schema 生成 `param`。

---

## 🎯 总目标（必须同时满足）
1. **逐字一致**：每个 item 的 `text` 必须是原文的连续子串；所有 item 的 `text` 按顺序拼接后必须与原文完全一致（允许忽略空白差异，但不能改变任何非空白字符）。
2. **覆盖完整**：原文中每一个字符都必须且只能落在一个 item 里（不重叠、不遗漏）。
3. **表达原子化**：**一个 item 只允许一个主表达结构**（对比/命名/步骤/引用/数据/节拍递进/金句冲击/平铺叙述）。若同一段里混了两种结构，必须拆成多个 item。
4. **长度合理**：为了避免视觉疲劳，一个item中的text拼接后如果长于 50 字应该拆分成多个item。
5. 模板是为了更好的表达item中的text

---

## ✂️ 分镜原则

### Phase 1：时长锚点（量化判断基准）
- 正常语速约 **4~5 字/秒**，单个镜头的理想口播时长：**3~8 秒（约 12~40 字）**
- ⚠️ **< 12 字**的分段：除非是独立金句，否则**必须合并**到相邻镜头
- ⚠️ **> 50 字**的分段：意味着画面停留太久，观众注意力衰减，建议拆分，但拆分点本身仍需有叙事依据
- 在 `estimatedSeconds` 字段中标注预估秒数（字数 ÷ 4.5，保留一位小数）
- 除非模板使用TextFocus，否则不允许content中只有一个Text的情况

### Phase 2：切分信号强度模型
按叙事信号强度决定是否新建镜头，**而非按标点机械切分**：

**🔴 强信号（应新建镜头）**：
- 叙事角色彻底转换：说理/定义 → 举例/场景还原
- 叙事角色彻底转换：铺垫/铺陈 → 行动号召/结论
- 情绪段位跳变：平静分析 → 震惊转折 → 收束共情
- 视觉主体完全更换：讨论 A 话题 → 转到独立的 B 话题

**🟡 中等信号（倾向合并，但单段超过 40 字时可拆）**：
- 同一论点下的多个分点（第一、第二、第三……）
- 同一比喻的铺垫与揭示
- 同一因果链的前提与结论

**🟢 弱信号（严禁作为切分依据）**：
- 普通逗号、顿号、冒号后的补充说明
- 同一句话的前后半段
- "而且""此外""所以"等常见连接词（需配合叙事角色判断）

### Phase 3：合并检查
拆完后对所有 items 做全局合并检查：
- 相邻两个 items 若切分信号为"弱"且合并后总字数不超过 45 字 → **强制合并**
- 相邻两个 items 若叙事角色完全相同、画面视觉重心也相同 → **强制合并**

## 🧭 结构识别 → 模板选型（从上到下命中第一条）

### A. 数据/量化结论（expressionTag=data）
- 两项指标同框对比（涨跌、前后、A/B）→ `STAT_COMPARE`（必须能抽象出两个非负整数）
- 单指标完成度/占比/达成率 → `PROGRESS_RING`
- 单个核心数值/排名/增长率强调 → `KPI_HERO`

### B. 对错/强导向（expressionTag=contrast）
- 明确“别这样/要这样”“错误/正确” → `DOS_AND_DONTS`
- “不是…而是…” → `COGNITIVE_SHIFT`

### C. 多分点/清单/步骤（expressionTag=list|steps|method）
- 两方/两方案并列（更中立的 A vs B）→ `SPLIT_COMPARE`
- 当前 item 原文明确展开 **2～4** 个并列分点/并列例子，且每点需独立配图（宫格）→ `PANEL_GRID`
- 明确步骤序列/短清单，且【同一 item 内】可抽取出 2～6 条“短步骤”（如同时出现“第一/第二/第三…”或“1)/2)/3)”），并且每条步骤建议 ≤10 字、无长解释句 → `STEP_LIST`
  - 反例：只有“第一/第二”这一个标题句（单条）不要选 `STEP_LIST`（至少需要 2 条）
  - 反例：每条方法/步骤后面还跟较长解释、追问或补充句（例如任一解释段 >30 字）→ 不适合 `STEP_LIST`，应拆分 item，并优先用 `METHOD_STACK`（标题式核心 + 解释展开）或 `CENTER_FOCUS`
- “一个标题式核心（方法/建议/观点/卖点/亮点/推荐理由）+ 2～4 句解释展开” → `METHOD_STACK`
- 同一**案例/子话题**、**单主图**，口播 **4～6 句** 呈「个案→误判/推论→纠偏→收束」叙事弧 → `CASE_BREAKDOWN`（非「第一/第二」方法清单、非多图节拍时用本模板；方法要点式仍用 `METHOD_STACK`）

### D. 节拍递进（expressionTag=beat）
- 同一镜头内 2～4 段口播节拍递进（问→驳→收束；铺垫→转折→结论），希望画面跟着分段变化 → `BEAT_SEQUENCE`
  - **提示**：如果递进里还夹杂“强对照/命名”，通常应拆成多个 item，不要硬塞一个 `BEAT_SEQUENCE`。
- 同一镜头内 **因果链 / 机制传导**（因→果→再果，每环一图，无时间轴刻度）→ `CAUSE_CHAIN`

### E. 引用/命名/聚焦（expressionTag=quote|concept|focus）
- 名言、著作、研究、媒体引用、用户评价、证言摘录 → `QUOTE_CITATION`
- 对“专业术语、概念、产品名、品牌关键词、功能名等”新名词进行解释→ `CONCEPT_CARD`
- 需要把注意力锁定到一个关键词/短语/关键细节/核心发现上 → `MAGNIFYING_GLASS`
  - 必须存在明确落点句（如“关键在于…”“核心是…”“结论是…”）
  - 需要后续可提取 1～2 个高价值锚点短语（否则不要选）

### F. 金句冲击（expressionTag=focus）
- 全片级短促强结论、无需配图 → `TEXT_FOCUS`

### G. 时间轴，先后关系（expressionTag=timeline）
- 明确时间先后/阶段演进（过去→现在→未来）→ `TIMELINE`

### G2. 收束清单（expressionTag≈conclusion|list）
- 收束、行动检查项、要点复诵，需要**逐项打勾显现**（非编号短步骤、非并列大图组）→ `CHECKLIST_REVEAL`

### H. 默认（expressionTag=neutral）
- 平缓叙述、单图即可、无上述结构 → `CENTER_FOCUS`

---

## ✅ 输出格式（严格 JSON，禁止包含 markdown 代码块）
{
  "items": [
    {
      "text": "逐字口播片段（必须来自原文，且拼接后覆盖原文）",
      "narrativeType": "HOOK | LOGIC | CASE | DATA | CONCLUSION | TRANSITION",
      "template": "必须来自可用模板列表",
      "expressionTag": "data | contrast | list | steps | method | beat | quote | concept | focus | timeline | neutral",
      "confidence": "low | medium | high",
      "reasoning": "一句话说明：该段的主表达结构是什么 → 为什么选该模板 → 若拆分/合并，理由是什么"
    }
  ]
}

===========================================================================================
---------------------------------------- RESPONSE ----------------------------------------
time: 2026-06-28 21:07:20
attempt: 1/3

[OUTPUT]
{
  "items": [
    {
      "text": "华为的产品为什么都偏贵？是他的质量更好吗？",
      "narrativeType": "HOOK",
      "template": "BEAT_SEQUENCE",
      "expressionTag": "beat",
      "confidence": "high",
      "reasoning": "两句递进式追问构成节拍递进（先问贵→再质疑是否质量更好），适合用BEAT_SEQUENCE分段强化悬念；未合并其他部分以保持疑问集中度。"
    },
    {
      "text": "这篇视频让我来客观的告诉你，华为的东西贵在哪里。",
      "narrativeType": "TRANSITION",
      "template": "CENTER_FOCUS",
      "expressionTag": "neutral",
      "confidence": "high",
      "reasoning": "平缓的过渡承诺句，无对比、清单、数据等结构，用CENTER_FOCUS单图呈现即可；从疑问到承诺的角色转换自然拆分为独立镜头。"
    }
  ]
}
-------------------------------------------------------------------------------------------

======================================== REQUEST ========================================
time: 2026-06-28 21:07:20
provider: deepseek
model: deepseek-v4-pro
retries: 3

[PROMPT]
你是「镜头分镜 + 动画模板选型」联合优化器。你的任务是在**不改写口播原文**的前提下，把场景原文切成更“原子化”的镜头item，并为每个镜头选择最合适的 `template`。

## 🎥 视频大背景
- **核心主题**：华为东西为什么贵？你多花的钱，正在替制裁和情怀买单
- **当前场景**：剖析：制裁成本结构

## 📄 场景原文（严禁修改、严禁漏字、严禁补字）
美国制裁以后，华为必须把产业链切到国内。

但是产业链有两类问题。

第一类，国内能做，但质量差。

摄像头、传感器、射频器件、屏幕、材料、精密制造。

你要达到别人差不多的效果，就要付出更高的成本。

你要控制成本，体验就会打折。

别人的钱，能花在性能、影像、续航、做工上。

华为的钱，有相当一部分，要花在“替代”这件事本身上。

第二类，国内根本没有成熟方案。

光刻机就是典型。

华为芯片名义国产，中芯国际在做。

但中芯国际用的光刻机依然是外国的，而且因为制裁买不到先进的光刻机。

只能用多重曝光，在受限设备上，硬造 7nm。

工艺越复杂，良品率越低。

别人生产一颗芯片花一块钱。

中芯国际可能要花十块。

即使做到了 7nm，也只是勉强别人的前几代产品。

当然，还有灰色路径。

通过中间商、白手套公司，采购国外零部件。

再把来源隐藏起来，包装成“国产突破”。

这条路不但有法律风险，还有供应风险。

为了规避追查，要层层转包。

价格比正常采购，贵很多。

## 可用模板（共 24 个：`template` 必须且仅能从中选一个）

BEAT_SEQUENCE, CASE_BREAKDOWN, CAUSE_CHAIN, CENTER_FOCUS, CHAT_BUBBLE, CHECKLIST_REVEAL, COGNITIVE_SHIFT, CONCEPT_CARD, DATA_TABLE, DOS_AND_DONTS, KPI_HERO, MAGNIFYING_GLASS, METHOD_STACK, PANEL_GRID, PEER_INDUCT, PROGRESS_RING, PUNCH_CAPTION, QUOTE_CITATION, SPLIT_COMPARE, STAT_COMPARE, STEP_LIST, TEXT_FOCUS, TIMELINE, TREE_DIAGRAM

选型规则以主提示词中的决策树与自检清单为准；参数结构不在此展开，后续步骤会按 Schema 生成 `param`。

---

## 🎯 总目标（必须同时满足）
1. **逐字一致**：每个 item 的 `text` 必须是原文的连续子串；所有 item 的 `text` 按顺序拼接后必须与原文完全一致（允许忽略空白差异，但不能改变任何非空白字符）。
2. **覆盖完整**：原文中每一个字符都必须且只能落在一个 item 里（不重叠、不遗漏）。
3. **表达原子化**：**一个 item 只允许一个主表达结构**（对比/命名/步骤/引用/数据/节拍递进/金句冲击/平铺叙述）。若同一段里混了两种结构，必须拆成多个 item。
4. **长度合理**：为了避免视觉疲劳，一个item中的text拼接后如果长于 50 字应该拆分成多个item。
5. 模板是为了更好的表达item中的text

---

## ✂️ 分镜原则

### Phase 1：时长锚点（量化判断基准）
- 正常语速约 **4~5 字/秒**，单个镜头的理想口播时长：**3~8 秒（约 12~40 字）**
- ⚠️ **< 12 字**的分段：除非是独立金句，否则**必须合并**到相邻镜头
- ⚠️ **> 50 字**的分段：意味着画面停留太久，观众注意力衰减，建议拆分，但拆分点本身仍需有叙事依据
- 在 `estimatedSeconds` 字段中标注预估秒数（字数 ÷ 4.5，保留一位小数）
- 除非模板使用TextFocus，否则不允许content中只有一个Text的情况

### Phase 2：切分信号强度模型
按叙事信号强度决定是否新建镜头，**而非按标点机械切分**：

**🔴 强信号（应新建镜头）**：
- 叙事角色彻底转换：说理/定义 → 举例/场景还原
- 叙事角色彻底转换：铺垫/铺陈 → 行动号召/结论
- 情绪段位跳变：平静分析 → 震惊转折 → 收束共情
- 视觉主体完全更换：讨论 A 话题 → 转到独立的 B 话题

**🟡 中等信号（倾向合并，但单段超过 40 字时可拆）**：
- 同一论点下的多个分点（第一、第二、第三……）
- 同一比喻的铺垫与揭示
- 同一因果链的前提与结论

**🟢 弱信号（严禁作为切分依据）**：
- 普通逗号、顿号、冒号后的补充说明
- 同一句话的前后半段
- "而且""此外""所以"等常见连接词（需配合叙事角色判断）

### Phase 3：合并检查
拆完后对所有 items 做全局合并检查：
- 相邻两个 items 若切分信号为"弱"且合并后总字数不超过 45 字 → **强制合并**
- 相邻两个 items 若叙事角色完全相同、画面视觉重心也相同 → **强制合并**

## 🧭 结构识别 → 模板选型（从上到下命中第一条）

### A. 数据/量化结论（expressionTag=data）
- 两项指标同框对比（涨跌、前后、A/B）→ `STAT_COMPARE`（必须能抽象出两个非负整数）
- 单指标完成度/占比/达成率 → `PROGRESS_RING`
- 单个核心数值/排名/增长率强调 → `KPI_HERO`

### B. 对错/强导向（expressionTag=contrast）
- 明确“别这样/要这样”“错误/正确” → `DOS_AND_DONTS`
- “不是…而是…” → `COGNITIVE_SHIFT`

### C. 多分点/清单/步骤（expressionTag=list|steps|method）
- 两方/两方案并列（更中立的 A vs B）→ `SPLIT_COMPARE`
- 当前 item 原文明确展开 **2～4** 个并列分点/并列例子，且每点需独立配图（宫格）→ `PANEL_GRID`
- 明确步骤序列/短清单，且【同一 item 内】可抽取出 2～6 条“短步骤”（如同时出现“第一/第二/第三…”或“1)/2)/3)”），并且每条步骤建议 ≤10 字、无长解释句 → `STEP_LIST`
  - 反例：只有“第一/第二”这一个标题句（单条）不要选 `STEP_LIST`（至少需要 2 条）
  - 反例：每条方法/步骤后面还跟较长解释、追问或补充句（例如任一解释段 >30 字）→ 不适合 `STEP_LIST`，应拆分 item，并优先用 `METHOD_STACK`（标题式核心 + 解释展开）或 `CENTER_FOCUS`
- “一个标题式核心（方法/建议/观点/卖点/亮点/推荐理由）+ 2～4 句解释展开” → `METHOD_STACK`
- 同一**案例/子话题**、**单主图**，口播 **4～6 句** 呈「个案→误判/推论→纠偏→收束」叙事弧 → `CASE_BREAKDOWN`（非「第一/第二」方法清单、非多图节拍时用本模板；方法要点式仍用 `METHOD_STACK`）

### D. 节拍递进（expressionTag=beat）
- 同一镜头内 2～4 段口播节拍递进（问→驳→收束；铺垫→转折→结论），希望画面跟着分段变化 → `BEAT_SEQUENCE`
  - **提示**：如果递进里还夹杂“强对照/命名”，通常应拆成多个 item，不要硬塞一个 `BEAT_SEQUENCE`。
- 同一镜头内 **因果链 / 机制传导**（因→果→再果，每环一图，无时间轴刻度）→ `CAUSE_CHAIN`

### E. 引用/命名/聚焦（expressionTag=quote|concept|focus）
- 名言、著作、研究、媒体引用、用户评价、证言摘录 → `QUOTE_CITATION`
- 对“专业术语、概念、产品名、品牌关键词、功能名等”新名词进行解释→ `CONCEPT_CARD`
- 需要把注意力锁定到一个关键词/短语/关键细节/核心发现上 → `MAGNIFYING_GLASS`
  - 必须存在明确落点句（如“关键在于…”“核心是…”“结论是…”）
  - 需要后续可提取 1～2 个高价值锚点短语（否则不要选）

### F. 金句冲击（expressionTag=focus）
- 全片级短促强结论、无需配图 → `TEXT_FOCUS`

### G. 时间轴，先后关系（expressionTag=timeline）
- 明确时间先后/阶段演进（过去→现在→未来）→ `TIMELINE`

### G2. 收束清单（expressionTag≈conclusion|list）
- 收束、行动检查项、要点复诵，需要**逐项打勾显现**（非编号短步骤、非并列大图组）→ `CHECKLIST_REVEAL`

### H. 默认（expressionTag=neutral）
- 平缓叙述、单图即可、无上述结构 → `CENTER_FOCUS`

---

## ✅ 输出格式（严格 JSON，禁止包含 markdown 代码块）
{
  "items": [
    {
      "text": "逐字口播片段（必须来自原文，且拼接后覆盖原文）",
      "narrativeType": "HOOK | LOGIC | CASE | DATA | CONCLUSION | TRANSITION",
      "template": "必须来自可用模板列表",
      "expressionTag": "data | contrast | list | steps | method | beat | quote | concept | focus | timeline | neutral",
      "confidence": "low | medium | high",
      "reasoning": "一句话说明：该段的主表达结构是什么 → 为什么选该模板 → 若拆分/合并，理由是什么"
    }
  ]
}

===========================================================================================
---------------------------------------- RESPONSE ----------------------------------------
time: 2026-06-28 21:08:53
attempt: 1/3

[OUTPUT]
{
  "items": [
    {
      "text": "美国制裁以后，华为必须把产业链切到国内。",
      "narrativeType": "LOGIC",
      "template": "CENTER_FOCUS",
      "expressionTag": "neutral",
      "confidence": "high",
      "reasoning": "背景陈述，平缓叙述，无特殊结构，默认CENTER_FOCUS。",
      "estimatedSeconds": "4.2"
    },
    {
      "text": "但是产业链有两类问题。第一类，国内能做，但质量差。",
      "narrativeType": "LOGIC",
      "template": "CENTER_FOCUS",
      "expressionTag": "neutral",
      "confidence": "high",
      "reasoning": "转折并引出第一类问题，属中性叙述，无强对比或步骤，用CENTER_FOCUS。",
      "estimatedSeconds": "5.3"
    },
    {
      "text": "摄像头、传感器、射频器件、屏幕、材料、精密制造。",
      "narrativeType": "CASE",
      "template": "CENTER_FOCUS",
      "expressionTag": "list",
      "confidence": "medium",
      "reasoning": "列举多个元器件，清单式但无模板直接匹配，用CENTER_FOCUS配合画面展示多图。",
      "estimatedSeconds": "4.2"
    },
    {
      "text": "你要达到别人差不多的效果，就要付出更高的成本。你要控制成本，体验就会打折。",
      "narrativeType": "LOGIC",
      "template": "BEAT_SEQUENCE",
      "expressionTag": "beat",
      "confidence": "medium",
      "reasoning": "两个递进的条件-结论节拍，构成强对比叙述弧，适合BEAT_SEQUENCE分段展示。",
      "estimatedSeconds": "7.1"
    },
    {
      "text": "别人的钱，能花在性能、影像、续航、做工上。华为的钱，有相当一部分，要花在“替代”这件事本身上。",
      "narrativeType": "LOGIC",
      "template": "SPLIT_COMPARE",
      "expressionTag": "contrast",
      "confidence": "high",
      "reasoning": "明确的两方对比（别人的钱 vs 华为的钱），直接命中SPLIT_COMPARE。",
      "estimatedSeconds": "9.1"
    },
    {
      "text": "第二类，国内根本没有成熟方案。光刻机就是典型。",
      "narrativeType": "LOGIC",
      "template": "BEAT_SEQUENCE",
      "expressionTag": "beat",
      "confidence": "medium",
      "reasoning": "先定义第二类问题，再给出典型例子，两个节拍递进，用BEAT_SEQUENCE可强化节奏。",
      "estimatedSeconds": "4.9"
    },
    {
      "text": "华为芯片名义国产，中芯国际在做。但中芯国际用的光刻机依然是外国的，而且因为制裁买不到先进的光刻机。",
      "narrativeType": "CASE",
      "template": "BEAT_SEQUENCE",
      "expressionTag": "beat",
      "confidence": "high",
      "reasoning": "从事实陈述到现实揭露，形成转折递进，BEAT_SEQUENCE适用于两段信息层次变化。",
      "estimatedSeconds": "9.3"
    },
    {
      "text": "只能用多重曝光，在受限设备上，硬造 7nm。",
      "narrativeType": "CASE",
      "template": "CENTER_FOCUS",
      "expressionTag": "neutral",
      "confidence": "high",
      "reasoning": "描述具体工艺做法，无对比或步骤结构，CENTER_FOCUS配图即可。",
      "estimatedSeconds": "4.0"
    },
    {
      "text": "工艺越复杂，良品率越低。",
      "narrativeType": "LOGIC",
      "template": "TEXT_FOCUS",
      "expressionTag": "focus",
      "confidence": "high",
      "reasoning": "短促因果结论，冲击力强，适合TEXT_FOCUS作为独立金句呈现。",
      "estimatedSeconds": "2.2"
    },
    {
      "text": "别人生产一颗芯片花一块钱。中芯国际可能要花十块。",
      "narrativeType": "DATA",
      "template": "STAT_COMPARE",
      "expressionTag": "data",
      "confidence": "high",
      "reasoning": "明确的两项数值对比（1块 vs 10块），可直接抽象为STAT_COMPARE。",
      "estimatedSeconds": "4.4"
    },
    {
      "text": "即使做到了 7nm，也只是勉强别人的前几代产品。",
      "narrativeType": "CONCLUSION",
      "template": "TEXT_FOCUS",
      "expressionTag": "focus",
      "confidence": "high",
      "reasoning": "总结性金句，无需配图，突出文字冲击力，用TEXT_FOCUS。",
      "estimatedSeconds": "4.7"
    },
    {
      "text": "当然，还有灰色路径。",
      "narrativeType": "TRANSITION",
      "template": "CENTER_FOCUS",
      "expressionTag": "neutral",
      "confidence": "low",
      "reasoning": "短过渡句，字数过少但独立表达新话题转折，用CENTER_FOCUS加简单画面引导。",
      "estimatedSeconds": "1.8"
    },
    {
      "text": "通过中间商、白手套公司，采购国外零部件。再把来源隐藏起来，包装成“国产突破”。",
      "narrativeType": "CASE",
      "template": "STEP_LIST",
      "expressionTag": "steps",
      "confidence": "medium",
      "reasoning": "两个明确的短步骤，无长解释句，适合用STEP_LIST展示操作序列。",
      "estimatedSeconds": "7.3"
    },
    {
      "text": "这条路不但有法律风险，还有供应风险。",
      "narrativeType": "LOGIC",
      "template": "CENTER_FOCUS",
      "expressionTag": "neutral",
      "confidence": "high",
      "reasoning": "并列风险陈述，无对比结构，CENTER_FOCUS加警示图标即可。",
      "estimatedSeconds": "3.6"
    },
    {
      "text": "为了规避追查，要层层转包。价格比正常采购，贵很多。",
      "narrativeType": "CONCLUSION",
      "template": "CAUSE_CHAIN",
      "expressionTag": "beat",
      "confidence": "high",
      "reasoning": "清晰因果链：规避追查 → 层层转包 → 价格高昂，适合CAUSE_CHAIN逐环展示。",
      "estimatedSeconds": "5.1"
    }
  ]
}
-------------------------------------------------------------------------------------------

======================================== REQUEST ========================================
time: 2026-06-28 21:08:53
provider: deepseek
model: deepseek-v4-pro
retries: 3

[PROMPT]
你是「镜头分镜 + 动画模板选型」的修订器。当前已生成一版 items，但存在问题。请在**不改写口播原文**的前提下，调整 items 的边界与模板选择以消除告警。

**总倾向**：在解决告警的前提下，**优先合并**过碎的相邻 item（尤其连续 `CENTER_FOCUS`、仅因句号分开的同母题叙述）；**仅当**告警明确要求拆分（如结构混杂、覆盖错误、模板与语义冲突）时才拆细。

## 🎥 视频大背景
- **核心主题**：华为东西为什么贵？你多花的钱，正在替制裁和情怀买单
- **当前场景**：剖析：制裁成本结构

## 📄 场景原文（严禁修改、严禁漏字、严禁补字）
美国制裁以后，华为必须把产业链切到国内。

但是产业链有两类问题。

第一类，国内能做，但质量差。

摄像头、传感器、射频器件、屏幕、材料、精密制造。

你要达到别人差不多的效果，就要付出更高的成本。

你要控制成本，体验就会打折。

别人的钱，能花在性能、影像、续航、做工上。

华为的钱，有相当一部分，要花在“替代”这件事本身上。

第二类，国内根本没有成熟方案。

光刻机就是典型。

华为芯片名义国产，中芯国际在做。

但中芯国际用的光刻机依然是外国的，而且因为制裁买不到先进的光刻机。

只能用多重曝光，在受限设备上，硬造 7nm。

工艺越复杂，良品率越低。

别人生产一颗芯片花一块钱。

中芯国际可能要花十块。

即使做到了 7nm，也只是勉强别人的前几代产品。

当然，还有灰色路径。

通过中间商、白手套公司，采购国外零部件。

再把来源隐藏起来，包装成“国产突破”。

这条路不但有法律风险，还有供应风险。

为了规避追查，要层层转包。

价格比正常采购，贵很多。

## 可用模板（共 24 个：`template` 必须且仅能从中选一个）

BEAT_SEQUENCE, CASE_BREAKDOWN, CAUSE_CHAIN, CENTER_FOCUS, CHAT_BUBBLE, CHECKLIST_REVEAL, COGNITIVE_SHIFT, CONCEPT_CARD, DATA_TABLE, DOS_AND_DONTS, KPI_HERO, MAGNIFYING_GLASS, METHOD_STACK, PANEL_GRID, PEER_INDUCT, PROGRESS_RING, PUNCH_CAPTION, QUOTE_CITATION, SPLIT_COMPARE, STAT_COMPARE, STEP_LIST, TEXT_FOCUS, TIMELINE, TREE_DIAGRAM

选型规则以主提示词中的决策树与自检清单为准；参数结构不在此展开，后续步骤会按 Schema 生成 `param`。

## 📋 当前 items（需要被修订；text 必须仍逐字来自原文）
[
  {
    "text": "美国制裁以后，华为必须把产业链切到国内。",
    "narrativeType": "LOGIC",
    "template": "CENTER_FOCUS",
    "expressionTag": "neutral",
    "confidence": "high",
    "reasoning": "背景陈述，平缓叙述，无特殊结构，默认CENTER_FOCUS。",
    "estimatedSeconds": "4.2"
  },
  {
    "text": "但是产业链有两类问题。第一类，国内能做，但质量差。",
    "narrativeType": "LOGIC",
    "template": "CENTER_FOCUS",
    "expressionTag": "neutral",
    "confidence": "high",
    "reasoning": "转折并引出第一类问题，属中性叙述，无强对比或步骤，用CENTER_FOCUS。",
    "estimatedSeconds": "5.3"
  },
  {
    "text": "摄像头、传感器、射频器件、屏幕、材料、精密制造。",
    "narrativeType": "CASE",
    "template": "CENTER_FOCUS",
    "expressionTag": "list",
    "confidence": "medium",
    "reasoning": "列举多个元器件，清单式但无模板直接匹配，用CENTER_FOCUS配合画面展示多图。",
    "estimatedSeconds": "4.2"
  },
  {
    "text": "你要达到别人差不多的效果，就要付出更高的成本。你要控制成本，体验就会打折。",
    "narrativeType": "LOGIC",
    "template": "BEAT_SEQUENCE",
    "expressionTag": "beat",
    "confidence": "medium",
    "reasoning": "两个递进的条件-结论节拍，构成强对比叙述弧，适合BEAT_SEQUENCE分段展示。",
    "estimatedSeconds": "7.1"
  },
  {
    "text": "别人的钱，能花在性能、影像、续航、做工上。华为的钱，有相当一部分，要花在“替代”这件事本身上。",
    "narrativeType": "LOGIC",
    "template": "SPLIT_COMPARE",
    "expressionTag": "contrast",
    "confidence": "high",
    "reasoning": "明确的两方对比（别人的钱 vs 华为的钱），直接命中SPLIT_COMPARE。",
    "estimatedSeconds": "9.1"
  },
  {
    "text": "第二类，国内根本没有成熟方案。光刻机就是典型。",
    "narrativeType": "LOGIC",
    "template": "BEAT_SEQUENCE",
    "expressionTag": "beat",
    "confidence": "medium",
    "reasoning": "先定义第二类问题，再给出典型例子，两个节拍递进，用BEAT_SEQUENCE可强化节奏。",
    "estimatedSeconds": "4.9"
  },
  {
    "text": "华为芯片名义国产，中芯国际在做。但中芯国际用的光刻机依然是外国的，而且因为制裁买不到先进的光刻机。",
    "narrativeType": "CASE",
    "template": "BEAT_SEQUENCE",
    "expressionTag": "beat",
    "confidence": "high",
    "reasoning": "从事实陈述到现实揭露，形成转折递进，BEAT_SEQUENCE适用于两段信息层次变化。",
    "estimatedSeconds": "9.3"
  },
  {
    "text": "只能用多重曝光，在受限设备上，硬造 7nm。",
    "narrativeType": "CASE",
    "template": "CENTER_FOCUS",
    "expressionTag": "neutral",
    "confidence": "high",
    "reasoning": "描述具体工艺做法，无对比或步骤结构，CENTER_FOCUS配图即可。",
    "estimatedSeconds": "4.0"
  },
  {
    "text": "工艺越复杂，良品率越低。",
    "narrativeType": "LOGIC",
    "template": "TEXT_FOCUS",
    "expressionTag": "focus",
    "confidence": "high",
    "reasoning": "短促因果结论，冲击力强，适合TEXT_FOCUS作为独立金句呈现。",
    "estimatedSeconds": "2.2"
  },
  {
    "text": "别人生产一颗芯片花一块钱。中芯国际可能要花十块。",
    "narrativeType": "DATA",
    "template": "STAT_COMPARE",
    "expressionTag": "data",
    "confidence": "high",
    "reasoning": "明确的两项数值对比（1块 vs 10块），可直接抽象为STAT_COMPARE。",
    "estimatedSeconds": "4.4"
  },
  {
    "text": "即使做到了 7nm，也只是勉强别人的前几代产品。",
    "narrativeType": "CONCLUSION",
    "template": "TEXT_FOCUS",
    "expressionTag": "focus",
    "confidence": "high",
    "reasoning": "总结性金句，无需配图，突出文字冲击力，用TEXT_FOCUS。",
    "estimatedSeconds": "4.7"
  },
  {
    "text": "当然，还有灰色路径。",
    "narrativeType": "TRANSITION",
    "template": "CENTER_FOCUS",
    "expressionTag": "neutral",
    "confidence": "low",
    "reasoning": "短过渡句，字数过少但独立表达新话题转折，用CENTER_FOCUS加简单画面引导。",
    "estimatedSeconds": "1.8"
  },
  {
    "text": "通过中间商、白手套公司，采购国外零部件。再把来源隐藏起来，包装成“国产突破”。",
    "narrativeType": "CASE",
    "template": "STEP_LIST",
    "expressionTag": "steps",
    "confidence": "medium",
    "reasoning": "两个明确的短步骤，无长解释句，适合用STEP_LIST展示操作序列。",
    "estimatedSeconds": "7.3"
  },
  {
    "text": "这条路不但有法律风险，还有供应风险。",
    "narrativeType": "LOGIC",
    "template": "CENTER_FOCUS",
    "expressionTag": "neutral",
    "confidence": "high",
    "reasoning": "并列风险陈述，无对比结构，CENTER_FOCUS加警示图标即可。",
    "estimatedSeconds": "3.6"
  },
  {
    "text": "为了规避追查，要层层转包。价格比正常采购，贵很多。",
    "narrativeType": "CONCLUSION",
    "template": "CAUSE_CHAIN",
    "expressionTag": "beat",
    "confidence": "high",
    "reasoning": "清晰因果链：规避追查 → 层层转包 → 价格高昂，适合CAUSE_CHAIN逐环展示。",
    "estimatedSeconds": "5.1"
  }
]

## ⚠️ 需要修复的问题（逐条对症处理）
[
  "low_confidence: order=12 模型自评低置信度，需更原子化切分或更换模板"
]

---

## 硬性要求（必须全部满足）
1. **逐字一致**：禁止改写任何非空白字符；每个 item 的 `text` 必须是原文的连续子串。
2. **覆盖完整**：所有 item 的 `text` 按顺序拼接后必须覆盖原文（允许忽略空白差异），不重叠、不遗漏。
3. **结构单一性**：一个 item 内避免硬塞两种不兼容的模板结构；若告警指出「对照/翻转 + 概念命名」等**硬冲突**，才拆成多条。若无此类告警，不要为了「更原子」而拆；能合并且语义连贯则应合并。
4. **模板合法**：`template` 必须来自可用模板列表。
5. **输出稳定**：仅输出 items 列表，不要输出 scenes/topic；不要输出 markdown 代码块。

---

## 输出格式（严格 JSON）
{
  "items": [
    {
      "text": "逐字口播片段（必须来自原文）",
      "narrativeType": "HOOK | LOGIC | CASE | DATA | CONCLUSION | TRANSITION",
      "template": "必须来自可用模板列表",
      "expressionTag": "data | contrast | list | steps | method | beat | quote | concept | focus | timeline | neutral",
      "confidence": "low | medium | high",
      "estimatedSeconds": 0.0,
      "reasoning": "一句话说明：该段主结构 → 选该模板原因 → 若为修告警而拆/并，对应哪条告警或哪条🔴强信号"
    }
  ]
}

===========================================================================================
---------------------------------------- RESPONSE ----------------------------------------
time: 2026-06-28 21:09:27
attempt: 1/3

[OUTPUT]
{
  "items": [
    {
      "text": "美国制裁以后，华为必须把产业链切到国内。",
      "narrativeType": "LOGIC",
      "template": "CENTER_FOCUS",
      "expressionTag": "neutral",
      "confidence": "high",
      "estimatedSeconds": 4.2,
      "reasoning": "背景陈述，平缓叙述，无特殊结构，默认CENTER_FOCUS。"
    },
    {
      "text": "但是产业链有两类问题。第一类，国内能做，但质量差。",
      "narrativeType": "LOGIC",
      "template": "CENTER_FOCUS",
      "expressionTag": "neutral",
      "confidence": "high",
      "estimatedSeconds": 5.3,
      "reasoning": "转折并引出第一类问题，属中性叙述，无强对比或步骤，用CENTER_FOCUS。"
    },
    {
      "text": "摄像头、传感器、射频器件、屏幕、材料、精密制造。",
      "narrativeType": "CASE",
      "template": "CENTER_FOCUS",
      "expressionTag": "list",
      "confidence": "medium",
      "estimatedSeconds": 4.2,
      "reasoning": "列举多个元器件，清单式但无模板直接匹配，用CENTER_FOCUS配合画面展示多图。"
    },
    {
      "text": "你要达到别人差不多的效果，就要付出更高的成本。你要控制成本，体验就会打折。",
      "narrativeType": "LOGIC",
      "template": "BEAT_SEQUENCE",
      "expressionTag": "beat",
      "confidence": "medium",
      "estimatedSeconds": 7.1,
      "reasoning": "两个递进的条件-结论节拍，构成强对比叙述弧，适合BEAT_SEQUENCE分段展示。"
    },
    {
      "text": "别人的钱，能花在性能、影像、续航、做工上。华为的钱，有相当一部分，要花在“替代”这件事本身上。",
      "narrativeType": "LOGIC",
      "template": "SPLIT_COMPARE",
      "expressionTag": "contrast",
      "confidence": "high",
      "estimatedSeconds": 9.1,
      "reasoning": "明确的两方对比（别人的钱 vs 华为的钱），直接命中SPLIT_COMPARE。"
    },
    {
      "text": "第二类，国内根本没有成熟方案。光刻机就是典型。",
      "narrativeType": "LOGIC",
      "template": "BEAT_SEQUENCE",
      "expressionTag": "beat",
      "confidence": "medium",
      "estimatedSeconds": 4.9,
      "reasoning": "先定义第二类问题，再给出典型例子，两个节拍递进，用BEAT_SEQUENCE可强化节奏。"
    },
    {
      "text": "华为芯片名义国产，中芯国际在做。但中芯国际用的光刻机依然是外国的，而且因为制裁买不到先进的光刻机。",
      "narrativeType": "CASE",
      "template": "BEAT_SEQUENCE",
      "expressionTag": "beat",
      "confidence": "high",
      "estimatedSeconds": 9.3,
      "reasoning": "从事实陈述到现实揭露，形成转折递进，BEAT_SEQUENCE适用于两段信息层次变化。"
    },
    {
      "text": "只能用多重曝光，在受限设备上，硬造 7nm。",
      "narrativeType": "CASE",
      "template": "CENTER_FOCUS",
      "expressionTag": "neutral",
      "confidence": "high",
      "estimatedSeconds": 4.0,
      "reasoning": "描述具体工艺做法，无对比或步骤结构，CENTER_FOCUS配图即可。"
    },
    {
      "text": "工艺越复杂，良品率越低。",
      "narrativeType": "LOGIC",
      "template": "TEXT_FOCUS",
      "expressionTag": "focus",
      "confidence": "high",
      "estimatedSeconds": 2.2,
      "reasoning": "短促因果结论，冲击力强，适合TEXT_FOCUS作为独立金句呈现。"
    },
    {
      "text": "别人生产一颗芯片花一块钱。中芯国际可能要花十块。",
      "narrativeType": "DATA",
      "template": "STAT_COMPARE",
      "expressionTag": "data",
      "confidence": "high",
      "estimatedSeconds": 4.4,
      "reasoning": "明确的两项数值对比（1块 vs 10块），可直接抽象为STAT_COMPARE。"
    },
    {
      "text": "即使做到了 7nm，也只是勉强别人的前几代产品。",
      "narrativeType": "CONCLUSION",
      "template": "TEXT_FOCUS",
      "expressionTag": "focus",
      "confidence": "high",
      "estimatedSeconds": 4.7,
      "reasoning": "总结性金句，无需配图，突出文字冲击力，用TEXT_FOCUS。"
    },
    {
      "text": "当然，还有灰色路径。通过中间商、白手套公司，采购国外零部件。再把来源隐藏起来，包装成“国产突破”。",
      "narrativeType": "CASE",
      "template": "BEAT_SEQUENCE",
      "expressionTag": "beat",
      "confidence": "high",
      "estimatedSeconds": 9.1,
      "reasoning": "为解决原第12项低置信度告警，合并原12、13项；整体为引入灰色路径+操作步骤，用BEAT_SEQUENCE分拍展示（引入→采购→隐藏包装），提升模板匹配度与信心。"
    },
    {
      "text": "这条路不但有法律风险，还有供应风险。",
      "narrativeType": "LOGIC",
      "template": "CENTER_FOCUS",
      "expressionTag": "neutral",
      "confidence": "high",
      "estimatedSeconds": 3.6,
      "reasoning": "并列风险陈述，无对比结构，CENTER_FOCUS加警示图标即可。"
    },
    {
      "text": "为了规避追查，要层层转包。价格比正常采购，贵很多。",
      "narrativeType": "CONCLUSION",
      "template": "CAUSE_CHAIN",
      "expressionTag": "beat",
      "confidence": "high",
      "estimatedSeconds": 5.1,
      "reasoning": "清晰因果链：规避追查→层层转包→价格高昂，适合CAUSE_CHAIN逐环展示。"
    }
  ]
}
-------------------------------------------------------------------------------------------

======================================== REQUEST ========================================
time: 2026-06-28 21:09:27
provider: deepseek
model: deepseek-v4-pro
retries: 3

[PROMPT]
你是「镜头分镜 + 动画模板选型」联合优化器。你的任务是在**不改写口播原文**的前提下，把场景原文切成更“原子化”的镜头item，并为每个镜头选择最合适的 `template`。

## 🎥 视频大背景
- **核心主题**：华为东西为什么贵？你多花的钱，正在替制裁和情怀买单
- **当前场景**：揭示：魔法附加值

## 📄 场景原文（严禁修改、严禁漏字、严禁补字）
所以就能解释，为什么华为的产品就是贵？

不是质量就一定比别家好了，而是他的成本结构变了。

别人的钱，主要花在产品竞争力上。

华为的钱，有一部分花在制裁成本上。

花在国产替代的摩擦成本上。

花在绕过限制的交易成本上。

那这些差距怎么弥补？

物理附加值不够，就只能加“魔法附加值”：情怀。

把买不到国外技术的窘迫，包装成强硬的反抗。

把供应链被迫降级的成本，包装成民族产业的脊梁。

把消费者多花的钱，包装成对国产崛起的支持。

把一个企业的生存压力，转化成普通人的道德义务。

所以，作为一个消费者。

当你买一件华为产品，你要心里有数。

你付的钱里，到底有多少是产品本身的价值。

有多少是制裁带来的额外成本。

又有多少是营销包装出来的情怀溢价。

## 可用模板（共 24 个：`template` 必须且仅能从中选一个）

BEAT_SEQUENCE, CASE_BREAKDOWN, CAUSE_CHAIN, CENTER_FOCUS, CHAT_BUBBLE, CHECKLIST_REVEAL, COGNITIVE_SHIFT, CONCEPT_CARD, DATA_TABLE, DOS_AND_DONTS, KPI_HERO, MAGNIFYING_GLASS, METHOD_STACK, PANEL_GRID, PEER_INDUCT, PROGRESS_RING, PUNCH_CAPTION, QUOTE_CITATION, SPLIT_COMPARE, STAT_COMPARE, STEP_LIST, TEXT_FOCUS, TIMELINE, TREE_DIAGRAM

选型规则以主提示词中的决策树与自检清单为准；参数结构不在此展开，后续步骤会按 Schema 生成 `param`。

---

## 🎯 总目标（必须同时满足）
1. **逐字一致**：每个 item 的 `text` 必须是原文的连续子串；所有 item 的 `text` 按顺序拼接后必须与原文完全一致（允许忽略空白差异，但不能改变任何非空白字符）。
2. **覆盖完整**：原文中每一个字符都必须且只能落在一个 item 里（不重叠、不遗漏）。
3. **表达原子化**：**一个 item 只允许一个主表达结构**（对比/命名/步骤/引用/数据/节拍递进/金句冲击/平铺叙述）。若同一段里混了两种结构，必须拆成多个 item。
4. **长度合理**：为了避免视觉疲劳，一个item中的text拼接后如果长于 50 字应该拆分成多个item。
5. 模板是为了更好的表达item中的text

---

## ✂️ 分镜原则

### Phase 1：时长锚点（量化判断基准）
- 正常语速约 **4~5 字/秒**，单个镜头的理想口播时长：**3~8 秒（约 12~40 字）**
- ⚠️ **< 12 字**的分段：除非是独立金句，否则**必须合并**到相邻镜头
- ⚠️ **> 50 字**的分段：意味着画面停留太久，观众注意力衰减，建议拆分，但拆分点本身仍需有叙事依据
- 在 `estimatedSeconds` 字段中标注预估秒数（字数 ÷ 4.5，保留一位小数）
- 除非模板使用TextFocus，否则不允许content中只有一个Text的情况

### Phase 2：切分信号强度模型
按叙事信号强度决定是否新建镜头，**而非按标点机械切分**：

**🔴 强信号（应新建镜头）**：
- 叙事角色彻底转换：说理/定义 → 举例/场景还原
- 叙事角色彻底转换：铺垫/铺陈 → 行动号召/结论
- 情绪段位跳变：平静分析 → 震惊转折 → 收束共情
- 视觉主体完全更换：讨论 A 话题 → 转到独立的 B 话题

**🟡 中等信号（倾向合并，但单段超过 40 字时可拆）**：
- 同一论点下的多个分点（第一、第二、第三……）
- 同一比喻的铺垫与揭示
- 同一因果链的前提与结论

**🟢 弱信号（严禁作为切分依据）**：
- 普通逗号、顿号、冒号后的补充说明
- 同一句话的前后半段
- "而且""此外""所以"等常见连接词（需配合叙事角色判断）

### Phase 3：合并检查
拆完后对所有 items 做全局合并检查：
- 相邻两个 items 若切分信号为"弱"且合并后总字数不超过 45 字 → **强制合并**
- 相邻两个 items 若叙事角色完全相同、画面视觉重心也相同 → **强制合并**

## 🧭 结构识别 → 模板选型（从上到下命中第一条）

### A. 数据/量化结论（expressionTag=data）
- 两项指标同框对比（涨跌、前后、A/B）→ `STAT_COMPARE`（必须能抽象出两个非负整数）
- 单指标完成度/占比/达成率 → `PROGRESS_RING`
- 单个核心数值/排名/增长率强调 → `KPI_HERO`

### B. 对错/强导向（expressionTag=contrast）
- 明确“别这样/要这样”“错误/正确” → `DOS_AND_DONTS`
- “不是…而是…” → `COGNITIVE_SHIFT`

### C. 多分点/清单/步骤（expressionTag=list|steps|method）
- 两方/两方案并列（更中立的 A vs B）→ `SPLIT_COMPARE`
- 当前 item 原文明确展开 **2～4** 个并列分点/并列例子，且每点需独立配图（宫格）→ `PANEL_GRID`
- 明确步骤序列/短清单，且【同一 item 内】可抽取出 2～6 条“短步骤”（如同时出现“第一/第二/第三…”或“1)/2)/3)”），并且每条步骤建议 ≤10 字、无长解释句 → `STEP_LIST`
  - 反例：只有“第一/第二”这一个标题句（单条）不要选 `STEP_LIST`（至少需要 2 条）
  - 反例：每条方法/步骤后面还跟较长解释、追问或补充句（例如任一解释段 >30 字）→ 不适合 `STEP_LIST`，应拆分 item，并优先用 `METHOD_STACK`（标题式核心 + 解释展开）或 `CENTER_FOCUS`
- “一个标题式核心（方法/建议/观点/卖点/亮点/推荐理由）+ 2～4 句解释展开” → `METHOD_STACK`
- 同一**案例/子话题**、**单主图**，口播 **4～6 句** 呈「个案→误判/推论→纠偏→收束」叙事弧 → `CASE_BREAKDOWN`（非「第一/第二」方法清单、非多图节拍时用本模板；方法要点式仍用 `METHOD_STACK`）

### D. 节拍递进（expressionTag=beat）
- 同一镜头内 2～4 段口播节拍递进（问→驳→收束；铺垫→转折→结论），希望画面跟着分段变化 → `BEAT_SEQUENCE`
  - **提示**：如果递进里还夹杂“强对照/命名”，通常应拆成多个 item，不要硬塞一个 `BEAT_SEQUENCE`。
- 同一镜头内 **因果链 / 机制传导**（因→果→再果，每环一图，无时间轴刻度）→ `CAUSE_CHAIN`

### E. 引用/命名/聚焦（expressionTag=quote|concept|focus）
- 名言、著作、研究、媒体引用、用户评价、证言摘录 → `QUOTE_CITATION`
- 对“专业术语、概念、产品名、品牌关键词、功能名等”新名词进行解释→ `CONCEPT_CARD`
- 需要把注意力锁定到一个关键词/短语/关键细节/核心发现上 → `MAGNIFYING_GLASS`
  - 必须存在明确落点句（如“关键在于…”“核心是…”“结论是…”）
  - 需要后续可提取 1～2 个高价值锚点短语（否则不要选）

### F. 金句冲击（expressionTag=focus）
- 全片级短促强结论、无需配图 → `TEXT_FOCUS`

### G. 时间轴，先后关系（expressionTag=timeline）
- 明确时间先后/阶段演进（过去→现在→未来）→ `TIMELINE`

### G2. 收束清单（expressionTag≈conclusion|list）
- 收束、行动检查项、要点复诵，需要**逐项打勾显现**（非编号短步骤、非并列大图组）→ `CHECKLIST_REVEAL`

### H. 默认（expressionTag=neutral）
- 平缓叙述、单图即可、无上述结构 → `CENTER_FOCUS`

---

## ✅ 输出格式（严格 JSON，禁止包含 markdown 代码块）
{
  "items": [
    {
      "text": "逐字口播片段（必须来自原文，且拼接后覆盖原文）",
      "narrativeType": "HOOK | LOGIC | CASE | DATA | CONCLUSION | TRANSITION",
      "template": "必须来自可用模板列表",
      "expressionTag": "data | contrast | list | steps | method | beat | quote | concept | focus | timeline | neutral",
      "confidence": "low | medium | high",
      "reasoning": "一句话说明：该段的主表达结构是什么 → 为什么选该模板 → 若拆分/合并，理由是什么"
    }
  ]
}

===========================================================================================
---------------------------------------- RESPONSE ----------------------------------------
time: 2026-06-28 21:10:17
attempt: 1/3

[OUTPUT]
{
  "items": [
    {
      "text": "所以就能解释，为什么华为的产品就是贵？",
      "narrativeType": "HOOK",
      "template": "CENTER_FOCUS",
      "expressionTag": "neutral",
      "confidence": "high",
      "reasoning": "开场设问，引出下文解释，无复杂结构，平铺叙述用默认模板，聚焦镜头让观众带着问题看下去。"
    },
    {
      "text": "不是质量就一定比别家好了，而是他的成本结构变了。",
      "narrativeType": "LOGIC",
      "template": "COGNITIVE_SHIFT",
      "expressionTag": "contrast",
      "confidence": "high",
      "reasoning": "典型的“不是…而是…”认知翻转，适用 COGNITIVE_SHIFT 模板制造观点转折。"
    },
    {
      "text": "别人的钱，主要花在产品竞争力上。",
      "narrativeType": "LOGIC",
      "template": "CENTER_FOCUS",
      "expressionTag": "neutral",
      "confidence": "high",
      "reasoning": "单独一句陈述，作为后续华为成本对比的锚点，简单直述用 CENTER_FOCUS，避免与后面 PANEL_GRID 抢节奏。"
    },
    {
      "text": "华为的钱，有一部分花在制裁成本上。花在国产替代的摩擦成本上。花在绕过限制的交易成本上。",
      "narrativeType": "LOGIC",
      "template": "PANEL_GRID",
      "expressionTag": "list",
      "confidence": "high",
      "reasoning": "三个并列的成本去向，每个去向可配独立图示，长度适中，用 PANEL_GRID 宫格展示华为成本结构的独特三轴。"
    },
    {
      "text": "那这些差距怎么弥补？",
      "narrativeType": "TRANSITION",
      "template": "CENTER_FOCUS",
      "expressionTag": "neutral",
      "confidence": "high",
      "reasoning": "过渡性提问，承上启下，无特殊结构，用 CENTER_FOCUS 保持镜头简洁。"
    },
    {
      "text": "物理附加值不够，就只能加“魔法附加值”：情怀。",
      "narrativeType": "LOGIC",
      "template": "CONCEPT_CARD",
      "expressionTag": "concept",
      "confidence": "high",
      "reasoning": "提出“魔法附加值”这一核心概念并定义，适合 CONCEPT_CARD 突出术语解释，营造认知亮点。"
    },
    {
      "text": "把买不到国外技术的窘迫，包装成强硬的反抗。把供应链被迫降级的成本，包装成民族产业的脊梁。",
      "narrativeType": "CASE",
      "template": "PANEL_GRID",
      "expressionTag": "list",
      "confidence": "high",
      "reasoning": "两个并列的“包装”例子，用 PANEL_GRID 分别展示，强化讽刺对照；总字数约27字，避免超长单镜。"
    },
    {
      "text": "把消费者多花的钱，包装成对国产崛起的支持。把一个企业的生存压力，转化成普通人的道德义务。",
      "narrativeType": "CASE",
      "template": "PANEL_GRID",
      "expressionTag": "list",
      "confidence": "high",
      "reasoning": "继续并列的包装手法，一图一语，承接上镜形成系列排比；用 PANEL_GRID 保持视觉一致性，同时不超45字。"
    },
    {
      "text": "所以，作为一个消费者。当你买一件华为产品，你要心里有数。",
      "narrativeType": "TRANSITION",
      "template": "CENTER_FOCUS",
      "expressionTag": "neutral",
      "confidence": "high",
      "reasoning": "叙事角色转为消费者视角的收束引导，短句合并后仍为简单叙述，用 CENTER_FOCUS 拉回注意力。"
    },
    {
      "text": "你付的钱里，到底有多少是产品本身的价值。有多少是制裁带来的额外成本。又有多少是营销包装出来的情怀溢价。",
      "narrativeType": "CONCLUSION",
      "template": "PANEL_GRID",
      "expressionTag": "list",
      "confidence": "high",
      "reasoning": "三个“有多少”排比追问，形成最终反思清单，用 PANEL_GRID 三格展示三种成本构成，收束全片。"
    }
  ]
}
-------------------------------------------------------------------------------------------

======================================== REQUEST ========================================
time: 2026-06-28 21:10:17
provider: deepseek
model: deepseek-v4-pro
retries: 3

[PROMPT]
你是「镜头分镜 + 动画模板选型」联合优化器。你的任务是在**不改写口播原文**的前提下，把场景原文切成更“原子化”的镜头item，并为每个镜头选择最合适的 `template`。

## 🎥 视频大背景
- **核心主题**：华为东西为什么贵？你多花的钱，正在替制裁和情怀买单
- **当前场景**：反转：谁在推动国产

## 📄 场景原文（严禁修改、严禁漏字、严禁补字）
有人会说，不管是为了真生存，还是为了假脊梁，华为不都在为国产贡献力量吗？

这话没错。

但在为国产贡献力量的不只是华为。

国产供应链更可控，国产技术如果真正发展起来，长期性价比也会更高。

所以小米、OPPO、vivo、联想、大疆，以及大量你叫不上名字的公司，其实都在推动国产替代。

区别只在于，有些公司把它当成长期产业能力来建设。

有些公司把它当成营销叙事来出售。

推动国产，最合理的路径，应该是一个循序渐进的过程。

一边利用全球产业链，生产真正有全球竞争力的产品。

一边卖给全世界的人，赚全世界的钱。

再用这些利润反哺国内研发、工艺、材料、设备和人才。

这才是健康的产业升级。

而不是把企业的困境包装成国家的困境。

把产品的短板包装成精神的长板。

再通过道德感，要求国人为你的生存买单。

## 可用模板（共 24 个：`template` 必须且仅能从中选一个）

BEAT_SEQUENCE, CASE_BREAKDOWN, CAUSE_CHAIN, CENTER_FOCUS, CHAT_BUBBLE, CHECKLIST_REVEAL, COGNITIVE_SHIFT, CONCEPT_CARD, DATA_TABLE, DOS_AND_DONTS, KPI_HERO, MAGNIFYING_GLASS, METHOD_STACK, PANEL_GRID, PEER_INDUCT, PROGRESS_RING, PUNCH_CAPTION, QUOTE_CITATION, SPLIT_COMPARE, STAT_COMPARE, STEP_LIST, TEXT_FOCUS, TIMELINE, TREE_DIAGRAM

选型规则以主提示词中的决策树与自检清单为准；参数结构不在此展开，后续步骤会按 Schema 生成 `param`。

---

## 🎯 总目标（必须同时满足）
1. **逐字一致**：每个 item 的 `text` 必须是原文的连续子串；所有 item 的 `text` 按顺序拼接后必须与原文完全一致（允许忽略空白差异，但不能改变任何非空白字符）。
2. **覆盖完整**：原文中每一个字符都必须且只能落在一个 item 里（不重叠、不遗漏）。
3. **表达原子化**：**一个 item 只允许一个主表达结构**（对比/命名/步骤/引用/数据/节拍递进/金句冲击/平铺叙述）。若同一段里混了两种结构，必须拆成多个 item。
4. **长度合理**：为了避免视觉疲劳，一个item中的text拼接后如果长于 50 字应该拆分成多个item。
5. 模板是为了更好的表达item中的text

---

## ✂️ 分镜原则

### Phase 1：时长锚点（量化判断基准）
- 正常语速约 **4~5 字/秒**，单个镜头的理想口播时长：**3~8 秒（约 12~40 字）**
- ⚠️ **< 12 字**的分段：除非是独立金句，否则**必须合并**到相邻镜头
- ⚠️ **> 50 字**的分段：意味着画面停留太久，观众注意力衰减，建议拆分，但拆分点本身仍需有叙事依据
- 在 `estimatedSeconds` 字段中标注预估秒数（字数 ÷ 4.5，保留一位小数）
- 除非模板使用TextFocus，否则不允许content中只有一个Text的情况

### Phase 2：切分信号强度模型
按叙事信号强度决定是否新建镜头，**而非按标点机械切分**：

**🔴 强信号（应新建镜头）**：
- 叙事角色彻底转换：说理/定义 → 举例/场景还原
- 叙事角色彻底转换：铺垫/铺陈 → 行动号召/结论
- 情绪段位跳变：平静分析 → 震惊转折 → 收束共情
- 视觉主体完全更换：讨论 A 话题 → 转到独立的 B 话题

**🟡 中等信号（倾向合并，但单段超过 40 字时可拆）**：
- 同一论点下的多个分点（第一、第二、第三……）
- 同一比喻的铺垫与揭示
- 同一因果链的前提与结论

**🟢 弱信号（严禁作为切分依据）**：
- 普通逗号、顿号、冒号后的补充说明
- 同一句话的前后半段
- "而且""此外""所以"等常见连接词（需配合叙事角色判断）

### Phase 3：合并检查
拆完后对所有 items 做全局合并检查：
- 相邻两个 items 若切分信号为"弱"且合并后总字数不超过 45 字 → **强制合并**
- 相邻两个 items 若叙事角色完全相同、画面视觉重心也相同 → **强制合并**

## 🧭 结构识别 → 模板选型（从上到下命中第一条）

### A. 数据/量化结论（expressionTag=data）
- 两项指标同框对比（涨跌、前后、A/B）→ `STAT_COMPARE`（必须能抽象出两个非负整数）
- 单指标完成度/占比/达成率 → `PROGRESS_RING`
- 单个核心数值/排名/增长率强调 → `KPI_HERO`

### B. 对错/强导向（expressionTag=contrast）
- 明确“别这样/要这样”“错误/正确” → `DOS_AND_DONTS`
- “不是…而是…” → `COGNITIVE_SHIFT`

### C. 多分点/清单/步骤（expressionTag=list|steps|method）
- 两方/两方案并列（更中立的 A vs B）→ `SPLIT_COMPARE`
- 当前 item 原文明确展开 **2～4** 个并列分点/并列例子，且每点需独立配图（宫格）→ `PANEL_GRID`
- 明确步骤序列/短清单，且【同一 item 内】可抽取出 2～6 条“短步骤”（如同时出现“第一/第二/第三…”或“1)/2)/3)”），并且每条步骤建议 ≤10 字、无长解释句 → `STEP_LIST`
  - 反例：只有“第一/第二”这一个标题句（单条）不要选 `STEP_LIST`（至少需要 2 条）
  - 反例：每条方法/步骤后面还跟较长解释、追问或补充句（例如任一解释段 >30 字）→ 不适合 `STEP_LIST`，应拆分 item，并优先用 `METHOD_STACK`（标题式核心 + 解释展开）或 `CENTER_FOCUS`
- “一个标题式核心（方法/建议/观点/卖点/亮点/推荐理由）+ 2～4 句解释展开” → `METHOD_STACK`
- 同一**案例/子话题**、**单主图**，口播 **4～6 句** 呈「个案→误判/推论→纠偏→收束」叙事弧 → `CASE_BREAKDOWN`（非「第一/第二」方法清单、非多图节拍时用本模板；方法要点式仍用 `METHOD_STACK`）

### D. 节拍递进（expressionTag=beat）
- 同一镜头内 2～4 段口播节拍递进（问→驳→收束；铺垫→转折→结论），希望画面跟着分段变化 → `BEAT_SEQUENCE`
  - **提示**：如果递进里还夹杂“强对照/命名”，通常应拆成多个 item，不要硬塞一个 `BEAT_SEQUENCE`。
- 同一镜头内 **因果链 / 机制传导**（因→果→再果，每环一图，无时间轴刻度）→ `CAUSE_CHAIN`

### E. 引用/命名/聚焦（expressionTag=quote|concept|focus）
- 名言、著作、研究、媒体引用、用户评价、证言摘录 → `QUOTE_CITATION`
- 对“专业术语、概念、产品名、品牌关键词、功能名等”新名词进行解释→ `CONCEPT_CARD`
- 需要把注意力锁定到一个关键词/短语/关键细节/核心发现上 → `MAGNIFYING_GLASS`
  - 必须存在明确落点句（如“关键在于…”“核心是…”“结论是…”）
  - 需要后续可提取 1～2 个高价值锚点短语（否则不要选）

### F. 金句冲击（expressionTag=focus）
- 全片级短促强结论、无需配图 → `TEXT_FOCUS`

### G. 时间轴，先后关系（expressionTag=timeline）
- 明确时间先后/阶段演进（过去→现在→未来）→ `TIMELINE`

### G2. 收束清单（expressionTag≈conclusion|list）
- 收束、行动检查项、要点复诵，需要**逐项打勾显现**（非编号短步骤、非并列大图组）→ `CHECKLIST_REVEAL`

### H. 默认（expressionTag=neutral）
- 平缓叙述、单图即可、无上述结构 → `CENTER_FOCUS`

---

## ✅ 输出格式（严格 JSON，禁止包含 markdown 代码块）
{
  "items": [
    {
      "text": "逐字口播片段（必须来自原文，且拼接后覆盖原文）",
      "narrativeType": "HOOK | LOGIC | CASE | DATA | CONCLUSION | TRANSITION",
      "template": "必须来自可用模板列表",
      "expressionTag": "data | contrast | list | steps | method | beat | quote | concept | focus | timeline | neutral",
      "confidence": "low | medium | high",
      "reasoning": "一句话说明：该段的主表达结构是什么 → 为什么选该模板 → 若拆分/合并，理由是什么"
    }
  ]
}

===========================================================================================
---------------------------------------- RESPONSE ----------------------------------------
time: 2026-06-28 21:11:43
attempt: 1/3

[OUTPUT]
{
  "items": [
    {
      "text": "有人会说，不管是为了真生存，还是为了假脊梁，华为不都在为国产贡献力量吗？",
      "narrativeType": "TRANSITION",
      "template": "CENTER_FOCUS",
      "expressionTag": "neutral",
      "confidence": "medium",
      "reasoning": "引入他人反问，作为叙事过渡，无强烈结构标记，适合用中心聚焦平叙，仅配单图即可。",
      "estimatedSeconds": "8.0"
    },
    {
      "text": "这话没错。但在为国产贡献力量的不只是华为。",
      "narrativeType": "LOGIC",
      "template": "COGNITIVE_SHIFT",
      "expressionTag": "contrast",
      "confidence": "high",
      "reasoning": "先承认后反驳，形成“从认为只有华为贡献”到“不止华为”的认知转换，完美匹配COGNITIVE_SHIFT。",
      "estimatedSeconds": "3.8"
    },
    {
      "text": "国产供应链更可控，国产技术如果真正发展起来，长期性价比也会更高。",
      "narrativeType": "LOGIC",
      "template": "CENTER_FOCUS",
      "expressionTag": "neutral",
      "confidence": "medium",
      "reasoning": "解释为什么其他公司推动国产也合理，是平实的逻辑论述，无明显对比或步骤，适合单图平叙。",
      "estimatedSeconds": "5.8"
    },
    {
      "text": "所以小米、OPPO、vivo、联想、大疆，以及大量你叫不上名字的公司，其实都在推动国产替代。",
      "narrativeType": "CASE",
      "template": "PANEL_GRID",
      "expressionTag": "list",
      "confidence": "high",
      "reasoning": "明确列出多家公司作为并列例子，可提取为宫格展示品牌标识，突出“都在推动”的阵容感。",
      "estimatedSeconds": "10.2"
    },
    {
      "text": "区别只在于，有些公司把它当成长期产业能力来建设。有些公司把它当成营销叙事来出售。",
      "narrativeType": "LOGIC",
      "template": "SPLIT_COMPARE",
      "expressionTag": "contrast",
      "confidence": "high",
      "reasoning": "鲜明对比两种取向，适合左右分屏对比展示“能力建设”与“营销叙事”，强化对立认知。",
      "estimatedSeconds": "8.4"
    },
    {
      "text": "推动国产，最合理的路径，应该是一个循序渐进的过程。",
      "narrativeType": "LOGIC",
      "template": "CENTER_FOCUS",
      "expressionTag": "neutral",
      "confidence": "medium",
      "reasoning": "提出核心论点，单独成镜，用中心聚焦强化主张，为后续步骤展开铺垫。",
      "estimatedSeconds": "4.4"
    },
    {
      "text": "一边利用全球产业链，生产真正有全球竞争力的产品。一边卖给全世界的人，赚全世界的钱。",
      "narrativeType": "LOGIC",
      "template": "STEP_LIST",
      "expressionTag": "steps",
      "confidence": "high",
      "reasoning": "两个以“一边…一边…”引导的并行步骤，可提取为短步骤列表，STEP_LIST匹配该并列推进结构。",
      "estimatedSeconds": "7.3"
    },
    {
      "text": "再用这些利润反哺国内研发、工艺、材料、设备和人才。这才是健康的产业升级。",
      "narrativeType": "CONCLUSION",
      "template": "BEAT_SEQUENCE",
      "expressionTag": "beat",
      "confidence": "high",
      "reasoning": "步骤递进后引出结论，形成“行动→收束”的节拍递进，适合用BEAT_SEQUENCE强化情绪升华。",
      "estimatedSeconds": "6.2"
    },
    {
      "text": "而不是把企业的困境包装成国家的困境。把产品的短板包装成精神的长板。再通过道德感，要求国人为你的生存买单。",
      "narrativeType": "CONCLUSION",
      "template": "BEAT_SEQUENCE",
      "expressionTag": "beat",
      "confidence": "high",
      "reasoning": "三连否定句式层层递进，从困境包装、到短板美化、再到道德绑架，构成强情绪节拍递进，适合BEAT_SEQUENCE。",
      "estimatedSeconds": "9.6"
    }
  ]
}
-------------------------------------------------------------------------------------------

======================================== REQUEST ========================================
time: 2026-06-28 21:11:43
provider: deepseek
model: deepseek-v4-pro
retries: 3

[PROMPT]
你是「镜头分镜 + 动画模板选型」联合优化器。你的任务是在**不改写口播原文**的前提下，把场景原文切成更“原子化”的镜头item，并为每个镜头选择最合适的 `template`。

## 🎥 视频大背景
- **核心主题**：华为东西为什么贵？你多花的钱，正在替制裁和情怀买单
- **当前场景**：召唤：情怀三问

## 📄 场景原文（严禁修改、严禁漏字、严禁补字）
此外，作为一个消费者。当你要为情怀买单时，你还应该要问自己三个问题。

第一，你为了情怀多花的钱，是真的一分不少花在了国产的研发上，还是变成了少数人的利润、奖金和加拿大的别墅？

第二，你为了情怀多花的钱，是推动了底层技术突破，还是只是支付了绕过封锁的中间商成本？

第三，如果一个产品不靠性能、不靠价格、不靠体验，而主要靠情绪动员才能卖出去，那它到底是在推动国产进步，还是在奖励落后？

## 可用模板（共 24 个：`template` 必须且仅能从中选一个）

BEAT_SEQUENCE, CASE_BREAKDOWN, CAUSE_CHAIN, CENTER_FOCUS, CHAT_BUBBLE, CHECKLIST_REVEAL, COGNITIVE_SHIFT, CONCEPT_CARD, DATA_TABLE, DOS_AND_DONTS, KPI_HERO, MAGNIFYING_GLASS, METHOD_STACK, PANEL_GRID, PEER_INDUCT, PROGRESS_RING, PUNCH_CAPTION, QUOTE_CITATION, SPLIT_COMPARE, STAT_COMPARE, STEP_LIST, TEXT_FOCUS, TIMELINE, TREE_DIAGRAM

选型规则以主提示词中的决策树与自检清单为准；参数结构不在此展开，后续步骤会按 Schema 生成 `param`。

---

## 🎯 总目标（必须同时满足）
1. **逐字一致**：每个 item 的 `text` 必须是原文的连续子串；所有 item 的 `text` 按顺序拼接后必须与原文完全一致（允许忽略空白差异，但不能改变任何非空白字符）。
2. **覆盖完整**：原文中每一个字符都必须且只能落在一个 item 里（不重叠、不遗漏）。
3. **表达原子化**：**一个 item 只允许一个主表达结构**（对比/命名/步骤/引用/数据/节拍递进/金句冲击/平铺叙述）。若同一段里混了两种结构，必须拆成多个 item。
4. **长度合理**：为了避免视觉疲劳，一个item中的text拼接后如果长于 50 字应该拆分成多个item。
5. 模板是为了更好的表达item中的text

---

## ✂️ 分镜原则

### Phase 1：时长锚点（量化判断基准）
- 正常语速约 **4~5 字/秒**，单个镜头的理想口播时长：**3~8 秒（约 12~40 字）**
- ⚠️ **< 12 字**的分段：除非是独立金句，否则**必须合并**到相邻镜头
- ⚠️ **> 50 字**的分段：意味着画面停留太久，观众注意力衰减，建议拆分，但拆分点本身仍需有叙事依据
- 在 `estimatedSeconds` 字段中标注预估秒数（字数 ÷ 4.5，保留一位小数）
- 除非模板使用TextFocus，否则不允许content中只有一个Text的情况

### Phase 2：切分信号强度模型
按叙事信号强度决定是否新建镜头，**而非按标点机械切分**：

**🔴 强信号（应新建镜头）**：
- 叙事角色彻底转换：说理/定义 → 举例/场景还原
- 叙事角色彻底转换：铺垫/铺陈 → 行动号召/结论
- 情绪段位跳变：平静分析 → 震惊转折 → 收束共情
- 视觉主体完全更换：讨论 A 话题 → 转到独立的 B 话题

**🟡 中等信号（倾向合并，但单段超过 40 字时可拆）**：
- 同一论点下的多个分点（第一、第二、第三……）
- 同一比喻的铺垫与揭示
- 同一因果链的前提与结论

**🟢 弱信号（严禁作为切分依据）**：
- 普通逗号、顿号、冒号后的补充说明
- 同一句话的前后半段
- "而且""此外""所以"等常见连接词（需配合叙事角色判断）

### Phase 3：合并检查
拆完后对所有 items 做全局合并检查：
- 相邻两个 items 若切分信号为"弱"且合并后总字数不超过 45 字 → **强制合并**
- 相邻两个 items 若叙事角色完全相同、画面视觉重心也相同 → **强制合并**

## 🧭 结构识别 → 模板选型（从上到下命中第一条）

### A. 数据/量化结论（expressionTag=data）
- 两项指标同框对比（涨跌、前后、A/B）→ `STAT_COMPARE`（必须能抽象出两个非负整数）
- 单指标完成度/占比/达成率 → `PROGRESS_RING`
- 单个核心数值/排名/增长率强调 → `KPI_HERO`

### B. 对错/强导向（expressionTag=contrast）
- 明确“别这样/要这样”“错误/正确” → `DOS_AND_DONTS`
- “不是…而是…” → `COGNITIVE_SHIFT`

### C. 多分点/清单/步骤（expressionTag=list|steps|method）
- 两方/两方案并列（更中立的 A vs B）→ `SPLIT_COMPARE`
- 当前 item 原文明确展开 **2～4** 个并列分点/并列例子，且每点需独立配图（宫格）→ `PANEL_GRID`
- 明确步骤序列/短清单，且【同一 item 内】可抽取出 2～6 条“短步骤”（如同时出现“第一/第二/第三…”或“1)/2)/3)”），并且每条步骤建议 ≤10 字、无长解释句 → `STEP_LIST`
  - 反例：只有“第一/第二”这一个标题句（单条）不要选 `STEP_LIST`（至少需要 2 条）
  - 反例：每条方法/步骤后面还跟较长解释、追问或补充句（例如任一解释段 >30 字）→ 不适合 `STEP_LIST`，应拆分 item，并优先用 `METHOD_STACK`（标题式核心 + 解释展开）或 `CENTER_FOCUS`
- “一个标题式核心（方法/建议/观点/卖点/亮点/推荐理由）+ 2～4 句解释展开” → `METHOD_STACK`
- 同一**案例/子话题**、**单主图**，口播 **4～6 句** 呈「个案→误判/推论→纠偏→收束」叙事弧 → `CASE_BREAKDOWN`（非「第一/第二」方法清单、非多图节拍时用本模板；方法要点式仍用 `METHOD_STACK`）

### D. 节拍递进（expressionTag=beat）
- 同一镜头内 2～4 段口播节拍递进（问→驳→收束；铺垫→转折→结论），希望画面跟着分段变化 → `BEAT_SEQUENCE`
  - **提示**：如果递进里还夹杂“强对照/命名”，通常应拆成多个 item，不要硬塞一个 `BEAT_SEQUENCE`。
- 同一镜头内 **因果链 / 机制传导**（因→果→再果，每环一图，无时间轴刻度）→ `CAUSE_CHAIN`

### E. 引用/命名/聚焦（expressionTag=quote|concept|focus）
- 名言、著作、研究、媒体引用、用户评价、证言摘录 → `QUOTE_CITATION`
- 对“专业术语、概念、产品名、品牌关键词、功能名等”新名词进行解释→ `CONCEPT_CARD`
- 需要把注意力锁定到一个关键词/短语/关键细节/核心发现上 → `MAGNIFYING_GLASS`
  - 必须存在明确落点句（如“关键在于…”“核心是…”“结论是…”）
  - 需要后续可提取 1～2 个高价值锚点短语（否则不要选）

### F. 金句冲击（expressionTag=focus）
- 全片级短促强结论、无需配图 → `TEXT_FOCUS`

### G. 时间轴，先后关系（expressionTag=timeline）
- 明确时间先后/阶段演进（过去→现在→未来）→ `TIMELINE`

### G2. 收束清单（expressionTag≈conclusion|list）
- 收束、行动检查项、要点复诵，需要**逐项打勾显现**（非编号短步骤、非并列大图组）→ `CHECKLIST_REVEAL`

### H. 默认（expressionTag=neutral）
- 平缓叙述、单图即可、无上述结构 → `CENTER_FOCUS`

---

## ✅ 输出格式（严格 JSON，禁止包含 markdown 代码块）
{
  "items": [
    {
      "text": "逐字口播片段（必须来自原文，且拼接后覆盖原文）",
      "narrativeType": "HOOK | LOGIC | CASE | DATA | CONCLUSION | TRANSITION",
      "template": "必须来自可用模板列表",
      "expressionTag": "data | contrast | list | steps | method | beat | quote | concept | focus | timeline | neutral",
      "confidence": "low | medium | high",
      "reasoning": "一句话说明：该段的主表达结构是什么 → 为什么选该模板 → 若拆分/合并，理由是什么"
    }
  ]
}

===========================================================================================
---------------------------------------- RESPONSE ----------------------------------------
time: 2026-06-28 21:12:13
attempt: 1/3

[OUTPUT]
{
  "items": [
    {
      "text": "此外，作为一个消费者。当你要为情怀买单时，你还应该要问自己三个问题。",
      "narrativeType": "TRANSITION",
      "template": "CENTER_FOCUS",
      "expressionTag": "neutral",
      "confidence": "high",
      "reasoning": "平缓的引导性过渡句，引出后续三个问题，无强对比或分步结构，适合用CENTER_FOCUS保持画面聚焦单一主体。"
    },
    {
      "text": "第一，你为了情怀多花的钱，是真的一分不少花在了国产的研发上，还是变成了少数人的利润、奖金和加拿大的别墅？",
      "narrativeType": "LOGIC",
      "template": "COGNITIVE_SHIFT",
      "expressionTag": "contrast",
      "confidence": "high",
      "reasoning": "通过“是…还是…”构造认知对比，直接冲击观众对情怀消费去向的固有认知，选用COGNITIVE_SHIFT模板强化这种思维转变。"
    },
    {
      "text": "第二，你为了情怀多花的钱，是推动了底层技术突破，还是只是支付了绕过封锁的中间商成本？",
      "narrativeType": "LOGIC",
      "template": "COGNITIVE_SHIFT",
      "expressionTag": "contrast",
      "confidence": "high",
      "reasoning": "延续认知对比结构，质疑情怀支出的真实技术贡献，用COGNITIVE_SHIFT模板突出二选一的思维冲击。"
    },
    {
      "text": "第三，如果一个产品不靠性能、不靠价格、不靠体验，而主要靠情绪动员才能卖出去，那它到底是在推动国产进步，还是在奖励落后？",
      "narrativeType": "LOGIC",
      "template": "COGNITIVE_SHIFT",
      "expressionTag": "contrast",
      "confidence": "high",
      "reasoning": "以假设展开认知对比，将情绪动员与实质进步对立，用COGNITIVE_SHIFT模板呈现关键追问的转折力量。"
    }
  ]
}
-------------------------------------------------------------------------------------------

======================================== REQUEST ========================================
time: 2026-06-28 21:12:13
provider: deepseek
model: deepseek-v4-pro
retries: 3

[PROMPT]
你是「镜头分镜 + 动画模板选型」联合优化器。你的任务是在**不改写口播原文**的前提下，把场景原文切成更“原子化”的镜头item，并为每个镜头选择最合适的 `template`。

## 🎥 视频大背景
- **核心主题**：华为东西为什么贵？你多花的钱，正在替制裁和情怀买单
- **当前场景**：结语：产品说话

## 📄 场景原文（严禁修改、严禁漏字、严禁补字）
支持国产当然没问题。

但支持国产，不等于放弃判断。

爱国也不应该是消费者的付款义务。

真正的国产崛起，是良性竞争，用产品说话。

通过赚取海外的利润，反哺国内的产业升级，才是可持续发展的正道。

## 可用模板（共 24 个：`template` 必须且仅能从中选一个）

BEAT_SEQUENCE, CASE_BREAKDOWN, CAUSE_CHAIN, CENTER_FOCUS, CHAT_BUBBLE, CHECKLIST_REVEAL, COGNITIVE_SHIFT, CONCEPT_CARD, DATA_TABLE, DOS_AND_DONTS, KPI_HERO, MAGNIFYING_GLASS, METHOD_STACK, PANEL_GRID, PEER_INDUCT, PROGRESS_RING, PUNCH_CAPTION, QUOTE_CITATION, SPLIT_COMPARE, STAT_COMPARE, STEP_LIST, TEXT_FOCUS, TIMELINE, TREE_DIAGRAM

选型规则以主提示词中的决策树与自检清单为准；参数结构不在此展开，后续步骤会按 Schema 生成 `param`。

---

## 🎯 总目标（必须同时满足）
1. **逐字一致**：每个 item 的 `text` 必须是原文的连续子串；所有 item 的 `text` 按顺序拼接后必须与原文完全一致（允许忽略空白差异，但不能改变任何非空白字符）。
2. **覆盖完整**：原文中每一个字符都必须且只能落在一个 item 里（不重叠、不遗漏）。
3. **表达原子化**：**一个 item 只允许一个主表达结构**（对比/命名/步骤/引用/数据/节拍递进/金句冲击/平铺叙述）。若同一段里混了两种结构，必须拆成多个 item。
4. **长度合理**：为了避免视觉疲劳，一个item中的text拼接后如果长于 50 字应该拆分成多个item。
5. 模板是为了更好的表达item中的text

---

## ✂️ 分镜原则

### Phase 1：时长锚点（量化判断基准）
- 正常语速约 **4~5 字/秒**，单个镜头的理想口播时长：**3~8 秒（约 12~40 字）**
- ⚠️ **< 12 字**的分段：除非是独立金句，否则**必须合并**到相邻镜头
- ⚠️ **> 50 字**的分段：意味着画面停留太久，观众注意力衰减，建议拆分，但拆分点本身仍需有叙事依据
- 在 `estimatedSeconds` 字段中标注预估秒数（字数 ÷ 4.5，保留一位小数）
- 除非模板使用TextFocus，否则不允许content中只有一个Text的情况

### Phase 2：切分信号强度模型
按叙事信号强度决定是否新建镜头，**而非按标点机械切分**：

**🔴 强信号（应新建镜头）**：
- 叙事角色彻底转换：说理/定义 → 举例/场景还原
- 叙事角色彻底转换：铺垫/铺陈 → 行动号召/结论
- 情绪段位跳变：平静分析 → 震惊转折 → 收束共情
- 视觉主体完全更换：讨论 A 话题 → 转到独立的 B 话题

**🟡 中等信号（倾向合并，但单段超过 40 字时可拆）**：
- 同一论点下的多个分点（第一、第二、第三……）
- 同一比喻的铺垫与揭示
- 同一因果链的前提与结论

**🟢 弱信号（严禁作为切分依据）**：
- 普通逗号、顿号、冒号后的补充说明
- 同一句话的前后半段
- "而且""此外""所以"等常见连接词（需配合叙事角色判断）

### Phase 3：合并检查
拆完后对所有 items 做全局合并检查：
- 相邻两个 items 若切分信号为"弱"且合并后总字数不超过 45 字 → **强制合并**
- 相邻两个 items 若叙事角色完全相同、画面视觉重心也相同 → **强制合并**

## 🧭 结构识别 → 模板选型（从上到下命中第一条）

### A. 数据/量化结论（expressionTag=data）
- 两项指标同框对比（涨跌、前后、A/B）→ `STAT_COMPARE`（必须能抽象出两个非负整数）
- 单指标完成度/占比/达成率 → `PROGRESS_RING`
- 单个核心数值/排名/增长率强调 → `KPI_HERO`

### B. 对错/强导向（expressionTag=contrast）
- 明确“别这样/要这样”“错误/正确” → `DOS_AND_DONTS`
- “不是…而是…” → `COGNITIVE_SHIFT`

### C. 多分点/清单/步骤（expressionTag=list|steps|method）
- 两方/两方案并列（更中立的 A vs B）→ `SPLIT_COMPARE`
- 当前 item 原文明确展开 **2～4** 个并列分点/并列例子，且每点需独立配图（宫格）→ `PANEL_GRID`
- 明确步骤序列/短清单，且【同一 item 内】可抽取出 2～6 条“短步骤”（如同时出现“第一/第二/第三…”或“1)/2)/3)”），并且每条步骤建议 ≤10 字、无长解释句 → `STEP_LIST`
  - 反例：只有“第一/第二”这一个标题句（单条）不要选 `STEP_LIST`（至少需要 2 条）
  - 反例：每条方法/步骤后面还跟较长解释、追问或补充句（例如任一解释段 >30 字）→ 不适合 `STEP_LIST`，应拆分 item，并优先用 `METHOD_STACK`（标题式核心 + 解释展开）或 `CENTER_FOCUS`
- “一个标题式核心（方法/建议/观点/卖点/亮点/推荐理由）+ 2～4 句解释展开” → `METHOD_STACK`
- 同一**案例/子话题**、**单主图**，口播 **4～6 句** 呈「个案→误判/推论→纠偏→收束」叙事弧 → `CASE_BREAKDOWN`（非「第一/第二」方法清单、非多图节拍时用本模板；方法要点式仍用 `METHOD_STACK`）

### D. 节拍递进（expressionTag=beat）
- 同一镜头内 2～4 段口播节拍递进（问→驳→收束；铺垫→转折→结论），希望画面跟着分段变化 → `BEAT_SEQUENCE`
  - **提示**：如果递进里还夹杂“强对照/命名”，通常应拆成多个 item，不要硬塞一个 `BEAT_SEQUENCE`。
- 同一镜头内 **因果链 / 机制传导**（因→果→再果，每环一图，无时间轴刻度）→ `CAUSE_CHAIN`

### E. 引用/命名/聚焦（expressionTag=quote|concept|focus）
- 名言、著作、研究、媒体引用、用户评价、证言摘录 → `QUOTE_CITATION`
- 对“专业术语、概念、产品名、品牌关键词、功能名等”新名词进行解释→ `CONCEPT_CARD`
- 需要把注意力锁定到一个关键词/短语/关键细节/核心发现上 → `MAGNIFYING_GLASS`
  - 必须存在明确落点句（如“关键在于…”“核心是…”“结论是…”）
  - 需要后续可提取 1～2 个高价值锚点短语（否则不要选）

### F. 金句冲击（expressionTag=focus）
- 全片级短促强结论、无需配图 → `TEXT_FOCUS`

### G. 时间轴，先后关系（expressionTag=timeline）
- 明确时间先后/阶段演进（过去→现在→未来）→ `TIMELINE`

### G2. 收束清单（expressionTag≈conclusion|list）
- 收束、行动检查项、要点复诵，需要**逐项打勾显现**（非编号短步骤、非并列大图组）→ `CHECKLIST_REVEAL`

### H. 默认（expressionTag=neutral）
- 平缓叙述、单图即可、无上述结构 → `CENTER_FOCUS`

---

## ✅ 输出格式（严格 JSON，禁止包含 markdown 代码块）
{
  "items": [
    {
      "text": "逐字口播片段（必须来自原文，且拼接后覆盖原文）",
      "narrativeType": "HOOK | LOGIC | CASE | DATA | CONCLUSION | TRANSITION",
      "template": "必须来自可用模板列表",
      "expressionTag": "data | contrast | list | steps | method | beat | quote | concept | focus | timeline | neutral",
      "confidence": "low | medium | high",
      "reasoning": "一句话说明：该段的主表达结构是什么 → 为什么选该模板 → 若拆分/合并，理由是什么"
    }
  ]
}

===========================================================================================
---------------------------------------- RESPONSE ----------------------------------------
time: 2026-06-28 21:12:43
attempt: 1/3

[OUTPUT]
{
  "items": [
    {
      "text": "支持国产当然没问题。但支持国产，不等于放弃判断。",
      "narrativeType": "LOGIC",
      "template": "COGNITIVE_SHIFT",
      "expressionTag": "contrast",
      "confidence": "high",
      "reasoning": "呈现“支持国产没问题”到“不等于放弃判断”的认知转变，强力对照，适合认知转移模板。两句话逻辑紧密，合并避免单句过短。"
    },
    {
      "text": "爱国也不应该是消费者的付款义务。",
      "narrativeType": "CONCLUSION",
      "template": "TEXT_FOCUS",
      "expressionTag": "focus",
      "confidence": "high",
      "reasoning": "短促强结论，金句冲击，无需配图，直接用全屏文字聚焦观点。"
    },
    {
      "text": "真正的国产崛起，是良性竞争，用产品说话。",
      "narrativeType": "LOGIC",
      "template": "CONCEPT_CARD",
      "expressionTag": "concept",
      "confidence": "high",
      "reasoning": "给“真正的国产崛起”下定义，解释核心概念，适合概念卡片模板。"
    },
    {
      "text": "通过赚取海外的利润，反哺国内的产业升级，才是可持续发展的正道。",
      "narrativeType": "CONCLUSION",
      "template": "CAUSE_CHAIN",
      "expressionTag": "beat",
      "confidence": "medium",
      "reasoning": "因果链传导：赚取海外利润→反哺产业升级→可持续发展正道，三环递进，用因果链模板展示传导关系。"
    }
  ]
}
-------------------------------------------------------------------------------------------

======================================== REQUEST ========================================
time: 2026-06-28 21:12:43
provider: deepseek
model: deepseek-v4-pro
retries: 3

[PROMPT]
你是短视频字幕与画面细节处理专家。请把指定台词细化为字模显示参数。


## 完整段落上下文（仅供理解整体语境，判断当前句子的重要性）
华为的产品为什么都偏贵？是他的质量更好吗？

这篇视频让我来客观的告诉你，华为的东西贵在哪里。


## 🎯 待处理的目标文案
华为的产品为什么都偏贵？是他的质量更好吗？

## 目标文案content的数组结构
生成模板参数时，format为content_index的字段依据此数组选择匹配的索引，用于决定相应内容出现在动画中的时机

[
  {
    "index": 0,
    "text": "华为的产品为什么都偏贵？"
  },
  {
    "index": 1,
    "text": "是他的质量更好吗？"
  }
]


## 选定模板及参数规范

模板名称：BEAT_SEQUENCE

参数 Schema 说明：

{
  "type": "object",
  "properties": {
    "stages": {
      "type": "array",
      "minItems": 2,
      "maxItems": 4,
      "description": "配图序列：每条 stage 一张图；imageSrc、enterEffect、可选 tone（calm|alert）、可选 showFrom（对齐镜头外层 content[] 下标）",
      "items": {
        "type": "object",
        "required": [
          "imageSrc"
        ],
        "properties": {
          "imageSrc": {
            "type": "string",
            "format": "image_prompt",
            "description": "该节拍配图提示词"
          },
          "enterEffect": {
            "type": "string",
            "enum": [
              "breathe",
              "slideLeft",
              "slideBottom",
              "zoomIn",
              "fadeIn"
            ],
            "default": "breathe",
            "description": "入场效果"
          },
          "tone": {
            "type": "string",
            "enum": [
              "calm",
              "alert"
            ],
            "description": "首条可 calm，其余默认可 alert"
          },
          "showFrom": {
            "type": "content_index",
            "minimum": 0,
            "description": "镜头 item 外层 content 数组（与 param 同级）的 0-based 下标；从该条 startFrame 起显示本图。省略则等于当前 stages 下标 i（与第 i 条口播同步）"
          }
        }
      }
    }
  },
  "required": [
    "stages"
  ]
}

// 口播条数（已由程序写入 CONTENT_STR，勿在 param 中输出 content）：口播分句（item.content）至少 2 条；口播分句至多 4 条（超出会被校验器告警）


模板该项的示例供参考：

{
  "template": "BEAT_SEQUENCE",
  "param": {
    "stages": [
      {
        "imageSrc": "问句配图简笔画",
        "enterEffect": "breathe"
      },
      {
        "imageSrc": "转折警示配图",
        "enterEffect": "slideBottom"
      },
      {
        "imageSrc": "结论冲击配图",
        "enterEffect": "slideBottom"
      }
    ]
  }
}


注意：如果该模板生成的参数包含图片视觉描述（如 imageSrc / leftSrc / rightSrc 等等），请只描述纯视觉场景与动作，绝不要包含任何文字、标语或注音。


## 其他通用说明
1. 锚点（Anchor）— 克制与高价值（适用于 SCHEMA 或上文允许出现锚点/高亮时）：
   - 多数句子应**无锚点**；拿不准就留空或 `[]`，避免满屏高亮。
   - 如果一定需要锚点，只选**整段里真正的高潮、反转或核心名词**（宜 2～4 字、有记忆点）；平庸词、铺垫句不要做成锚点。
   - 颜色建议：`#EF4444`（警示/反转/负面/结论）、`#000000`（事实/术语/数据）。动画 `anim`：`spring` | `slideUp` | `popIn` | `highlight`。
   - 音效可选(仅写在锚点对象上的 `audioEffect`)：`impact_thud` | `ping` | `woosh`

2. 视觉标题与字幕分离（仅当 SCHEMA 要求 `notText` / `butText` / `conceptName`、或 DOS_AND_DONTS 的 `left.label` / `right.label` 等时）：

   - 填**极简关键词（约 2～6 字）**，禁止把整句台词搬进标题字段。



## 输出格式（严格 JSON，不要 markdown 代码块）
补全当前模板的param,非数组：
{ "param": { ... } }

===========================================================================================
---------------------------------------- RESPONSE ----------------------------------------
time: 2026-06-28 21:13:01
attempt: 1/3

[OUTPUT]
{"param":{"stages":[{"imageSrc":"简笔画人物侧影，头顶多个问号漂浮，浅蓝渐变背景","enterEffect":"breathe","tone":"calm"},{"imageSrc":"金色天平，左盘堆积金币，右盘立着一颗发光的钻石，深蓝背景","enterEffect":"slideBottom","tone":"alert"}]}}
-------------------------------------------------------------------------------------------

======================================== REQUEST ========================================
time: 2026-06-28 21:13:01
provider: deepseek
model: deepseek-v4-pro
retries: 3

[PROMPT]
你是短视频字幕与画面细节处理专家。请把指定台词细化为字模显示参数。


## 完整段落上下文（仅供理解整体语境，判断当前句子的重要性）
华为的产品为什么都偏贵？是他的质量更好吗？

这篇视频让我来客观的告诉你，华为的东西贵在哪里。


## 🎯 待处理的目标文案
这篇视频让我来客观的告诉你，华为的东西贵在哪里。

## 目标文案content的数组结构
生成模板参数时，format为content_index的字段依据此数组选择匹配的索引，用于决定相应内容出现在动画中的时机

[
  {
    "index": 0,
    "text": "这篇视频让我来客观的告诉你，"
  },
  {
    "index": 1,
    "text": "华为的东西贵在哪里。"
  }
]


## 选定模板及参数规范

模板名称：CENTER_FOCUS

参数 Schema 说明：

{
  "type": "object",
  "properties": {
    "imageSrc": {
      "type": "string",
      "format": "image_prompt",
      "description": "主图描述"
    },
    "enterEffect": {
      "type": "string",
      "enum": [
        "fadeIn",
        "slideLeft",
        "slideBottom",
        "zoomIn"
      ],
      "default": "fadeIn",
      "description": "图片入场方式（breathe 呼吸效果始终常驻，无需指定）"
    },
    "anchors": {
      "type": "array",
      "description": "可选；用于锚点词展示（顶部依次出现并保留为列表），并绑定锚点出现时机的音效。showFrom 须落在当前 content 条数范围内。注意 **保持克制，尽量少设置锚点** 只提取整段里真正的高潮、反转或核心名词",
      "items": {
        "type": "object",
        "required": [
          "text",
          "showFrom"
        ],
        "properties": {
          "text": {
            "type": "string",
            "description": "要展示的锚点词"
          },
          "showFrom": {
            "type": "integer",
            "format": "content_index",
            "description": "content 数组下标（0-based），非帧数；合法范围 0～(content 条数-1)，超出会被校验丢弃"
          },
          "color": {
            "type": "string"
          },
          "anim": {
            "type": "string",
            "enum": [
              "spring",
              "slideUp",
              "popIn",
              "highlight"
            ]
          },
          "audioEffect": {
            "type": "string",
            "enum": [
              "impact_thud",
              "ping",
              "woosh"
            ]
          }
        }
      }
    }
  },
  "required": [
    "imageSrc"
  ]
}


模板该项的示例供参考：

{
  "template": "CENTER_FOCUS",
  "param": {
    "imageSrc": "上班族坐在电脑前的简笔画图标",
    "enterEffect": "fadeIn",
    "anchors": [
      {
        "text": "可得性启发",
        "showFrom": 0,
        "color": "red"
      }
    ]
  }
}


注意：如果该模板生成的参数包含图片视觉描述（如 imageSrc / leftSrc / rightSrc 等等），请只描述纯视觉场景与动作，绝不要包含任何文字、标语或注音。


## 其他通用说明
1. 锚点（Anchor）— 克制与高价值（适用于 SCHEMA 或上文允许出现锚点/高亮时）：
   - 多数句子应**无锚点**；拿不准就留空或 `[]`，避免满屏高亮。
   - 如果一定需要锚点，只选**整段里真正的高潮、反转或核心名词**（宜 2～4 字、有记忆点）；平庸词、铺垫句不要做成锚点。
   - 颜色建议：`#EF4444`（警示/反转/负面/结论）、`#000000`（事实/术语/数据）。动画 `anim`：`spring` | `slideUp` | `popIn` | `highlight`。
   - 音效可选(仅写在锚点对象上的 `audioEffect`)：`impact_thud` | `ping` | `woosh`

2. 视觉标题与字幕分离（仅当 SCHEMA 要求 `notText` / `butText` / `conceptName`、或 DOS_AND_DONTS 的 `left.label` / `right.label` 等时）：

   - 填**极简关键词（约 2～6 字）**，禁止把整句台词搬进标题字段。



## 输出格式（严格 JSON，不要 markdown 代码块）
补全当前模板的param,非数组：
{ "param": { ... } }

===========================================================================================
---------------------------------------- RESPONSE ----------------------------------------
time: 2026-06-28 21:13:11
attempt: 1/3

[OUTPUT]
{
  "param": {
    "imageSrc": "A young male vlogger sitting at a desk, facing camera, hands gesturing in explanation, sincere expression, clean studio lighting, minimalist background with subtle tech-themed elements",
    "enterEffect": "fadeIn",
    "anchors": []
  }
}
-------------------------------------------------------------------------------------------

======================================== REQUEST ========================================
time: 2026-06-28 21:13:11
provider: deepseek
model: deepseek-v4-pro
retries: 3

[PROMPT]
你是短视频字幕与画面细节处理专家。请把指定台词细化为字模显示参数。


## 完整段落上下文（仅供理解整体语境，判断当前句子的重要性）
美国制裁以后，华为必须把产业链切到国内。

但是产业链有两类问题。

第一类，国内能做，但质量差。

摄像头、传感器、射频器件、屏幕、材料、精密制造。

你要达到别人差不多的效果，就要付出更高的成本。

你要控制成本，体验就会打折。

别人的钱，能花在性能、影像、续航、做工上。

华为的钱，有相当一部分，要花在“替代”这件事本身上。

第二类，国内根本没有成熟方案。

光刻机就是典型。

华为芯片名义国产，中芯国际在做。

但中芯国际用的光刻机依然是外国的，而且因为制裁买不到先进的光刻机。

只能用多重曝光，在受限设备上，硬造 7nm。

工艺越复杂，良品率越低。

别人生产一颗芯片花一块钱。

中芯国际可能要花十块。

即使做到了 7nm，也只是勉强别人的前几代产品。

当然，还有灰色路径。

通过中间商、白手套公司，采购国外零部件。

再把来源隐藏起来，包装成“国产突破”。

这条路不但有法律风险，还有供应风险。

为了规避追查，要层层转包。

价格比正常采购，贵很多。


## 🎯 待处理的目标文案
美国制裁以后，华为必须把产业链切到国内。

## 目标文案content的数组结构
生成模板参数时，format为content_index的字段依据此数组选择匹配的索引，用于决定相应内容出现在动画中的时机

[
  {
    "index": 0,
    "text": "美国制裁以后，"
  },
  {
    "index": 1,
    "text": "华为必须把产业链切到国内。"
  }
]


## 选定模板及参数规范

模板名称：CENTER_FOCUS

参数 Schema 说明：

{
  "type": "object",
  "properties": {
    "imageSrc": {
      "type": "string",
      "format": "image_prompt",
      "description": "主图描述"
    },
    "enterEffect": {
      "type": "string",
      "enum": [
        "fadeIn",
        "slideLeft",
        "slideBottom",
        "zoomIn"
      ],
      "default": "fadeIn",
      "description": "图片入场方式（breathe 呼吸效果始终常驻，无需指定）"
    },
    "anchors": {
      "type": "array",
      "description": "可选；用于锚点词展示（顶部依次出现并保留为列表），并绑定锚点出现时机的音效。showFrom 须落在当前 content 条数范围内。注意 **保持克制，尽量少设置锚点** 只提取整段里真正的高潮、反转或核心名词",
      "items": {
        "type": "object",
        "required": [
          "text",
          "showFrom"
        ],
        "properties": {
          "text": {
            "type": "string",
            "description": "要展示的锚点词"
          },
          "showFrom": {
            "type": "integer",
            "format": "content_index",
            "description": "content 数组下标（0-based），非帧数；合法范围 0～(content 条数-1)，超出会被校验丢弃"
          },
          "color": {
            "type": "string"
          },
          "anim": {
            "type": "string",
            "enum": [
              "spring",
              "slideUp",
              "popIn",
              "highlight"
            ]
          },
          "audioEffect": {
            "type": "string",
            "enum": [
              "impact_thud",
              "ping",
              "woosh"
            ]
          }
        }
      }
    }
  },
  "required": [
    "imageSrc"
  ]
}


模板该项的示例供参考：

{
  "template": "CENTER_FOCUS",
  "param": {
    "imageSrc": "上班族坐在电脑前的简笔画图标",
    "enterEffect": "fadeIn",
    "anchors": [
      {
        "text": "可得性启发",
        "showFrom": 0,
        "color": "red"
      }
    ]
  }
}


注意：如果该模板生成的参数包含图片视觉描述（如 imageSrc / leftSrc / rightSrc 等等），请只描述纯视觉场景与动作，绝不要包含任何文字、标语或注音。


## 其他通用说明
1. 锚点（Anchor）— 克制与高价值（适用于 SCHEMA 或上文允许出现锚点/高亮时）：
   - 多数句子应**无锚点**；拿不准就留空或 `[]`，避免满屏高亮。
   - 如果一定需要锚点，只选**整段里真正的高潮、反转或核心名词**（宜 2～4 字、有记忆点）；平庸词、铺垫句不要做成锚点。
   - 颜色建议：`#EF4444`（警示/反转/负面/结论）、`#000000`（事实/术语/数据）。动画 `anim`：`spring` | `slideUp` | `popIn` | `highlight`。
   - 音效可选(仅写在锚点对象上的 `audioEffect`)：`impact_thud` | `ping` | `woosh`

2. 视觉标题与字幕分离（仅当 SCHEMA 要求 `notText` / `butText` / `conceptName`、或 DOS_AND_DONTS 的 `left.label` / `right.label` 等时）：

   - 填**极简关键词（约 2～6 字）**，禁止把整句台词搬进标题字段。



## 输出格式（严格 JSON，不要 markdown 代码块）
补全当前模板的param,非数组：
{ "param": { ... } }

===========================================================================================
---------------------------------------- RESPONSE ----------------------------------------
time: 2026-06-28 21:13:20
attempt: 1/3

[OUTPUT]
{
  "param": {
    "imageSrc": "一条全球供应链被一面巨大的美国国旗图案的屏障截断，屏障前有华为标志的剪影，画面冷峻压抑",
    "enterEffect": "fadeIn",
    "anchors": [
      {
        "text": "美国制裁",
        "showFrom": 0,
        "color": "#EF4444",
        "anim": "spring",
        "audioEffect": "impact_thud"
      }
    ]
  }
}
-------------------------------------------------------------------------------------------

======================================== REQUEST ========================================
time: 2026-06-28 21:13:20
provider: deepseek
model: deepseek-v4-pro
retries: 3

[PROMPT]
你是短视频字幕与画面细节处理专家。请把指定台词细化为字模显示参数。


## 完整段落上下文（仅供理解整体语境，判断当前句子的重要性）
美国制裁以后，华为必须把产业链切到国内。

但是产业链有两类问题。

第一类，国内能做，但质量差。

摄像头、传感器、射频器件、屏幕、材料、精密制造。

你要达到别人差不多的效果，就要付出更高的成本。

你要控制成本，体验就会打折。

别人的钱，能花在性能、影像、续航、做工上。

华为的钱，有相当一部分，要花在“替代”这件事本身上。

第二类，国内根本没有成熟方案。

光刻机就是典型。

华为芯片名义国产，中芯国际在做。

但中芯国际用的光刻机依然是外国的，而且因为制裁买不到先进的光刻机。

只能用多重曝光，在受限设备上，硬造 7nm。

工艺越复杂，良品率越低。

别人生产一颗芯片花一块钱。

中芯国际可能要花十块。

即使做到了 7nm，也只是勉强别人的前几代产品。

当然，还有灰色路径。

通过中间商、白手套公司，采购国外零部件。

再把来源隐藏起来，包装成“国产突破”。

这条路不但有法律风险，还有供应风险。

为了规避追查，要层层转包。

价格比正常采购，贵很多。


## 🎯 待处理的目标文案
但是产业链有两类问题。第一类，国内能做，但质量差。

## 目标文案content的数组结构
生成模板参数时，format为content_index的字段依据此数组选择匹配的索引，用于决定相应内容出现在动画中的时机

[
  {
    "index": 0,
    "text": "但是产业链有两类问题。"
  },
  {
    "index": 1,
    "text": "第一类，"
  },
  {
    "index": 2,
    "text": "国内能做，"
  },
  {
    "index": 3,
    "text": "但质量差。"
  }
]


## 选定模板及参数规范

模板名称：CENTER_FOCUS

参数 Schema 说明：

{
  "type": "object",
  "properties": {
    "imageSrc": {
      "type": "string",
      "format": "image_prompt",
      "description": "主图描述"
    },
    "enterEffect": {
      "type": "string",
      "enum": [
        "fadeIn",
        "slideLeft",
        "slideBottom",
        "zoomIn"
      ],
      "default": "fadeIn",
      "description": "图片入场方式（breathe 呼吸效果始终常驻，无需指定）"
    },
    "anchors": {
      "type": "array",
      "description": "可选；用于锚点词展示（顶部依次出现并保留为列表），并绑定锚点出现时机的音效。showFrom 须落在当前 content 条数范围内。注意 **保持克制，尽量少设置锚点** 只提取整段里真正的高潮、反转或核心名词",
      "items": {
        "type": "object",
        "required": [
          "text",
          "showFrom"
        ],
        "properties": {
          "text": {
            "type": "string",
            "description": "要展示的锚点词"
          },
          "showFrom": {
            "type": "integer",
            "format": "content_index",
            "description": "content 数组下标（0-based），非帧数；合法范围 0～(content 条数-1)，超出会被校验丢弃"
          },
          "color": {
            "type": "string"
          },
          "anim": {
            "type": "string",
            "enum": [
              "spring",
              "slideUp",
              "popIn",
              "highlight"
            ]
          },
          "audioEffect": {
            "type": "string",
            "enum": [
              "impact_thud",
              "ping",
              "woosh"
            ]
          }
        }
      }
    }
  },
  "required": [
    "imageSrc"
  ]
}


模板该项的示例供参考：

{
  "template": "CENTER_FOCUS",
  "param": {
    "imageSrc": "上班族坐在电脑前的简笔画图标",
    "enterEffect": "fadeIn",
    "anchors": [
      {
        "text": "可得性启发",
        "showFrom": 0,
        "color": "red"
      }
    ]
  }
}


注意：如果该模板生成的参数包含图片视觉描述（如 imageSrc / leftSrc / rightSrc 等等），请只描述纯视觉场景与动作，绝不要包含任何文字、标语或注音。


## 其他通用说明
1. 锚点（Anchor）— 克制与高价值（适用于 SCHEMA 或上文允许出现锚点/高亮时）：
   - 多数句子应**无锚点**；拿不准就留空或 `[]`，避免满屏高亮。
   - 如果一定需要锚点，只选**整段里真正的高潮、反转或核心名词**（宜 2～4 字、有记忆点）；平庸词、铺垫句不要做成锚点。
   - 颜色建议：`#EF4444`（警示/反转/负面/结论）、`#000000`（事实/术语/数据）。动画 `anim`：`spring` | `slideUp` | `popIn` | `highlight`。
   - 音效可选(仅写在锚点对象上的 `audioEffect`)：`impact_thud` | `ping` | `woosh`

2. 视觉标题与字幕分离（仅当 SCHEMA 要求 `notText` / `butText` / `conceptName`、或 DOS_AND_DONTS 的 `left.label` / `right.label` 等时）：

   - 填**极简关键词（约 2～6 字）**，禁止把整句台词搬进标题字段。



## 输出格式（严格 JSON，不要 markdown 代码块）
补全当前模板的param,非数组：
{ "param": { ... } }

===========================================================================================
---------------------------------------- RESPONSE ----------------------------------------
time: 2026-06-28 21:13:28
attempt: 1/3

[OUTPUT]
{
  "param": {
    "imageSrc": "一条金属链条的中段连接处出现裂痕，背景是虚化的工厂轮廓，暗示供应关系中的薄弱环节",
    "enterEffect": "fadeIn",
    "anchors": [
      {
        "text": "质量差",
        "showFrom": 3,
        "color": "#EF4444",
        "anim": "spring",
        "audioEffect": "impact_thud"
      }
    ]
  }
}
-------------------------------------------------------------------------------------------

======================================== REQUEST ========================================
time: 2026-06-28 21:13:28
provider: deepseek
model: deepseek-v4-pro
retries: 3

[PROMPT]
你是短视频字幕与画面细节处理专家。请把指定台词细化为字模显示参数。


## 完整段落上下文（仅供理解整体语境，判断当前句子的重要性）
美国制裁以后，华为必须把产业链切到国内。

但是产业链有两类问题。

第一类，国内能做，但质量差。

摄像头、传感器、射频器件、屏幕、材料、精密制造。

你要达到别人差不多的效果，就要付出更高的成本。

你要控制成本，体验就会打折。

别人的钱，能花在性能、影像、续航、做工上。

华为的钱，有相当一部分，要花在“替代”这件事本身上。

第二类，国内根本没有成熟方案。

光刻机就是典型。

华为芯片名义国产，中芯国际在做。

但中芯国际用的光刻机依然是外国的，而且因为制裁买不到先进的光刻机。

只能用多重曝光，在受限设备上，硬造 7nm。

工艺越复杂，良品率越低。

别人生产一颗芯片花一块钱。

中芯国际可能要花十块。

即使做到了 7nm，也只是勉强别人的前几代产品。

当然，还有灰色路径。

通过中间商、白手套公司，采购国外零部件。

再把来源隐藏起来，包装成“国产突破”。

这条路不但有法律风险，还有供应风险。

为了规避追查，要层层转包。

价格比正常采购，贵很多。


## 🎯 待处理的目标文案
摄像头、传感器、射频器件、屏幕、材料、精密制造。

## 目标文案content的数组结构
生成模板参数时，format为content_index的字段依据此数组选择匹配的索引，用于决定相应内容出现在动画中的时机

[
  {
    "index": 0,
    "text": "摄像头、"
  },
  {
    "index": 1,
    "text": "传感器、"
  },
  {
    "index": 2,
    "text": "射频器件、"
  },
  {
    "index": 3,
    "text": "屏幕、"
  },
  {
    "index": 4,
    "text": "材料、"
  },
  {
    "index": 5,
    "text": "精密制造。"
  }
]


## 选定模板及参数规范

模板名称：CENTER_FOCUS

参数 Schema 说明：

{
  "type": "object",
  "properties": {
    "imageSrc": {
      "type": "string",
      "format": "image_prompt",
      "description": "主图描述"
    },
    "enterEffect": {
      "type": "string",
      "enum": [
        "fadeIn",
        "slideLeft",
        "slideBottom",
        "zoomIn"
      ],
      "default": "fadeIn",
      "description": "图片入场方式（breathe 呼吸效果始终常驻，无需指定）"
    },
    "anchors": {
      "type": "array",
      "description": "可选；用于锚点词展示（顶部依次出现并保留为列表），并绑定锚点出现时机的音效。showFrom 须落在当前 content 条数范围内。注意 **保持克制，尽量少设置锚点** 只提取整段里真正的高潮、反转或核心名词",
      "items": {
        "type": "object",
        "required": [
          "text",
          "showFrom"
        ],
        "properties": {
          "text": {
            "type": "string",
            "description": "要展示的锚点词"
          },
          "showFrom": {
            "type": "integer",
            "format": "content_index",
            "description": "content 数组下标（0-based），非帧数；合法范围 0～(content 条数-1)，超出会被校验丢弃"
          },
          "color": {
            "type": "string"
          },
          "anim": {
            "type": "string",
            "enum": [
              "spring",
              "slideUp",
              "popIn",
              "highlight"
            ]
          },
          "audioEffect": {
            "type": "string",
            "enum": [
              "impact_thud",
              "ping",
              "woosh"
            ]
          }
        }
      }
    }
  },
  "required": [
    "imageSrc"
  ]
}


模板该项的示例供参考：

{
  "template": "CENTER_FOCUS",
  "param": {
    "imageSrc": "上班族坐在电脑前的简笔画图标",
    "enterEffect": "fadeIn",
    "anchors": [
      {
        "text": "可得性启发",
        "showFrom": 0,
        "color": "red"
      }
    ]
  }
}


注意：如果该模板生成的参数包含图片视觉描述（如 imageSrc / leftSrc / rightSrc 等等），请只描述纯视觉场景与动作，绝不要包含任何文字、标语或注音。


## 其他通用说明
1. 锚点（Anchor）— 克制与高价值（适用于 SCHEMA 或上文允许出现锚点/高亮时）：
   - 多数句子应**无锚点**；拿不准就留空或 `[]`，避免满屏高亮。
   - 如果一定需要锚点，只选**整段里真正的高潮、反转或核心名词**（宜 2～4 字、有记忆点）；平庸词、铺垫句不要做成锚点。
   - 颜色建议：`#EF4444`（警示/反转/负面/结论）、`#000000`（事实/术语/数据）。动画 `anim`：`spring` | `slideUp` | `popIn` | `highlight`。
   - 音效可选(仅写在锚点对象上的 `audioEffect`)：`impact_thud` | `ping` | `woosh`

2. 视觉标题与字幕分离（仅当 SCHEMA 要求 `notText` / `butText` / `conceptName`、或 DOS_AND_DONTS 的 `left.label` / `right.label` 等时）：

   - 填**极简关键词（约 2～6 字）**，禁止把整句台词搬进标题字段。



## 输出格式（严格 JSON，不要 markdown 代码块）
补全当前模板的param,非数组：
{ "param": { ... } }

===========================================================================================
---------------------------------------- RESPONSE ----------------------------------------
time: 2026-06-28 21:13:39
attempt: 1/3

[OUTPUT]
{"param": {"imageSrc": "一块科技蓝调电路板特写，上面密集镶嵌微型摄像头镜片、方形传感器芯片、金属射频器件、薄屏面板与精密齿轮零件，柔和侧光勾勒金属与玻璃质感", "enterEffect": "fadeIn", "anchors": []}}
-------------------------------------------------------------------------------------------

======================================== REQUEST ========================================
time: 2026-06-28 21:13:39
provider: deepseek
model: deepseek-v4-pro
retries: 3

[PROMPT]
你是短视频字幕与画面细节处理专家。请把指定台词细化为字模显示参数。


## 完整段落上下文（仅供理解整体语境，判断当前句子的重要性）
美国制裁以后，华为必须把产业链切到国内。

但是产业链有两类问题。

第一类，国内能做，但质量差。

摄像头、传感器、射频器件、屏幕、材料、精密制造。

你要达到别人差不多的效果，就要付出更高的成本。

你要控制成本，体验就会打折。

别人的钱，能花在性能、影像、续航、做工上。

华为的钱，有相当一部分，要花在“替代”这件事本身上。

第二类，国内根本没有成熟方案。

光刻机就是典型。

华为芯片名义国产，中芯国际在做。

但中芯国际用的光刻机依然是外国的，而且因为制裁买不到先进的光刻机。

只能用多重曝光，在受限设备上，硬造 7nm。

工艺越复杂，良品率越低。

别人生产一颗芯片花一块钱。

中芯国际可能要花十块。

即使做到了 7nm，也只是勉强别人的前几代产品。

当然，还有灰色路径。

通过中间商、白手套公司，采购国外零部件。

再把来源隐藏起来，包装成“国产突破”。

这条路不但有法律风险，还有供应风险。

为了规避追查，要层层转包。

价格比正常采购，贵很多。


## 🎯 待处理的目标文案
你要达到别人差不多的效果，就要付出更高的成本。你要控制成本，体验就会打折。

## 目标文案content的数组结构
生成模板参数时，format为content_index的字段依据此数组选择匹配的索引，用于决定相应内容出现在动画中的时机

[
  {
    "index": 0,
    "text": "你要达到别人差不多的效果，"
  },
  {
    "index": 1,
    "text": "就要付出更高的成本。"
  },
  {
    "index": 2,
    "text": "你要控制成本，"
  },
  {
    "index": 3,
    "text": "体验就会打折。"
  }
]


## 选定模板及参数规范

模板名称：BEAT_SEQUENCE

参数 Schema 说明：

{
  "type": "object",
  "properties": {
    "stages": {
      "type": "array",
      "minItems": 2,
      "maxItems": 4,
      "description": "配图序列：每条 stage 一张图；imageSrc、enterEffect、可选 tone（calm|alert）、可选 showFrom（对齐镜头外层 content[] 下标）",
      "items": {
        "type": "object",
        "required": [
          "imageSrc"
        ],
        "properties": {
          "imageSrc": {
            "type": "string",
            "format": "image_prompt",
            "description": "该节拍配图提示词"
          },
          "enterEffect": {
            "type": "string",
            "enum": [
              "breathe",
              "slideLeft",
              "slideBottom",
              "zoomIn",
              "fadeIn"
            ],
            "default": "breathe",
            "description": "入场效果"
          },
          "tone": {
            "type": "string",
            "enum": [
              "calm",
              "alert"
            ],
            "description": "首条可 calm，其余默认可 alert"
          },
          "showFrom": {
            "type": "content_index",
            "minimum": 0,
            "description": "镜头 item 外层 content 数组（与 param 同级）的 0-based 下标；从该条 startFrame 起显示本图。省略则等于当前 stages 下标 i（与第 i 条口播同步）"
          }
        }
      }
    }
  },
  "required": [
    "stages"
  ]
}

// 口播条数（已由程序写入 CONTENT_STR，勿在 param 中输出 content）：口播分句（item.content）至少 2 条；口播分句至多 4 条（超出会被校验器告警）


模板该项的示例供参考：

{
  "template": "BEAT_SEQUENCE",
  "param": {
    "stages": [
      {
        "imageSrc": "问句配图简笔画",
        "enterEffect": "breathe"
      },
      {
        "imageSrc": "转折警示配图",
        "enterEffect": "slideBottom"
      },
      {
        "imageSrc": "结论冲击配图",
        "enterEffect": "slideBottom"
      }
    ]
  }
}


注意：如果该模板生成的参数包含图片视觉描述（如 imageSrc / leftSrc / rightSrc 等等），请只描述纯视觉场景与动作，绝不要包含任何文字、标语或注音。


## 其他通用说明
1. 锚点（Anchor）— 克制与高价值（适用于 SCHEMA 或上文允许出现锚点/高亮时）：
   - 多数句子应**无锚点**；拿不准就留空或 `[]`，避免满屏高亮。
   - 如果一定需要锚点，只选**整段里真正的高潮、反转或核心名词**（宜 2～4 字、有记忆点）；平庸词、铺垫句不要做成锚点。
   - 颜色建议：`#EF4444`（警示/反转/负面/结论）、`#000000`（事实/术语/数据）。动画 `anim`：`spring` | `slideUp` | `popIn` | `highlight`。
   - 音效可选(仅写在锚点对象上的 `audioEffect`)：`impact_thud` | `ping` | `woosh`

2. 视觉标题与字幕分离（仅当 SCHEMA 要求 `notText` / `butText` / `conceptName`、或 DOS_AND_DONTS 的 `left.label` / `right.label` 等时）：

   - 填**极简关键词（约 2～6 字）**，禁止把整句台词搬进标题字段。



## 输出格式（严格 JSON，不要 markdown 代码块）
补全当前模板的param,非数组：
{ "param": { ... } }

===========================================================================================
---------------------------------------- RESPONSE ----------------------------------------
time: 2026-06-28 21:13:52
attempt: 1/3

[OUTPUT]
{
  "param": {
    "stages": [
      {
        "imageSrc": "一只箭头指向两个相似的手机轮廓，其中一个略模糊",
        "enterEffect": "breathe",
        "tone": "calm"
      },
      {
        "imageSrc": "天平一端堆着金币，另一端放着一块芯片，金币一侧下沉",
        "enterEffect": "slideBottom",
        "tone": "alert"
      },
      {
        "imageSrc": "一只手握着剪刀，正剪断写有成本字样的绳子",
        "enterEffect": "slideBottom",
        "tone": "alert"
      },
      {
        "imageSrc": "一块屏幕出现裂纹，旁边悬浮一个打折标签",
        "enterEffect": "slideBottom",
        "tone": "alert"
      }
    ]
  }
}
-------------------------------------------------------------------------------------------

======================================== REQUEST ========================================
time: 2026-06-28 21:13:52
provider: deepseek
model: deepseek-v4-pro
retries: 3

[PROMPT]
你是短视频字幕与画面细节处理专家。请把指定台词细化为字模显示参数。


## 完整段落上下文（仅供理解整体语境，判断当前句子的重要性）
美国制裁以后，华为必须把产业链切到国内。

但是产业链有两类问题。

第一类，国内能做，但质量差。

摄像头、传感器、射频器件、屏幕、材料、精密制造。

你要达到别人差不多的效果，就要付出更高的成本。

你要控制成本，体验就会打折。

别人的钱，能花在性能、影像、续航、做工上。

华为的钱，有相当一部分，要花在“替代”这件事本身上。

第二类，国内根本没有成熟方案。

光刻机就是典型。

华为芯片名义国产，中芯国际在做。

但中芯国际用的光刻机依然是外国的，而且因为制裁买不到先进的光刻机。

只能用多重曝光，在受限设备上，硬造 7nm。

工艺越复杂，良品率越低。

别人生产一颗芯片花一块钱。

中芯国际可能要花十块。

即使做到了 7nm，也只是勉强别人的前几代产品。

当然，还有灰色路径。

通过中间商、白手套公司，采购国外零部件。

再把来源隐藏起来，包装成“国产突破”。

这条路不但有法律风险，还有供应风险。

为了规避追查，要层层转包。

价格比正常采购，贵很多。


## 🎯 待处理的目标文案
别人的钱，能花在性能、影像、续航、做工上。华为的钱，有相当一部分，要花在“替代”这件事本身上。

## 目标文案content的数组结构
生成模板参数时，format为content_index的字段依据此数组选择匹配的索引，用于决定相应内容出现在动画中的时机

[
  {
    "index": 0,
    "text": "别人的钱，"
  },
  {
    "index": 1,
    "text": "能花在性能、"
  },
  {
    "index": 2,
    "text": "影像、"
  },
  {
    "index": 3,
    "text": "续航、"
  },
  {
    "index": 4,
    "text": "做工上。"
  },
  {
    "index": 5,
    "text": "华为的钱，"
  },
  {
    "index": 6,
    "text": "有相当一部分，"
  },
  {
    "index": 7,
    "text": "要花在“替代”这件事本身上。"
  }
]


## 选定模板及参数规范

模板名称：SPLIT_COMPARE

参数 Schema 说明：

{
  "type": "object",
  "properties": {
    "leftSrc": {
      "type": "string",
      "format": "image_prompt",
      "description": "左侧图片描述"
    },
    "rightSrc": {
      "type": "string",
      "format": "image_prompt",
      "description": "右侧图片描述"
    },
    "leftLabel": {
      "type": "string",
      "description": "左侧标签（2～6 字为宜）"
    },
    "rightLabel": {
      "type": "string",
      "description": "右侧标签（2～6 字为宜）"
    },
    "leftShowFrom": {
      "type": "integer",
      "format": "content_index",
      "description": "左侧图与标签出现的时刻：取 content 数组下标（0-based），入场帧为该条的 startFrame；省略或越界则从 0 帧起"
    },
    "rightShowFrom": {
      "type": "integer",
      "format": "content_index",
      "description": "右侧图与标签出现的时刻：取 content 数组下标（0-based），入场帧为该条的 startFrame；省略或越界则从 0 帧起"
    }
  },
  "required": [
    "leftSrc",
    "rightSrc",
    "leftLabel",
    "rightLabel"
  ]
}


模板该项的示例供参考：

{
  "template": "SPLIT_COMPARE",
  "param": {
    "leftSrc": "传统低效工作图标",
    "rightSrc": "高效数字工具图标",
    "leftLabel": "旧方法",
    "rightLabel": "新方法"
  }
}


注意：如果该模板生成的参数包含图片视觉描述（如 imageSrc / leftSrc / rightSrc 等等），请只描述纯视觉场景与动作，绝不要包含任何文字、标语或注音。


## 其他通用说明
1. 锚点（Anchor）— 克制与高价值（适用于 SCHEMA 或上文允许出现锚点/高亮时）：
   - 多数句子应**无锚点**；拿不准就留空或 `[]`，避免满屏高亮。
   - 如果一定需要锚点，只选**整段里真正的高潮、反转或核心名词**（宜 2～4 字、有记忆点）；平庸词、铺垫句不要做成锚点。
   - 颜色建议：`#EF4444`（警示/反转/负面/结论）、`#000000`（事实/术语/数据）。动画 `anim`：`spring` | `slideUp` | `popIn` | `highlight`。
   - 音效可选(仅写在锚点对象上的 `audioEffect`)：`impact_thud` | `ping` | `woosh`

2. 视觉标题与字幕分离（仅当 SCHEMA 要求 `notText` / `butText` / `conceptName`、或 DOS_AND_DONTS 的 `left.label` / `right.label` 等时）：

   - 填**极简关键词（约 2～6 字）**，禁止把整句台词搬进标题字段。



## 输出格式（严格 JSON，不要 markdown 代码块）
补全当前模板的param,非数组：
{ "param": { ... } }

===========================================================================================
---------------------------------------- RESPONSE ----------------------------------------
time: 2026-06-28 21:14:09
attempt: 1/3

[OUTPUT]
{
  "param": {
    "leftSrc": "一部高端智能手机的分解特写，镜头掠过精致的摄像头模组、大容量电池和金属中框，光线映衬出工艺细节，象征资金注入产品体验优化。",
    "rightSrc": "昏暗的工厂里，机械臂反复夹取残缺芯片，旁边堆满替代零件与工具，地面散落断裂的供应链链条，烘托出替代生产的高昂代价。",
    "leftLabel": "产品研发",
    "rightLabel": "替代成本",
    "leftShowFrom": 0,
    "rightShowFrom": 5
  }
}
-------------------------------------------------------------------------------------------

======================================== REQUEST ========================================
time: 2026-06-28 21:14:09
provider: deepseek
model: deepseek-v4-pro
retries: 3

[PROMPT]
你是短视频字幕与画面细节处理专家。请把指定台词细化为字模显示参数。


## 完整段落上下文（仅供理解整体语境，判断当前句子的重要性）
美国制裁以后，华为必须把产业链切到国内。

但是产业链有两类问题。

第一类，国内能做，但质量差。

摄像头、传感器、射频器件、屏幕、材料、精密制造。

你要达到别人差不多的效果，就要付出更高的成本。

你要控制成本，体验就会打折。

别人的钱，能花在性能、影像、续航、做工上。

华为的钱，有相当一部分，要花在“替代”这件事本身上。

第二类，国内根本没有成熟方案。

光刻机就是典型。

华为芯片名义国产，中芯国际在做。

但中芯国际用的光刻机依然是外国的，而且因为制裁买不到先进的光刻机。

只能用多重曝光，在受限设备上，硬造 7nm。

工艺越复杂，良品率越低。

别人生产一颗芯片花一块钱。

中芯国际可能要花十块。

即使做到了 7nm，也只是勉强别人的前几代产品。

当然，还有灰色路径。

通过中间商、白手套公司，采购国外零部件。

再把来源隐藏起来，包装成“国产突破”。

这条路不但有法律风险，还有供应风险。

为了规避追查，要层层转包。

价格比正常采购，贵很多。


## 🎯 待处理的目标文案
第二类，国内根本没有成熟方案。光刻机就是典型。

## 目标文案content的数组结构
生成模板参数时，format为content_index的字段依据此数组选择匹配的索引，用于决定相应内容出现在动画中的时机

[
  {
    "index": 0,
    "text": "第二类，"
  },
  {
    "index": 1,
    "text": "国内根本没有成熟方案。"
  },
  {
    "index": 2,
    "text": "光刻机就是典型。"
  }
]


## 选定模板及参数规范

模板名称：BEAT_SEQUENCE

参数 Schema 说明：

{
  "type": "object",
  "properties": {
    "stages": {
      "type": "array",
      "minItems": 2,
      "maxItems": 4,
      "description": "配图序列：每条 stage 一张图；imageSrc、enterEffect、可选 tone（calm|alert）、可选 showFrom（对齐镜头外层 content[] 下标）",
      "items": {
        "type": "object",
        "required": [
          "imageSrc"
        ],
        "properties": {
          "imageSrc": {
            "type": "string",
            "format": "image_prompt",
            "description": "该节拍配图提示词"
          },
          "enterEffect": {
            "type": "string",
            "enum": [
              "breathe",
              "slideLeft",
              "slideBottom",
              "zoomIn",
              "fadeIn"
            ],
            "default": "breathe",
            "description": "入场效果"
          },
          "tone": {
            "type": "string",
            "enum": [
              "calm",
              "alert"
            ],
            "description": "首条可 calm，其余默认可 alert"
          },
          "showFrom": {
            "type": "content_index",
            "minimum": 0,
            "description": "镜头 item 外层 content 数组（与 param 同级）的 0-based 下标；从该条 startFrame 起显示本图。省略则等于当前 stages 下标 i（与第 i 条口播同步）"
          }
        }
      }
    }
  },
  "required": [
    "stages"
  ]
}

// 口播条数（已由程序写入 CONTENT_STR，勿在 param 中输出 content）：口播分句（item.content）至少 2 条；口播分句至多 4 条（超出会被校验器告警）


模板该项的示例供参考：

{
  "template": "BEAT_SEQUENCE",
  "param": {
    "stages": [
      {
        "imageSrc": "问句配图简笔画",
        "enterEffect": "breathe"
      },
      {
        "imageSrc": "转折警示配图",
        "enterEffect": "slideBottom"
      },
      {
        "imageSrc": "结论冲击配图",
        "enterEffect": "slideBottom"
      }
    ]
  }
}


注意：如果该模板生成的参数包含图片视觉描述（如 imageSrc / leftSrc / rightSrc 等等），请只描述纯视觉场景与动作，绝不要包含任何文字、标语或注音。


## 其他通用说明
1. 锚点（Anchor）— 克制与高价值（适用于 SCHEMA 或上文允许出现锚点/高亮时）：
   - 多数句子应**无锚点**；拿不准就留空或 `[]`，避免满屏高亮。
   - 如果一定需要锚点，只选**整段里真正的高潮、反转或核心名词**（宜 2～4 字、有记忆点）；平庸词、铺垫句不要做成锚点。
   - 颜色建议：`#EF4444`（警示/反转/负面/结论）、`#000000`（事实/术语/数据）。动画 `anim`：`spring` | `slideUp` | `popIn` | `highlight`。
   - 音效可选(仅写在锚点对象上的 `audioEffect`)：`impact_thud` | `ping` | `woosh`

2. 视觉标题与字幕分离（仅当 SCHEMA 要求 `notText` / `butText` / `conceptName`、或 DOS_AND_DONTS 的 `left.label` / `right.label` 等时）：

   - 填**极简关键词（约 2～6 字）**，禁止把整句台词搬进标题字段。



## 输出格式（严格 JSON，不要 markdown 代码块）
补全当前模板的param,非数组：
{ "param": { ... } }

===========================================================================================
---------------------------------------- RESPONSE ----------------------------------------
time: 2026-06-28 21:14:19
attempt: 1/3

[OUTPUT]
{
  "param": {
    "stages": [
      {
        "imageSrc": "abstract split arrow indicating a branching path, simple line art, minimal style",
        "enterEffect": "breathe",
        "tone": "calm"
      },
      {
        "imageSrc": "empty sterile laboratory with no equipment, void of technology, dark mood",
        "enterEffect": "slideBottom",
        "tone": "alert"
      },
      {
        "imageSrc": "outline of a lithography machine enclosed by chains and a fence, restricted, dramatic lighting",
        "enterEffect": "zoomIn",
        "tone": "alert"
      }
    ]
  }
}
-------------------------------------------------------------------------------------------

======================================== REQUEST ========================================
time: 2026-06-28 21:14:19
provider: deepseek
model: deepseek-v4-pro
retries: 3

[PROMPT]
你是短视频字幕与画面细节处理专家。请把指定台词细化为字模显示参数。


## 完整段落上下文（仅供理解整体语境，判断当前句子的重要性）
美国制裁以后，华为必须把产业链切到国内。

但是产业链有两类问题。

第一类，国内能做，但质量差。

摄像头、传感器、射频器件、屏幕、材料、精密制造。

你要达到别人差不多的效果，就要付出更高的成本。

你要控制成本，体验就会打折。

别人的钱，能花在性能、影像、续航、做工上。

华为的钱，有相当一部分，要花在“替代”这件事本身上。

第二类，国内根本没有成熟方案。

光刻机就是典型。

华为芯片名义国产，中芯国际在做。

但中芯国际用的光刻机依然是外国的，而且因为制裁买不到先进的光刻机。

只能用多重曝光，在受限设备上，硬造 7nm。

工艺越复杂，良品率越低。

别人生产一颗芯片花一块钱。

中芯国际可能要花十块。

即使做到了 7nm，也只是勉强别人的前几代产品。

当然，还有灰色路径。

通过中间商、白手套公司，采购国外零部件。

再把来源隐藏起来，包装成“国产突破”。

这条路不但有法律风险，还有供应风险。

为了规避追查，要层层转包。

价格比正常采购，贵很多。


## 🎯 待处理的目标文案
华为芯片名义国产，中芯国际在做。但中芯国际用的光刻机依然是外国的，而且因为制裁买不到先进的光刻机。

## 目标文案content的数组结构
生成模板参数时，format为content_index的字段依据此数组选择匹配的索引，用于决定相应内容出现在动画中的时机

[
  {
    "index": 0,
    "text": "华为芯片名义国产，"
  },
  {
    "index": 1,
    "text": "中芯国际在做。"
  },
  {
    "index": 2,
    "text": "但中芯国际用的光刻机依然是外国的，"
  },
  {
    "index": 3,
    "text": "而且因为制裁买不到先进的光刻机。"
  }
]


## 选定模板及参数规范

模板名称：BEAT_SEQUENCE

参数 Schema 说明：

{
  "type": "object",
  "properties": {
    "stages": {
      "type": "array",
      "minItems": 2,
      "maxItems": 4,
      "description": "配图序列：每条 stage 一张图；imageSrc、enterEffect、可选 tone（calm|alert）、可选 showFrom（对齐镜头外层 content[] 下标）",
      "items": {
        "type": "object",
        "required": [
          "imageSrc"
        ],
        "properties": {
          "imageSrc": {
            "type": "string",
            "format": "image_prompt",
            "description": "该节拍配图提示词"
          },
          "enterEffect": {
            "type": "string",
            "enum": [
              "breathe",
              "slideLeft",
              "slideBottom",
              "zoomIn",
              "fadeIn"
            ],
            "default": "breathe",
            "description": "入场效果"
          },
          "tone": {
            "type": "string",
            "enum": [
              "calm",
              "alert"
            ],
            "description": "首条可 calm，其余默认可 alert"
          },
          "showFrom": {
            "type": "content_index",
            "minimum": 0,
            "description": "镜头 item 外层 content 数组（与 param 同级）的 0-based 下标；从该条 startFrame 起显示本图。省略则等于当前 stages 下标 i（与第 i 条口播同步）"
          }
        }
      }
    }
  },
  "required": [
    "stages"
  ]
}

// 口播条数（已由程序写入 CONTENT_STR，勿在 param 中输出 content）：口播分句（item.content）至少 2 条；口播分句至多 4 条（超出会被校验器告警）


模板该项的示例供参考：

{
  "template": "BEAT_SEQUENCE",
  "param": {
    "stages": [
      {
        "imageSrc": "问句配图简笔画",
        "enterEffect": "breathe"
      },
      {
        "imageSrc": "转折警示配图",
        "enterEffect": "slideBottom"
      },
      {
        "imageSrc": "结论冲击配图",
        "enterEffect": "slideBottom"
      }
    ]
  }
}


注意：如果该模板生成的参数包含图片视觉描述（如 imageSrc / leftSrc / rightSrc 等等），请只描述纯视觉场景与动作，绝不要包含任何文字、标语或注音。


## 其他通用说明
1. 锚点（Anchor）— 克制与高价值（适用于 SCHEMA 或上文允许出现锚点/高亮时）：
   - 多数句子应**无锚点**；拿不准就留空或 `[]`，避免满屏高亮。
   - 如果一定需要锚点，只选**整段里真正的高潮、反转或核心名词**（宜 2～4 字、有记忆点）；平庸词、铺垫句不要做成锚点。
   - 颜色建议：`#EF4444`（警示/反转/负面/结论）、`#000000`（事实/术语/数据）。动画 `anim`：`spring` | `slideUp` | `popIn` | `highlight`。
   - 音效可选(仅写在锚点对象上的 `audioEffect`)：`impact_thud` | `ping` | `woosh`

2. 视觉标题与字幕分离（仅当 SCHEMA 要求 `notText` / `butText` / `conceptName`、或 DOS_AND_DONTS 的 `left.label` / `right.label` 等时）：

   - 填**极简关键词（约 2～6 字）**，禁止把整句台词搬进标题字段。



## 输出格式（严格 JSON，不要 markdown 代码块）
补全当前模板的param,非数组：
{ "param": { ... } }

===========================================================================================
---------------------------------------- RESPONSE ----------------------------------------
time: 2026-06-28 21:14:36
attempt: 1/3

[OUTPUT]
{
  "param": {
    "stages": [
      {
        "imageSrc": "一枚手机芯片表面隐约浮现华为标志，但内部电路路径引向远方欧美风格的建筑群",
        "enterEffect": "breathe",
        "tone": "calm"
      },
      {
        "imageSrc": "中芯国际的晶圆厂内，穿着无尘服的工程师在操作台前监控生产",
        "enterEffect": "zoomIn",
        "tone": "calm"
      },
      {
        "imageSrc": "一台巨大的极紫外光刻机，外壳有警示条纹，下方微缩的外国国旗图案隐约可见",
        "enterEffect": "slideBottom",
        "tone": "alert"
      },
      {
        "imageSrc": "光刻机被一圈红色禁令锁链缠绕，远方货轮上的集装箱标着「禁运」符号无法靠近",
        "enterEffect": "slideBottom",
        "tone": "alert"
      }
    ]
  }
}
-------------------------------------------------------------------------------------------

======================================== REQUEST ========================================
time: 2026-06-28 21:14:36
provider: deepseek
model: deepseek-v4-pro
retries: 3

[PROMPT]
你是短视频字幕与画面细节处理专家。请把指定台词细化为字模显示参数。


## 完整段落上下文（仅供理解整体语境，判断当前句子的重要性）
美国制裁以后，华为必须把产业链切到国内。

但是产业链有两类问题。

第一类，国内能做，但质量差。

摄像头、传感器、射频器件、屏幕、材料、精密制造。

你要达到别人差不多的效果，就要付出更高的成本。

你要控制成本，体验就会打折。

别人的钱，能花在性能、影像、续航、做工上。

华为的钱，有相当一部分，要花在“替代”这件事本身上。

第二类，国内根本没有成熟方案。

光刻机就是典型。

华为芯片名义国产，中芯国际在做。

但中芯国际用的光刻机依然是外国的，而且因为制裁买不到先进的光刻机。

只能用多重曝光，在受限设备上，硬造 7nm。

工艺越复杂，良品率越低。

别人生产一颗芯片花一块钱。

中芯国际可能要花十块。

即使做到了 7nm，也只是勉强别人的前几代产品。

当然，还有灰色路径。

通过中间商、白手套公司，采购国外零部件。

再把来源隐藏起来，包装成“国产突破”。

这条路不但有法律风险，还有供应风险。

为了规避追查，要层层转包。

价格比正常采购，贵很多。


## 🎯 待处理的目标文案
只能用多重曝光，在受限设备上，硬造 7nm。

## 目标文案content的数组结构
生成模板参数时，format为content_index的字段依据此数组选择匹配的索引，用于决定相应内容出现在动画中的时机

[
  {
    "index": 0,
    "text": "只能用多重曝光，"
  },
  {
    "index": 1,
    "text": "在受限设备上，"
  },
  {
    "index": 2,
    "text": "硬造 7nm。"
  }
]


## 选定模板及参数规范

模板名称：CENTER_FOCUS

参数 Schema 说明：

{
  "type": "object",
  "properties": {
    "imageSrc": {
      "type": "string",
      "format": "image_prompt",
      "description": "主图描述"
    },
    "enterEffect": {
      "type": "string",
      "enum": [
        "fadeIn",
        "slideLeft",
        "slideBottom",
        "zoomIn"
      ],
      "default": "fadeIn",
      "description": "图片入场方式（breathe 呼吸效果始终常驻，无需指定）"
    },
    "anchors": {
      "type": "array",
      "description": "可选；用于锚点词展示（顶部依次出现并保留为列表），并绑定锚点出现时机的音效。showFrom 须落在当前 content 条数范围内。注意 **保持克制，尽量少设置锚点** 只提取整段里真正的高潮、反转或核心名词",
      "items": {
        "type": "object",
        "required": [
          "text",
          "showFrom"
        ],
        "properties": {
          "text": {
            "type": "string",
            "description": "要展示的锚点词"
          },
          "showFrom": {
            "type": "integer",
            "format": "content_index",
            "description": "content 数组下标（0-based），非帧数；合法范围 0～(content 条数-1)，超出会被校验丢弃"
          },
          "color": {
            "type": "string"
          },
          "anim": {
            "type": "string",
            "enum": [
              "spring",
              "slideUp",
              "popIn",
              "highlight"
            ]
          },
          "audioEffect": {
            "type": "string",
            "enum": [
              "impact_thud",
              "ping",
              "woosh"
            ]
          }
        }
      }
    }
  },
  "required": [
    "imageSrc"
  ]
}


模板该项的示例供参考：

{
  "template": "CENTER_FOCUS",
  "param": {
    "imageSrc": "上班族坐在电脑前的简笔画图标",
    "enterEffect": "fadeIn",
    "anchors": [
      {
        "text": "可得性启发",
        "showFrom": 0,
        "color": "red"
      }
    ]
  }
}


注意：如果该模板生成的参数包含图片视觉描述（如 imageSrc / leftSrc / rightSrc 等等），请只描述纯视觉场景与动作，绝不要包含任何文字、标语或注音。


## 其他通用说明
1. 锚点（Anchor）— 克制与高价值（适用于 SCHEMA 或上文允许出现锚点/高亮时）：
   - 多数句子应**无锚点**；拿不准就留空或 `[]`，避免满屏高亮。
   - 如果一定需要锚点，只选**整段里真正的高潮、反转或核心名词**（宜 2～4 字、有记忆点）；平庸词、铺垫句不要做成锚点。
   - 颜色建议：`#EF4444`（警示/反转/负面/结论）、`#000000`（事实/术语/数据）。动画 `anim`：`spring` | `slideUp` | `popIn` | `highlight`。
   - 音效可选(仅写在锚点对象上的 `audioEffect`)：`impact_thud` | `ping` | `woosh`

2. 视觉标题与字幕分离（仅当 SCHEMA 要求 `notText` / `butText` / `conceptName`、或 DOS_AND_DONTS 的 `left.label` / `right.label` 等时）：

   - 填**极简关键词（约 2～6 字）**，禁止把整句台词搬进标题字段。



## 输出格式（严格 JSON，不要 markdown 代码块）
补全当前模板的param,非数组：
{ "param": { ... } }

===========================================================================================
---------------------------------------- RESPONSE ----------------------------------------
time: 2026-06-28 21:14:45
attempt: 1/3

[OUTPUT]
{"param": {"imageSrc": "半导体制造厂内，光刻机在受限条件下使用多重曝光工艺，光束穿过掩模版在晶圆上反复刻蚀出微小图案的剖面示意图","enterEffect": "fadeIn","anchors": [{"text": "硬造 7nm","showFrom": 2,"color": "#EF4444","anim": "spring"}]}}
-------------------------------------------------------------------------------------------

======================================== REQUEST ========================================
time: 2026-06-28 21:14:45
provider: deepseek
model: deepseek-v4-pro
retries: 3

[PROMPT]
你是短视频字幕与画面细节处理专家。请把指定台词细化为字模显示参数。


## 完整段落上下文（仅供理解整体语境，判断当前句子的重要性）
美国制裁以后，华为必须把产业链切到国内。

但是产业链有两类问题。

第一类，国内能做，但质量差。

摄像头、传感器、射频器件、屏幕、材料、精密制造。

你要达到别人差不多的效果，就要付出更高的成本。

你要控制成本，体验就会打折。

别人的钱，能花在性能、影像、续航、做工上。

华为的钱，有相当一部分，要花在“替代”这件事本身上。

第二类，国内根本没有成熟方案。

光刻机就是典型。

华为芯片名义国产，中芯国际在做。

但中芯国际用的光刻机依然是外国的，而且因为制裁买不到先进的光刻机。

只能用多重曝光，在受限设备上，硬造 7nm。

工艺越复杂，良品率越低。

别人生产一颗芯片花一块钱。

中芯国际可能要花十块。

即使做到了 7nm，也只是勉强别人的前几代产品。

当然，还有灰色路径。

通过中间商、白手套公司，采购国外零部件。

再把来源隐藏起来，包装成“国产突破”。

这条路不但有法律风险，还有供应风险。

为了规避追查，要层层转包。

价格比正常采购，贵很多。


## 🎯 待处理的目标文案
工艺越复杂，良品率越低。

## 目标文案content的数组结构
生成模板参数时，format为content_index的字段依据此数组选择匹配的索引，用于决定相应内容出现在动画中的时机

[
  {
    "index": 0,
    "text": "工艺越复杂，"
  },
  {
    "index": 1,
    "text": "良品率越低。"
  }
]


## 选定模板及参数规范

模板名称：TEXT_FOCUS

参数 Schema 说明：

{
  "type": "object",
  "properties": {
    "coreSentence": {
      "type": "array",
      "minItems": 1,
      "description": "大屏核心文案，每元素一行：可为 string，或 { text, showFrom, endFrom? }；showFrom/endFrom 为 content 下标（0-based），非帧数：在该条 startFrame 显现；可选 endFrom 表示在该条播完（startFrame+durationFrames）后起淡出。纯 string 等价于 showFrom=0、无 endFrom。锚点校验时各段 text 按顺序直接拼接（无分隔符）。",
      "items": {
        "oneOf": [
          {
            "type": "string"
          },
          {
            "type": "object",
            "required": [
              "text",
              "showFrom"
            ],
            "properties": {
              "text": {
                "type": "string",
                "description": "该行大屏文案"
              },
              "showFrom": {
                "type": "integer",
                "format": "content_index",
                "description": "content 下标（0-based），非帧数"
              },
              "endFrom": {
                "type": "integer",
                "format": "content_index",
                "description": "可选；content 下标（0-based），非帧数；该行在对应条字幕结束帧（startFrame+durationFrames）起淡出"
              }
            }
          }
        ]
      }
    },
    "coreSentenceAnchors": {
      "type": "array",
      "description": "可选；在 coreSentence 各段拼接后的全文内按顺序高亮子串。每项 coreSentenceAnchor 须为该拼接串的子串，否则会被校验丢弃",
      "items": {
        "type": "object",
        "required": [
          "coreSentenceAnchor"
        ],
        "properties": {
          "coreSentenceAnchor": {
            "type": "string",
            "description": "要高亮的子串，须出现在各 coreSentence 段拼接后的全文内"
          },
          "color": {
            "type": "string",
            "description": "高亮颜色，省略时默认强调色"
          }
        }
      }
    }
  },
  "required": [
    "coreSentence"
  ]
}

// 口播条数（已由程序写入 CONTENT_STR，勿在 param 中输出 content）：口播分句至多 3 条（超出会被校验器告警）


模板该项的示例供参考：

{
  "template": "TEXT_FOCUS",
  "param": {
    "coreSentence": [
      {
        "text": "承认自己“可能错了”并不是一种软弱",
        "showFrom": 0,
        "endFrom": 0
      },
      {
        "text": "而是成长的开始",
        "showFrom": 1,
        "endFrom": 1
      }
    ],
    "coreSentenceAnchors": [
      {
        "coreSentenceAnchor": "可能错了",
        "color": "red"
      }
    ]
  }
}


注意：如果该模板生成的参数包含图片视觉描述（如 imageSrc / leftSrc / rightSrc 等等），请只描述纯视觉场景与动作，绝不要包含任何文字、标语或注音。


## 其他通用说明
1. 锚点（Anchor）— 克制与高价值（适用于 SCHEMA 或上文允许出现锚点/高亮时）：
   - 多数句子应**无锚点**；拿不准就留空或 `[]`，避免满屏高亮。
   - 如果一定需要锚点，只选**整段里真正的高潮、反转或核心名词**（宜 2～4 字、有记忆点）；平庸词、铺垫句不要做成锚点。
   - 颜色建议：`#EF4444`（警示/反转/负面/结论）、`#000000`（事实/术语/数据）。动画 `anim`：`spring` | `slideUp` | `popIn` | `highlight`。
   - 音效可选(仅写在锚点对象上的 `audioEffect`)：`impact_thud` | `ping` | `woosh`

2. 视觉标题与字幕分离（仅当 SCHEMA 要求 `notText` / `butText` / `conceptName`、或 DOS_AND_DONTS 的 `left.label` / `right.label` 等时）：

   - 填**极简关键词（约 2～6 字）**，禁止把整句台词搬进标题字段。



## 输出格式（严格 JSON，不要 markdown 代码块）
补全当前模板的param,非数组：
{ "param": { ... } }

===========================================================================================
---------------------------------------- RESPONSE ----------------------------------------
time: 2026-06-28 21:14:57
attempt: 1/3

[OUTPUT]
{ "param": { "coreSentence": [ { "text": "工艺越复杂，", "showFrom": 0, "endFrom": 0 }, { "text": "良品率越低。", "showFrom": 1, "endFrom": 1 } ] } }
-------------------------------------------------------------------------------------------

======================================== REQUEST ========================================
time: 2026-06-28 21:14:57
provider: deepseek
model: deepseek-v4-pro
retries: 3

[PROMPT]
你是短视频字幕与画面细节处理专家。请把指定台词细化为字模显示参数。


## 完整段落上下文（仅供理解整体语境，判断当前句子的重要性）
美国制裁以后，华为必须把产业链切到国内。

但是产业链有两类问题。

第一类，国内能做，但质量差。

摄像头、传感器、射频器件、屏幕、材料、精密制造。

你要达到别人差不多的效果，就要付出更高的成本。

你要控制成本，体验就会打折。

别人的钱，能花在性能、影像、续航、做工上。

华为的钱，有相当一部分，要花在“替代”这件事本身上。

第二类，国内根本没有成熟方案。

光刻机就是典型。

华为芯片名义国产，中芯国际在做。

但中芯国际用的光刻机依然是外国的，而且因为制裁买不到先进的光刻机。

只能用多重曝光，在受限设备上，硬造 7nm。

工艺越复杂，良品率越低。

别人生产一颗芯片花一块钱。

中芯国际可能要花十块。

即使做到了 7nm，也只是勉强别人的前几代产品。

当然，还有灰色路径。

通过中间商、白手套公司，采购国外零部件。

再把来源隐藏起来，包装成“国产突破”。

这条路不但有法律风险，还有供应风险。

为了规避追查，要层层转包。

价格比正常采购，贵很多。


## 🎯 待处理的目标文案
别人生产一颗芯片花一块钱。中芯国际可能要花十块。

## 目标文案content的数组结构
生成模板参数时，format为content_index的字段依据此数组选择匹配的索引，用于决定相应内容出现在动画中的时机

[
  {
    "index": 0,
    "text": "别人生产一颗芯片花一块钱。"
  },
  {
    "index": 1,
    "text": "中芯国际可能要花十块。"
  }
]


## 选定模板及参数规范

模板名称：STAT_COMPARE

参数 Schema 说明：

{
  "type": "object",
  "properties": {
    "bars": {
      "type": "array",
      "minItems": 2,
      "maxItems": 6,
      "description": "多条柱状对比；每项须含 label、value（非负数，整数或小数）、showFrom（content 下标），从该条 startFrame 起显示本柱",
      "items": {
        "type": "object",
        "required": [
          "label",
          "value",
          "showFrom"
        ],
        "properties": {
          "label": {
            "type": "string",
            "description": "短标签"
          },
          "value": {
            "type": "number",
            "description": "数值（非负，整数或小数）"
          },
          "decimalPlaces": {
            "type": "integer",
            "description": "小数位数；缺省按 value 自动推断"
          },
          "showFrom": {
            "type": "integer",
            "format": "content_index",
            "description": "该柱出现时机：content 数组下标（0-based），取该条 startFrame 作为入场起点"
          }
        }
      }
    },
    "leftValue": {
      "type": "number",
      "description": "左侧数值（非负），旧版两柱模式"
    },
    "rightValue": {
      "type": "number",
      "description": "右侧数值（非负），旧版两柱模式"
    },
    "leftLabel": {
      "type": "string",
      "description": "左侧标签"
    },
    "rightLabel": {
      "type": "string",
      "description": "右侧标签"
    },
    "anchors": {
      "type": "array",
      "description": "可选；顶部锚点词列表，showFrom 为 content 下标（取该条 startFrame），与 KPI_HERO / DATA_TABLE 一致",
      "items": {
        "type": "object",
        "required": [
          "text",
          "showFrom"
        ],
        "properties": {
          "text": {
            "type": "string",
            "description": "锚点词文案"
          },
          "showFrom": {
            "type": "integer",
            "format": "content_index",
            "description": "content 下标（0-based），非帧数"
          },
          "color": {
            "type": "string"
          },
          "anim": {
            "type": "string",
            "enum": [
              "spring",
              "slideUp",
              "popIn",
              "highlight"
            ]
          },
          "audioEffect": {
            "type": "string",
            "enum": [
              "impact_thud",
              "ping",
              "woosh"
            ]
          }
        }
      }
    }
  },
  "required": []
}


模板该项的示例供参考：

{
  "template": "STAT_COMPARE",
  "param": {
    "bars": [
      {
        "label": "去年",
        "value": 32,
        "showFrom": 0
      },
      {
        "label": "今年",
        "value": 68,
        "showFrom": 1
      }
    ]
  }
}


注意：如果该模板生成的参数包含图片视觉描述（如 imageSrc / leftSrc / rightSrc 等等），请只描述纯视觉场景与动作，绝不要包含任何文字、标语或注音。


## 其他通用说明
1. 锚点（Anchor）— 克制与高价值（适用于 SCHEMA 或上文允许出现锚点/高亮时）：
   - 多数句子应**无锚点**；拿不准就留空或 `[]`，避免满屏高亮。
   - 如果一定需要锚点，只选**整段里真正的高潮、反转或核心名词**（宜 2～4 字、有记忆点）；平庸词、铺垫句不要做成锚点。
   - 颜色建议：`#EF4444`（警示/反转/负面/结论）、`#000000`（事实/术语/数据）。动画 `anim`：`spring` | `slideUp` | `popIn` | `highlight`。
   - 音效可选(仅写在锚点对象上的 `audioEffect`)：`impact_thud` | `ping` | `woosh`

2. 视觉标题与字幕分离（仅当 SCHEMA 要求 `notText` / `butText` / `conceptName`、或 DOS_AND_DONTS 的 `left.label` / `right.label` 等时）：

   - 填**极简关键词（约 2～6 字）**，禁止把整句台词搬进标题字段。



## 输出格式（严格 JSON，不要 markdown 代码块）
补全当前模板的param,非数组：
{ "param": { ... } }

===========================================================================================
---------------------------------------- RESPONSE ----------------------------------------
time: 2026-06-28 21:15:02
attempt: 1/3

[OUTPUT]
{
  "param": {
    "bars": [
      {
        "label": "别人",
        "value": 1,
        "showFrom": 0
      },
      {
        "label": "中芯国际",
        "value": 10,
        "showFrom": 1
      }
    ]
  }
}
-------------------------------------------------------------------------------------------

======================================== REQUEST ========================================
time: 2026-06-28 21:15:02
provider: deepseek
model: deepseek-v4-pro
retries: 3

[PROMPT]
你是短视频字幕与画面细节处理专家。请把指定台词细化为字模显示参数。


## 完整段落上下文（仅供理解整体语境，判断当前句子的重要性）
美国制裁以后，华为必须把产业链切到国内。

但是产业链有两类问题。

第一类，国内能做，但质量差。

摄像头、传感器、射频器件、屏幕、材料、精密制造。

你要达到别人差不多的效果，就要付出更高的成本。

你要控制成本，体验就会打折。

别人的钱，能花在性能、影像、续航、做工上。

华为的钱，有相当一部分，要花在“替代”这件事本身上。

第二类，国内根本没有成熟方案。

光刻机就是典型。

华为芯片名义国产，中芯国际在做。

但中芯国际用的光刻机依然是外国的，而且因为制裁买不到先进的光刻机。

只能用多重曝光，在受限设备上，硬造 7nm。

工艺越复杂，良品率越低。

别人生产一颗芯片花一块钱。

中芯国际可能要花十块。

即使做到了 7nm，也只是勉强别人的前几代产品。

当然，还有灰色路径。

通过中间商、白手套公司，采购国外零部件。

再把来源隐藏起来，包装成“国产突破”。

这条路不但有法律风险，还有供应风险。

为了规避追查，要层层转包。

价格比正常采购，贵很多。


## 🎯 待处理的目标文案
即使做到了 7nm，也只是勉强别人的前几代产品。

## 目标文案content的数组结构
生成模板参数时，format为content_index的字段依据此数组选择匹配的索引，用于决定相应内容出现在动画中的时机

[
  {
    "index": 0,
    "text": "即使做到了 7nm，"
  },
  {
    "index": 1,
    "text": "也只是勉强别人的前几代产品。"
  }
]


## 选定模板及参数规范

模板名称：TEXT_FOCUS

参数 Schema 说明：

{
  "type": "object",
  "properties": {
    "coreSentence": {
      "type": "array",
      "minItems": 1,
      "description": "大屏核心文案，每元素一行：可为 string，或 { text, showFrom, endFrom? }；showFrom/endFrom 为 content 下标（0-based），非帧数：在该条 startFrame 显现；可选 endFrom 表示在该条播完（startFrame+durationFrames）后起淡出。纯 string 等价于 showFrom=0、无 endFrom。锚点校验时各段 text 按顺序直接拼接（无分隔符）。",
      "items": {
        "oneOf": [
          {
            "type": "string"
          },
          {
            "type": "object",
            "required": [
              "text",
              "showFrom"
            ],
            "properties": {
              "text": {
                "type": "string",
                "description": "该行大屏文案"
              },
              "showFrom": {
                "type": "integer",
                "format": "content_index",
                "description": "content 下标（0-based），非帧数"
              },
              "endFrom": {
                "type": "integer",
                "format": "content_index",
                "description": "可选；content 下标（0-based），非帧数；该行在对应条字幕结束帧（startFrame+durationFrames）起淡出"
              }
            }
          }
        ]
      }
    },
    "coreSentenceAnchors": {
      "type": "array",
      "description": "可选；在 coreSentence 各段拼接后的全文内按顺序高亮子串。每项 coreSentenceAnchor 须为该拼接串的子串，否则会被校验丢弃",
      "items": {
        "type": "object",
        "required": [
          "coreSentenceAnchor"
        ],
        "properties": {
          "coreSentenceAnchor": {
            "type": "string",
            "description": "要高亮的子串，须出现在各 coreSentence 段拼接后的全文内"
          },
          "color": {
            "type": "string",
            "description": "高亮颜色，省略时默认强调色"
          }
        }
      }
    }
  },
  "required": [
    "coreSentence"
  ]
}

// 口播条数（已由程序写入 CONTENT_STR，勿在 param 中输出 content）：口播分句至多 3 条（超出会被校验器告警）


模板该项的示例供参考：

{
  "template": "TEXT_FOCUS",
  "param": {
    "coreSentence": [
      {
        "text": "承认自己“可能错了”并不是一种软弱",
        "showFrom": 0,
        "endFrom": 0
      },
      {
        "text": "而是成长的开始",
        "showFrom": 1,
        "endFrom": 1
      }
    ],
    "coreSentenceAnchors": [
      {
        "coreSentenceAnchor": "可能错了",
        "color": "red"
      }
    ]
  }
}


注意：如果该模板生成的参数包含图片视觉描述（如 imageSrc / leftSrc / rightSrc 等等），请只描述纯视觉场景与动作，绝不要包含任何文字、标语或注音。


## 其他通用说明
1. 锚点（Anchor）— 克制与高价值（适用于 SCHEMA 或上文允许出现锚点/高亮时）：
   - 多数句子应**无锚点**；拿不准就留空或 `[]`，避免满屏高亮。
   - 如果一定需要锚点，只选**整段里真正的高潮、反转或核心名词**（宜 2～4 字、有记忆点）；平庸词、铺垫句不要做成锚点。
   - 颜色建议：`#EF4444`（警示/反转/负面/结论）、`#000000`（事实/术语/数据）。动画 `anim`：`spring` | `slideUp` | `popIn` | `highlight`。
   - 音效可选(仅写在锚点对象上的 `audioEffect`)：`impact_thud` | `ping` | `woosh`

2. 视觉标题与字幕分离（仅当 SCHEMA 要求 `notText` / `butText` / `conceptName`、或 DOS_AND_DONTS 的 `left.label` / `right.label` 等时）：

   - 填**极简关键词（约 2～6 字）**，禁止把整句台词搬进标题字段。



## 输出格式（严格 JSON，不要 markdown 代码块）
补全当前模板的param,非数组：
{ "param": { ... } }

===========================================================================================
---------------------------------------- RESPONSE ----------------------------------------
time: 2026-06-28 21:15:11
attempt: 1/3

[OUTPUT]
{"param":{"coreSentence":[{"text":"即使做到了 7nm，","showFrom":0,"endFrom":0},{"text":"也只是勉强别人的前几代产品。","showFrom":1,"endFrom":1}],"coreSentenceAnchors":[]}}
-------------------------------------------------------------------------------------------

======================================== REQUEST ========================================
time: 2026-06-28 21:15:11
provider: deepseek
model: deepseek-v4-pro
retries: 3

[PROMPT]
你是短视频字幕与画面细节处理专家。请把指定台词细化为字模显示参数。


## 完整段落上下文（仅供理解整体语境，判断当前句子的重要性）
美国制裁以后，华为必须把产业链切到国内。

但是产业链有两类问题。

第一类，国内能做，但质量差。

摄像头、传感器、射频器件、屏幕、材料、精密制造。

你要达到别人差不多的效果，就要付出更高的成本。

你要控制成本，体验就会打折。

别人的钱，能花在性能、影像、续航、做工上。

华为的钱，有相当一部分，要花在“替代”这件事本身上。

第二类，国内根本没有成熟方案。

光刻机就是典型。

华为芯片名义国产，中芯国际在做。

但中芯国际用的光刻机依然是外国的，而且因为制裁买不到先进的光刻机。

只能用多重曝光，在受限设备上，硬造 7nm。

工艺越复杂，良品率越低。

别人生产一颗芯片花一块钱。

中芯国际可能要花十块。

即使做到了 7nm，也只是勉强别人的前几代产品。

当然，还有灰色路径。

通过中间商、白手套公司，采购国外零部件。

再把来源隐藏起来，包装成“国产突破”。

这条路不但有法律风险，还有供应风险。

为了规避追查，要层层转包。

价格比正常采购，贵很多。


## 🎯 待处理的目标文案
当然，还有灰色路径。通过中间商、白手套公司，采购国外零部件。再把来源隐藏起来，包装成“国产突破”。

## 目标文案content的数组结构
生成模板参数时，format为content_index的字段依据此数组选择匹配的索引，用于决定相应内容出现在动画中的时机

[
  {
    "index": 0,
    "text": "当然，"
  },
  {
    "index": 1,
    "text": "还有灰色路径。"
  },
  {
    "index": 2,
    "text": "通过中间商、"
  },
  {
    "index": 3,
    "text": "白手套公司，"
  },
  {
    "index": 4,
    "text": "采购国外零部件。"
  },
  {
    "index": 5,
    "text": "再把来源隐藏起来，"
  },
  {
    "index": 6,
    "text": "包装成“国产突破”。"
  }
]


## 选定模板及参数规范

模板名称：BEAT_SEQUENCE

参数 Schema 说明：

{
  "type": "object",
  "properties": {
    "stages": {
      "type": "array",
      "minItems": 2,
      "maxItems": 4,
      "description": "配图序列：每条 stage 一张图；imageSrc、enterEffect、可选 tone（calm|alert）、可选 showFrom（对齐镜头外层 content[] 下标）",
      "items": {
        "type": "object",
        "required": [
          "imageSrc"
        ],
        "properties": {
          "imageSrc": {
            "type": "string",
            "format": "image_prompt",
            "description": "该节拍配图提示词"
          },
          "enterEffect": {
            "type": "string",
            "enum": [
              "breathe",
              "slideLeft",
              "slideBottom",
              "zoomIn",
              "fadeIn"
            ],
            "default": "breathe",
            "description": "入场效果"
          },
          "tone": {
            "type": "string",
            "enum": [
              "calm",
              "alert"
            ],
            "description": "首条可 calm，其余默认可 alert"
          },
          "showFrom": {
            "type": "content_index",
            "minimum": 0,
            "description": "镜头 item 外层 content 数组（与 param 同级）的 0-based 下标；从该条 startFrame 起显示本图。省略则等于当前 stages 下标 i（与第 i 条口播同步）"
          }
        }
      }
    }
  },
  "required": [
    "stages"
  ]
}

// 口播条数（已由程序写入 CONTENT_STR，勿在 param 中输出 content）：口播分句（item.content）至少 2 条；口播分句至多 4 条（超出会被校验器告警）


模板该项的示例供参考：

{
  "template": "BEAT_SEQUENCE",
  "param": {
    "stages": [
      {
        "imageSrc": "问句配图简笔画",
        "enterEffect": "breathe"
      },
      {
        "imageSrc": "转折警示配图",
        "enterEffect": "slideBottom"
      },
      {
        "imageSrc": "结论冲击配图",
        "enterEffect": "slideBottom"
      }
    ]
  }
}


注意：如果该模板生成的参数包含图片视觉描述（如 imageSrc / leftSrc / rightSrc 等等），请只描述纯视觉场景与动作，绝不要包含任何文字、标语或注音。


## 其他通用说明
1. 锚点（Anchor）— 克制与高价值（适用于 SCHEMA 或上文允许出现锚点/高亮时）：
   - 多数句子应**无锚点**；拿不准就留空或 `[]`，避免满屏高亮。
   - 如果一定需要锚点，只选**整段里真正的高潮、反转或核心名词**（宜 2～4 字、有记忆点）；平庸词、铺垫句不要做成锚点。
   - 颜色建议：`#EF4444`（警示/反转/负面/结论）、`#000000`（事实/术语/数据）。动画 `anim`：`spring` | `slideUp` | `popIn` | `highlight`。
   - 音效可选(仅写在锚点对象上的 `audioEffect`)：`impact_thud` | `ping` | `woosh`

2. 视觉标题与字幕分离（仅当 SCHEMA 要求 `notText` / `butText` / `conceptName`、或 DOS_AND_DONTS 的 `left.label` / `right.label` 等时）：

   - 填**极简关键词（约 2～6 字）**，禁止把整句台词搬进标题字段。



## 输出格式（严格 JSON，不要 markdown 代码块）
补全当前模板的param,非数组：
{ "param": { ... } }

===========================================================================================
---------------------------------------- RESPONSE ----------------------------------------
time: 2026-06-28 21:15:24
attempt: 1/3

[OUTPUT]
{
  "param": {
    "stages": [
      {
        "imageSrc": "一条阴暗曲折的小路，两旁是枯萎的树木和迷雾",
        "enterEffect": "breathe",
        "tone": "calm",
        "showFrom": 1
      },
      {
        "imageSrc": "黑暗的房间里，一只戴着白色手套的手正在递交一个密封文件袋，桌上堆满文件",
        "enterEffect": "slideBottom",
        "tone": "alert",
        "showFrom": 2
      },
      {
        "imageSrc": "一个精美面具覆盖在芯片上，面具上绘有国旗图案，但一角破裂，露出下面的外国标识",
        "enterEffect": "slideBottom",
        "tone": "alert",
        "showFrom": 5
      }
    ]
  }
}
-------------------------------------------------------------------------------------------

======================================== REQUEST ========================================
time: 2026-06-28 21:15:24
provider: deepseek
model: deepseek-v4-pro
retries: 3

[PROMPT]
你是短视频字幕与画面细节处理专家。请把指定台词细化为字模显示参数。


## 完整段落上下文（仅供理解整体语境，判断当前句子的重要性）
美国制裁以后，华为必须把产业链切到国内。

但是产业链有两类问题。

第一类，国内能做，但质量差。

摄像头、传感器、射频器件、屏幕、材料、精密制造。

你要达到别人差不多的效果，就要付出更高的成本。

你要控制成本，体验就会打折。

别人的钱，能花在性能、影像、续航、做工上。

华为的钱，有相当一部分，要花在“替代”这件事本身上。

第二类，国内根本没有成熟方案。

光刻机就是典型。

华为芯片名义国产，中芯国际在做。

但中芯国际用的光刻机依然是外国的，而且因为制裁买不到先进的光刻机。

只能用多重曝光，在受限设备上，硬造 7nm。

工艺越复杂，良品率越低。

别人生产一颗芯片花一块钱。

中芯国际可能要花十块。

即使做到了 7nm，也只是勉强别人的前几代产品。

当然，还有灰色路径。

通过中间商、白手套公司，采购国外零部件。

再把来源隐藏起来，包装成“国产突破”。

这条路不但有法律风险，还有供应风险。

为了规避追查，要层层转包。

价格比正常采购，贵很多。


## 🎯 待处理的目标文案
这条路不但有法律风险，还有供应风险。

## 目标文案content的数组结构
生成模板参数时，format为content_index的字段依据此数组选择匹配的索引，用于决定相应内容出现在动画中的时机

[
  {
    "index": 0,
    "text": "这条路不但有法律风险，"
  },
  {
    "index": 1,
    "text": "还有供应风险。"
  }
]


## 选定模板及参数规范

模板名称：CENTER_FOCUS

参数 Schema 说明：

{
  "type": "object",
  "properties": {
    "imageSrc": {
      "type": "string",
      "format": "image_prompt",
      "description": "主图描述"
    },
    "enterEffect": {
      "type": "string",
      "enum": [
        "fadeIn",
        "slideLeft",
        "slideBottom",
        "zoomIn"
      ],
      "default": "fadeIn",
      "description": "图片入场方式（breathe 呼吸效果始终常驻，无需指定）"
    },
    "anchors": {
      "type": "array",
      "description": "可选；用于锚点词展示（顶部依次出现并保留为列表），并绑定锚点出现时机的音效。showFrom 须落在当前 content 条数范围内。注意 **保持克制，尽量少设置锚点** 只提取整段里真正的高潮、反转或核心名词",
      "items": {
        "type": "object",
        "required": [
          "text",
          "showFrom"
        ],
        "properties": {
          "text": {
            "type": "string",
            "description": "要展示的锚点词"
          },
          "showFrom": {
            "type": "integer",
            "format": "content_index",
            "description": "content 数组下标（0-based），非帧数；合法范围 0～(content 条数-1)，超出会被校验丢弃"
          },
          "color": {
            "type": "string"
          },
          "anim": {
            "type": "string",
            "enum": [
              "spring",
              "slideUp",
              "popIn",
              "highlight"
            ]
          },
          "audioEffect": {
            "type": "string",
            "enum": [
              "impact_thud",
              "ping",
              "woosh"
            ]
          }
        }
      }
    }
  },
  "required": [
    "imageSrc"
  ]
}


模板该项的示例供参考：

{
  "template": "CENTER_FOCUS",
  "param": {
    "imageSrc": "上班族坐在电脑前的简笔画图标",
    "enterEffect": "fadeIn",
    "anchors": [
      {
        "text": "可得性启发",
        "showFrom": 0,
        "color": "red"
      }
    ]
  }
}


注意：如果该模板生成的参数包含图片视觉描述（如 imageSrc / leftSrc / rightSrc 等等），请只描述纯视觉场景与动作，绝不要包含任何文字、标语或注音。


## 其他通用说明
1. 锚点（Anchor）— 克制与高价值（适用于 SCHEMA 或上文允许出现锚点/高亮时）：
   - 多数句子应**无锚点**；拿不准就留空或 `[]`，避免满屏高亮。
   - 如果一定需要锚点，只选**整段里真正的高潮、反转或核心名词**（宜 2～4 字、有记忆点）；平庸词、铺垫句不要做成锚点。
   - 颜色建议：`#EF4444`（警示/反转/负面/结论）、`#000000`（事实/术语/数据）。动画 `anim`：`spring` | `slideUp` | `popIn` | `highlight`。
   - 音效可选(仅写在锚点对象上的 `audioEffect`)：`impact_thud` | `ping` | `woosh`

2. 视觉标题与字幕分离（仅当 SCHEMA 要求 `notText` / `butText` / `conceptName`、或 DOS_AND_DONTS 的 `left.label` / `right.label` 等时）：

   - 填**极简关键词（约 2～6 字）**，禁止把整句台词搬进标题字段。



## 输出格式（严格 JSON，不要 markdown 代码块）
补全当前模板的param,非数组：
{ "param": { ... } }

===========================================================================================
---------------------------------------- RESPONSE ----------------------------------------
time: 2026-06-28 21:15:33
attempt: 1/3

[OUTPUT]
{ "param": { "imageSrc": "一条灰色弯曲的供应路径，沿途有多个警示感叹号标志，远处背景是模糊的工厂和仓库", "enterEffect": "fadeIn", "anchors": [ { "text": "法律风险", "showFrom": 0, "color": "#EF4444", "anim": "popIn", "audioEffect": "ping" }, { "text": "供应风险", "showFrom": 1, "color": "#EF4444", "anim": "popIn", "audioEffect": "ping" } ] } }
-------------------------------------------------------------------------------------------

======================================== REQUEST ========================================
time: 2026-06-28 21:15:33
provider: deepseek
model: deepseek-v4-pro
retries: 3

[PROMPT]
你是短视频字幕与画面细节处理专家。请把指定台词细化为字模显示参数。


## 完整段落上下文（仅供理解整体语境，判断当前句子的重要性）
美国制裁以后，华为必须把产业链切到国内。

但是产业链有两类问题。

第一类，国内能做，但质量差。

摄像头、传感器、射频器件、屏幕、材料、精密制造。

你要达到别人差不多的效果，就要付出更高的成本。

你要控制成本，体验就会打折。

别人的钱，能花在性能、影像、续航、做工上。

华为的钱，有相当一部分，要花在“替代”这件事本身上。

第二类，国内根本没有成熟方案。

光刻机就是典型。

华为芯片名义国产，中芯国际在做。

但中芯国际用的光刻机依然是外国的，而且因为制裁买不到先进的光刻机。

只能用多重曝光，在受限设备上，硬造 7nm。

工艺越复杂，良品率越低。

别人生产一颗芯片花一块钱。

中芯国际可能要花十块。

即使做到了 7nm，也只是勉强别人的前几代产品。

当然，还有灰色路径。

通过中间商、白手套公司，采购国外零部件。

再把来源隐藏起来，包装成“国产突破”。

这条路不但有法律风险，还有供应风险。

为了规避追查，要层层转包。

价格比正常采购，贵很多。


## 🎯 待处理的目标文案
为了规避追查，要层层转包。价格比正常采购，贵很多。

## 目标文案content的数组结构
生成模板参数时，format为content_index的字段依据此数组选择匹配的索引，用于决定相应内容出现在动画中的时机

[
  {
    "index": 0,
    "text": "为了规避追查，"
  },
  {
    "index": 1,
    "text": "要层层转包。"
  },
  {
    "index": 2,
    "text": "价格比正常采购，"
  },
  {
    "index": 3,
    "text": "贵很多。"
  }
]


## 选定模板及参数规范

模板名称：CAUSE_CHAIN

参数 Schema 说明：

{
  "type": "object",
  "properties": {
    "layout": {
      "type": "string",
      "enum": [
        "horizontal",
        "vertical"
      ],
      "default": "horizontal",
      "description": "链的排布方向；横屏/常规叙事默认 horizontal，竖屏可设 vertical"
    },
    "nodes": {
      "type": "array",
      "minItems": 2,
      "maxItems": 4,
      "description": "因果节点；showFrom 为 content 数组下标（0-based），入场时刻取该条 startFrame",
      "items": {
        "type": "object",
        "required": [
          "label",
          "imageSrc",
          "showFrom"
        ],
        "properties": {
          "label": {
            "type": "string",
            "description": "节点短标签，建议 2～8 字"
          },
          "imageSrc": {
            "type": "string",
            "format": "image_prompt",
            "description": "该环节隐喻配图"
          },
          "showFrom": {
            "type": "integer",
            "format": "content_index",
            "description": "content 下标（0-based），非帧数"
          },
          "enterEffect": {
            "type": "string",
            "enum": [
              "breathe",
              "slideLeft",
              "slideBottom",
              "zoomIn",
              "fadeIn"
            ],
            "default": "fadeIn"
          }
        }
      }
    },
    "anchors": {
      "type": "array",
      "description": "可选；顶部依次展示锚点词并保留为列表，showFrom 为 content 下标（0-based，非帧数）；保持克制，只提取整段里真正的高潮、反转或核心名词",
      "items": {
        "type": "object",
        "required": [
          "text",
          "showFrom"
        ],
        "properties": {
          "text": {
            "type": "string",
            "description": "要展示的锚点词"
          },
          "showFrom": {
            "type": "integer",
            "format": "content_index",
            "description": "content 数组下标（0-based），非帧数；合法范围 0～(content 条数-1)，超出会被校验丢弃"
          },
          "color": {
            "type": "string"
          },
          "anim": {
            "type": "string",
            "enum": [
              "spring",
              "slideUp",
              "popIn",
              "highlight"
            ]
          },
          "audioEffect": {
            "type": "string",
            "enum": [
              "impact_thud",
              "ping",
              "woosh"
            ]
          }
        }
      }
    }
  },
  "required": [
    "nodes"
  ]
}

// 口播条数（已由程序写入 CONTENT_STR，勿在 param 中输出 content）：口播分句（item.content）至少 2 条；口播分句至多 6 条（超出会被校验器告警）


模板该项的示例供参考：

{
  "template": "CAUSE_CHAIN",
  "param": {
    "layout": "horizontal",
    "nodes": [
      {
        "label": "刺激",
        "imageSrc": "闪电击中大脑的简笔画",
        "showFrom": 0
      },
      {
        "label": "解读",
        "imageSrc": "放大镜看信息的简笔画",
        "showFrom": 1
      },
      {
        "label": "行动",
        "imageSrc": "按下按钮的简笔画",
        "showFrom": 2
      }
    ]
  }
}


注意：如果该模板生成的参数包含图片视觉描述（如 imageSrc / leftSrc / rightSrc 等等），请只描述纯视觉场景与动作，绝不要包含任何文字、标语或注音。


## 其他通用说明
1. 锚点（Anchor）— 克制与高价值（适用于 SCHEMA 或上文允许出现锚点/高亮时）：
   - 多数句子应**无锚点**；拿不准就留空或 `[]`，避免满屏高亮。
   - 如果一定需要锚点，只选**整段里真正的高潮、反转或核心名词**（宜 2～4 字、有记忆点）；平庸词、铺垫句不要做成锚点。
   - 颜色建议：`#EF4444`（警示/反转/负面/结论）、`#000000`（事实/术语/数据）。动画 `anim`：`spring` | `slideUp` | `popIn` | `highlight`。
   - 音效可选(仅写在锚点对象上的 `audioEffect`)：`impact_thud` | `ping` | `woosh`

2. 视觉标题与字幕分离（仅当 SCHEMA 要求 `notText` / `butText` / `conceptName`、或 DOS_AND_DONTS 的 `left.label` / `right.label` 等时）：

   - 填**极简关键词（约 2～6 字）**，禁止把整句台词搬进标题字段。



## 输出格式（严格 JSON，不要 markdown 代码块）
补全当前模板的param,非数组：
{ "param": { ... } }

===========================================================================================
---------------------------------------- RESPONSE ----------------------------------------
time: 2026-06-28 21:15:41
attempt: 1/3

[OUTPUT]
{
  "param": {
    "layout": "horizontal",
    "nodes": [
      {
        "label": "躲避追查",
        "imageSrc": "一个人用隐形斗篷遮盖文件，旁边有追踪的眼睛",
        "showFrom": 0,
        "enterEffect": "fadeIn"
      },
      {
        "label": "层层转包",
        "imageSrc": "多个箭头依次传递一个包裹，路径曲折",
        "showFrom": 1,
        "enterEffect": "slideLeft"
      },
      {
        "label": "成本飙升",
        "imageSrc": "一堆硬币上叠加着加号符号，越堆越高",
        "showFrom": 3,
        "enterEffect": "zoomIn"
      }
    ]
  }
}
-------------------------------------------------------------------------------------------

======================================== REQUEST ========================================
time: 2026-06-28 21:15:41
provider: deepseek
model: deepseek-v4-pro
retries: 3

[PROMPT]
你是短视频字幕与画面细节处理专家。请把指定台词细化为字模显示参数。


## 完整段落上下文（仅供理解整体语境，判断当前句子的重要性）
所以就能解释，为什么华为的产品就是贵？

不是质量就一定比别家好了，而是他的成本结构变了。

别人的钱，主要花在产品竞争力上。

华为的钱，有一部分花在制裁成本上。

花在国产替代的摩擦成本上。

花在绕过限制的交易成本上。

那这些差距怎么弥补？

物理附加值不够，就只能加“魔法附加值”：情怀。

把买不到国外技术的窘迫，包装成强硬的反抗。

把供应链被迫降级的成本，包装成民族产业的脊梁。

把消费者多花的钱，包装成对国产崛起的支持。

把一个企业的生存压力，转化成普通人的道德义务。

所以，作为一个消费者。

当你买一件华为产品，你要心里有数。

你付的钱里，到底有多少是产品本身的价值。

有多少是制裁带来的额外成本。

又有多少是营销包装出来的情怀溢价。


## 🎯 待处理的目标文案
所以就能解释，为什么华为的产品就是贵？

## 目标文案content的数组结构
生成模板参数时，format为content_index的字段依据此数组选择匹配的索引，用于决定相应内容出现在动画中的时机

[
  {
    "index": 0,
    "text": "所以就能解释，"
  },
  {
    "index": 1,
    "text": "为什么华为的产品就是贵？"
  }
]


## 选定模板及参数规范

模板名称：CENTER_FOCUS

参数 Schema 说明：

{
  "type": "object",
  "properties": {
    "imageSrc": {
      "type": "string",
      "format": "image_prompt",
      "description": "主图描述"
    },
    "enterEffect": {
      "type": "string",
      "enum": [
        "fadeIn",
        "slideLeft",
        "slideBottom",
        "zoomIn"
      ],
      "default": "fadeIn",
      "description": "图片入场方式（breathe 呼吸效果始终常驻，无需指定）"
    },
    "anchors": {
      "type": "array",
      "description": "可选；用于锚点词展示（顶部依次出现并保留为列表），并绑定锚点出现时机的音效。showFrom 须落在当前 content 条数范围内。注意 **保持克制，尽量少设置锚点** 只提取整段里真正的高潮、反转或核心名词",
      "items": {
        "type": "object",
        "required": [
          "text",
          "showFrom"
        ],
        "properties": {
          "text": {
            "type": "string",
            "description": "要展示的锚点词"
          },
          "showFrom": {
            "type": "integer",
            "format": "content_index",
            "description": "content 数组下标（0-based），非帧数；合法范围 0～(content 条数-1)，超出会被校验丢弃"
          },
          "color": {
            "type": "string"
          },
          "anim": {
            "type": "string",
            "enum": [
              "spring",
              "slideUp",
              "popIn",
              "highlight"
            ]
          },
          "audioEffect": {
            "type": "string",
            "enum": [
              "impact_thud",
              "ping",
              "woosh"
            ]
          }
        }
      }
    }
  },
  "required": [
    "imageSrc"
  ]
}


模板该项的示例供参考：

{
  "template": "CENTER_FOCUS",
  "param": {
    "imageSrc": "上班族坐在电脑前的简笔画图标",
    "enterEffect": "fadeIn",
    "anchors": [
      {
        "text": "可得性启发",
        "showFrom": 0,
        "color": "red"
      }
    ]
  }
}


注意：如果该模板生成的参数包含图片视觉描述（如 imageSrc / leftSrc / rightSrc 等等），请只描述纯视觉场景与动作，绝不要包含任何文字、标语或注音。


## 其他通用说明
1. 锚点（Anchor）— 克制与高价值（适用于 SCHEMA 或上文允许出现锚点/高亮时）：
   - 多数句子应**无锚点**；拿不准就留空或 `[]`，避免满屏高亮。
   - 如果一定需要锚点，只选**整段里真正的高潮、反转或核心名词**（宜 2～4 字、有记忆点）；平庸词、铺垫句不要做成锚点。
   - 颜色建议：`#EF4444`（警示/反转/负面/结论）、`#000000`（事实/术语/数据）。动画 `anim`：`spring` | `slideUp` | `popIn` | `highlight`。
   - 音效可选(仅写在锚点对象上的 `audioEffect`)：`impact_thud` | `ping` | `woosh`

2. 视觉标题与字幕分离（仅当 SCHEMA 要求 `notText` / `butText` / `conceptName`、或 DOS_AND_DONTS 的 `left.label` / `right.label` 等时）：

   - 填**极简关键词（约 2～6 字）**，禁止把整句台词搬进标题字段。



## 输出格式（严格 JSON，不要 markdown 代码块）
补全当前模板的param,非数组：
{ "param": { ... } }

===========================================================================================
---------------------------------------- RESPONSE ----------------------------------------
time: 2026-06-28 21:15:44
attempt: 1/3

[OUTPUT]
{
  "param": {
    "imageSrc": "一个沉思的消费者面对价标，背景有芯片和包装盒的简化图标",
    "enterEffect": "fadeIn",
    "anchors": []
  }
}
-------------------------------------------------------------------------------------------

======================================== REQUEST ========================================
time: 2026-06-28 21:15:44
provider: deepseek
model: deepseek-v4-pro
retries: 3

[PROMPT]
你是短视频字幕与画面细节处理专家。请把指定台词细化为字模显示参数。


## 完整段落上下文（仅供理解整体语境，判断当前句子的重要性）
所以就能解释，为什么华为的产品就是贵？

不是质量就一定比别家好了，而是他的成本结构变了。

别人的钱，主要花在产品竞争力上。

华为的钱，有一部分花在制裁成本上。

花在国产替代的摩擦成本上。

花在绕过限制的交易成本上。

那这些差距怎么弥补？

物理附加值不够，就只能加“魔法附加值”：情怀。

把买不到国外技术的窘迫，包装成强硬的反抗。

把供应链被迫降级的成本，包装成民族产业的脊梁。

把消费者多花的钱，包装成对国产崛起的支持。

把一个企业的生存压力，转化成普通人的道德义务。

所以，作为一个消费者。

当你买一件华为产品，你要心里有数。

你付的钱里，到底有多少是产品本身的价值。

有多少是制裁带来的额外成本。

又有多少是营销包装出来的情怀溢价。


## 🎯 待处理的目标文案
不是质量就一定比别家好了，而是他的成本结构变了。

## 目标文案content的数组结构
生成模板参数时，format为content_index的字段依据此数组选择匹配的索引，用于决定相应内容出现在动画中的时机

[
  {
    "index": 0,
    "text": "不是质量就一定比别家好了，"
  },
  {
    "index": 1,
    "text": "而是他的成本结构变了。"
  }
]


## 选定模板及参数规范

模板名称：COGNITIVE_SHIFT

参数 Schema 说明：

{
  "type": "object",
  "properties": {
    "notText": {
      "type": "string",
      "description": "被否认知（‘不是’后面的内容）的精炼短句，不超过12个字，"
    },
    "butText": {
      "type": "string",
      "description": "真实认知（‘而是’后面的内容）的精炼短句，不超过12个字"
    },
    "butSrc": {
      "type": "string",
      "format": "image_prompt",
      "description": "真实认知的配图"
    },
    "notContentIndex": {
      "type": "integer",
      "format": "content_index",
      "description": "触发「不是」动画的字幕段索引（默认 0）"
    },
    "butContentIndex": {
      "type": "integer",
      "format": "content_index",
      "description": "触发「而是」动画的字幕段索引（默认 1）"
    }
  },
  "required": [
    "notText",
    "butText"
  ]
}


模板该项的示例供参考：

{
  "template": "COGNITIVE_SHIFT",
  "content": [
    "我们都不应该靠勤奋拼命",
    "我们都应该是靠认知和选择",
    "这样我才能成功"
  ],
  "param": {
    "notText": "靠勤奋拼命",
    "butText": "靠认知和选择",
    "butSrc": "站在高处看地图的思考者",
    "notContentIndex": 0,
    "butContentIndex": 1
  }
}


注意：如果该模板生成的参数包含图片视觉描述（如 imageSrc / leftSrc / rightSrc 等等），请只描述纯视觉场景与动作，绝不要包含任何文字、标语或注音。


## 其他通用说明
1. 锚点（Anchor）— 克制与高价值（适用于 SCHEMA 或上文允许出现锚点/高亮时）：
   - 多数句子应**无锚点**；拿不准就留空或 `[]`，避免满屏高亮。
   - 如果一定需要锚点，只选**整段里真正的高潮、反转或核心名词**（宜 2～4 字、有记忆点）；平庸词、铺垫句不要做成锚点。
   - 颜色建议：`#EF4444`（警示/反转/负面/结论）、`#000000`（事实/术语/数据）。动画 `anim`：`spring` | `slideUp` | `popIn` | `highlight`。
   - 音效可选(仅写在锚点对象上的 `audioEffect`)：`impact_thud` | `ping` | `woosh`

2. 视觉标题与字幕分离（仅当 SCHEMA 要求 `notText` / `butText` / `conceptName`、或 DOS_AND_DONTS 的 `left.label` / `right.label` 等时）：

   - 填**极简关键词（约 2～6 字）**，禁止把整句台词搬进标题字段。



## 输出格式（严格 JSON，不要 markdown 代码块）
补全当前模板的param,非数组：
{ "param": { ... } }

===========================================================================================
---------------------------------------- RESPONSE ----------------------------------------
time: 2026-06-28 21:15:52
attempt: 1/3

[OUTPUT]
{
  "param": {
    "notText": "质量比别家好",
    "butText": "成本结构变了",
    "butSrc": "一个企业的成本饼图，其中很大部分被标记为制裁与替代",
    "notContentIndex": 0,
    "butContentIndex": 1
  }
}
-------------------------------------------------------------------------------------------

======================================== REQUEST ========================================
time: 2026-06-28 21:15:52
provider: deepseek
model: deepseek-v4-pro
retries: 3

[PROMPT]
你是短视频字幕与画面细节处理专家。请把指定台词细化为字模显示参数。


## 完整段落上下文（仅供理解整体语境，判断当前句子的重要性）
所以就能解释，为什么华为的产品就是贵？

不是质量就一定比别家好了，而是他的成本结构变了。

别人的钱，主要花在产品竞争力上。

华为的钱，有一部分花在制裁成本上。

花在国产替代的摩擦成本上。

花在绕过限制的交易成本上。

那这些差距怎么弥补？

物理附加值不够，就只能加“魔法附加值”：情怀。

把买不到国外技术的窘迫，包装成强硬的反抗。

把供应链被迫降级的成本，包装成民族产业的脊梁。

把消费者多花的钱，包装成对国产崛起的支持。

把一个企业的生存压力，转化成普通人的道德义务。

所以，作为一个消费者。

当你买一件华为产品，你要心里有数。

你付的钱里，到底有多少是产品本身的价值。

有多少是制裁带来的额外成本。

又有多少是营销包装出来的情怀溢价。


## 🎯 待处理的目标文案
别人的钱，主要花在产品竞争力上。

## 目标文案content的数组结构
生成模板参数时，format为content_index的字段依据此数组选择匹配的索引，用于决定相应内容出现在动画中的时机

[
  {
    "index": 0,
    "text": "别人的钱，"
  },
  {
    "index": 1,
    "text": "主要花在产品竞争力上。"
  }
]


## 选定模板及参数规范

模板名称：CENTER_FOCUS

参数 Schema 说明：

{
  "type": "object",
  "properties": {
    "imageSrc": {
      "type": "string",
      "format": "image_prompt",
      "description": "主图描述"
    },
    "enterEffect": {
      "type": "string",
      "enum": [
        "fadeIn",
        "slideLeft",
        "slideBottom",
        "zoomIn"
      ],
      "default": "fadeIn",
      "description": "图片入场方式（breathe 呼吸效果始终常驻，无需指定）"
    },
    "anchors": {
      "type": "array",
      "description": "可选；用于锚点词展示（顶部依次出现并保留为列表），并绑定锚点出现时机的音效。showFrom 须落在当前 content 条数范围内。注意 **保持克制，尽量少设置锚点** 只提取整段里真正的高潮、反转或核心名词",
      "items": {
        "type": "object",
        "required": [
          "text",
          "showFrom"
        ],
        "properties": {
          "text": {
            "type": "string",
            "description": "要展示的锚点词"
          },
          "showFrom": {
            "type": "integer",
            "format": "content_index",
            "description": "content 数组下标（0-based），非帧数；合法范围 0～(content 条数-1)，超出会被校验丢弃"
          },
          "color": {
            "type": "string"
          },
          "anim": {
            "type": "string",
            "enum": [
              "spring",
              "slideUp",
              "popIn",
              "highlight"
            ]
          },
          "audioEffect": {
            "type": "string",
            "enum": [
              "impact_thud",
              "ping",
              "woosh"
            ]
          }
        }
      }
    }
  },
  "required": [
    "imageSrc"
  ]
}


模板该项的示例供参考：

{
  "template": "CENTER_FOCUS",
  "param": {
    "imageSrc": "上班族坐在电脑前的简笔画图标",
    "enterEffect": "fadeIn",
    "anchors": [
      {
        "text": "可得性启发",
        "showFrom": 0,
        "color": "red"
      }
    ]
  }
}


注意：如果该模板生成的参数包含图片视觉描述（如 imageSrc / leftSrc / rightSrc 等等），请只描述纯视觉场景与动作，绝不要包含任何文字、标语或注音。


## 其他通用说明
1. 锚点（Anchor）— 克制与高价值（适用于 SCHEMA 或上文允许出现锚点/高亮时）：
   - 多数句子应**无锚点**；拿不准就留空或 `[]`，避免满屏高亮。
   - 如果一定需要锚点，只选**整段里真正的高潮、反转或核心名词**（宜 2～4 字、有记忆点）；平庸词、铺垫句不要做成锚点。
   - 颜色建议：`#EF4444`（警示/反转/负面/结论）、`#000000`（事实/术语/数据）。动画 `anim`：`spring` | `slideUp` | `popIn` | `highlight`。
   - 音效可选(仅写在锚点对象上的 `audioEffect`)：`impact_thud` | `ping` | `woosh`

2. 视觉标题与字幕分离（仅当 SCHEMA 要求 `notText` / `butText` / `conceptName`、或 DOS_AND_DONTS 的 `left.label` / `right.label` 等时）：

   - 填**极简关键词（约 2～6 字）**，禁止把整句台词搬进标题字段。



## 输出格式（严格 JSON，不要 markdown 代码块）
补全当前模板的param,非数组：
{ "param": { ... } }

===========================================================================================
---------------------------------------- RESPONSE ----------------------------------------
time: 2026-06-28 21:16:02
attempt: 1/3

[OUTPUT]
{"param": {"imageSrc": "金币从钱袋流出，汇聚在一座发光的奖杯上", "enterEffect": "fadeIn", "anchors": []}}
-------------------------------------------------------------------------------------------

======================================== REQUEST ========================================
time: 2026-06-28 21:16:02
provider: deepseek
model: deepseek-v4-pro
retries: 3

[PROMPT]
你是短视频字幕与画面细节处理专家。请把指定台词细化为字模显示参数。


## 完整段落上下文（仅供理解整体语境，判断当前句子的重要性）
所以就能解释，为什么华为的产品就是贵？

不是质量就一定比别家好了，而是他的成本结构变了。

别人的钱，主要花在产品竞争力上。

华为的钱，有一部分花在制裁成本上。

花在国产替代的摩擦成本上。

花在绕过限制的交易成本上。

那这些差距怎么弥补？

物理附加值不够，就只能加“魔法附加值”：情怀。

把买不到国外技术的窘迫，包装成强硬的反抗。

把供应链被迫降级的成本，包装成民族产业的脊梁。

把消费者多花的钱，包装成对国产崛起的支持。

把一个企业的生存压力，转化成普通人的道德义务。

所以，作为一个消费者。

当你买一件华为产品，你要心里有数。

你付的钱里，到底有多少是产品本身的价值。

有多少是制裁带来的额外成本。

又有多少是营销包装出来的情怀溢价。


## 🎯 待处理的目标文案
华为的钱，有一部分花在制裁成本上。花在国产替代的摩擦成本上。花在绕过限制的交易成本上。

## 目标文案content的数组结构
生成模板参数时，format为content_index的字段依据此数组选择匹配的索引，用于决定相应内容出现在动画中的时机

[
  {
    "index": 0,
    "text": "华为的钱，"
  },
  {
    "index": 1,
    "text": "有一部分花在制裁成本上。"
  },
  {
    "index": 2,
    "text": "花在国产替代的摩擦成本上。"
  },
  {
    "index": 3,
    "text": "花在绕过限制的交易成本上。"
  }
]


## 选定模板及参数规范

模板名称：PANEL_GRID

参数 Schema 说明：

{
  "type": "object",
  "properties": {
    "panels": {
      "type": "array",
      "minItems": 2,
      "maxItems": 6,
      "description": "宫格配图；showFrom 为 content 下标（0-based），在该条 startFrame 显现",
      "items": {
        "type": "object",
        "required": [
          "src",
          "showFrom"
        ],
        "properties": {
          "src": {
            "type": "string",
            "format": "image_prompt",
            "description": "该宫格配图提示词"
          },
          "showFrom": {
            "type": "integer",
            "format": "content_index",
            "description": "content 下标（0-based），非帧数"
          },
          "position": {
            "type": "string",
            "enum": [
              "center",
              "left",
              "right",
              "top",
              "bottom"
            ],
            "description": "可选；弱提示，布局以宫格为准"
          },
          "enterEffect": {
            "type": "string",
            "enum": [
              "breathe",
              "slideLeft",
              "slideBottom",
              "zoomIn",
              "fadeIn"
            ],
            "default": "fadeIn"
          }
        }
      }
    }
  },
  "required": [
    "panels"
  ]
}

// 口播条数（已由程序写入 CONTENT_STR，勿在 param 中输出 content）：口播分句（item.content）至少 2 条；口播分句至多 8 条（超出会被校验器告警）


模板该项的示例供参考：

{
  "template": "PANEL_GRID",
  "param": {
    "panels": [
      {
        "src": "问号堵住去路的简笔画",
        "showFrom": 0,
        "enterEffect": "zoomIn"
      },
      {
        "src": "放大镜只看一角的简笔画",
        "showFrom": 1
      },
      {
        "src": "两人各执一词的简笔画",
        "showFrom": 2
      }
    ]
  }
}


注意：如果该模板生成的参数包含图片视觉描述（如 imageSrc / leftSrc / rightSrc 等等），请只描述纯视觉场景与动作，绝不要包含任何文字、标语或注音。


## 其他通用说明
1. 锚点（Anchor）— 克制与高价值（适用于 SCHEMA 或上文允许出现锚点/高亮时）：
   - 多数句子应**无锚点**；拿不准就留空或 `[]`，避免满屏高亮。
   - 如果一定需要锚点，只选**整段里真正的高潮、反转或核心名词**（宜 2～4 字、有记忆点）；平庸词、铺垫句不要做成锚点。
   - 颜色建议：`#EF4444`（警示/反转/负面/结论）、`#000000`（事实/术语/数据）。动画 `anim`：`spring` | `slideUp` | `popIn` | `highlight`。
   - 音效可选(仅写在锚点对象上的 `audioEffect`)：`impact_thud` | `ping` | `woosh`

2. 视觉标题与字幕分离（仅当 SCHEMA 要求 `notText` / `butText` / `conceptName`、或 DOS_AND_DONTS 的 `left.label` / `right.label` 等时）：

   - 填**极简关键词（约 2～6 字）**，禁止把整句台词搬进标题字段。



## 输出格式（严格 JSON，不要 markdown 代码块）
补全当前模板的param,非数组：
{ "param": { ... } }

===========================================================================================
---------------------------------------- RESPONSE ----------------------------------------
time: 2026-06-28 21:16:27
attempt: 1/3

[OUTPUT]
{
  "param": {
    "panels": [
      {
        "src": "金币从华为标志性的花瓣形状中流出，飞向一堵布满禁止符号和铁链的高墙，被阻挡在外",
        "showFrom": 0,
        "enterEffect": "fadeIn"
      },
      {
        "src": "被高墙阻挡的金币变成沉重的锁链和加价标签，源源不断地被制裁成本消耗",
        "showFrom": 1,
        "enterEffect": "fadeIn"
      },
      {
        "src": "生锈的国产齿轮强行咬合，摩擦出刺眼火花，齿轮缝隙间不断散落金币",
        "showFrom": 2,
        "enterEffect": "fadeIn"
      },
      {
        "src": "金币箭头在复杂的限制迷宫和水渠中艰难绕行，路径曲折，沿途不断掉落损耗",
        "showFrom": 3,
        "enterEffect": "fadeIn"
      }
    ]
  }
}
-------------------------------------------------------------------------------------------

======================================== REQUEST ========================================
time: 2026-06-28 21:16:27
provider: deepseek
model: deepseek-v4-pro
retries: 3

[PROMPT]
你是短视频字幕与画面细节处理专家。请把指定台词细化为字模显示参数。


## 完整段落上下文（仅供理解整体语境，判断当前句子的重要性）
所以就能解释，为什么华为的产品就是贵？

不是质量就一定比别家好了，而是他的成本结构变了。

别人的钱，主要花在产品竞争力上。

华为的钱，有一部分花在制裁成本上。

花在国产替代的摩擦成本上。

花在绕过限制的交易成本上。

那这些差距怎么弥补？

物理附加值不够，就只能加“魔法附加值”：情怀。

把买不到国外技术的窘迫，包装成强硬的反抗。

把供应链被迫降级的成本，包装成民族产业的脊梁。

把消费者多花的钱，包装成对国产崛起的支持。

把一个企业的生存压力，转化成普通人的道德义务。

所以，作为一个消费者。

当你买一件华为产品，你要心里有数。

你付的钱里，到底有多少是产品本身的价值。

有多少是制裁带来的额外成本。

又有多少是营销包装出来的情怀溢价。


## 🎯 待处理的目标文案
那这些差距怎么弥补？

## 目标文案content的数组结构
生成模板参数时，format为content_index的字段依据此数组选择匹配的索引，用于决定相应内容出现在动画中的时机

[
  {
    "index": 0,
    "text": "那这些差距怎么弥补？"
  }
]


## 选定模板及参数规范

模板名称：CENTER_FOCUS

参数 Schema 说明：

{
  "type": "object",
  "properties": {
    "imageSrc": {
      "type": "string",
      "format": "image_prompt",
      "description": "主图描述"
    },
    "enterEffect": {
      "type": "string",
      "enum": [
        "fadeIn",
        "slideLeft",
        "slideBottom",
        "zoomIn"
      ],
      "default": "fadeIn",
      "description": "图片入场方式（breathe 呼吸效果始终常驻，无需指定）"
    },
    "anchors": {
      "type": "array",
      "description": "可选；用于锚点词展示（顶部依次出现并保留为列表），并绑定锚点出现时机的音效。showFrom 须落在当前 content 条数范围内。注意 **保持克制，尽量少设置锚点** 只提取整段里真正的高潮、反转或核心名词",
      "items": {
        "type": "object",
        "required": [
          "text",
          "showFrom"
        ],
        "properties": {
          "text": {
            "type": "string",
            "description": "要展示的锚点词"
          },
          "showFrom": {
            "type": "integer",
            "format": "content_index",
            "description": "content 数组下标（0-based），非帧数；合法范围 0～(content 条数-1)，超出会被校验丢弃"
          },
          "color": {
            "type": "string"
          },
          "anim": {
            "type": "string",
            "enum": [
              "spring",
              "slideUp",
              "popIn",
              "highlight"
            ]
          },
          "audioEffect": {
            "type": "string",
            "enum": [
              "impact_thud",
              "ping",
              "woosh"
            ]
          }
        }
      }
    }
  },
  "required": [
    "imageSrc"
  ]
}


模板该项的示例供参考：

{
  "template": "CENTER_FOCUS",
  "param": {
    "imageSrc": "上班族坐在电脑前的简笔画图标",
    "enterEffect": "fadeIn",
    "anchors": [
      {
        "text": "可得性启发",
        "showFrom": 0,
        "color": "red"
      }
    ]
  }
}


注意：如果该模板生成的参数包含图片视觉描述（如 imageSrc / leftSrc / rightSrc 等等），请只描述纯视觉场景与动作，绝不要包含任何文字、标语或注音。


## 其他通用说明
1. 锚点（Anchor）— 克制与高价值（适用于 SCHEMA 或上文允许出现锚点/高亮时）：
   - 多数句子应**无锚点**；拿不准就留空或 `[]`，避免满屏高亮。
   - 如果一定需要锚点，只选**整段里真正的高潮、反转或核心名词**（宜 2～4 字、有记忆点）；平庸词、铺垫句不要做成锚点。
   - 颜色建议：`#EF4444`（警示/反转/负面/结论）、`#000000`（事实/术语/数据）。动画 `anim`：`spring` | `slideUp` | `popIn` | `highlight`。
   - 音效可选(仅写在锚点对象上的 `audioEffect`)：`impact_thud` | `ping` | `woosh`

2. 视觉标题与字幕分离（仅当 SCHEMA 要求 `notText` / `butText` / `conceptName`、或 DOS_AND_DONTS 的 `left.label` / `right.label` 等时）：

   - 填**极简关键词（约 2～6 字）**，禁止把整句台词搬进标题字段。



## 输出格式（严格 JSON，不要 markdown 代码块）
补全当前模板的param,非数组：
{ "param": { ... } }

===========================================================================================
---------------------------------------- RESPONSE ----------------------------------------
time: 2026-06-28 21:16:32
attempt: 1/3

[OUTPUT]
{
  "param": {
    "imageSrc": "一道金色光芒正在缝合地面裂缝的抽象画面，光束从上方洒落，裂缝周围有微光粒子浮动",
    "enterEffect": "fadeIn",
    "anchors": []
  }
}
-------------------------------------------------------------------------------------------

======================================== REQUEST ========================================
time: 2026-06-28 21:16:32
provider: deepseek
model: deepseek-v4-pro
retries: 3

[PROMPT]
你是短视频字幕与画面细节处理专家。请把指定台词细化为字模显示参数。


## 完整段落上下文（仅供理解整体语境，判断当前句子的重要性）
所以就能解释，为什么华为的产品就是贵？

不是质量就一定比别家好了，而是他的成本结构变了。

别人的钱，主要花在产品竞争力上。

华为的钱，有一部分花在制裁成本上。

花在国产替代的摩擦成本上。

花在绕过限制的交易成本上。

那这些差距怎么弥补？

物理附加值不够，就只能加“魔法附加值”：情怀。

把买不到国外技术的窘迫，包装成强硬的反抗。

把供应链被迫降级的成本，包装成民族产业的脊梁。

把消费者多花的钱，包装成对国产崛起的支持。

把一个企业的生存压力，转化成普通人的道德义务。

所以，作为一个消费者。

当你买一件华为产品，你要心里有数。

你付的钱里，到底有多少是产品本身的价值。

有多少是制裁带来的额外成本。

又有多少是营销包装出来的情怀溢价。


## 🎯 待处理的目标文案
物理附加值不够，就只能加“魔法附加值”：情怀。

## 目标文案content的数组结构
生成模板参数时，format为content_index的字段依据此数组选择匹配的索引，用于决定相应内容出现在动画中的时机

[
  {
    "index": 0,
    "text": "物理附加值不够，"
  },
  {
    "index": 1,
    "text": "就只能加“魔法附加值”："
  },
  {
    "index": 2,
    "text": "情怀。"
  }
]


## 选定模板及参数规范

模板名称：CONCEPT_CARD

参数 Schema 说明：

{
  "type": "object",
  "properties": {
    "imageSrc": {
      "type": "string",
      "format": "image_prompt",
      "description": "概念图标描述"
    },
    "conceptName": {
      "type": "string",
      "description": "概念名称"
    }
  },
  "required": [
    "imageSrc",
    "conceptName"
  ]
}


模板该项的示例供参考：

{
  "template": "CONCEPT_CARD",
  "param": {
    "imageSrc": "过滤器/筛网简笔画图标",
    "conceptName": "幸存者偏差"
  }
}


注意：如果该模板生成的参数包含图片视觉描述（如 imageSrc / leftSrc / rightSrc 等等），请只描述纯视觉场景与动作，绝不要包含任何文字、标语或注音。


## 其他通用说明
1. 锚点（Anchor）— 克制与高价值（适用于 SCHEMA 或上文允许出现锚点/高亮时）：
   - 多数句子应**无锚点**；拿不准就留空或 `[]`，避免满屏高亮。
   - 如果一定需要锚点，只选**整段里真正的高潮、反转或核心名词**（宜 2～4 字、有记忆点）；平庸词、铺垫句不要做成锚点。
   - 颜色建议：`#EF4444`（警示/反转/负面/结论）、`#000000`（事实/术语/数据）。动画 `anim`：`spring` | `slideUp` | `popIn` | `highlight`。
   - 音效可选(仅写在锚点对象上的 `audioEffect`)：`impact_thud` | `ping` | `woosh`

2. 视觉标题与字幕分离（仅当 SCHEMA 要求 `notText` / `butText` / `conceptName`、或 DOS_AND_DONTS 的 `left.label` / `right.label` 等时）：

   - 填**极简关键词（约 2～6 字）**，禁止把整句台词搬进标题字段。



## 输出格式（严格 JSON，不要 markdown 代码块）
补全当前模板的param,非数组：
{ "param": { ... } }

===========================================================================================
---------------------------------------- RESPONSE ----------------------------------------
time: 2026-06-28 21:16:44
attempt: 1/3

[OUTPUT]
{"param": {"imageSrc": "一个普通的物品被魔法杖轻点，周围泛起金色光尘和飘浮的爱心轮廓，象征被赋予神秘的额外价值", "conceptName": "魔法附加值"}}
-------------------------------------------------------------------------------------------

======================================== REQUEST ========================================
time: 2026-06-28 21:16:44
provider: deepseek
model: deepseek-v4-pro
retries: 3

[PROMPT]
你是短视频字幕与画面细节处理专家。请把指定台词细化为字模显示参数。


## 完整段落上下文（仅供理解整体语境，判断当前句子的重要性）
所以就能解释，为什么华为的产品就是贵？

不是质量就一定比别家好了，而是他的成本结构变了。

别人的钱，主要花在产品竞争力上。

华为的钱，有一部分花在制裁成本上。

花在国产替代的摩擦成本上。

花在绕过限制的交易成本上。

那这些差距怎么弥补？

物理附加值不够，就只能加“魔法附加值”：情怀。

把买不到国外技术的窘迫，包装成强硬的反抗。

把供应链被迫降级的成本，包装成民族产业的脊梁。

把消费者多花的钱，包装成对国产崛起的支持。

把一个企业的生存压力，转化成普通人的道德义务。

所以，作为一个消费者。

当你买一件华为产品，你要心里有数。

你付的钱里，到底有多少是产品本身的价值。

有多少是制裁带来的额外成本。

又有多少是营销包装出来的情怀溢价。


## 🎯 待处理的目标文案
把买不到国外技术的窘迫，包装成强硬的反抗。把供应链被迫降级的成本，包装成民族产业的脊梁。

## 目标文案content的数组结构
生成模板参数时，format为content_index的字段依据此数组选择匹配的索引，用于决定相应内容出现在动画中的时机

[
  {
    "index": 0,
    "text": "把买不到国外技术的窘迫，"
  },
  {
    "index": 1,
    "text": "包装成强硬的反抗。"
  },
  {
    "index": 2,
    "text": "把供应链被迫降级的成本，"
  },
  {
    "index": 3,
    "text": "包装成民族产业的脊梁。"
  }
]


## 选定模板及参数规范

模板名称：PANEL_GRID

参数 Schema 说明：

{
  "type": "object",
  "properties": {
    "panels": {
      "type": "array",
      "minItems": 2,
      "maxItems": 6,
      "description": "宫格配图；showFrom 为 content 下标（0-based），在该条 startFrame 显现",
      "items": {
        "type": "object",
        "required": [
          "src",
          "showFrom"
        ],
        "properties": {
          "src": {
            "type": "string",
            "format": "image_prompt",
            "description": "该宫格配图提示词"
          },
          "showFrom": {
            "type": "integer",
            "format": "content_index",
            "description": "content 下标（0-based），非帧数"
          },
          "position": {
            "type": "string",
            "enum": [
              "center",
              "left",
              "right",
              "top",
              "bottom"
            ],
            "description": "可选；弱提示，布局以宫格为准"
          },
          "enterEffect": {
            "type": "string",
            "enum": [
              "breathe",
              "slideLeft",
              "slideBottom",
              "zoomIn",
              "fadeIn"
            ],
            "default": "fadeIn"
          }
        }
      }
    }
  },
  "required": [
    "panels"
  ]
}

// 口播条数（已由程序写入 CONTENT_STR，勿在 param 中输出 content）：口播分句（item.content）至少 2 条；口播分句至多 8 条（超出会被校验器告警）


模板该项的示例供参考：

{
  "template": "PANEL_GRID",
  "param": {
    "panels": [
      {
        "src": "问号堵住去路的简笔画",
        "showFrom": 0,
        "enterEffect": "zoomIn"
      },
      {
        "src": "放大镜只看一角的简笔画",
        "showFrom": 1
      },
      {
        "src": "两人各执一词的简笔画",
        "showFrom": 2
      }
    ]
  }
}


注意：如果该模板生成的参数包含图片视觉描述（如 imageSrc / leftSrc / rightSrc 等等），请只描述纯视觉场景与动作，绝不要包含任何文字、标语或注音。


## 其他通用说明
1. 锚点（Anchor）— 克制与高价值（适用于 SCHEMA 或上文允许出现锚点/高亮时）：
   - 多数句子应**无锚点**；拿不准就留空或 `[]`，避免满屏高亮。
   - 如果一定需要锚点，只选**整段里真正的高潮、反转或核心名词**（宜 2～4 字、有记忆点）；平庸词、铺垫句不要做成锚点。
   - 颜色建议：`#EF4444`（警示/反转/负面/结论）、`#000000`（事实/术语/数据）。动画 `anim`：`spring` | `slideUp` | `popIn` | `highlight`。
   - 音效可选(仅写在锚点对象上的 `audioEffect`)：`impact_thud` | `ping` | `woosh`

2. 视觉标题与字幕分离（仅当 SCHEMA 要求 `notText` / `butText` / `conceptName`、或 DOS_AND_DONTS 的 `left.label` / `right.label` 等时）：

   - 填**极简关键词（约 2～6 字）**，禁止把整句台词搬进标题字段。



## 输出格式（严格 JSON，不要 markdown 代码块）
补全当前模板的param,非数组：
{ "param": { ... } }

===========================================================================================
---------------------------------------- RESPONSE ----------------------------------------
time: 2026-06-28 21:17:04
attempt: 1/3

[OUTPUT]
{"param":{"panels":[{"src":"一个透明牢笼中，一只手伸向笼外悬浮的发光芯片，芯片却被铁链层层缠绕，无法触及","showFrom":0,"enterEffect":"fadeIn"},{"src":"同一只手戴上红色拳击手套，击碎牢笼，碎片化作红色斗篷披在肩上，背景现出巨大拳头雕塑","showFrom":1,"enterEffect":"zoomIn"},{"src":"流水线上，机械臂正把带有裂纹的劣质齿轮强行安装进产品，工人低头无奈","showFrom":2,"enterEffect":"fadeIn"},{"src":"那些劣质齿轮被拼成一条龙的脊骨，通体镀金，在聚光灯下昂然矗立","showFrom":3,"enterEffect":"slideBottom"}]}}
-------------------------------------------------------------------------------------------

======================================== REQUEST ========================================
time: 2026-06-28 21:17:04
provider: deepseek
model: deepseek-v4-pro
retries: 3

[PROMPT]
你是短视频字幕与画面细节处理专家。请把指定台词细化为字模显示参数。


## 完整段落上下文（仅供理解整体语境，判断当前句子的重要性）
所以就能解释，为什么华为的产品就是贵？

不是质量就一定比别家好了，而是他的成本结构变了。

别人的钱，主要花在产品竞争力上。

华为的钱，有一部分花在制裁成本上。

花在国产替代的摩擦成本上。

花在绕过限制的交易成本上。

那这些差距怎么弥补？

物理附加值不够，就只能加“魔法附加值”：情怀。

把买不到国外技术的窘迫，包装成强硬的反抗。

把供应链被迫降级的成本，包装成民族产业的脊梁。

把消费者多花的钱，包装成对国产崛起的支持。

把一个企业的生存压力，转化成普通人的道德义务。

所以，作为一个消费者。

当你买一件华为产品，你要心里有数。

你付的钱里，到底有多少是产品本身的价值。

有多少是制裁带来的额外成本。

又有多少是营销包装出来的情怀溢价。


## 🎯 待处理的目标文案
把消费者多花的钱，包装成对国产崛起的支持。把一个企业的生存压力，转化成普通人的道德义务。

## 目标文案content的数组结构
生成模板参数时，format为content_index的字段依据此数组选择匹配的索引，用于决定相应内容出现在动画中的时机

[
  {
    "index": 0,
    "text": "把消费者多花的钱，"
  },
  {
    "index": 1,
    "text": "包装成对国产崛起的支持。"
  },
  {
    "index": 2,
    "text": "把一个企业的生存压力，"
  },
  {
    "index": 3,
    "text": "转化成普通人的道德义务。"
  }
]


## 选定模板及参数规范

模板名称：PANEL_GRID

参数 Schema 说明：

{
  "type": "object",
  "properties": {
    "panels": {
      "type": "array",
      "minItems": 2,
      "maxItems": 6,
      "description": "宫格配图；showFrom 为 content 下标（0-based），在该条 startFrame 显现",
      "items": {
        "type": "object",
        "required": [
          "src",
          "showFrom"
        ],
        "properties": {
          "src": {
            "type": "string",
            "format": "image_prompt",
            "description": "该宫格配图提示词"
          },
          "showFrom": {
            "type": "integer",
            "format": "content_index",
            "description": "content 下标（0-based），非帧数"
          },
          "position": {
            "type": "string",
            "enum": [
              "center",
              "left",
              "right",
              "top",
              "bottom"
            ],
            "description": "可选；弱提示，布局以宫格为准"
          },
          "enterEffect": {
            "type": "string",
            "enum": [
              "breathe",
              "slideLeft",
              "slideBottom",
              "zoomIn",
              "fadeIn"
            ],
            "default": "fadeIn"
          }
        }
      }
    }
  },
  "required": [
    "panels"
  ]
}

// 口播条数（已由程序写入 CONTENT_STR，勿在 param 中输出 content）：口播分句（item.content）至少 2 条；口播分句至多 8 条（超出会被校验器告警）


模板该项的示例供参考：

{
  "template": "PANEL_GRID",
  "param": {
    "panels": [
      {
        "src": "问号堵住去路的简笔画",
        "showFrom": 0,
        "enterEffect": "zoomIn"
      },
      {
        "src": "放大镜只看一角的简笔画",
        "showFrom": 1
      },
      {
        "src": "两人各执一词的简笔画",
        "showFrom": 2
      }
    ]
  }
}


注意：如果该模板生成的参数包含图片视觉描述（如 imageSrc / leftSrc / rightSrc 等等），请只描述纯视觉场景与动作，绝不要包含任何文字、标语或注音。


## 其他通用说明
1. 锚点（Anchor）— 克制与高价值（适用于 SCHEMA 或上文允许出现锚点/高亮时）：
   - 多数句子应**无锚点**；拿不准就留空或 `[]`，避免满屏高亮。
   - 如果一定需要锚点，只选**整段里真正的高潮、反转或核心名词**（宜 2～4 字、有记忆点）；平庸词、铺垫句不要做成锚点。
   - 颜色建议：`#EF4444`（警示/反转/负面/结论）、`#000000`（事实/术语/数据）。动画 `anim`：`spring` | `slideUp` | `popIn` | `highlight`。
   - 音效可选(仅写在锚点对象上的 `audioEffect`)：`impact_thud` | `ping` | `woosh`

2. 视觉标题与字幕分离（仅当 SCHEMA 要求 `notText` / `butText` / `conceptName`、或 DOS_AND_DONTS 的 `left.label` / `right.label` 等时）：

   - 填**极简关键词（约 2～6 字）**，禁止把整句台词搬进标题字段。



## 输出格式（严格 JSON，不要 markdown 代码块）
补全当前模板的param,非数组：
{ "param": { ... } }

===========================================================================================
---------------------------------------- RESPONSE ----------------------------------------
time: 2026-06-28 21:17:17
attempt: 1/3

[OUTPUT]
{"param": {"panels": [{"src": "消费者从钱包中数出额外钞票，表情无奈的简笔画", "showFrom": 0, "enterEffect": "fadeIn"}, {"src": "钞票放入红色礼盒，礼盒放大发光，背景城市剪影升起的简笔画", "showFrom": 1, "enterEffect": "zoomIn"}, {"src": "工厂在巨大阴影下摇摇欲坠，烟囱倾斜的简笔画", "showFrom": 2, "enterEffect": "slideBottom"}, {"src": "工厂阴影化作铁链缠绕在普通人肩上，他们负重前行的简笔画", "showFrom": 3, "enterEffect": "slideLeft"}]}}
-------------------------------------------------------------------------------------------

======================================== REQUEST ========================================
time: 2026-06-28 21:17:17
provider: deepseek
model: deepseek-v4-pro
retries: 3

[PROMPT]
你是短视频字幕与画面细节处理专家。请把指定台词细化为字模显示参数。


## 完整段落上下文（仅供理解整体语境，判断当前句子的重要性）
所以就能解释，为什么华为的产品就是贵？

不是质量就一定比别家好了，而是他的成本结构变了。

别人的钱，主要花在产品竞争力上。

华为的钱，有一部分花在制裁成本上。

花在国产替代的摩擦成本上。

花在绕过限制的交易成本上。

那这些差距怎么弥补？

物理附加值不够，就只能加“魔法附加值”：情怀。

把买不到国外技术的窘迫，包装成强硬的反抗。

把供应链被迫降级的成本，包装成民族产业的脊梁。

把消费者多花的钱，包装成对国产崛起的支持。

把一个企业的生存压力，转化成普通人的道德义务。

所以，作为一个消费者。

当你买一件华为产品，你要心里有数。

你付的钱里，到底有多少是产品本身的价值。

有多少是制裁带来的额外成本。

又有多少是营销包装出来的情怀溢价。


## 🎯 待处理的目标文案
所以，作为一个消费者。当你买一件华为产品，你要心里有数。

## 目标文案content的数组结构
生成模板参数时，format为content_index的字段依据此数组选择匹配的索引，用于决定相应内容出现在动画中的时机

[
  {
    "index": 0,
    "text": "所以，"
  },
  {
    "index": 1,
    "text": "作为一个消费者。"
  },
  {
    "index": 2,
    "text": "当你买一件华为产品，"
  },
  {
    "index": 3,
    "text": "你要心里有数。"
  }
]


## 选定模板及参数规范

模板名称：CENTER_FOCUS

参数 Schema 说明：

{
  "type": "object",
  "properties": {
    "imageSrc": {
      "type": "string",
      "format": "image_prompt",
      "description": "主图描述"
    },
    "enterEffect": {
      "type": "string",
      "enum": [
        "fadeIn",
        "slideLeft",
        "slideBottom",
        "zoomIn"
      ],
      "default": "fadeIn",
      "description": "图片入场方式（breathe 呼吸效果始终常驻，无需指定）"
    },
    "anchors": {
      "type": "array",
      "description": "可选；用于锚点词展示（顶部依次出现并保留为列表），并绑定锚点出现时机的音效。showFrom 须落在当前 content 条数范围内。注意 **保持克制，尽量少设置锚点** 只提取整段里真正的高潮、反转或核心名词",
      "items": {
        "type": "object",
        "required": [
          "text",
          "showFrom"
        ],
        "properties": {
          "text": {
            "type": "string",
            "description": "要展示的锚点词"
          },
          "showFrom": {
            "type": "integer",
            "format": "content_index",
            "description": "content 数组下标（0-based），非帧数；合法范围 0～(content 条数-1)，超出会被校验丢弃"
          },
          "color": {
            "type": "string"
          },
          "anim": {
            "type": "string",
            "enum": [
              "spring",
              "slideUp",
              "popIn",
              "highlight"
            ]
          },
          "audioEffect": {
            "type": "string",
            "enum": [
              "impact_thud",
              "ping",
              "woosh"
            ]
          }
        }
      }
    }
  },
  "required": [
    "imageSrc"
  ]
}


模板该项的示例供参考：

{
  "template": "CENTER_FOCUS",
  "param": {
    "imageSrc": "上班族坐在电脑前的简笔画图标",
    "enterEffect": "fadeIn",
    "anchors": [
      {
        "text": "可得性启发",
        "showFrom": 0,
        "color": "red"
      }
    ]
  }
}


注意：如果该模板生成的参数包含图片视觉描述（如 imageSrc / leftSrc / rightSrc 等等），请只描述纯视觉场景与动作，绝不要包含任何文字、标语或注音。


## 其他通用说明
1. 锚点（Anchor）— 克制与高价值（适用于 SCHEMA 或上文允许出现锚点/高亮时）：
   - 多数句子应**无锚点**；拿不准就留空或 `[]`，避免满屏高亮。
   - 如果一定需要锚点，只选**整段里真正的高潮、反转或核心名词**（宜 2～4 字、有记忆点）；平庸词、铺垫句不要做成锚点。
   - 颜色建议：`#EF4444`（警示/反转/负面/结论）、`#000000`（事实/术语/数据）。动画 `anim`：`spring` | `slideUp` | `popIn` | `highlight`。
   - 音效可选(仅写在锚点对象上的 `audioEffect`)：`impact_thud` | `ping` | `woosh`

2. 视觉标题与字幕分离（仅当 SCHEMA 要求 `notText` / `butText` / `conceptName`、或 DOS_AND_DONTS 的 `left.label` / `right.label` 等时）：

   - 填**极简关键词（约 2～6 字）**，禁止把整句台词搬进标题字段。



## 输出格式（严格 JSON，不要 markdown 代码块）
补全当前模板的param,非数组：
{ "param": { ... } }

===========================================================================================
---------------------------------------- RESPONSE ----------------------------------------
time: 2026-06-28 21:17:27
attempt: 1/3

[OUTPUT]
{
  "param": {
    "imageSrc": "一个年轻人站在简约的白色展示台前，手拿着华为手机，低头凝视屏幕，表情若有所思，背景是柔和的商品陈列区",
    "enterEffect": "fadeIn",
    "anchors": [
      {
        "text": "心里有数",
        "showFrom": 3,
        "color": "#EF4444",
        "anim": "highlight",
        "audioEffect": "impact_thud"
      }
    ]
  }
}
-------------------------------------------------------------------------------------------

======================================== REQUEST ========================================
time: 2026-06-28 21:17:27
provider: deepseek
model: deepseek-v4-pro
retries: 3

[PROMPT]
你是短视频字幕与画面细节处理专家。请把指定台词细化为字模显示参数。


## 完整段落上下文（仅供理解整体语境，判断当前句子的重要性）
所以就能解释，为什么华为的产品就是贵？

不是质量就一定比别家好了，而是他的成本结构变了。

别人的钱，主要花在产品竞争力上。

华为的钱，有一部分花在制裁成本上。

花在国产替代的摩擦成本上。

花在绕过限制的交易成本上。

那这些差距怎么弥补？

物理附加值不够，就只能加“魔法附加值”：情怀。

把买不到国外技术的窘迫，包装成强硬的反抗。

把供应链被迫降级的成本，包装成民族产业的脊梁。

把消费者多花的钱，包装成对国产崛起的支持。

把一个企业的生存压力，转化成普通人的道德义务。

所以，作为一个消费者。

当你买一件华为产品，你要心里有数。

你付的钱里，到底有多少是产品本身的价值。

有多少是制裁带来的额外成本。

又有多少是营销包装出来的情怀溢价。


## 🎯 待处理的目标文案
你付的钱里，到底有多少是产品本身的价值。有多少是制裁带来的额外成本。又有多少是营销包装出来的情怀溢价。

## 目标文案content的数组结构
生成模板参数时，format为content_index的字段依据此数组选择匹配的索引，用于决定相应内容出现在动画中的时机

[
  {
    "index": 0,
    "text": "你付的钱里，"
  },
  {
    "index": 1,
    "text": "到底有多少是产品本身的价值。"
  },
  {
    "index": 2,
    "text": "有多少是制裁带来的额外成本。"
  },
  {
    "index": 3,
    "text": "又有多少是营销包装出来的情怀溢价。"
  }
]


## 选定模板及参数规范

模板名称：PANEL_GRID

参数 Schema 说明：

{
  "type": "object",
  "properties": {
    "panels": {
      "type": "array",
      "minItems": 2,
      "maxItems": 6,
      "description": "宫格配图；showFrom 为 content 下标（0-based），在该条 startFrame 显现",
      "items": {
        "type": "object",
        "required": [
          "src",
          "showFrom"
        ],
        "properties": {
          "src": {
            "type": "string",
            "format": "image_prompt",
            "description": "该宫格配图提示词"
          },
          "showFrom": {
            "type": "integer",
            "format": "content_index",
            "description": "content 下标（0-based），非帧数"
          },
          "position": {
            "type": "string",
            "enum": [
              "center",
              "left",
              "right",
              "top",
              "bottom"
            ],
            "description": "可选；弱提示，布局以宫格为准"
          },
          "enterEffect": {
            "type": "string",
            "enum": [
              "breathe",
              "slideLeft",
              "slideBottom",
              "zoomIn",
              "fadeIn"
            ],
            "default": "fadeIn"
          }
        }
      }
    }
  },
  "required": [
    "panels"
  ]
}

// 口播条数（已由程序写入 CONTENT_STR，勿在 param 中输出 content）：口播分句（item.content）至少 2 条；口播分句至多 8 条（超出会被校验器告警）


模板该项的示例供参考：

{
  "template": "PANEL_GRID",
  "param": {
    "panels": [
      {
        "src": "问号堵住去路的简笔画",
        "showFrom": 0,
        "enterEffect": "zoomIn"
      },
      {
        "src": "放大镜只看一角的简笔画",
        "showFrom": 1
      },
      {
        "src": "两人各执一词的简笔画",
        "showFrom": 2
      }
    ]
  }
}


注意：如果该模板生成的参数包含图片视觉描述（如 imageSrc / leftSrc / rightSrc 等等），请只描述纯视觉场景与动作，绝不要包含任何文字、标语或注音。


## 其他通用说明
1. 锚点（Anchor）— 克制与高价值（适用于 SCHEMA 或上文允许出现锚点/高亮时）：
   - 多数句子应**无锚点**；拿不准就留空或 `[]`，避免满屏高亮。
   - 如果一定需要锚点，只选**整段里真正的高潮、反转或核心名词**（宜 2～4 字、有记忆点）；平庸词、铺垫句不要做成锚点。
   - 颜色建议：`#EF4444`（警示/反转/负面/结论）、`#000000`（事实/术语/数据）。动画 `anim`：`spring` | `slideUp` | `popIn` | `highlight`。
   - 音效可选(仅写在锚点对象上的 `audioEffect`)：`impact_thud` | `ping` | `woosh`

2. 视觉标题与字幕分离（仅当 SCHEMA 要求 `notText` / `butText` / `conceptName`、或 DOS_AND_DONTS 的 `left.label` / `right.label` 等时）：

   - 填**极简关键词（约 2～6 字）**，禁止把整句台词搬进标题字段。



## 输出格式（严格 JSON，不要 markdown 代码块）
补全当前模板的param,非数组：
{ "param": { ... } }

===========================================================================================
---------------------------------------- RESPONSE ----------------------------------------
time: 2026-06-28 21:17:59
attempt: 1/3

[OUTPUT]
{
  "param": {
    "panels": [
      {
        "src": "一个消费者手拿钱包，面带疑惑地思考，简笔画",
        "showFrom": 0,
        "enterEffect": "zoomIn"
      },
      {
        "src": "一部手机在展示台上独自散发柔光，简笔画",
        "showFrom": 1
      },
      {
        "src": "一部手机被多条锁链缠绕，锁链末端连接着漏出硬币的钱袋，简笔画",
        "showFrom": 2
      },
      {
        "src": "一个扎着蝴蝶结的华丽礼盒，上方漂浮着一个带问号的心形气球，简笔画",
        "showFrom": 3
      }
    ]
  }
}
-------------------------------------------------------------------------------------------

======================================== REQUEST ========================================
time: 2026-06-28 21:17:59
provider: deepseek
model: deepseek-v4-pro
retries: 3

[PROMPT]
你是短视频字幕与画面细节处理专家。请把指定台词细化为字模显示参数。


## 完整段落上下文（仅供理解整体语境，判断当前句子的重要性）
有人会说，不管是为了真生存，还是为了假脊梁，华为不都在为国产贡献力量吗？

这话没错。

但在为国产贡献力量的不只是华为。

国产供应链更可控，国产技术如果真正发展起来，长期性价比也会更高。

所以小米、OPPO、vivo、联想、大疆，以及大量你叫不上名字的公司，其实都在推动国产替代。

区别只在于，有些公司把它当成长期产业能力来建设。

有些公司把它当成营销叙事来出售。

推动国产，最合理的路径，应该是一个循序渐进的过程。

一边利用全球产业链，生产真正有全球竞争力的产品。

一边卖给全世界的人，赚全世界的钱。

再用这些利润反哺国内研发、工艺、材料、设备和人才。

这才是健康的产业升级。

而不是把企业的困境包装成国家的困境。

把产品的短板包装成精神的长板。

再通过道德感，要求国人为你的生存买单。


## 🎯 待处理的目标文案
有人会说，不管是为了真生存，还是为了假脊梁，华为不都在为国产贡献力量吗？

## 目标文案content的数组结构
生成模板参数时，format为content_index的字段依据此数组选择匹配的索引，用于决定相应内容出现在动画中的时机

[
  {
    "index": 0,
    "text": "有人会说，"
  },
  {
    "index": 1,
    "text": "不管是为了真生存，"
  },
  {
    "index": 2,
    "text": "还是为了假脊梁，"
  },
  {
    "index": 3,
    "text": "华为不都在为国产贡献力量吗？"
  }
]


## 选定模板及参数规范

模板名称：CENTER_FOCUS

参数 Schema 说明：

{
  "type": "object",
  "properties": {
    "imageSrc": {
      "type": "string",
      "format": "image_prompt",
      "description": "主图描述"
    },
    "enterEffect": {
      "type": "string",
      "enum": [
        "fadeIn",
        "slideLeft",
        "slideBottom",
        "zoomIn"
      ],
      "default": "fadeIn",
      "description": "图片入场方式（breathe 呼吸效果始终常驻，无需指定）"
    },
    "anchors": {
      "type": "array",
      "description": "可选；用于锚点词展示（顶部依次出现并保留为列表），并绑定锚点出现时机的音效。showFrom 须落在当前 content 条数范围内。注意 **保持克制，尽量少设置锚点** 只提取整段里真正的高潮、反转或核心名词",
      "items": {
        "type": "object",
        "required": [
          "text",
          "showFrom"
        ],
        "properties": {
          "text": {
            "type": "string",
            "description": "要展示的锚点词"
          },
          "showFrom": {
            "type": "integer",
            "format": "content_index",
            "description": "content 数组下标（0-based），非帧数；合法范围 0～(content 条数-1)，超出会被校验丢弃"
          },
          "color": {
            "type": "string"
          },
          "anim": {
            "type": "string",
            "enum": [
              "spring",
              "slideUp",
              "popIn",
              "highlight"
            ]
          },
          "audioEffect": {
            "type": "string",
            "enum": [
              "impact_thud",
              "ping",
              "woosh"
            ]
          }
        }
      }
    }
  },
  "required": [
    "imageSrc"
  ]
}


模板该项的示例供参考：

{
  "template": "CENTER_FOCUS",
  "param": {
    "imageSrc": "上班族坐在电脑前的简笔画图标",
    "enterEffect": "fadeIn",
    "anchors": [
      {
        "text": "可得性启发",
        "showFrom": 0,
        "color": "red"
      }
    ]
  }
}


注意：如果该模板生成的参数包含图片视觉描述（如 imageSrc / leftSrc / rightSrc 等等），请只描述纯视觉场景与动作，绝不要包含任何文字、标语或注音。


## 其他通用说明
1. 锚点（Anchor）— 克制与高价值（适用于 SCHEMA 或上文允许出现锚点/高亮时）：
   - 多数句子应**无锚点**；拿不准就留空或 `[]`，避免满屏高亮。
   - 如果一定需要锚点，只选**整段里真正的高潮、反转或核心名词**（宜 2～4 字、有记忆点）；平庸词、铺垫句不要做成锚点。
   - 颜色建议：`#EF4444`（警示/反转/负面/结论）、`#000000`（事实/术语/数据）。动画 `anim`：`spring` | `slideUp` | `popIn` | `highlight`。
   - 音效可选(仅写在锚点对象上的 `audioEffect`)：`impact_thud` | `ping` | `woosh`

2. 视觉标题与字幕分离（仅当 SCHEMA 要求 `notText` / `butText` / `conceptName`、或 DOS_AND_DONTS 的 `left.label` / `right.label` 等时）：

   - 填**极简关键词（约 2～6 字）**，禁止把整句台词搬进标题字段。



## 输出格式（严格 JSON，不要 markdown 代码块）
补全当前模板的param,非数组：
{ "param": { ... } }

===========================================================================================
---------------------------------------- RESPONSE ----------------------------------------
time: 2026-06-28 21:18:07
attempt: 1/3

[OUTPUT]
{"param":{"imageSrc":"一个抽象的天平，一端放着真实发光的齿轮，另一端放着虚幻的脊梁骨影像，背景模糊的问号漂浮","enterEffect":"fadeIn","anchors":[]}}
-------------------------------------------------------------------------------------------

======================================== REQUEST ========================================
time: 2026-06-28 21:18:07
provider: deepseek
model: deepseek-v4-pro
retries: 3

[PROMPT]
你是短视频字幕与画面细节处理专家。请把指定台词细化为字模显示参数。


## 完整段落上下文（仅供理解整体语境，判断当前句子的重要性）
有人会说，不管是为了真生存，还是为了假脊梁，华为不都在为国产贡献力量吗？

这话没错。

但在为国产贡献力量的不只是华为。

国产供应链更可控，国产技术如果真正发展起来，长期性价比也会更高。

所以小米、OPPO、vivo、联想、大疆，以及大量你叫不上名字的公司，其实都在推动国产替代。

区别只在于，有些公司把它当成长期产业能力来建设。

有些公司把它当成营销叙事来出售。

推动国产，最合理的路径，应该是一个循序渐进的过程。

一边利用全球产业链，生产真正有全球竞争力的产品。

一边卖给全世界的人，赚全世界的钱。

再用这些利润反哺国内研发、工艺、材料、设备和人才。

这才是健康的产业升级。

而不是把企业的困境包装成国家的困境。

把产品的短板包装成精神的长板。

再通过道德感，要求国人为你的生存买单。


## 🎯 待处理的目标文案
这话没错。但在为国产贡献力量的不只是华为。

## 目标文案content的数组结构
生成模板参数时，format为content_index的字段依据此数组选择匹配的索引，用于决定相应内容出现在动画中的时机

[
  {
    "index": 0,
    "text": "这话没错。"
  },
  {
    "index": 1,
    "text": "但在为国产贡献力量的不只是华为。"
  }
]


## 选定模板及参数规范

模板名称：COGNITIVE_SHIFT

参数 Schema 说明：

{
  "type": "object",
  "properties": {
    "notText": {
      "type": "string",
      "description": "被否认知（‘不是’后面的内容）的精炼短句，不超过12个字，"
    },
    "butText": {
      "type": "string",
      "description": "真实认知（‘而是’后面的内容）的精炼短句，不超过12个字"
    },
    "butSrc": {
      "type": "string",
      "format": "image_prompt",
      "description": "真实认知的配图"
    },
    "notContentIndex": {
      "type": "integer",
      "format": "content_index",
      "description": "触发「不是」动画的字幕段索引（默认 0）"
    },
    "butContentIndex": {
      "type": "integer",
      "format": "content_index",
      "description": "触发「而是」动画的字幕段索引（默认 1）"
    }
  },
  "required": [
    "notText",
    "butText"
  ]
}


模板该项的示例供参考：

{
  "template": "COGNITIVE_SHIFT",
  "content": [
    "我们都不应该靠勤奋拼命",
    "我们都应该是靠认知和选择",
    "这样我才能成功"
  ],
  "param": {
    "notText": "靠勤奋拼命",
    "butText": "靠认知和选择",
    "butSrc": "站在高处看地图的思考者",
    "notContentIndex": 0,
    "butContentIndex": 1
  }
}


注意：如果该模板生成的参数包含图片视觉描述（如 imageSrc / leftSrc / rightSrc 等等），请只描述纯视觉场景与动作，绝不要包含任何文字、标语或注音。


## 其他通用说明
1. 锚点（Anchor）— 克制与高价值（适用于 SCHEMA 或上文允许出现锚点/高亮时）：
   - 多数句子应**无锚点**；拿不准就留空或 `[]`，避免满屏高亮。
   - 如果一定需要锚点，只选**整段里真正的高潮、反转或核心名词**（宜 2～4 字、有记忆点）；平庸词、铺垫句不要做成锚点。
   - 颜色建议：`#EF4444`（警示/反转/负面/结论）、`#000000`（事实/术语/数据）。动画 `anim`：`spring` | `slideUp` | `popIn` | `highlight`。
   - 音效可选(仅写在锚点对象上的 `audioEffect`)：`impact_thud` | `ping` | `woosh`

2. 视觉标题与字幕分离（仅当 SCHEMA 要求 `notText` / `butText` / `conceptName`、或 DOS_AND_DONTS 的 `left.label` / `right.label` 等时）：

   - 填**极简关键词（约 2～6 字）**，禁止把整句台词搬进标题字段。



## 输出格式（严格 JSON，不要 markdown 代码块）
补全当前模板的param,非数组：
{ "param": { ... } }

===========================================================================================
---------------------------------------- RESPONSE ----------------------------------------
time: 2026-06-28 21:18:29
attempt: 1/3

[OUTPUT]
{"param":{"notText":"只有华为","butText":"众多企业并肩","butSrc":"排列着多家国产电子产品的展示台","notContentIndex":1,"butContentIndex":1}}
-------------------------------------------------------------------------------------------

======================================== REQUEST ========================================
time: 2026-06-28 21:18:29
provider: deepseek
model: deepseek-v4-pro
retries: 3

[PROMPT]
你是短视频字幕与画面细节处理专家。请把指定台词细化为字模显示参数。


## 完整段落上下文（仅供理解整体语境，判断当前句子的重要性）
有人会说，不管是为了真生存，还是为了假脊梁，华为不都在为国产贡献力量吗？

这话没错。

但在为国产贡献力量的不只是华为。

国产供应链更可控，国产技术如果真正发展起来，长期性价比也会更高。

所以小米、OPPO、vivo、联想、大疆，以及大量你叫不上名字的公司，其实都在推动国产替代。

区别只在于，有些公司把它当成长期产业能力来建设。

有些公司把它当成营销叙事来出售。

推动国产，最合理的路径，应该是一个循序渐进的过程。

一边利用全球产业链，生产真正有全球竞争力的产品。

一边卖给全世界的人，赚全世界的钱。

再用这些利润反哺国内研发、工艺、材料、设备和人才。

这才是健康的产业升级。

而不是把企业的困境包装成国家的困境。

把产品的短板包装成精神的长板。

再通过道德感，要求国人为你的生存买单。


## 🎯 待处理的目标文案
国产供应链更可控，国产技术如果真正发展起来，长期性价比也会更高。

## 目标文案content的数组结构
生成模板参数时，format为content_index的字段依据此数组选择匹配的索引，用于决定相应内容出现在动画中的时机

[
  {
    "index": 0,
    "text": "国产供应链更可控，"
  },
  {
    "index": 1,
    "text": "国产技术如果真正发展起来，"
  },
  {
    "index": 2,
    "text": "长期性价比也会更高。"
  }
]


## 选定模板及参数规范

模板名称：CENTER_FOCUS

参数 Schema 说明：

{
  "type": "object",
  "properties": {
    "imageSrc": {
      "type": "string",
      "format": "image_prompt",
      "description": "主图描述"
    },
    "enterEffect": {
      "type": "string",
      "enum": [
        "fadeIn",
        "slideLeft",
        "slideBottom",
        "zoomIn"
      ],
      "default": "fadeIn",
      "description": "图片入场方式（breathe 呼吸效果始终常驻，无需指定）"
    },
    "anchors": {
      "type": "array",
      "description": "可选；用于锚点词展示（顶部依次出现并保留为列表），并绑定锚点出现时机的音效。showFrom 须落在当前 content 条数范围内。注意 **保持克制，尽量少设置锚点** 只提取整段里真正的高潮、反转或核心名词",
      "items": {
        "type": "object",
        "required": [
          "text",
          "showFrom"
        ],
        "properties": {
          "text": {
            "type": "string",
            "description": "要展示的锚点词"
          },
          "showFrom": {
            "type": "integer",
            "format": "content_index",
            "description": "content 数组下标（0-based），非帧数；合法范围 0～(content 条数-1)，超出会被校验丢弃"
          },
          "color": {
            "type": "string"
          },
          "anim": {
            "type": "string",
            "enum": [
              "spring",
              "slideUp",
              "popIn",
              "highlight"
            ]
          },
          "audioEffect": {
            "type": "string",
            "enum": [
              "impact_thud",
              "ping",
              "woosh"
            ]
          }
        }
      }
    }
  },
  "required": [
    "imageSrc"
  ]
}


模板该项的示例供参考：

{
  "template": "CENTER_FOCUS",
  "param": {
    "imageSrc": "上班族坐在电脑前的简笔画图标",
    "enterEffect": "fadeIn",
    "anchors": [
      {
        "text": "可得性启发",
        "showFrom": 0,
        "color": "red"
      }
    ]
  }
}


注意：如果该模板生成的参数包含图片视觉描述（如 imageSrc / leftSrc / rightSrc 等等），请只描述纯视觉场景与动作，绝不要包含任何文字、标语或注音。


## 其他通用说明
1. 锚点（Anchor）— 克制与高价值（适用于 SCHEMA 或上文允许出现锚点/高亮时）：
   - 多数句子应**无锚点**；拿不准就留空或 `[]`，避免满屏高亮。
   - 如果一定需要锚点，只选**整段里真正的高潮、反转或核心名词**（宜 2～4 字、有记忆点）；平庸词、铺垫句不要做成锚点。
   - 颜色建议：`#EF4444`（警示/反转/负面/结论）、`#000000`（事实/术语/数据）。动画 `anim`：`spring` | `slideUp` | `popIn` | `highlight`。
   - 音效可选(仅写在锚点对象上的 `audioEffect`)：`impact_thud` | `ping` | `woosh`

2. 视觉标题与字幕分离（仅当 SCHEMA 要求 `notText` / `butText` / `conceptName`、或 DOS_AND_DONTS 的 `left.label` / `right.label` 等时）：

   - 填**极简关键词（约 2～6 字）**，禁止把整句台词搬进标题字段。



## 输出格式（严格 JSON，不要 markdown 代码块）
补全当前模板的param,非数组：
{ "param": { ... } }

===========================================================================================
---------------------------------------- RESPONSE ----------------------------------------
time: 2026-06-28 21:18:34
attempt: 1/3

[OUTPUT]
{
  "param": {
    "imageSrc": "一个高科技工厂的生产线，机械臂正在组装产品，背景有全球网络连接示意图",
    "enterEffect": "fadeIn",
    "anchors": []
  }
}
-------------------------------------------------------------------------------------------

======================================== REQUEST ========================================
time: 2026-06-28 21:18:34
provider: deepseek
model: deepseek-v4-pro
retries: 3

[PROMPT]
你是短视频字幕与画面细节处理专家。请把指定台词细化为字模显示参数。


## 完整段落上下文（仅供理解整体语境，判断当前句子的重要性）
有人会说，不管是为了真生存，还是为了假脊梁，华为不都在为国产贡献力量吗？

这话没错。

但在为国产贡献力量的不只是华为。

国产供应链更可控，国产技术如果真正发展起来，长期性价比也会更高。

所以小米、OPPO、vivo、联想、大疆，以及大量你叫不上名字的公司，其实都在推动国产替代。

区别只在于，有些公司把它当成长期产业能力来建设。

有些公司把它当成营销叙事来出售。

推动国产，最合理的路径，应该是一个循序渐进的过程。

一边利用全球产业链，生产真正有全球竞争力的产品。

一边卖给全世界的人，赚全世界的钱。

再用这些利润反哺国内研发、工艺、材料、设备和人才。

这才是健康的产业升级。

而不是把企业的困境包装成国家的困境。

把产品的短板包装成精神的长板。

再通过道德感，要求国人为你的生存买单。


## 🎯 待处理的目标文案
所以小米、OPPO、vivo、联想、大疆，以及大量你叫不上名字的公司，其实都在推动国产替代。

## 目标文案content的数组结构
生成模板参数时，format为content_index的字段依据此数组选择匹配的索引，用于决定相应内容出现在动画中的时机

[
  {
    "index": 0,
    "text": "所以小米、"
  },
  {
    "index": 1,
    "text": "OPPO、"
  },
  {
    "index": 2,
    "text": "vivo、"
  },
  {
    "index": 3,
    "text": "联想、"
  },
  {
    "index": 4,
    "text": "大疆，"
  },
  {
    "index": 5,
    "text": "以及大量你叫不上名字的公司，"
  },
  {
    "index": 6,
    "text": "其实都在推动国产替代。"
  }
]


## 选定模板及参数规范

模板名称：PANEL_GRID

参数 Schema 说明：

{
  "type": "object",
  "properties": {
    "panels": {
      "type": "array",
      "minItems": 2,
      "maxItems": 6,
      "description": "宫格配图；showFrom 为 content 下标（0-based），在该条 startFrame 显现",
      "items": {
        "type": "object",
        "required": [
          "src",
          "showFrom"
        ],
        "properties": {
          "src": {
            "type": "string",
            "format": "image_prompt",
            "description": "该宫格配图提示词"
          },
          "showFrom": {
            "type": "integer",
            "format": "content_index",
            "description": "content 下标（0-based），非帧数"
          },
          "position": {
            "type": "string",
            "enum": [
              "center",
              "left",
              "right",
              "top",
              "bottom"
            ],
            "description": "可选；弱提示，布局以宫格为准"
          },
          "enterEffect": {
            "type": "string",
            "enum": [
              "breathe",
              "slideLeft",
              "slideBottom",
              "zoomIn",
              "fadeIn"
            ],
            "default": "fadeIn"
          }
        }
      }
    }
  },
  "required": [
    "panels"
  ]
}

// 口播条数（已由程序写入 CONTENT_STR，勿在 param 中输出 content）：口播分句（item.content）至少 2 条；口播分句至多 8 条（超出会被校验器告警）


模板该项的示例供参考：

{
  "template": "PANEL_GRID",
  "param": {
    "panels": [
      {
        "src": "问号堵住去路的简笔画",
        "showFrom": 0,
        "enterEffect": "zoomIn"
      },
      {
        "src": "放大镜只看一角的简笔画",
        "showFrom": 1
      },
      {
        "src": "两人各执一词的简笔画",
        "showFrom": 2
      }
    ]
  }
}


注意：如果该模板生成的参数包含图片视觉描述（如 imageSrc / leftSrc / rightSrc 等等），请只描述纯视觉场景与动作，绝不要包含任何文字、标语或注音。


## 其他通用说明
1. 锚点（Anchor）— 克制与高价值（适用于 SCHEMA 或上文允许出现锚点/高亮时）：
   - 多数句子应**无锚点**；拿不准就留空或 `[]`，避免满屏高亮。
   - 如果一定需要锚点，只选**整段里真正的高潮、反转或核心名词**（宜 2～4 字、有记忆点）；平庸词、铺垫句不要做成锚点。
   - 颜色建议：`#EF4444`（警示/反转/负面/结论）、`#000000`（事实/术语/数据）。动画 `anim`：`spring` | `slideUp` | `popIn` | `highlight`。
   - 音效可选(仅写在锚点对象上的 `audioEffect`)：`impact_thud` | `ping` | `woosh`

2. 视觉标题与字幕分离（仅当 SCHEMA 要求 `notText` / `butText` / `conceptName`、或 DOS_AND_DONTS 的 `left.label` / `right.label` 等时）：

   - 填**极简关键词（约 2～6 字）**，禁止把整句台词搬进标题字段。



## 输出格式（严格 JSON，不要 markdown 代码块）
补全当前模板的param,非数组：
{ "param": { ... } }

===========================================================================================
---------------------------------------- RESPONSE ----------------------------------------
time: 2026-06-28 21:18:58
attempt: 1/3

[OUTPUT]
{
  "param": {
    "panels": [
      {
        "src": "A row of modern smartphones with blank screens, minimalistic flat illustration, representing various Chinese phone brands, white background",
        "showFrom": 0,
        "enterEffect": "fadeIn"
      },
      {
        "src": "A sleek laptop next to a flying drone, clean vector style, representing technology devices, light gray background",
        "showFrom": 3,
        "enterEffect": "slideLeft"
      },
      {
        "src": "A crowd of silhouetted figures holding blueprints and tools, representing numerous unnamed companies, teamwork scene, dark outline illustration, soft blue accent",
        "showFrom": 5,
        "enterEffect": "zoomIn"
      },
      {
        "src": "Interlocking gears made of circuit lines, symbolizing domestic supply chain and industrial upgrade, high-tech minimalism, green and blue tones",
        "showFrom": 6,
        "enterEffect": "zoomIn"
      }
    ]
  }
}
-------------------------------------------------------------------------------------------

======================================== REQUEST ========================================
time: 2026-06-28 21:18:58
provider: deepseek
model: deepseek-v4-pro
retries: 3

[PROMPT]
你是短视频字幕与画面细节处理专家。请把指定台词细化为字模显示参数。


## 完整段落上下文（仅供理解整体语境，判断当前句子的重要性）
有人会说，不管是为了真生存，还是为了假脊梁，华为不都在为国产贡献力量吗？

这话没错。

但在为国产贡献力量的不只是华为。

国产供应链更可控，国产技术如果真正发展起来，长期性价比也会更高。

所以小米、OPPO、vivo、联想、大疆，以及大量你叫不上名字的公司，其实都在推动国产替代。

区别只在于，有些公司把它当成长期产业能力来建设。

有些公司把它当成营销叙事来出售。

推动国产，最合理的路径，应该是一个循序渐进的过程。

一边利用全球产业链，生产真正有全球竞争力的产品。

一边卖给全世界的人，赚全世界的钱。

再用这些利润反哺国内研发、工艺、材料、设备和人才。

这才是健康的产业升级。

而不是把企业的困境包装成国家的困境。

把产品的短板包装成精神的长板。

再通过道德感，要求国人为你的生存买单。


## 🎯 待处理的目标文案
区别只在于，有些公司把它当成长期产业能力来建设。有些公司把它当成营销叙事来出售。

## 目标文案content的数组结构
生成模板参数时，format为content_index的字段依据此数组选择匹配的索引，用于决定相应内容出现在动画中的时机

[
  {
    "index": 0,
    "text": "区别只在于，"
  },
  {
    "index": 1,
    "text": "有些公司把它当成长期产业能力来建设。"
  },
  {
    "index": 2,
    "text": "有些公司把它当成营销叙事来出售。"
  }
]


## 选定模板及参数规范

模板名称：SPLIT_COMPARE

参数 Schema 说明：

{
  "type": "object",
  "properties": {
    "leftSrc": {
      "type": "string",
      "format": "image_prompt",
      "description": "左侧图片描述"
    },
    "rightSrc": {
      "type": "string",
      "format": "image_prompt",
      "description": "右侧图片描述"
    },
    "leftLabel": {
      "type": "string",
      "description": "左侧标签（2～6 字为宜）"
    },
    "rightLabel": {
      "type": "string",
      "description": "右侧标签（2～6 字为宜）"
    },
    "leftShowFrom": {
      "type": "integer",
      "format": "content_index",
      "description": "左侧图与标签出现的时刻：取 content 数组下标（0-based），入场帧为该条的 startFrame；省略或越界则从 0 帧起"
    },
    "rightShowFrom": {
      "type": "integer",
      "format": "content_index",
      "description": "右侧图与标签出现的时刻：取 content 数组下标（0-based），入场帧为该条的 startFrame；省略或越界则从 0 帧起"
    }
  },
  "required": [
    "leftSrc",
    "rightSrc",
    "leftLabel",
    "rightLabel"
  ]
}


模板该项的示例供参考：

{
  "template": "SPLIT_COMPARE",
  "param": {
    "leftSrc": "传统低效工作图标",
    "rightSrc": "高效数字工具图标",
    "leftLabel": "旧方法",
    "rightLabel": "新方法"
  }
}


注意：如果该模板生成的参数包含图片视觉描述（如 imageSrc / leftSrc / rightSrc 等等），请只描述纯视觉场景与动作，绝不要包含任何文字、标语或注音。


## 其他通用说明
1. 锚点（Anchor）— 克制与高价值（适用于 SCHEMA 或上文允许出现锚点/高亮时）：
   - 多数句子应**无锚点**；拿不准就留空或 `[]`，避免满屏高亮。
   - 如果一定需要锚点，只选**整段里真正的高潮、反转或核心名词**（宜 2～4 字、有记忆点）；平庸词、铺垫句不要做成锚点。
   - 颜色建议：`#EF4444`（警示/反转/负面/结论）、`#000000`（事实/术语/数据）。动画 `anim`：`spring` | `slideUp` | `popIn` | `highlight`。
   - 音效可选(仅写在锚点对象上的 `audioEffect`)：`impact_thud` | `ping` | `woosh`

2. 视觉标题与字幕分离（仅当 SCHEMA 要求 `notText` / `butText` / `conceptName`、或 DOS_AND_DONTS 的 `left.label` / `right.label` 等时）：

   - 填**极简关键词（约 2～6 字）**，禁止把整句台词搬进标题字段。



## 输出格式（严格 JSON，不要 markdown 代码块）
补全当前模板的param,非数组：
{ "param": { ... } }

===========================================================================================
---------------------------------------- RESPONSE ----------------------------------------
time: 2026-06-28 21:19:06
attempt: 1/3

[OUTPUT]
{
  "param": {
    "leftSrc": "工程师在洁净的实验室中调试精密设备，专注地进行技术研发",
    "rightSrc": "销售人员在舞台上对着大屏幕激情演讲，背景是夸张的营销标语和灯光",
    "leftLabel": "长期建设",
    "rightLabel": "营销叙事",
    "leftShowFrom": 1,
    "rightShowFrom": 2
  }
}
-------------------------------------------------------------------------------------------

======================================== REQUEST ========================================
time: 2026-06-28 21:19:06
provider: deepseek
model: deepseek-v4-pro
retries: 3

[PROMPT]
你是短视频字幕与画面细节处理专家。请把指定台词细化为字模显示参数。


## 完整段落上下文（仅供理解整体语境，判断当前句子的重要性）
有人会说，不管是为了真生存，还是为了假脊梁，华为不都在为国产贡献力量吗？

这话没错。

但在为国产贡献力量的不只是华为。

国产供应链更可控，国产技术如果真正发展起来，长期性价比也会更高。

所以小米、OPPO、vivo、联想、大疆，以及大量你叫不上名字的公司，其实都在推动国产替代。

区别只在于，有些公司把它当成长期产业能力来建设。

有些公司把它当成营销叙事来出售。

推动国产，最合理的路径，应该是一个循序渐进的过程。

一边利用全球产业链，生产真正有全球竞争力的产品。

一边卖给全世界的人，赚全世界的钱。

再用这些利润反哺国内研发、工艺、材料、设备和人才。

这才是健康的产业升级。

而不是把企业的困境包装成国家的困境。

把产品的短板包装成精神的长板。

再通过道德感，要求国人为你的生存买单。


## 🎯 待处理的目标文案
推动国产，最合理的路径，应该是一个循序渐进的过程。

## 目标文案content的数组结构
生成模板参数时，format为content_index的字段依据此数组选择匹配的索引，用于决定相应内容出现在动画中的时机

[
  {
    "index": 0,
    "text": "推动国产，"
  },
  {
    "index": 1,
    "text": "最合理的路径，"
  },
  {
    "index": 2,
    "text": "应该是一个循序渐进的过程。"
  }
]


## 选定模板及参数规范

模板名称：CENTER_FOCUS

参数 Schema 说明：

{
  "type": "object",
  "properties": {
    "imageSrc": {
      "type": "string",
      "format": "image_prompt",
      "description": "主图描述"
    },
    "enterEffect": {
      "type": "string",
      "enum": [
        "fadeIn",
        "slideLeft",
        "slideBottom",
        "zoomIn"
      ],
      "default": "fadeIn",
      "description": "图片入场方式（breathe 呼吸效果始终常驻，无需指定）"
    },
    "anchors": {
      "type": "array",
      "description": "可选；用于锚点词展示（顶部依次出现并保留为列表），并绑定锚点出现时机的音效。showFrom 须落在当前 content 条数范围内。注意 **保持克制，尽量少设置锚点** 只提取整段里真正的高潮、反转或核心名词",
      "items": {
        "type": "object",
        "required": [
          "text",
          "showFrom"
        ],
        "properties": {
          "text": {
            "type": "string",
            "description": "要展示的锚点词"
          },
          "showFrom": {
            "type": "integer",
            "format": "content_index",
            "description": "content 数组下标（0-based），非帧数；合法范围 0～(content 条数-1)，超出会被校验丢弃"
          },
          "color": {
            "type": "string"
          },
          "anim": {
            "type": "string",
            "enum": [
              "spring",
              "slideUp",
              "popIn",
              "highlight"
            ]
          },
          "audioEffect": {
            "type": "string",
            "enum": [
              "impact_thud",
              "ping",
              "woosh"
            ]
          }
        }
      }
    }
  },
  "required": [
    "imageSrc"
  ]
}


模板该项的示例供参考：

{
  "template": "CENTER_FOCUS",
  "param": {
    "imageSrc": "上班族坐在电脑前的简笔画图标",
    "enterEffect": "fadeIn",
    "anchors": [
      {
        "text": "可得性启发",
        "showFrom": 0,
        "color": "red"
      }
    ]
  }
}


注意：如果该模板生成的参数包含图片视觉描述（如 imageSrc / leftSrc / rightSrc 等等），请只描述纯视觉场景与动作，绝不要包含任何文字、标语或注音。


## 其他通用说明
1. 锚点（Anchor）— 克制与高价值（适用于 SCHEMA 或上文允许出现锚点/高亮时）：
   - 多数句子应**无锚点**；拿不准就留空或 `[]`，避免满屏高亮。
   - 如果一定需要锚点，只选**整段里真正的高潮、反转或核心名词**（宜 2～4 字、有记忆点）；平庸词、铺垫句不要做成锚点。
   - 颜色建议：`#EF4444`（警示/反转/负面/结论）、`#000000`（事实/术语/数据）。动画 `anim`：`spring` | `slideUp` | `popIn` | `highlight`。
   - 音效可选(仅写在锚点对象上的 `audioEffect`)：`impact_thud` | `ping` | `woosh`

2. 视觉标题与字幕分离（仅当 SCHEMA 要求 `notText` / `butText` / `conceptName`、或 DOS_AND_DONTS 的 `left.label` / `right.label` 等时）：

   - 填**极简关键词（约 2～6 字）**，禁止把整句台词搬进标题字段。



## 输出格式（严格 JSON，不要 markdown 代码块）
补全当前模板的param,非数组：
{ "param": { ... } }

===========================================================================================
---------------------------------------- RESPONSE ----------------------------------------
time: 2026-06-28 21:19:13
attempt: 1/3

[OUTPUT]
{
  "param": {
    "imageSrc": "一条逐步向上的阶梯，象征循序渐进的产业升级路径",
    "enterEffect": "fadeIn"
  }
}
-------------------------------------------------------------------------------------------

======================================== REQUEST ========================================
time: 2026-06-28 21:19:13
provider: deepseek
model: deepseek-v4-pro
retries: 3

[PROMPT]
你是短视频字幕与画面细节处理专家。请把指定台词细化为字模显示参数。


## 完整段落上下文（仅供理解整体语境，判断当前句子的重要性）
有人会说，不管是为了真生存，还是为了假脊梁，华为不都在为国产贡献力量吗？

这话没错。

但在为国产贡献力量的不只是华为。

国产供应链更可控，国产技术如果真正发展起来，长期性价比也会更高。

所以小米、OPPO、vivo、联想、大疆，以及大量你叫不上名字的公司，其实都在推动国产替代。

区别只在于，有些公司把它当成长期产业能力来建设。

有些公司把它当成营销叙事来出售。

推动国产，最合理的路径，应该是一个循序渐进的过程。

一边利用全球产业链，生产真正有全球竞争力的产品。

一边卖给全世界的人，赚全世界的钱。

再用这些利润反哺国内研发、工艺、材料、设备和人才。

这才是健康的产业升级。

而不是把企业的困境包装成国家的困境。

把产品的短板包装成精神的长板。

再通过道德感，要求国人为你的生存买单。


## 🎯 待处理的目标文案
一边利用全球产业链，生产真正有全球竞争力的产品。一边卖给全世界的人，赚全世界的钱。

## 目标文案content的数组结构
生成模板参数时，format为content_index的字段依据此数组选择匹配的索引，用于决定相应内容出现在动画中的时机

[
  {
    "index": 0,
    "text": "一边利用全球产业链，"
  },
  {
    "index": 1,
    "text": "生产真正有全球竞争力的产品。"
  },
  {
    "index": 2,
    "text": "一边卖给全世界的人，"
  },
  {
    "index": 3,
    "text": "赚全世界的钱。"
  }
]


## 选定模板及参数规范

模板名称：STEP_LIST

参数 Schema 说明：

{
  "type": "object",
  "properties": {
    "title": {
      "type": "string",
      "description": "可选；步骤列表上方标题，建议 4～14 字"
    },
    "steps": {
      "type": "array",
      "items": {
        "oneOf": [
          {
            "type": "string"
          },
          {
            "type": "object",
            "properties": {
              "text": {
                "type": "string"
              },
              "showFrom": {
                "type": "integer",
                "minimum": 0,
                "description": "对应 content 数组的下标（0-based）；该步在 content[showFrom].startFrame 帧开始入场。不传则按 staggerDelay 与序号顺延。"
              }
            },
            "required": [
              "text"
            ]
          }
        ]
      },
      "minItems": 2,
      "maxItems": 6,
      "description": "步骤（可选）。可为字符串，或 { text, showFrom? }（showFrom=content 下标）；不传则从 content 提取。每条 text 建议不超过 10 字。"
    }
  },
  "required": []
}

// 口播条数（已由程序写入 CONTENT_STR，勿在 param 中输出 content）：口播分句（item.content）至少 2 条；口播分句至多 6 条（超出会被校验器告警）


模板该项的示例供参考：

{
  "template": "STEP_LIST",
  "param": {
    "title": "流程概览",
    "steps": [
      {
        "text": "第一步",
        "showFrom": 0
      },
      {
        "text": "第二步",
        "showFrom": 1
      },
      {
        "text": "第三步",
        "showFrom": 2
      }
    ]
  }
}


注意：如果该模板生成的参数包含图片视觉描述（如 imageSrc / leftSrc / rightSrc 等等），请只描述纯视觉场景与动作，绝不要包含任何文字、标语或注音。


## 其他通用说明
1. 锚点（Anchor）— 克制与高价值（适用于 SCHEMA 或上文允许出现锚点/高亮时）：
   - 多数句子应**无锚点**；拿不准就留空或 `[]`，避免满屏高亮。
   - 如果一定需要锚点，只选**整段里真正的高潮、反转或核心名词**（宜 2～4 字、有记忆点）；平庸词、铺垫句不要做成锚点。
   - 颜色建议：`#EF4444`（警示/反转/负面/结论）、`#000000`（事实/术语/数据）。动画 `anim`：`spring` | `slideUp` | `popIn` | `highlight`。
   - 音效可选(仅写在锚点对象上的 `audioEffect`)：`impact_thud` | `ping` | `woosh`

2. 视觉标题与字幕分离（仅当 SCHEMA 要求 `notText` / `butText` / `conceptName`、或 DOS_AND_DONTS 的 `left.label` / `right.label` 等时）：

   - 填**极简关键词（约 2～6 字）**，禁止把整句台词搬进标题字段。



## 输出格式（严格 JSON，不要 markdown 代码块）
补全当前模板的param,非数组：
{ "param": { ... } }

===========================================================================================
---------------------------------------- RESPONSE ----------------------------------------
time: 2026-06-28 21:19:28
attempt: 1/3

[OUTPUT]
{"param":{"title":"健康的产业升级","steps":[{"text":"利用全球产业链","showFrom":0},{"text":"生产全球竞争力产品","showFrom":1},{"text":"卖给全世界","showFrom":2},{"text":"赚全世界的钱","showFrom":3}]}}
-------------------------------------------------------------------------------------------

======================================== REQUEST ========================================
time: 2026-06-28 21:19:28
provider: deepseek
model: deepseek-v4-pro
retries: 3

[PROMPT]
你是短视频字幕与画面细节处理专家。请把指定台词细化为字模显示参数。


## 完整段落上下文（仅供理解整体语境，判断当前句子的重要性）
有人会说，不管是为了真生存，还是为了假脊梁，华为不都在为国产贡献力量吗？

这话没错。

但在为国产贡献力量的不只是华为。

国产供应链更可控，国产技术如果真正发展起来，长期性价比也会更高。

所以小米、OPPO、vivo、联想、大疆，以及大量你叫不上名字的公司，其实都在推动国产替代。

区别只在于，有些公司把它当成长期产业能力来建设。

有些公司把它当成营销叙事来出售。

推动国产，最合理的路径，应该是一个循序渐进的过程。

一边利用全球产业链，生产真正有全球竞争力的产品。

一边卖给全世界的人，赚全世界的钱。

再用这些利润反哺国内研发、工艺、材料、设备和人才。

这才是健康的产业升级。

而不是把企业的困境包装成国家的困境。

把产品的短板包装成精神的长板。

再通过道德感，要求国人为你的生存买单。


## 🎯 待处理的目标文案
再用这些利润反哺国内研发、工艺、材料、设备和人才。这才是健康的产业升级。

## 目标文案content的数组结构
生成模板参数时，format为content_index的字段依据此数组选择匹配的索引，用于决定相应内容出现在动画中的时机

[
  {
    "index": 0,
    "text": "再用这些利润反哺国内研发、"
  },
  {
    "index": 1,
    "text": "工艺、"
  },
  {
    "index": 2,
    "text": "材料、"
  },
  {
    "index": 3,
    "text": "设备和人才。"
  },
  {
    "index": 4,
    "text": "这才是健康的产业升级。"
  }
]


## 选定模板及参数规范

模板名称：BEAT_SEQUENCE

参数 Schema 说明：

{
  "type": "object",
  "properties": {
    "stages": {
      "type": "array",
      "minItems": 2,
      "maxItems": 4,
      "description": "配图序列：每条 stage 一张图；imageSrc、enterEffect、可选 tone（calm|alert）、可选 showFrom（对齐镜头外层 content[] 下标）",
      "items": {
        "type": "object",
        "required": [
          "imageSrc"
        ],
        "properties": {
          "imageSrc": {
            "type": "string",
            "format": "image_prompt",
            "description": "该节拍配图提示词"
          },
          "enterEffect": {
            "type": "string",
            "enum": [
              "breathe",
              "slideLeft",
              "slideBottom",
              "zoomIn",
              "fadeIn"
            ],
            "default": "breathe",
            "description": "入场效果"
          },
          "tone": {
            "type": "string",
            "enum": [
              "calm",
              "alert"
            ],
            "description": "首条可 calm，其余默认可 alert"
          },
          "showFrom": {
            "type": "content_index",
            "minimum": 0,
            "description": "镜头 item 外层 content 数组（与 param 同级）的 0-based 下标；从该条 startFrame 起显示本图。省略则等于当前 stages 下标 i（与第 i 条口播同步）"
          }
        }
      }
    }
  },
  "required": [
    "stages"
  ]
}

// 口播条数（已由程序写入 CONTENT_STR，勿在 param 中输出 content）：口播分句（item.content）至少 2 条；口播分句至多 4 条（超出会被校验器告警）


模板该项的示例供参考：

{
  "template": "BEAT_SEQUENCE",
  "param": {
    "stages": [
      {
        "imageSrc": "问句配图简笔画",
        "enterEffect": "breathe"
      },
      {
        "imageSrc": "转折警示配图",
        "enterEffect": "slideBottom"
      },
      {
        "imageSrc": "结论冲击配图",
        "enterEffect": "slideBottom"
      }
    ]
  }
}


注意：如果该模板生成的参数包含图片视觉描述（如 imageSrc / leftSrc / rightSrc 等等），请只描述纯视觉场景与动作，绝不要包含任何文字、标语或注音。


## 其他通用说明
1. 锚点（Anchor）— 克制与高价值（适用于 SCHEMA 或上文允许出现锚点/高亮时）：
   - 多数句子应**无锚点**；拿不准就留空或 `[]`，避免满屏高亮。
   - 如果一定需要锚点，只选**整段里真正的高潮、反转或核心名词**（宜 2～4 字、有记忆点）；平庸词、铺垫句不要做成锚点。
   - 颜色建议：`#EF4444`（警示/反转/负面/结论）、`#000000`（事实/术语/数据）。动画 `anim`：`spring` | `slideUp` | `popIn` | `highlight`。
   - 音效可选(仅写在锚点对象上的 `audioEffect`)：`impact_thud` | `ping` | `woosh`

2. 视觉标题与字幕分离（仅当 SCHEMA 要求 `notText` / `butText` / `conceptName`、或 DOS_AND_DONTS 的 `left.label` / `right.label` 等时）：

   - 填**极简关键词（约 2～6 字）**，禁止把整句台词搬进标题字段。



## 输出格式（严格 JSON，不要 markdown 代码块）
补全当前模板的param,非数组：
{ "param": { ... } }

===========================================================================================
---------------------------------------- RESPONSE ----------------------------------------
time: 2026-06-28 21:19:44
attempt: 1/3

[OUTPUT]
{
  "param": {
    "stages": [
      {
        "imageSrc": "科研人员在明亮的实验室里协作，数据光流环绕，资金化作光带注入研发场景",
        "enterEffect": "breathe",
        "tone": "calm",
        "showFrom": 0
      },
      {
        "imageSrc": "自动化生产线上精密仪器运行，材料处理特写，多工种工程师与技工团队并肩",
        "enterEffect": "slideBottom",
        "tone": "alert",
        "showFrom": 1
      },
      {
        "imageSrc": "绿色循环箭头构成产业生态圈，幼苗长成大树，象征健康可持续升级",
        "enterEffect": "zoomIn",
        "tone": "calm",
        "showFrom": 4
      }
    ]
  }
}
-------------------------------------------------------------------------------------------

======================================== REQUEST ========================================
time: 2026-06-28 21:19:44
provider: deepseek
model: deepseek-v4-pro
retries: 3

[PROMPT]
你是短视频字幕与画面细节处理专家。请把指定台词细化为字模显示参数。


## 完整段落上下文（仅供理解整体语境，判断当前句子的重要性）
有人会说，不管是为了真生存，还是为了假脊梁，华为不都在为国产贡献力量吗？

这话没错。

但在为国产贡献力量的不只是华为。

国产供应链更可控，国产技术如果真正发展起来，长期性价比也会更高。

所以小米、OPPO、vivo、联想、大疆，以及大量你叫不上名字的公司，其实都在推动国产替代。

区别只在于，有些公司把它当成长期产业能力来建设。

有些公司把它当成营销叙事来出售。

推动国产，最合理的路径，应该是一个循序渐进的过程。

一边利用全球产业链，生产真正有全球竞争力的产品。

一边卖给全世界的人，赚全世界的钱。

再用这些利润反哺国内研发、工艺、材料、设备和人才。

这才是健康的产业升级。

而不是把企业的困境包装成国家的困境。

把产品的短板包装成精神的长板。

再通过道德感，要求国人为你的生存买单。


## 🎯 待处理的目标文案
而不是把企业的困境包装成国家的困境。把产品的短板包装成精神的长板。再通过道德感，要求国人为你的生存买单。

## 目标文案content的数组结构
生成模板参数时，format为content_index的字段依据此数组选择匹配的索引，用于决定相应内容出现在动画中的时机

[
  {
    "index": 0,
    "text": "而不是把企业的困境包装成国家的困境。"
  },
  {
    "index": 1,
    "text": "把产品的短板包装成精神的长板。"
  },
  {
    "index": 2,
    "text": "再通过道德感，"
  },
  {
    "index": 3,
    "text": "要求国人为你的生存买单。"
  }
]


## 选定模板及参数规范

模板名称：BEAT_SEQUENCE

参数 Schema 说明：

{
  "type": "object",
  "properties": {
    "stages": {
      "type": "array",
      "minItems": 2,
      "maxItems": 4,
      "description": "配图序列：每条 stage 一张图；imageSrc、enterEffect、可选 tone（calm|alert）、可选 showFrom（对齐镜头外层 content[] 下标）",
      "items": {
        "type": "object",
        "required": [
          "imageSrc"
        ],
        "properties": {
          "imageSrc": {
            "type": "string",
            "format": "image_prompt",
            "description": "该节拍配图提示词"
          },
          "enterEffect": {
            "type": "string",
            "enum": [
              "breathe",
              "slideLeft",
              "slideBottom",
              "zoomIn",
              "fadeIn"
            ],
            "default": "breathe",
            "description": "入场效果"
          },
          "tone": {
            "type": "string",
            "enum": [
              "calm",
              "alert"
            ],
            "description": "首条可 calm，其余默认可 alert"
          },
          "showFrom": {
            "type": "content_index",
            "minimum": 0,
            "description": "镜头 item 外层 content 数组（与 param 同级）的 0-based 下标；从该条 startFrame 起显示本图。省略则等于当前 stages 下标 i（与第 i 条口播同步）"
          }
        }
      }
    }
  },
  "required": [
    "stages"
  ]
}

// 口播条数（已由程序写入 CONTENT_STR，勿在 param 中输出 content）：口播分句（item.content）至少 2 条；口播分句至多 4 条（超出会被校验器告警）


模板该项的示例供参考：

{
  "template": "BEAT_SEQUENCE",
  "param": {
    "stages": [
      {
        "imageSrc": "问句配图简笔画",
        "enterEffect": "breathe"
      },
      {
        "imageSrc": "转折警示配图",
        "enterEffect": "slideBottom"
      },
      {
        "imageSrc": "结论冲击配图",
        "enterEffect": "slideBottom"
      }
    ]
  }
}


注意：如果该模板生成的参数包含图片视觉描述（如 imageSrc / leftSrc / rightSrc 等等），请只描述纯视觉场景与动作，绝不要包含任何文字、标语或注音。


## 其他通用说明
1. 锚点（Anchor）— 克制与高价值（适用于 SCHEMA 或上文允许出现锚点/高亮时）：
   - 多数句子应**无锚点**；拿不准就留空或 `[]`，避免满屏高亮。
   - 如果一定需要锚点，只选**整段里真正的高潮、反转或核心名词**（宜 2～4 字、有记忆点）；平庸词、铺垫句不要做成锚点。
   - 颜色建议：`#EF4444`（警示/反转/负面/结论）、`#000000`（事实/术语/数据）。动画 `anim`：`spring` | `slideUp` | `popIn` | `highlight`。
   - 音效可选(仅写在锚点对象上的 `audioEffect`)：`impact_thud` | `ping` | `woosh`

2. 视觉标题与字幕分离（仅当 SCHEMA 要求 `notText` / `butText` / `conceptName`、或 DOS_AND_DONTS 的 `left.label` / `right.label` 等时）：

   - 填**极简关键词（约 2～6 字）**，禁止把整句台词搬进标题字段。



## 输出格式（严格 JSON，不要 markdown 代码块）
补全当前模板的param,非数组：
{ "param": { ... } }

===========================================================================================
---------------------------------------- RESPONSE ----------------------------------------
time: 2026-06-28 21:19:58
attempt: 1/3

[OUTPUT]
{
  "param": {
    "stages": [
      {
        "imageSrc": "一个打开的礼品盒，盒内装着断裂的齿轮和碎片，盒盖上映出一面模糊的旗帜影子，暗示伪装成国家困境的企业困局",
        "enterEffect": "breathe",
        "tone": "calm"
      },
      {
        "imageSrc": "天平一端放着一块短木板，另一端却贴着一张闪闪发光的金色星星纸片，象征产品短板被包装成精神长板",
        "enterEffect": "slideBottom",
        "tone": "alert"
      },
      {
        "imageSrc": "一只伸向观众的手，手掌上悬浮着一颗被锁链缠绕的红心，锁链另一端固定在虚空中，表现道德绑架",
        "enterEffect": "zoomIn",
        "tone": "alert"
      },
      {
        "imageSrc": "一个破旧的收银台前，商人递出一张画有破碎盾牌的账单，而台下是一群排队递钱的人，直接要求为生存买单",
        "enterEffect": "slideBottom",
        "tone": "alert"
      }
    ]
  }
}
-------------------------------------------------------------------------------------------

======================================== REQUEST ========================================
time: 2026-06-28 21:19:58
provider: deepseek
model: deepseek-v4-pro
retries: 3

[PROMPT]
你是短视频字幕与画面细节处理专家。请把指定台词细化为字模显示参数。


## 完整段落上下文（仅供理解整体语境，判断当前句子的重要性）
此外，作为一个消费者。当你要为情怀买单时，你还应该要问自己三个问题。

第一，你为了情怀多花的钱，是真的一分不少花在了国产的研发上，还是变成了少数人的利润、奖金和加拿大的别墅？

第二，你为了情怀多花的钱，是推动了底层技术突破，还是只是支付了绕过封锁的中间商成本？

第三，如果一个产品不靠性能、不靠价格、不靠体验，而主要靠情绪动员才能卖出去，那它到底是在推动国产进步，还是在奖励落后？


## 🎯 待处理的目标文案
此外，作为一个消费者。当你要为情怀买单时，你还应该要问自己三个问题。

## 目标文案content的数组结构
生成模板参数时，format为content_index的字段依据此数组选择匹配的索引，用于决定相应内容出现在动画中的时机

[
  {
    "index": 0,
    "text": "此外，"
  },
  {
    "index": 1,
    "text": "作为一个消费者。"
  },
  {
    "index": 2,
    "text": "当你要为情怀买单时，"
  },
  {
    "index": 3,
    "text": "你还应该要问自己三个问题。"
  }
]


## 选定模板及参数规范

模板名称：CENTER_FOCUS

参数 Schema 说明：

{
  "type": "object",
  "properties": {
    "imageSrc": {
      "type": "string",
      "format": "image_prompt",
      "description": "主图描述"
    },
    "enterEffect": {
      "type": "string",
      "enum": [
        "fadeIn",
        "slideLeft",
        "slideBottom",
        "zoomIn"
      ],
      "default": "fadeIn",
      "description": "图片入场方式（breathe 呼吸效果始终常驻，无需指定）"
    },
    "anchors": {
      "type": "array",
      "description": "可选；用于锚点词展示（顶部依次出现并保留为列表），并绑定锚点出现时机的音效。showFrom 须落在当前 content 条数范围内。注意 **保持克制，尽量少设置锚点** 只提取整段里真正的高潮、反转或核心名词",
      "items": {
        "type": "object",
        "required": [
          "text",
          "showFrom"
        ],
        "properties": {
          "text": {
            "type": "string",
            "description": "要展示的锚点词"
          },
          "showFrom": {
            "type": "integer",
            "format": "content_index",
            "description": "content 数组下标（0-based），非帧数；合法范围 0～(content 条数-1)，超出会被校验丢弃"
          },
          "color": {
            "type": "string"
          },
          "anim": {
            "type": "string",
            "enum": [
              "spring",
              "slideUp",
              "popIn",
              "highlight"
            ]
          },
          "audioEffect": {
            "type": "string",
            "enum": [
              "impact_thud",
              "ping",
              "woosh"
            ]
          }
        }
      }
    }
  },
  "required": [
    "imageSrc"
  ]
}


模板该项的示例供参考：

{
  "template": "CENTER_FOCUS",
  "param": {
    "imageSrc": "上班族坐在电脑前的简笔画图标",
    "enterEffect": "fadeIn",
    "anchors": [
      {
        "text": "可得性启发",
        "showFrom": 0,
        "color": "red"
      }
    ]
  }
}


注意：如果该模板生成的参数包含图片视觉描述（如 imageSrc / leftSrc / rightSrc 等等），请只描述纯视觉场景与动作，绝不要包含任何文字、标语或注音。


## 其他通用说明
1. 锚点（Anchor）— 克制与高价值（适用于 SCHEMA 或上文允许出现锚点/高亮时）：
   - 多数句子应**无锚点**；拿不准就留空或 `[]`，避免满屏高亮。
   - 如果一定需要锚点，只选**整段里真正的高潮、反转或核心名词**（宜 2～4 字、有记忆点）；平庸词、铺垫句不要做成锚点。
   - 颜色建议：`#EF4444`（警示/反转/负面/结论）、`#000000`（事实/术语/数据）。动画 `anim`：`spring` | `slideUp` | `popIn` | `highlight`。
   - 音效可选(仅写在锚点对象上的 `audioEffect`)：`impact_thud` | `ping` | `woosh`

2. 视觉标题与字幕分离（仅当 SCHEMA 要求 `notText` / `butText` / `conceptName`、或 DOS_AND_DONTS 的 `left.label` / `right.label` 等时）：

   - 填**极简关键词（约 2～6 字）**，禁止把整句台词搬进标题字段。



## 输出格式（严格 JSON，不要 markdown 代码块）
补全当前模板的param,非数组：
{ "param": { ... } }

===========================================================================================
---------------------------------------- RESPONSE ----------------------------------------
time: 2026-06-28 21:20:09
attempt: 1/3

[OUTPUT]
{
  "param": {
    "imageSrc": "消费者面对商品思考的简笔画图标，背景柔和",
    "enterEffect": "fadeIn",
    "anchors": [
      {
        "text": "三个问题",
        "showFrom": 3,
        "color": "#000000",
        "anim": "popIn",
        "audioEffect": "ping"
      }
    ]
  }
}
-------------------------------------------------------------------------------------------

======================================== REQUEST ========================================
time: 2026-06-28 21:20:09
provider: deepseek
model: deepseek-v4-pro
retries: 3

[PROMPT]
你是短视频字幕与画面细节处理专家。请把指定台词细化为字模显示参数。


## 完整段落上下文（仅供理解整体语境，判断当前句子的重要性）
此外，作为一个消费者。当你要为情怀买单时，你还应该要问自己三个问题。

第一，你为了情怀多花的钱，是真的一分不少花在了国产的研发上，还是变成了少数人的利润、奖金和加拿大的别墅？

第二，你为了情怀多花的钱，是推动了底层技术突破，还是只是支付了绕过封锁的中间商成本？

第三，如果一个产品不靠性能、不靠价格、不靠体验，而主要靠情绪动员才能卖出去，那它到底是在推动国产进步，还是在奖励落后？


## 🎯 待处理的目标文案
第一，你为了情怀多花的钱，是真的一分不少花在了国产的研发上，还是变成了少数人的利润、奖金和加拿大的别墅？

## 目标文案content的数组结构
生成模板参数时，format为content_index的字段依据此数组选择匹配的索引，用于决定相应内容出现在动画中的时机

[
  {
    "index": 0,
    "text": "第一，"
  },
  {
    "index": 1,
    "text": "你为了情怀多花的钱，"
  },
  {
    "index": 2,
    "text": "是真的一分不少花在了国产的研发上，"
  },
  {
    "index": 3,
    "text": "还是变成了少数人的利润、"
  },
  {
    "index": 4,
    "text": "奖金和加拿大的别墅？"
  }
]


## 选定模板及参数规范

模板名称：COGNITIVE_SHIFT

参数 Schema 说明：

{
  "type": "object",
  "properties": {
    "notText": {
      "type": "string",
      "description": "被否认知（‘不是’后面的内容）的精炼短句，不超过12个字，"
    },
    "butText": {
      "type": "string",
      "description": "真实认知（‘而是’后面的内容）的精炼短句，不超过12个字"
    },
    "butSrc": {
      "type": "string",
      "format": "image_prompt",
      "description": "真实认知的配图"
    },
    "notContentIndex": {
      "type": "integer",
      "format": "content_index",
      "description": "触发「不是」动画的字幕段索引（默认 0）"
    },
    "butContentIndex": {
      "type": "integer",
      "format": "content_index",
      "description": "触发「而是」动画的字幕段索引（默认 1）"
    }
  },
  "required": [
    "notText",
    "butText"
  ]
}


模板该项的示例供参考：

{
  "template": "COGNITIVE_SHIFT",
  "content": [
    "我们都不应该靠勤奋拼命",
    "我们都应该是靠认知和选择",
    "这样我才能成功"
  ],
  "param": {
    "notText": "靠勤奋拼命",
    "butText": "靠认知和选择",
    "butSrc": "站在高处看地图的思考者",
    "notContentIndex": 0,
    "butContentIndex": 1
  }
}


注意：如果该模板生成的参数包含图片视觉描述（如 imageSrc / leftSrc / rightSrc 等等），请只描述纯视觉场景与动作，绝不要包含任何文字、标语或注音。


## 其他通用说明
1. 锚点（Anchor）— 克制与高价值（适用于 SCHEMA 或上文允许出现锚点/高亮时）：
   - 多数句子应**无锚点**；拿不准就留空或 `[]`，避免满屏高亮。
   - 如果一定需要锚点，只选**整段里真正的高潮、反转或核心名词**（宜 2～4 字、有记忆点）；平庸词、铺垫句不要做成锚点。
   - 颜色建议：`#EF4444`（警示/反转/负面/结论）、`#000000`（事实/术语/数据）。动画 `anim`：`spring` | `slideUp` | `popIn` | `highlight`。
   - 音效可选(仅写在锚点对象上的 `audioEffect`)：`impact_thud` | `ping` | `woosh`

2. 视觉标题与字幕分离（仅当 SCHEMA 要求 `notText` / `butText` / `conceptName`、或 DOS_AND_DONTS 的 `left.label` / `right.label` 等时）：

   - 填**极简关键词（约 2～6 字）**，禁止把整句台词搬进标题字段。



## 输出格式（严格 JSON，不要 markdown 代码块）
补全当前模板的param,非数组：
{ "param": { ... } }

===========================================================================================
---------------------------------------- RESPONSE ----------------------------------------
time: 2026-06-28 21:20:27
attempt: 1/3

[OUTPUT]
{
  "param": {
    "notText": "花在国产研发上",
    "butText": "变成利润和别墅",
    "butSrc": "一幢被金钱和奖杯环绕的豪华别墅，暗示利润转移",
    "notContentIndex": 2,
    "butContentIndex": 3
  }
}
-------------------------------------------------------------------------------------------

======================================== REQUEST ========================================
time: 2026-06-28 21:20:27
provider: deepseek
model: deepseek-v4-pro
retries: 3

[PROMPT]
你是短视频字幕与画面细节处理专家。请把指定台词细化为字模显示参数。


## 完整段落上下文（仅供理解整体语境，判断当前句子的重要性）
此外，作为一个消费者。当你要为情怀买单时，你还应该要问自己三个问题。

第一，你为了情怀多花的钱，是真的一分不少花在了国产的研发上，还是变成了少数人的利润、奖金和加拿大的别墅？

第二，你为了情怀多花的钱，是推动了底层技术突破，还是只是支付了绕过封锁的中间商成本？

第三，如果一个产品不靠性能、不靠价格、不靠体验，而主要靠情绪动员才能卖出去，那它到底是在推动国产进步，还是在奖励落后？


## 🎯 待处理的目标文案
第二，你为了情怀多花的钱，是推动了底层技术突破，还是只是支付了绕过封锁的中间商成本？

## 目标文案content的数组结构
生成模板参数时，format为content_index的字段依据此数组选择匹配的索引，用于决定相应内容出现在动画中的时机

[
  {
    "index": 0,
    "text": "第二，"
  },
  {
    "index": 1,
    "text": "你为了情怀多花的钱，"
  },
  {
    "index": 2,
    "text": "是推动了底层技术突破，"
  },
  {
    "index": 3,
    "text": "还是只是支付了绕过封锁的中间商成本？"
  }
]


## 选定模板及参数规范

模板名称：COGNITIVE_SHIFT

参数 Schema 说明：

{
  "type": "object",
  "properties": {
    "notText": {
      "type": "string",
      "description": "被否认知（‘不是’后面的内容）的精炼短句，不超过12个字，"
    },
    "butText": {
      "type": "string",
      "description": "真实认知（‘而是’后面的内容）的精炼短句，不超过12个字"
    },
    "butSrc": {
      "type": "string",
      "format": "image_prompt",
      "description": "真实认知的配图"
    },
    "notContentIndex": {
      "type": "integer",
      "format": "content_index",
      "description": "触发「不是」动画的字幕段索引（默认 0）"
    },
    "butContentIndex": {
      "type": "integer",
      "format": "content_index",
      "description": "触发「而是」动画的字幕段索引（默认 1）"
    }
  },
  "required": [
    "notText",
    "butText"
  ]
}


模板该项的示例供参考：

{
  "template": "COGNITIVE_SHIFT",
  "content": [
    "我们都不应该靠勤奋拼命",
    "我们都应该是靠认知和选择",
    "这样我才能成功"
  ],
  "param": {
    "notText": "靠勤奋拼命",
    "butText": "靠认知和选择",
    "butSrc": "站在高处看地图的思考者",
    "notContentIndex": 0,
    "butContentIndex": 1
  }
}


注意：如果该模板生成的参数包含图片视觉描述（如 imageSrc / leftSrc / rightSrc 等等），请只描述纯视觉场景与动作，绝不要包含任何文字、标语或注音。


## 其他通用说明
1. 锚点（Anchor）— 克制与高价值（适用于 SCHEMA 或上文允许出现锚点/高亮时）：
   - 多数句子应**无锚点**；拿不准就留空或 `[]`，避免满屏高亮。
   - 如果一定需要锚点，只选**整段里真正的高潮、反转或核心名词**（宜 2～4 字、有记忆点）；平庸词、铺垫句不要做成锚点。
   - 颜色建议：`#EF4444`（警示/反转/负面/结论）、`#000000`（事实/术语/数据）。动画 `anim`：`spring` | `slideUp` | `popIn` | `highlight`。
   - 音效可选(仅写在锚点对象上的 `audioEffect`)：`impact_thud` | `ping` | `woosh`

2. 视觉标题与字幕分离（仅当 SCHEMA 要求 `notText` / `butText` / `conceptName`、或 DOS_AND_DONTS 的 `left.label` / `right.label` 等时）：

   - 填**极简关键词（约 2～6 字）**，禁止把整句台词搬进标题字段。



## 输出格式（严格 JSON，不要 markdown 代码块）
补全当前模板的param,非数组：
{ "param": { ... } }

===========================================================================================
---------------------------------------- RESPONSE ----------------------------------------
time: 2026-06-28 21:20:47
attempt: 1/3

[OUTPUT]
{
  "param": {
    "notText": "支付中间商成本",
    "butText": "推动底层技术突破",
    "butSrc": "明亮的实验室中，研究人员正专注地调试精密仪器，芯片光刻机发出蓝色光束，象征着技术自主突破",
    "notContentIndex": 3,
    "butContentIndex": 2
  }
}
-------------------------------------------------------------------------------------------

======================================== REQUEST ========================================
time: 2026-06-28 21:20:47
provider: deepseek
model: deepseek-v4-pro
retries: 3

[PROMPT]
你是短视频字幕与画面细节处理专家。请把指定台词细化为字模显示参数。


## 完整段落上下文（仅供理解整体语境，判断当前句子的重要性）
此外，作为一个消费者。当你要为情怀买单时，你还应该要问自己三个问题。

第一，你为了情怀多花的钱，是真的一分不少花在了国产的研发上，还是变成了少数人的利润、奖金和加拿大的别墅？

第二，你为了情怀多花的钱，是推动了底层技术突破，还是只是支付了绕过封锁的中间商成本？

第三，如果一个产品不靠性能、不靠价格、不靠体验，而主要靠情绪动员才能卖出去，那它到底是在推动国产进步，还是在奖励落后？


## 🎯 待处理的目标文案
第三，如果一个产品不靠性能、不靠价格、不靠体验，而主要靠情绪动员才能卖出去，那它到底是在推动国产进步，还是在奖励落后？

## 目标文案content的数组结构
生成模板参数时，format为content_index的字段依据此数组选择匹配的索引，用于决定相应内容出现在动画中的时机

[
  {
    "index": 0,
    "text": "第三，"
  },
  {
    "index": 1,
    "text": "如果一个产品不靠性能、"
  },
  {
    "index": 2,
    "text": "不靠价格、"
  },
  {
    "index": 3,
    "text": "不靠体验，"
  },
  {
    "index": 4,
    "text": "而主要靠情绪动员才能卖出去，"
  },
  {
    "index": 5,
    "text": "那它到底是在推动国产进步，"
  },
  {
    "index": 6,
    "text": "还是在奖励落后？"
  }
]


## 选定模板及参数规范

模板名称：COGNITIVE_SHIFT

参数 Schema 说明：

{
  "type": "object",
  "properties": {
    "notText": {
      "type": "string",
      "description": "被否认知（‘不是’后面的内容）的精炼短句，不超过12个字，"
    },
    "butText": {
      "type": "string",
      "description": "真实认知（‘而是’后面的内容）的精炼短句，不超过12个字"
    },
    "butSrc": {
      "type": "string",
      "format": "image_prompt",
      "description": "真实认知的配图"
    },
    "notContentIndex": {
      "type": "integer",
      "format": "content_index",
      "description": "触发「不是」动画的字幕段索引（默认 0）"
    },
    "butContentIndex": {
      "type": "integer",
      "format": "content_index",
      "description": "触发「而是」动画的字幕段索引（默认 1）"
    }
  },
  "required": [
    "notText",
    "butText"
  ]
}


模板该项的示例供参考：

{
  "template": "COGNITIVE_SHIFT",
  "content": [
    "我们都不应该靠勤奋拼命",
    "我们都应该是靠认知和选择",
    "这样我才能成功"
  ],
  "param": {
    "notText": "靠勤奋拼命",
    "butText": "靠认知和选择",
    "butSrc": "站在高处看地图的思考者",
    "notContentIndex": 0,
    "butContentIndex": 1
  }
}


注意：如果该模板生成的参数包含图片视觉描述（如 imageSrc / leftSrc / rightSrc 等等），请只描述纯视觉场景与动作，绝不要包含任何文字、标语或注音。


## 其他通用说明
1. 锚点（Anchor）— 克制与高价值（适用于 SCHEMA 或上文允许出现锚点/高亮时）：
   - 多数句子应**无锚点**；拿不准就留空或 `[]`，避免满屏高亮。
   - 如果一定需要锚点，只选**整段里真正的高潮、反转或核心名词**（宜 2～4 字、有记忆点）；平庸词、铺垫句不要做成锚点。
   - 颜色建议：`#EF4444`（警示/反转/负面/结论）、`#000000`（事实/术语/数据）。动画 `anim`：`spring` | `slideUp` | `popIn` | `highlight`。
   - 音效可选(仅写在锚点对象上的 `audioEffect`)：`impact_thud` | `ping` | `woosh`

2. 视觉标题与字幕分离（仅当 SCHEMA 要求 `notText` / `butText` / `conceptName`、或 DOS_AND_DONTS 的 `left.label` / `right.label` 等时）：

   - 填**极简关键词（约 2～6 字）**，禁止把整句台词搬进标题字段。



## 输出格式（严格 JSON，不要 markdown 代码块）
补全当前模板的param,非数组：
{ "param": { ... } }

===========================================================================================
---------------------------------------- RESPONSE ----------------------------------------
time: 2026-06-28 21:21:01
attempt: 1/3

[OUTPUT]
{
  "param": {
    "notText": "靠性能价格体验",
    "butText": "靠情绪动员",
    "butSrc": "聚光灯下演讲者激情挥臂，观众狂热欢呼",
    "notContentIndex": 1,
    "butContentIndex": 4
  }
}
-------------------------------------------------------------------------------------------

======================================== REQUEST ========================================
time: 2026-06-28 21:21:01
provider: deepseek
model: deepseek-v4-pro
retries: 3

[PROMPT]
你是短视频字幕与画面细节处理专家。请把指定台词细化为字模显示参数。


## 完整段落上下文（仅供理解整体语境，判断当前句子的重要性）
支持国产当然没问题。

但支持国产，不等于放弃判断。

爱国也不应该是消费者的付款义务。

真正的国产崛起，是良性竞争，用产品说话。

通过赚取海外的利润，反哺国内的产业升级，才是可持续发展的正道。


## 🎯 待处理的目标文案
支持国产当然没问题。但支持国产，不等于放弃判断。

## 目标文案content的数组结构
生成模板参数时，format为content_index的字段依据此数组选择匹配的索引，用于决定相应内容出现在动画中的时机

[
  {
    "index": 0,
    "text": "支持国产当然没问题。"
  },
  {
    "index": 1,
    "text": "但支持国产，"
  },
  {
    "index": 2,
    "text": "不等于放弃判断。"
  }
]


## 选定模板及参数规范

模板名称：COGNITIVE_SHIFT

参数 Schema 说明：

{
  "type": "object",
  "properties": {
    "notText": {
      "type": "string",
      "description": "被否认知（‘不是’后面的内容）的精炼短句，不超过12个字，"
    },
    "butText": {
      "type": "string",
      "description": "真实认知（‘而是’后面的内容）的精炼短句，不超过12个字"
    },
    "butSrc": {
      "type": "string",
      "format": "image_prompt",
      "description": "真实认知的配图"
    },
    "notContentIndex": {
      "type": "integer",
      "format": "content_index",
      "description": "触发「不是」动画的字幕段索引（默认 0）"
    },
    "butContentIndex": {
      "type": "integer",
      "format": "content_index",
      "description": "触发「而是」动画的字幕段索引（默认 1）"
    }
  },
  "required": [
    "notText",
    "butText"
  ]
}


模板该项的示例供参考：

{
  "template": "COGNITIVE_SHIFT",
  "content": [
    "我们都不应该靠勤奋拼命",
    "我们都应该是靠认知和选择",
    "这样我才能成功"
  ],
  "param": {
    "notText": "靠勤奋拼命",
    "butText": "靠认知和选择",
    "butSrc": "站在高处看地图的思考者",
    "notContentIndex": 0,
    "butContentIndex": 1
  }
}


注意：如果该模板生成的参数包含图片视觉描述（如 imageSrc / leftSrc / rightSrc 等等），请只描述纯视觉场景与动作，绝不要包含任何文字、标语或注音。


## 其他通用说明
1. 锚点（Anchor）— 克制与高价值（适用于 SCHEMA 或上文允许出现锚点/高亮时）：
   - 多数句子应**无锚点**；拿不准就留空或 `[]`，避免满屏高亮。
   - 如果一定需要锚点，只选**整段里真正的高潮、反转或核心名词**（宜 2～4 字、有记忆点）；平庸词、铺垫句不要做成锚点。
   - 颜色建议：`#EF4444`（警示/反转/负面/结论）、`#000000`（事实/术语/数据）。动画 `anim`：`spring` | `slideUp` | `popIn` | `highlight`。
   - 音效可选(仅写在锚点对象上的 `audioEffect`)：`impact_thud` | `ping` | `woosh`

2. 视觉标题与字幕分离（仅当 SCHEMA 要求 `notText` / `butText` / `conceptName`、或 DOS_AND_DONTS 的 `left.label` / `right.label` 等时）：

   - 填**极简关键词（约 2～6 字）**，禁止把整句台词搬进标题字段。



## 输出格式（严格 JSON，不要 markdown 代码块）
补全当前模板的param,非数组：
{ "param": { ... } }

===========================================================================================
---------------------------------------- RESPONSE ----------------------------------------
time: 2026-06-28 21:21:37
attempt: 1/3

[OUTPUT]
{
  "param": {
    "notText": "放弃判断",
    "butText": "保持判断",
    "butSrc": "一个人手持放大镜，仔细审视面前的产品对比清单，表情专注理性",
    "notContentIndex": 2,
    "butContentIndex": 2
  }
}
-------------------------------------------------------------------------------------------

======================================== REQUEST ========================================
time: 2026-06-28 21:21:37
provider: deepseek
model: deepseek-v4-pro
retries: 3

[PROMPT]
你是短视频字幕与画面细节处理专家。请把指定台词细化为字模显示参数。


## 完整段落上下文（仅供理解整体语境，判断当前句子的重要性）
支持国产当然没问题。

但支持国产，不等于放弃判断。

爱国也不应该是消费者的付款义务。

真正的国产崛起，是良性竞争，用产品说话。

通过赚取海外的利润，反哺国内的产业升级，才是可持续发展的正道。


## 🎯 待处理的目标文案
爱国也不应该是消费者的付款义务。

## 目标文案content的数组结构
生成模板参数时，format为content_index的字段依据此数组选择匹配的索引，用于决定相应内容出现在动画中的时机

[
  {
    "index": 0,
    "text": "爱国也不应该是消费者的付款义务。"
  }
]


## 选定模板及参数规范

模板名称：TEXT_FOCUS

参数 Schema 说明：

{
  "type": "object",
  "properties": {
    "coreSentence": {
      "type": "array",
      "minItems": 1,
      "description": "大屏核心文案，每元素一行：可为 string，或 { text, showFrom, endFrom? }；showFrom/endFrom 为 content 下标（0-based），非帧数：在该条 startFrame 显现；可选 endFrom 表示在该条播完（startFrame+durationFrames）后起淡出。纯 string 等价于 showFrom=0、无 endFrom。锚点校验时各段 text 按顺序直接拼接（无分隔符）。",
      "items": {
        "oneOf": [
          {
            "type": "string"
          },
          {
            "type": "object",
            "required": [
              "text",
              "showFrom"
            ],
            "properties": {
              "text": {
                "type": "string",
                "description": "该行大屏文案"
              },
              "showFrom": {
                "type": "integer",
                "format": "content_index",
                "description": "content 下标（0-based），非帧数"
              },
              "endFrom": {
                "type": "integer",
                "format": "content_index",
                "description": "可选；content 下标（0-based），非帧数；该行在对应条字幕结束帧（startFrame+durationFrames）起淡出"
              }
            }
          }
        ]
      }
    },
    "coreSentenceAnchors": {
      "type": "array",
      "description": "可选；在 coreSentence 各段拼接后的全文内按顺序高亮子串。每项 coreSentenceAnchor 须为该拼接串的子串，否则会被校验丢弃",
      "items": {
        "type": "object",
        "required": [
          "coreSentenceAnchor"
        ],
        "properties": {
          "coreSentenceAnchor": {
            "type": "string",
            "description": "要高亮的子串，须出现在各 coreSentence 段拼接后的全文内"
          },
          "color": {
            "type": "string",
            "description": "高亮颜色，省略时默认强调色"
          }
        }
      }
    }
  },
  "required": [
    "coreSentence"
  ]
}

// 口播条数（已由程序写入 CONTENT_STR，勿在 param 中输出 content）：口播分句至多 3 条（超出会被校验器告警）


模板该项的示例供参考：

{
  "template": "TEXT_FOCUS",
  "param": {
    "coreSentence": [
      {
        "text": "承认自己“可能错了”并不是一种软弱",
        "showFrom": 0,
        "endFrom": 0
      },
      {
        "text": "而是成长的开始",
        "showFrom": 1,
        "endFrom": 1
      }
    ],
    "coreSentenceAnchors": [
      {
        "coreSentenceAnchor": "可能错了",
        "color": "red"
      }
    ]
  }
}


注意：如果该模板生成的参数包含图片视觉描述（如 imageSrc / leftSrc / rightSrc 等等），请只描述纯视觉场景与动作，绝不要包含任何文字、标语或注音。


## 其他通用说明
1. 锚点（Anchor）— 克制与高价值（适用于 SCHEMA 或上文允许出现锚点/高亮时）：
   - 多数句子应**无锚点**；拿不准就留空或 `[]`，避免满屏高亮。
   - 如果一定需要锚点，只选**整段里真正的高潮、反转或核心名词**（宜 2～4 字、有记忆点）；平庸词、铺垫句不要做成锚点。
   - 颜色建议：`#EF4444`（警示/反转/负面/结论）、`#000000`（事实/术语/数据）。动画 `anim`：`spring` | `slideUp` | `popIn` | `highlight`。
   - 音效可选(仅写在锚点对象上的 `audioEffect`)：`impact_thud` | `ping` | `woosh`

2. 视觉标题与字幕分离（仅当 SCHEMA 要求 `notText` / `butText` / `conceptName`、或 DOS_AND_DONTS 的 `left.label` / `right.label` 等时）：

   - 填**极简关键词（约 2～6 字）**，禁止把整句台词搬进标题字段。



## 输出格式（严格 JSON，不要 markdown 代码块）
补全当前模板的param,非数组：
{ "param": { ... } }

===========================================================================================
---------------------------------------- RESPONSE ----------------------------------------
time: 2026-06-28 21:21:43
attempt: 1/3

[OUTPUT]
{
  "param": {
    "coreSentence": [
      "爱国也不应该是消费者的付款义务。"
    ]
  }
}
-------------------------------------------------------------------------------------------

======================================== REQUEST ========================================
time: 2026-06-28 21:21:43
provider: deepseek
model: deepseek-v4-pro
retries: 3

[PROMPT]
你是短视频字幕与画面细节处理专家。请把指定台词细化为字模显示参数。


## 完整段落上下文（仅供理解整体语境，判断当前句子的重要性）
支持国产当然没问题。

但支持国产，不等于放弃判断。

爱国也不应该是消费者的付款义务。

真正的国产崛起，是良性竞争，用产品说话。

通过赚取海外的利润，反哺国内的产业升级，才是可持续发展的正道。


## 🎯 待处理的目标文案
真正的国产崛起，是良性竞争，用产品说话。

## 目标文案content的数组结构
生成模板参数时，format为content_index的字段依据此数组选择匹配的索引，用于决定相应内容出现在动画中的时机

[
  {
    "index": 0,
    "text": "真正的国产崛起，"
  },
  {
    "index": 1,
    "text": "是良性竞争，"
  },
  {
    "index": 2,
    "text": "用产品说话。"
  }
]


## 选定模板及参数规范

模板名称：CONCEPT_CARD

参数 Schema 说明：

{
  "type": "object",
  "properties": {
    "imageSrc": {
      "type": "string",
      "format": "image_prompt",
      "description": "概念图标描述"
    },
    "conceptName": {
      "type": "string",
      "description": "概念名称"
    }
  },
  "required": [
    "imageSrc",
    "conceptName"
  ]
}


模板该项的示例供参考：

{
  "template": "CONCEPT_CARD",
  "param": {
    "imageSrc": "过滤器/筛网简笔画图标",
    "conceptName": "幸存者偏差"
  }
}


注意：如果该模板生成的参数包含图片视觉描述（如 imageSrc / leftSrc / rightSrc 等等），请只描述纯视觉场景与动作，绝不要包含任何文字、标语或注音。


## 其他通用说明
1. 锚点（Anchor）— 克制与高价值（适用于 SCHEMA 或上文允许出现锚点/高亮时）：
   - 多数句子应**无锚点**；拿不准就留空或 `[]`，避免满屏高亮。
   - 如果一定需要锚点，只选**整段里真正的高潮、反转或核心名词**（宜 2～4 字、有记忆点）；平庸词、铺垫句不要做成锚点。
   - 颜色建议：`#EF4444`（警示/反转/负面/结论）、`#000000`（事实/术语/数据）。动画 `anim`：`spring` | `slideUp` | `popIn` | `highlight`。
   - 音效可选(仅写在锚点对象上的 `audioEffect`)：`impact_thud` | `ping` | `woosh`

2. 视觉标题与字幕分离（仅当 SCHEMA 要求 `notText` / `butText` / `conceptName`、或 DOS_AND_DONTS 的 `left.label` / `right.label` 等时）：

   - 填**极简关键词（约 2～6 字）**，禁止把整句台词搬进标题字段。



## 输出格式（严格 JSON，不要 markdown 代码块）
补全当前模板的param,非数组：
{ "param": { ... } }

===========================================================================================
---------------------------------------- RESPONSE ----------------------------------------
time: 2026-06-28 21:21:46
attempt: 1/3

[OUTPUT]
{
  "param": {
    "imageSrc": "一个简洁的上升箭头图标，箭身由齿轮和芯片轮廓构成，颜色为深蓝渐变，背景为浅灰色圆形光晕",
    "conceptName": "国产崛起"
  }
}
-------------------------------------------------------------------------------------------

======================================== REQUEST ========================================
time: 2026-06-28 21:21:46
provider: deepseek
model: deepseek-v4-pro
retries: 3

[PROMPT]
你是短视频字幕与画面细节处理专家。请把指定台词细化为字模显示参数。


## 完整段落上下文（仅供理解整体语境，判断当前句子的重要性）
支持国产当然没问题。

但支持国产，不等于放弃判断。

爱国也不应该是消费者的付款义务。

真正的国产崛起，是良性竞争，用产品说话。

通过赚取海外的利润，反哺国内的产业升级，才是可持续发展的正道。


## 🎯 待处理的目标文案
通过赚取海外的利润，反哺国内的产业升级，才是可持续发展的正道。

## 目标文案content的数组结构
生成模板参数时，format为content_index的字段依据此数组选择匹配的索引，用于决定相应内容出现在动画中的时机

[
  {
    "index": 0,
    "text": "通过赚取海外的利润，"
  },
  {
    "index": 1,
    "text": "反哺国内的产业升级，"
  },
  {
    "index": 2,
    "text": "才是可持续发展的正道。"
  }
]


## 选定模板及参数规范

模板名称：CAUSE_CHAIN

参数 Schema 说明：

{
  "type": "object",
  "properties": {
    "layout": {
      "type": "string",
      "enum": [
        "horizontal",
        "vertical"
      ],
      "default": "horizontal",
      "description": "链的排布方向；横屏/常规叙事默认 horizontal，竖屏可设 vertical"
    },
    "nodes": {
      "type": "array",
      "minItems": 2,
      "maxItems": 4,
      "description": "因果节点；showFrom 为 content 数组下标（0-based），入场时刻取该条 startFrame",
      "items": {
        "type": "object",
        "required": [
          "label",
          "imageSrc",
          "showFrom"
        ],
        "properties": {
          "label": {
            "type": "string",
            "description": "节点短标签，建议 2～8 字"
          },
          "imageSrc": {
            "type": "string",
            "format": "image_prompt",
            "description": "该环节隐喻配图"
          },
          "showFrom": {
            "type": "integer",
            "format": "content_index",
            "description": "content 下标（0-based），非帧数"
          },
          "enterEffect": {
            "type": "string",
            "enum": [
              "breathe",
              "slideLeft",
              "slideBottom",
              "zoomIn",
              "fadeIn"
            ],
            "default": "fadeIn"
          }
        }
      }
    },
    "anchors": {
      "type": "array",
      "description": "可选；顶部依次展示锚点词并保留为列表，showFrom 为 content 下标（0-based，非帧数）；保持克制，只提取整段里真正的高潮、反转或核心名词",
      "items": {
        "type": "object",
        "required": [
          "text",
          "showFrom"
        ],
        "properties": {
          "text": {
            "type": "string",
            "description": "要展示的锚点词"
          },
          "showFrom": {
            "type": "integer",
            "format": "content_index",
            "description": "content 数组下标（0-based），非帧数；合法范围 0～(content 条数-1)，超出会被校验丢弃"
          },
          "color": {
            "type": "string"
          },
          "anim": {
            "type": "string",
            "enum": [
              "spring",
              "slideUp",
              "popIn",
              "highlight"
            ]
          },
          "audioEffect": {
            "type": "string",
            "enum": [
              "impact_thud",
              "ping",
              "woosh"
            ]
          }
        }
      }
    }
  },
  "required": [
    "nodes"
  ]
}

// 口播条数（已由程序写入 CONTENT_STR，勿在 param 中输出 content）：口播分句（item.content）至少 2 条；口播分句至多 6 条（超出会被校验器告警）


模板该项的示例供参考：

{
  "template": "CAUSE_CHAIN",
  "param": {
    "layout": "horizontal",
    "nodes": [
      {
        "label": "刺激",
        "imageSrc": "闪电击中大脑的简笔画",
        "showFrom": 0
      },
      {
        "label": "解读",
        "imageSrc": "放大镜看信息的简笔画",
        "showFrom": 1
      },
      {
        "label": "行动",
        "imageSrc": "按下按钮的简笔画",
        "showFrom": 2
      }
    ]
  }
}


注意：如果该模板生成的参数包含图片视觉描述（如 imageSrc / leftSrc / rightSrc 等等），请只描述纯视觉场景与动作，绝不要包含任何文字、标语或注音。


## 其他通用说明
1. 锚点（Anchor）— 克制与高价值（适用于 SCHEMA 或上文允许出现锚点/高亮时）：
   - 多数句子应**无锚点**；拿不准就留空或 `[]`，避免满屏高亮。
   - 如果一定需要锚点，只选**整段里真正的高潮、反转或核心名词**（宜 2～4 字、有记忆点）；平庸词、铺垫句不要做成锚点。
   - 颜色建议：`#EF4444`（警示/反转/负面/结论）、`#000000`（事实/术语/数据）。动画 `anim`：`spring` | `slideUp` | `popIn` | `highlight`。
   - 音效可选(仅写在锚点对象上的 `audioEffect`)：`impact_thud` | `ping` | `woosh`

2. 视觉标题与字幕分离（仅当 SCHEMA 要求 `notText` / `butText` / `conceptName`、或 DOS_AND_DONTS 的 `left.label` / `right.label` 等时）：

   - 填**极简关键词（约 2～6 字）**，禁止把整句台词搬进标题字段。



## 输出格式（严格 JSON，不要 markdown 代码块）
补全当前模板的param,非数组：
{ "param": { ... } }

===========================================================================================
---------------------------------------- RESPONSE ----------------------------------------
time: 2026-06-28 21:21:56
attempt: 1/3

[OUTPUT]
{"param": {"layout": "horizontal", "nodes": [{"label": "海外利润", "imageSrc": "金币从地球另一侧飞向中国地图", "showFrom": 0}, {"label": "反哺升级", "imageSrc": "金币注入工厂使其变成高科技自动化工厂", "showFrom": 1}, {"label": "持续发展", "imageSrc": "绿色循环箭头环绕地球", "showFrom": 2}]}}
-------------------------------------------------------------------------------------------
