
======================================== REQUEST ========================================
time: 2026-06-20 12:41:34
provider: deepseek
model: deepseek-v4-pro
retries: 3

[PROMPT]
你是「镜头分镜 + 动画模板选型」联合优化器。你的任务是在**不改写口播原文**的前提下，把场景原文切成更“原子化”的镜头item，并为每个镜头选择最合适的 `template`。

## 🎥 视频大背景
- **核心主题**：天天喊遥遥领先，为什么从不敢上公开赛道？
- **当前场景**：引入：纽北赛道照妖镜

## 📄 场景原文（严禁修改、严禁漏字、严禁补字）
天天喊遥遥领先的车，为什么从来不敢把车开上公开的考场？

先说纽北赛。
纽北北环，全长20.8公里，83个弯道，落差300米。

全球车企把这里当照妖镜。
小米SU7 Ultra量产版，7分04秒957。2025年4月纽北官方认证，刷新纪录，成为新的纽北最速量产电动车。原型车同场更是刷出6分22秒091，纽北历史总榜全球前三。

这不是营销数字。公证员在场，德国技术监督协会检测，纽北官网公示，完全独立的三方认证。
界车既然遥遥领先，为什么不来跑一跑？让大家见识见识什么叫好车的机械素质？

## 可用模板（共 23 个：`template` 必须且仅能从中选一个）

BEAT_SEQUENCE, CASE_BREAKDOWN, CAUSE_CHAIN, CENTER_FOCUS, CHAT_BUBBLE, CHECKLIST_REVEAL, COGNITIVE_SHIFT, CONCEPT_CARD, DATA_TABLE, DOS_AND_DONTS, KPI_HERO, MAGNIFYING_GLASS, METHOD_STACK, PANEL_GRID, PEER_INDUCT, PROGRESS_RING, QUOTE_CITATION, SPLIT_COMPARE, STAT_COMPARE, STEP_LIST, TEXT_FOCUS, TIMELINE, TREE_DIAGRAM

选型规则以主提示词中的决策树与自检清单为准；参数结构不在此展开，后续步骤会按 Schema 生成 `param`。

---

## 🎯 总目标（必须同时满足）
1. **逐字一致**：每个 item 的 `text` 必须是原文的连续子串；所有 item 的 `text` 按顺序拼接后必须与原文完全一致（允许忽略空白差异，但不能改变任何非空白字符）。
2. **覆盖完整**：原文中每一个字符都必须且只能落在一个 item 里（不重叠、不遗漏）。
3. **表达原子化**：**一个 item 只允许一个主表达结构**（对比/命名/步骤/引用/数据/节拍递进/金句冲击/平铺叙述）。若同一段里混了两种结构，必须拆成多个 item。
4. **长度合理**：为了避免视觉疲劳，一个item中的text拼接后如果长于 50 字应该拆分成多个item。
5. 模板是为了更好的表达item中的text

---

## ✂️ 分镜原则

### Phase 1：时长锚点（量化判断基准）
- 正常语速约 **4~5 字/秒**，单个镜头的理想口播时长：**3~8 秒（约 12~40 字）**
- ⚠️ **< 12 字**的分段：除非是独立金句，否则**必须合并**到相邻镜头
- ⚠️ **> 50 字**的分段：意味着画面停留太久，观众注意力衰减，建议拆分，但拆分点本身仍需有叙事依据
- 在 `estimatedSeconds` 字段中标注预估秒数（字数 ÷ 4.5，保留一位小数）
- 除非模板使用TextFocus，否则不允许content中只有一个Text的情况

### Phase 2：切分信号强度模型
按叙事信号强度决定是否新建镜头，**而非按标点机械切分**：

**🔴 强信号（应新建镜头）**：
- 叙事角色彻底转换：说理/定义 → 举例/场景还原
- 叙事角色彻底转换：铺垫/铺陈 → 行动号召/结论
- 情绪段位跳变：平静分析 → 震惊转折 → 收束共情
- 视觉主体完全更换：讨论 A 话题 → 转到独立的 B 话题

**🟡 中等信号（倾向合并，但单段超过 40 字时可拆）**：
- 同一论点下的多个分点（第一、第二、第三……）
- 同一比喻的铺垫与揭示
- 同一因果链的前提与结论

**🟢 弱信号（严禁作为切分依据）**：
- 普通逗号、顿号、冒号后的补充说明
- 同一句话的前后半段
- "而且""此外""所以"等常见连接词（需配合叙事角色判断）

### Phase 3：合并检查
拆完后对所有 items 做全局合并检查：
- 相邻两个 items 若切分信号为"弱"且合并后总字数不超过 45 字 → **强制合并**
- 相邻两个 items 若叙事角色完全相同、画面视觉重心也相同 → **强制合并**

## 🧭 结构识别 → 模板选型（从上到下命中第一条）

### A. 数据/量化结论（expressionTag=data）
- 两项指标同框对比（涨跌、前后、A/B）→ `STAT_COMPARE`（必须能抽象出两个非负整数）
- 单指标完成度/占比/达成率 → `PROGRESS_RING`
- 单个核心数值/排名/增长率强调 → `KPI_HERO`

### B. 对错/强导向（expressionTag=contrast）
- 明确“别这样/要这样”“错误/正确” → `DOS_AND_DONTS`
- “不是…而是…” → `COGNITIVE_SHIFT`

### C. 多分点/清单/步骤（expressionTag=list|steps|method）
- 两方/两方案并列（更中立的 A vs B）→ `SPLIT_COMPARE`
- 当前 item 原文明确展开 **2～4** 个并列分点/并列例子，且每点需独立配图（宫格）→ `PANEL_GRID`
- 明确步骤序列/短清单，且【同一 item 内】可抽取出 2～6 条“短步骤”（如同时出现“第一/第二/第三…”或“1)/2)/3)”），并且每条步骤建议 ≤10 字、无长解释句 → `STEP_LIST`
  - 反例：只有“第一/第二”这一个标题句（单条）不要选 `STEP_LIST`（至少需要 2 条）
  - 反例：每条方法/步骤后面还跟较长解释、追问或补充句（例如任一解释段 >30 字）→ 不适合 `STEP_LIST`，应拆分 item，并优先用 `METHOD_STACK`（标题式核心 + 解释展开）或 `CENTER_FOCUS`
- “一个标题式核心（方法/建议/观点/卖点/亮点/推荐理由）+ 2～4 句解释展开” → `METHOD_STACK`
- 同一**案例/子话题**、**单主图**，口播 **4～6 句** 呈「个案→误判/推论→纠偏→收束」叙事弧 → `CASE_BREAKDOWN`（非「第一/第二」方法清单、非多图节拍时用本模板；方法要点式仍用 `METHOD_STACK`）

### D. 节拍递进（expressionTag=beat）
- 同一镜头内 2～4 段口播节拍递进（问→驳→收束；铺垫→转折→结论），希望画面跟着分段变化 → `BEAT_SEQUENCE`
  - **提示**：如果递进里还夹杂“强对照/命名”，通常应拆成多个 item，不要硬塞一个 `BEAT_SEQUENCE`。
- 同一镜头内 **因果链 / 机制传导**（因→果→再果，每环一图，无时间轴刻度）→ `CAUSE_CHAIN`

### E. 引用/命名/聚焦（expressionTag=quote|concept|focus）
- 名言、著作、研究、媒体引用、用户评价、证言摘录 → `QUOTE_CITATION`
- 对“专业术语、概念、产品名、品牌关键词、功能名等”新名词进行解释→ `CONCEPT_CARD`
- 需要把注意力锁定到一个关键词/短语/关键细节/核心发现上 → `MAGNIFYING_GLASS`
  - 必须存在明确落点句（如“关键在于…”“核心是…”“结论是…”）
  - 需要后续可提取 1～2 个高价值锚点短语（否则不要选）

### F. 金句冲击（expressionTag=focus）
- 全片级短促强结论、无需配图 → `TEXT_FOCUS`

### G. 时间轴，先后关系（expressionTag=timeline）
- 明确时间先后/阶段演进（过去→现在→未来）→ `TIMELINE`

### G2. 收束清单（expressionTag≈conclusion|list）
- 收束、行动检查项、要点复诵，需要**逐项打勾显现**（非编号短步骤、非并列大图组）→ `CHECKLIST_REVEAL`

### H. 默认（expressionTag=neutral）
- 平缓叙述、单图即可、无上述结构 → `CENTER_FOCUS`

---

## ✅ 输出格式（严格 JSON，禁止包含 markdown 代码块）
{
  "items": [
    {
      "text": "逐字口播片段（必须来自原文，且拼接后覆盖原文）",
      "narrativeType": "HOOK | LOGIC | CASE | DATA | CONCLUSION | TRANSITION",
      "template": "必须来自可用模板列表",
      "expressionTag": "data | contrast | list | steps | method | beat | quote | concept | focus | timeline | neutral",
      "confidence": "low | medium | high",
      "reasoning": "一句话说明：该段的主表达结构是什么 → 为什么选该模板 → 若拆分/合并，理由是什么"
    }
  ]
}

===========================================================================================
---------------------------------------- RESPONSE ----------------------------------------
time: 2026-06-20 12:42:46
attempt: 1/3

[OUTPUT]
{
  "items": [
    {
      "text": "天天喊遥遥领先的车，为什么从来不敢把车开上公开的考场？",
      "narrativeType": "HOOK",
      "template": "TEXT_FOCUS",
      "expressionTag": "focus",
      "confidence": "high",
      "estimatedSeconds": 4.4,
      "reasoning": "全片开篇反问，金句式冲击，无需配图，直接用 TEXT_FOCUS 放大质疑情绪。"
    },
    {
      "text": "先说纽北赛。纽北北环，全长20.8公里，83个弯道，落差300米。",
      "narrativeType": "LOGIC",
      "template": "CONCEPT_CARD",
      "expressionTag": "concept",
      "confidence": "medium",
      "estimatedSeconds": 4.4,
      "reasoning": "引入纽北赛道概念并列出关键数据，适合用概念卡片展示名称+解释，突出专业赛道背景。"
    },
    {
      "text": "全球车企把这里当照妖镜。",
      "narrativeType": "LOGIC",
      "template": "CENTER_FOCUS",
      "expressionTag": "neutral",
      "confidence": "medium",
      "estimatedSeconds": 2.0,
      "reasoning": "独立比喻句，为后续案例铺设定调，无复杂结构，用平铺镜头配赛道图即可。"
    },
    {
      "text": "小米SU7 Ultra量产版，7分04秒957。2025年4月纽北官方认证，刷新纪录，成为新的纽北最速量产电动车。",
      "narrativeType": "DATA",
      "template": "KPI_HERO",
      "expressionTag": "data",
      "confidence": "high",
      "estimatedSeconds": 8.2,
      "reasoning": "核心圈速数据+认证结论，量化结论清晰，用 KPI_HERO 突出7分04秒957这一刷新纪录的数字。"
    },
    {
      "text": "原型车同场更是刷出6分22秒091，纽北历史总榜全球前三。",
      "narrativeType": "DATA",
      "template": "KPI_HERO",
      "expressionTag": "data",
      "confidence": "high",
      "estimatedSeconds": 4.7,
      "reasoning": "另一个重磅数据，递进强调原型车更猛的成绩，同样适合 KPI_HERO 单核数值冲击。"
    },
    {
      "text": "这不是营销数字。公证员在场，德国技术监督协会检测，纽北官网公示，完全独立的三方认证。",
      "narrativeType": "LOGIC",
      "template": "COGNITIVE_SHIFT",
      "expressionTag": "contrast",
      "confidence": "high",
      "estimatedSeconds": 6.7,
      "reasoning": "明确‘不是…而是…’结构，反驳营销质疑，展示独立认证证据，用认知转变模板形成强烈对比。"
    },
    {
      "text": "界车既然遥遥领先，为什么不来跑一跑？让大家见识见识什么叫好车的机械素质？",
      "narrativeType": "CONCLUSION",
      "template": "TEXT_FOCUS",
      "expressionTag": "focus",
      "confidence": "high",
      "estimatedSeconds": 6.0,
      "reasoning": "收束全片的叩问，金句收尾，再次用 TEXT_FOCUS 强化质疑与挑衅，呼应开篇。"
    }
  ]
}
-------------------------------------------------------------------------------------------

======================================== REQUEST ========================================
time: 2026-06-20 12:42:46
provider: deepseek
model: deepseek-v4-pro
retries: 3

[PROMPT]
你是「镜头分镜 + 动画模板选型」联合优化器。你的任务是在**不改写口播原文**的前提下，把场景原文切成更“原子化”的镜头item，并为每个镜头选择最合适的 `template`。

## 🎥 视频大背景
- **核心主题**：天天喊遥遥领先，为什么从不敢上公开赛道？
- **当前场景**：举证：耐力赛三电试金石

## 📄 场景原文（严禁修改、严禁漏字、严禁补字）
再说耐力赛。

这里考的是三电系统。电池热管理，电机效率，电控策略。连续高强度跑24小时，你必须精准控制每一度电、每一度温度。

小米SU7，珠海耐力赛，24小时，2000多公里，电池温度始终压在合理区间。车没趴窝，电池没起火。体现了优秀的三电控制能力。
界车既然遥遥领先，为什么不来跑一跑？让大家见识见识什么叫优秀的三电调教？

## 可用模板（共 23 个：`template` 必须且仅能从中选一个）

BEAT_SEQUENCE, CASE_BREAKDOWN, CAUSE_CHAIN, CENTER_FOCUS, CHAT_BUBBLE, CHECKLIST_REVEAL, COGNITIVE_SHIFT, CONCEPT_CARD, DATA_TABLE, DOS_AND_DONTS, KPI_HERO, MAGNIFYING_GLASS, METHOD_STACK, PANEL_GRID, PEER_INDUCT, PROGRESS_RING, QUOTE_CITATION, SPLIT_COMPARE, STAT_COMPARE, STEP_LIST, TEXT_FOCUS, TIMELINE, TREE_DIAGRAM

选型规则以主提示词中的决策树与自检清单为准；参数结构不在此展开，后续步骤会按 Schema 生成 `param`。

---

## 🎯 总目标（必须同时满足）
1. **逐字一致**：每个 item 的 `text` 必须是原文的连续子串；所有 item 的 `text` 按顺序拼接后必须与原文完全一致（允许忽略空白差异，但不能改变任何非空白字符）。
2. **覆盖完整**：原文中每一个字符都必须且只能落在一个 item 里（不重叠、不遗漏）。
3. **表达原子化**：**一个 item 只允许一个主表达结构**（对比/命名/步骤/引用/数据/节拍递进/金句冲击/平铺叙述）。若同一段里混了两种结构，必须拆成多个 item。
4. **长度合理**：为了避免视觉疲劳，一个item中的text拼接后如果长于 50 字应该拆分成多个item。
5. 模板是为了更好的表达item中的text

---

## ✂️ 分镜原则

### Phase 1：时长锚点（量化判断基准）
- 正常语速约 **4~5 字/秒**，单个镜头的理想口播时长：**3~8 秒（约 12~40 字）**
- ⚠️ **< 12 字**的分段：除非是独立金句，否则**必须合并**到相邻镜头
- ⚠️ **> 50 字**的分段：意味着画面停留太久，观众注意力衰减，建议拆分，但拆分点本身仍需有叙事依据
- 在 `estimatedSeconds` 字段中标注预估秒数（字数 ÷ 4.5，保留一位小数）
- 除非模板使用TextFocus，否则不允许content中只有一个Text的情况

### Phase 2：切分信号强度模型
按叙事信号强度决定是否新建镜头，**而非按标点机械切分**：

**🔴 强信号（应新建镜头）**：
- 叙事角色彻底转换：说理/定义 → 举例/场景还原
- 叙事角色彻底转换：铺垫/铺陈 → 行动号召/结论
- 情绪段位跳变：平静分析 → 震惊转折 → 收束共情
- 视觉主体完全更换：讨论 A 话题 → 转到独立的 B 话题

**🟡 中等信号（倾向合并，但单段超过 40 字时可拆）**：
- 同一论点下的多个分点（第一、第二、第三……）
- 同一比喻的铺垫与揭示
- 同一因果链的前提与结论

**🟢 弱信号（严禁作为切分依据）**：
- 普通逗号、顿号、冒号后的补充说明
- 同一句话的前后半段
- "而且""此外""所以"等常见连接词（需配合叙事角色判断）

### Phase 3：合并检查
拆完后对所有 items 做全局合并检查：
- 相邻两个 items 若切分信号为"弱"且合并后总字数不超过 45 字 → **强制合并**
- 相邻两个 items 若叙事角色完全相同、画面视觉重心也相同 → **强制合并**

## 🧭 结构识别 → 模板选型（从上到下命中第一条）

### A. 数据/量化结论（expressionTag=data）
- 两项指标同框对比（涨跌、前后、A/B）→ `STAT_COMPARE`（必须能抽象出两个非负整数）
- 单指标完成度/占比/达成率 → `PROGRESS_RING`
- 单个核心数值/排名/增长率强调 → `KPI_HERO`

### B. 对错/强导向（expressionTag=contrast）
- 明确“别这样/要这样”“错误/正确” → `DOS_AND_DONTS`
- “不是…而是…” → `COGNITIVE_SHIFT`

### C. 多分点/清单/步骤（expressionTag=list|steps|method）
- 两方/两方案并列（更中立的 A vs B）→ `SPLIT_COMPARE`
- 当前 item 原文明确展开 **2～4** 个并列分点/并列例子，且每点需独立配图（宫格）→ `PANEL_GRID`
- 明确步骤序列/短清单，且【同一 item 内】可抽取出 2～6 条“短步骤”（如同时出现“第一/第二/第三…”或“1)/2)/3)”），并且每条步骤建议 ≤10 字、无长解释句 → `STEP_LIST`
  - 反例：只有“第一/第二”这一个标题句（单条）不要选 `STEP_LIST`（至少需要 2 条）
  - 反例：每条方法/步骤后面还跟较长解释、追问或补充句（例如任一解释段 >30 字）→ 不适合 `STEP_LIST`，应拆分 item，并优先用 `METHOD_STACK`（标题式核心 + 解释展开）或 `CENTER_FOCUS`
- “一个标题式核心（方法/建议/观点/卖点/亮点/推荐理由）+ 2～4 句解释展开” → `METHOD_STACK`
- 同一**案例/子话题**、**单主图**，口播 **4～6 句** 呈「个案→误判/推论→纠偏→收束」叙事弧 → `CASE_BREAKDOWN`（非「第一/第二」方法清单、非多图节拍时用本模板；方法要点式仍用 `METHOD_STACK`）

### D. 节拍递进（expressionTag=beat）
- 同一镜头内 2～4 段口播节拍递进（问→驳→收束；铺垫→转折→结论），希望画面跟着分段变化 → `BEAT_SEQUENCE`
  - **提示**：如果递进里还夹杂“强对照/命名”，通常应拆成多个 item，不要硬塞一个 `BEAT_SEQUENCE`。
- 同一镜头内 **因果链 / 机制传导**（因→果→再果，每环一图，无时间轴刻度）→ `CAUSE_CHAIN`

### E. 引用/命名/聚焦（expressionTag=quote|concept|focus）
- 名言、著作、研究、媒体引用、用户评价、证言摘录 → `QUOTE_CITATION`
- 对“专业术语、概念、产品名、品牌关键词、功能名等”新名词进行解释→ `CONCEPT_CARD`
- 需要把注意力锁定到一个关键词/短语/关键细节/核心发现上 → `MAGNIFYING_GLASS`
  - 必须存在明确落点句（如“关键在于…”“核心是…”“结论是…”）
  - 需要后续可提取 1～2 个高价值锚点短语（否则不要选）

### F. 金句冲击（expressionTag=focus）
- 全片级短促强结论、无需配图 → `TEXT_FOCUS`

### G. 时间轴，先后关系（expressionTag=timeline）
- 明确时间先后/阶段演进（过去→现在→未来）→ `TIMELINE`

### G2. 收束清单（expressionTag≈conclusion|list）
- 收束、行动检查项、要点复诵，需要**逐项打勾显现**（非编号短步骤、非并列大图组）→ `CHECKLIST_REVEAL`

### H. 默认（expressionTag=neutral）
- 平缓叙述、单图即可、无上述结构 → `CENTER_FOCUS`

---

## ✅ 输出格式（严格 JSON，禁止包含 markdown 代码块）
{
  "items": [
    {
      "text": "逐字口播片段（必须来自原文，且拼接后覆盖原文）",
      "narrativeType": "HOOK | LOGIC | CASE | DATA | CONCLUSION | TRANSITION",
      "template": "必须来自可用模板列表",
      "expressionTag": "data | contrast | list | steps | method | beat | quote | concept | focus | timeline | neutral",
      "confidence": "low | medium | high",
      "reasoning": "一句话说明：该段的主表达结构是什么 → 为什么选该模板 → 若拆分/合并，理由是什么"
    }
  ]
}

===========================================================================================
---------------------------------------- RESPONSE ----------------------------------------
time: 2026-06-20 12:43:30
attempt: 1/3

[OUTPUT]
{
  "items": [
    {
      "text": "再说耐力赛。这里考的是三电系统。",
      "narrativeType": "TRANSITION",
      "template": "CENTER_FOCUS",
      "expressionTag": "neutral",
      "confidence": "high",
      "estimatedSeconds": 2.7,
      "reasoning": "转场+定义，表达平缓解释，无特殊结构，选 CENTER_FOCUS 单图配合叙述；合并两个弱信号句避免过碎，字数适中。"
    },
    {
      "text": "电池热管理，电机效率，电控策略。",
      "narrativeType": "LOGIC",
      "template": "PANEL_GRID",
      "expressionTag": "list",
      "confidence": "high",
      "estimatedSeconds": 2.7,
      "reasoning": "明确列出三电系统的三个并列要素，适合用 PANEL_GRID 三宫格分别配图；拆分为独立镜头以凸显并列结构。"
    },
    {
      "text": "连续高强度跑24小时，你必须精准控制每一度电、每一度温度。",
      "narrativeType": "LOGIC",
      "template": "CENTER_FOCUS",
      "expressionTag": "neutral",
      "confidence": "high",
      "estimatedSeconds": 4.9,
      "reasoning": "解释耐力赛的挑战，纯叙述性，选 CENTER_FOCUS 单图呈现耐力赛氛围；与后续举例拆分以保持各自焦点，合并会超过 50 字。"
    },
    {
      "text": "小米SU7，珠海耐力赛，24小时，2000多公里，电池温度始终压在合理区间。车没趴窝，电池没起火。体现了优秀的三电控制能力。",
      "narrativeType": "CASE",
      "template": "BEAT_SEQUENCE",
      "expressionTag": "beat",
      "confidence": "high",
      "estimatedSeconds": 8.9,
      "reasoning": "完整案例叙述，具备‘事实铺垫→结果安全→结论能力’三拍递进结构，用 BEAT_SEQUENCE 画面分段推进；合并为一个镜头避免叙事破碎，控制在 50 字内。"
    },
    {
      "text": "界车既然遥遥领先，为什么不来跑一跑？让大家见识见识什么叫优秀的三电调教？",
      "narrativeType": "CONCLUSION",
      "template": "TEXT_FOCUS",
      "expressionTag": "focus",
      "confidence": "high",
      "estimatedSeconds": 6.2,
      "reasoning": "全片收束性反问，短促冲击强结论，无需配图，用 TEXT_FOCUS 纯文字聚焦讽刺与号召；两句合并语气连贯，作为金句闭环。"
    }
  ]
}
-------------------------------------------------------------------------------------------

======================================== REQUEST ========================================
time: 2026-06-20 12:43:30
provider: deepseek
model: deepseek-v4-pro
retries: 3

[PROMPT]
你是「镜头分镜 + 动画模板选型」联合优化器。你的任务是在**不改写口播原文**的前提下，把场景原文切成更“原子化”的镜头item，并为每个镜头选择最合适的 `template`。

## 🎥 视频大背景
- **核心主题**：天天喊遥遥领先，为什么从不敢上公开赛道？
- **当前场景**：驳斥：赛道无用论

## 📄 场景原文（严禁修改、严禁漏字、严禁补字）
有人说，赛车什么的，不代表日常用车。

这话没错。但问题来了。极限状态下的车也能有良好的性能，日常用车难道不会有更好的表现？

有人说，赛车什么的，是在变相鼓励超速行驶，更容易出事故。

这就像在说，菜刀不能宣传锋利，因为可能会被用来砍人一样。刀怎么用不是取决于人吗？

跑赛车是为了证明，这车在最难的条件下，依然能做到该刹住时刹得住，该稳住时稳得住。

## 可用模板（共 23 个：`template` 必须且仅能从中选一个）

BEAT_SEQUENCE, CASE_BREAKDOWN, CAUSE_CHAIN, CENTER_FOCUS, CHAT_BUBBLE, CHECKLIST_REVEAL, COGNITIVE_SHIFT, CONCEPT_CARD, DATA_TABLE, DOS_AND_DONTS, KPI_HERO, MAGNIFYING_GLASS, METHOD_STACK, PANEL_GRID, PEER_INDUCT, PROGRESS_RING, QUOTE_CITATION, SPLIT_COMPARE, STAT_COMPARE, STEP_LIST, TEXT_FOCUS, TIMELINE, TREE_DIAGRAM

选型规则以主提示词中的决策树与自检清单为准；参数结构不在此展开，后续步骤会按 Schema 生成 `param`。

---

## 🎯 总目标（必须同时满足）
1. **逐字一致**：每个 item 的 `text` 必须是原文的连续子串；所有 item 的 `text` 按顺序拼接后必须与原文完全一致（允许忽略空白差异，但不能改变任何非空白字符）。
2. **覆盖完整**：原文中每一个字符都必须且只能落在一个 item 里（不重叠、不遗漏）。
3. **表达原子化**：**一个 item 只允许一个主表达结构**（对比/命名/步骤/引用/数据/节拍递进/金句冲击/平铺叙述）。若同一段里混了两种结构，必须拆成多个 item。
4. **长度合理**：为了避免视觉疲劳，一个item中的text拼接后如果长于 50 字应该拆分成多个item。
5. 模板是为了更好的表达item中的text

---

## ✂️ 分镜原则

### Phase 1：时长锚点（量化判断基准）
- 正常语速约 **4~5 字/秒**，单个镜头的理想口播时长：**3~8 秒（约 12~40 字）**
- ⚠️ **< 12 字**的分段：除非是独立金句，否则**必须合并**到相邻镜头
- ⚠️ **> 50 字**的分段：意味着画面停留太久，观众注意力衰减，建议拆分，但拆分点本身仍需有叙事依据
- 在 `estimatedSeconds` 字段中标注预估秒数（字数 ÷ 4.5，保留一位小数）
- 除非模板使用TextFocus，否则不允许content中只有一个Text的情况

### Phase 2：切分信号强度模型
按叙事信号强度决定是否新建镜头，**而非按标点机械切分**：

**🔴 强信号（应新建镜头）**：
- 叙事角色彻底转换：说理/定义 → 举例/场景还原
- 叙事角色彻底转换：铺垫/铺陈 → 行动号召/结论
- 情绪段位跳变：平静分析 → 震惊转折 → 收束共情
- 视觉主体完全更换：讨论 A 话题 → 转到独立的 B 话题

**🟡 中等信号（倾向合并，但单段超过 40 字时可拆）**：
- 同一论点下的多个分点（第一、第二、第三……）
- 同一比喻的铺垫与揭示
- 同一因果链的前提与结论

**🟢 弱信号（严禁作为切分依据）**：
- 普通逗号、顿号、冒号后的补充说明
- 同一句话的前后半段
- "而且""此外""所以"等常见连接词（需配合叙事角色判断）

### Phase 3：合并检查
拆完后对所有 items 做全局合并检查：
- 相邻两个 items 若切分信号为"弱"且合并后总字数不超过 45 字 → **强制合并**
- 相邻两个 items 若叙事角色完全相同、画面视觉重心也相同 → **强制合并**

## 🧭 结构识别 → 模板选型（从上到下命中第一条）

### A. 数据/量化结论（expressionTag=data）
- 两项指标同框对比（涨跌、前后、A/B）→ `STAT_COMPARE`（必须能抽象出两个非负整数）
- 单指标完成度/占比/达成率 → `PROGRESS_RING`
- 单个核心数值/排名/增长率强调 → `KPI_HERO`

### B. 对错/强导向（expressionTag=contrast）
- 明确“别这样/要这样”“错误/正确” → `DOS_AND_DONTS`
- “不是…而是…” → `COGNITIVE_SHIFT`

### C. 多分点/清单/步骤（expressionTag=list|steps|method）
- 两方/两方案并列（更中立的 A vs B）→ `SPLIT_COMPARE`
- 当前 item 原文明确展开 **2～4** 个并列分点/并列例子，且每点需独立配图（宫格）→ `PANEL_GRID`
- 明确步骤序列/短清单，且【同一 item 内】可抽取出 2～6 条“短步骤”（如同时出现“第一/第二/第三…”或“1)/2)/3)”），并且每条步骤建议 ≤10 字、无长解释句 → `STEP_LIST`
  - 反例：只有“第一/第二”这一个标题句（单条）不要选 `STEP_LIST`（至少需要 2 条）
  - 反例：每条方法/步骤后面还跟较长解释、追问或补充句（例如任一解释段 >30 字）→ 不适合 `STEP_LIST`，应拆分 item，并优先用 `METHOD_STACK`（标题式核心 + 解释展开）或 `CENTER_FOCUS`
- “一个标题式核心（方法/建议/观点/卖点/亮点/推荐理由）+ 2～4 句解释展开” → `METHOD_STACK`
- 同一**案例/子话题**、**单主图**，口播 **4～6 句** 呈「个案→误判/推论→纠偏→收束」叙事弧 → `CASE_BREAKDOWN`（非「第一/第二」方法清单、非多图节拍时用本模板；方法要点式仍用 `METHOD_STACK`）

### D. 节拍递进（expressionTag=beat）
- 同一镜头内 2～4 段口播节拍递进（问→驳→收束；铺垫→转折→结论），希望画面跟着分段变化 → `BEAT_SEQUENCE`
  - **提示**：如果递进里还夹杂“强对照/命名”，通常应拆成多个 item，不要硬塞一个 `BEAT_SEQUENCE`。
- 同一镜头内 **因果链 / 机制传导**（因→果→再果，每环一图，无时间轴刻度）→ `CAUSE_CHAIN`

### E. 引用/命名/聚焦（expressionTag=quote|concept|focus）
- 名言、著作、研究、媒体引用、用户评价、证言摘录 → `QUOTE_CITATION`
- 对“专业术语、概念、产品名、品牌关键词、功能名等”新名词进行解释→ `CONCEPT_CARD`
- 需要把注意力锁定到一个关键词/短语/关键细节/核心发现上 → `MAGNIFYING_GLASS`
  - 必须存在明确落点句（如“关键在于…”“核心是…”“结论是…”）
  - 需要后续可提取 1～2 个高价值锚点短语（否则不要选）

### F. 金句冲击（expressionTag=focus）
- 全片级短促强结论、无需配图 → `TEXT_FOCUS`

### G. 时间轴，先后关系（expressionTag=timeline）
- 明确时间先后/阶段演进（过去→现在→未来）→ `TIMELINE`

### G2. 收束清单（expressionTag≈conclusion|list）
- 收束、行动检查项、要点复诵，需要**逐项打勾显现**（非编号短步骤、非并列大图组）→ `CHECKLIST_REVEAL`

### H. 默认（expressionTag=neutral）
- 平缓叙述、单图即可、无上述结构 → `CENTER_FOCUS`

---

## ✅ 输出格式（严格 JSON，禁止包含 markdown 代码块）
{
  "items": [
    {
      "text": "逐字口播片段（必须来自原文，且拼接后覆盖原文）",
      "narrativeType": "HOOK | LOGIC | CASE | DATA | CONCLUSION | TRANSITION",
      "template": "必须来自可用模板列表",
      "expressionTag": "data | contrast | list | steps | method | beat | quote | concept | focus | timeline | neutral",
      "confidence": "low | medium | high",
      "reasoning": "一句话说明：该段的主表达结构是什么 → 为什么选该模板 → 若拆分/合并，理由是什么"
    }
  ]
}

===========================================================================================
---------------------------------------- RESPONSE ----------------------------------------
time: 2026-06-20 12:44:18
attempt: 1/3

[OUTPUT]
{
  "items": [
    {
      "text": "有人说，赛车什么的，不代表日常用车。",
      "narrativeType": "CASE",
      "template": "QUOTE_CITATION",
      "expressionTag": "quote",
      "confidence": "high",
      "reasoning": "直接引述对方观点，单一引用结构，天然适合QUOTE_CITATION模板展示口播原话。"
    },
    {
      "text": "这话没错。但问题来了。极限状态下的车也能有良好的性能，日常用车难道不会有更好的表现？",
      "narrativeType": "LOGIC",
      "template": "COGNITIVE_SHIFT",
      "expressionTag": "contrast",
      "confidence": "high",
      "reasoning": "从承认对方到反转质疑，完整展现认知转变，用COGNITIVE_SHIFT突出“没错…但…”的对比转折。"
    },
    {
      "text": "有人说，赛车什么的，是在变相鼓励超速行驶，更容易出事故。",
      "narrativeType": "CASE",
      "template": "QUOTE_CITATION",
      "expressionTag": "quote",
      "confidence": "high",
      "reasoning": "第二个对方观点，同样是引用结构，用QUOTE_CITATION单独呈现，保持引述的独立性。"
    },
    {
      "text": "这就像在说，菜刀不能宣传锋利，因为可能会被用来砍人一样。刀怎么用不是取决于人吗？",
      "narrativeType": "LOGIC",
      "template": "CASE_BREAKDOWN",
      "expressionTag": "beat",
      "confidence": "medium",
      "reasoning": "用菜刀比喻揭示对方逻辑谬误，呈现“个案→误判（菜刀锋利论）→纠偏（反问）”的叙事弧，用CASE_BREAKDOWN强化节奏感。"
    },
    {
      "text": "跑赛车是为了证明，这车在最难的条件下，依然能做到该刹住时刹得住，该稳住时稳得住。",
      "narrativeType": "CONCLUSION",
      "template": "TEXT_FOCUS",
      "expressionTag": "focus",
      "confidence": "high",
      "reasoning": "全段结论金句，短促有力、无需配图，TEXT_FOCUS能将注意力完全集中在核心主张上。"
    }
  ]
}
-------------------------------------------------------------------------------------------

======================================== REQUEST ========================================
time: 2026-06-20 12:44:18
provider: deepseek
model: deepseek-v4-pro
retries: 3

[PROMPT]
你是「镜头分镜 + 动画模板选型」联合优化器。你的任务是在**不改写口播原文**的前提下，把场景原文切成更“原子化”的镜头item，并为每个镜头选择最合适的 `template`。

## 🎥 视频大背景
- **核心主题**：天天喊遥遥领先，为什么从不敢上公开赛道？
- **当前场景**：举证：直播续航聚光灯

## 📄 场景原文（严禁修改、严禁漏字、严禁补字）
再来讲直播续航。

小米SU7，15小时全国直播续航，北京到上海，1313公里，高速顶着110到120公里时速的限速跑，中间只充一次电，平均电耗14.6度每百公里，实测续航达成率85%以上。
不是实验室，不是CLTC。高速顶着限速跑，几百万观众盯着。

一次直播明明有很多的指标来证明这辆车的电耗有多优秀，很多人却只会盯着“中间只充一次电”的宣传用语来阴阳怪气。

直播续航骗不了人。不敢开直播的，怕的是什么？
界车既然遥遥领先，为什么不来跑一跑？让大家见识见识什么叫优秀的续航管理？

## 可用模板（共 23 个：`template` 必须且仅能从中选一个）

BEAT_SEQUENCE, CASE_BREAKDOWN, CAUSE_CHAIN, CENTER_FOCUS, CHAT_BUBBLE, CHECKLIST_REVEAL, COGNITIVE_SHIFT, CONCEPT_CARD, DATA_TABLE, DOS_AND_DONTS, KPI_HERO, MAGNIFYING_GLASS, METHOD_STACK, PANEL_GRID, PEER_INDUCT, PROGRESS_RING, QUOTE_CITATION, SPLIT_COMPARE, STAT_COMPARE, STEP_LIST, TEXT_FOCUS, TIMELINE, TREE_DIAGRAM

选型规则以主提示词中的决策树与自检清单为准；参数结构不在此展开，后续步骤会按 Schema 生成 `param`。

---

## 🎯 总目标（必须同时满足）
1. **逐字一致**：每个 item 的 `text` 必须是原文的连续子串；所有 item 的 `text` 按顺序拼接后必须与原文完全一致（允许忽略空白差异，但不能改变任何非空白字符）。
2. **覆盖完整**：原文中每一个字符都必须且只能落在一个 item 里（不重叠、不遗漏）。
3. **表达原子化**：**一个 item 只允许一个主表达结构**（对比/命名/步骤/引用/数据/节拍递进/金句冲击/平铺叙述）。若同一段里混了两种结构，必须拆成多个 item。
4. **长度合理**：为了避免视觉疲劳，一个item中的text拼接后如果长于 50 字应该拆分成多个item。
5. 模板是为了更好的表达item中的text

---

## ✂️ 分镜原则

### Phase 1：时长锚点（量化判断基准）
- 正常语速约 **4~5 字/秒**，单个镜头的理想口播时长：**3~8 秒（约 12~40 字）**
- ⚠️ **< 12 字**的分段：除非是独立金句，否则**必须合并**到相邻镜头
- ⚠️ **> 50 字**的分段：意味着画面停留太久，观众注意力衰减，建议拆分，但拆分点本身仍需有叙事依据
- 在 `estimatedSeconds` 字段中标注预估秒数（字数 ÷ 4.5，保留一位小数）
- 除非模板使用TextFocus，否则不允许content中只有一个Text的情况

### Phase 2：切分信号强度模型
按叙事信号强度决定是否新建镜头，**而非按标点机械切分**：

**🔴 强信号（应新建镜头）**：
- 叙事角色彻底转换：说理/定义 → 举例/场景还原
- 叙事角色彻底转换：铺垫/铺陈 → 行动号召/结论
- 情绪段位跳变：平静分析 → 震惊转折 → 收束共情
- 视觉主体完全更换：讨论 A 话题 → 转到独立的 B 话题

**🟡 中等信号（倾向合并，但单段超过 40 字时可拆）**：
- 同一论点下的多个分点（第一、第二、第三……）
- 同一比喻的铺垫与揭示
- 同一因果链的前提与结论

**🟢 弱信号（严禁作为切分依据）**：
- 普通逗号、顿号、冒号后的补充说明
- 同一句话的前后半段
- "而且""此外""所以"等常见连接词（需配合叙事角色判断）

### Phase 3：合并检查
拆完后对所有 items 做全局合并检查：
- 相邻两个 items 若切分信号为"弱"且合并后总字数不超过 45 字 → **强制合并**
- 相邻两个 items 若叙事角色完全相同、画面视觉重心也相同 → **强制合并**

## 🧭 结构识别 → 模板选型（从上到下命中第一条）

### A. 数据/量化结论（expressionTag=data）
- 两项指标同框对比（涨跌、前后、A/B）→ `STAT_COMPARE`（必须能抽象出两个非负整数）
- 单指标完成度/占比/达成率 → `PROGRESS_RING`
- 单个核心数值/排名/增长率强调 → `KPI_HERO`

### B. 对错/强导向（expressionTag=contrast）
- 明确“别这样/要这样”“错误/正确” → `DOS_AND_DONTS`
- “不是…而是…” → `COGNITIVE_SHIFT`

### C. 多分点/清单/步骤（expressionTag=list|steps|method）
- 两方/两方案并列（更中立的 A vs B）→ `SPLIT_COMPARE`
- 当前 item 原文明确展开 **2～4** 个并列分点/并列例子，且每点需独立配图（宫格）→ `PANEL_GRID`
- 明确步骤序列/短清单，且【同一 item 内】可抽取出 2～6 条“短步骤”（如同时出现“第一/第二/第三…”或“1)/2)/3)”），并且每条步骤建议 ≤10 字、无长解释句 → `STEP_LIST`
  - 反例：只有“第一/第二”这一个标题句（单条）不要选 `STEP_LIST`（至少需要 2 条）
  - 反例：每条方法/步骤后面还跟较长解释、追问或补充句（例如任一解释段 >30 字）→ 不适合 `STEP_LIST`，应拆分 item，并优先用 `METHOD_STACK`（标题式核心 + 解释展开）或 `CENTER_FOCUS`
- “一个标题式核心（方法/建议/观点/卖点/亮点/推荐理由）+ 2～4 句解释展开” → `METHOD_STACK`
- 同一**案例/子话题**、**单主图**，口播 **4～6 句** 呈「个案→误判/推论→纠偏→收束」叙事弧 → `CASE_BREAKDOWN`（非「第一/第二」方法清单、非多图节拍时用本模板；方法要点式仍用 `METHOD_STACK`）

### D. 节拍递进（expressionTag=beat）
- 同一镜头内 2～4 段口播节拍递进（问→驳→收束；铺垫→转折→结论），希望画面跟着分段变化 → `BEAT_SEQUENCE`
  - **提示**：如果递进里还夹杂“强对照/命名”，通常应拆成多个 item，不要硬塞一个 `BEAT_SEQUENCE`。
- 同一镜头内 **因果链 / 机制传导**（因→果→再果，每环一图，无时间轴刻度）→ `CAUSE_CHAIN`

### E. 引用/命名/聚焦（expressionTag=quote|concept|focus）
- 名言、著作、研究、媒体引用、用户评价、证言摘录 → `QUOTE_CITATION`
- 对“专业术语、概念、产品名、品牌关键词、功能名等”新名词进行解释→ `CONCEPT_CARD`
- 需要把注意力锁定到一个关键词/短语/关键细节/核心发现上 → `MAGNIFYING_GLASS`
  - 必须存在明确落点句（如“关键在于…”“核心是…”“结论是…”）
  - 需要后续可提取 1～2 个高价值锚点短语（否则不要选）

### F. 金句冲击（expressionTag=focus）
- 全片级短促强结论、无需配图 → `TEXT_FOCUS`

### G. 时间轴，先后关系（expressionTag=timeline）
- 明确时间先后/阶段演进（过去→现在→未来）→ `TIMELINE`

### G2. 收束清单（expressionTag≈conclusion|list）
- 收束、行动检查项、要点复诵，需要**逐项打勾显现**（非编号短步骤、非并列大图组）→ `CHECKLIST_REVEAL`

### H. 默认（expressionTag=neutral）
- 平缓叙述、单图即可、无上述结构 → `CENTER_FOCUS`

---

## ✅ 输出格式（严格 JSON，禁止包含 markdown 代码块）
{
  "items": [
    {
      "text": "逐字口播片段（必须来自原文，且拼接后覆盖原文）",
      "narrativeType": "HOOK | LOGIC | CASE | DATA | CONCLUSION | TRANSITION",
      "template": "必须来自可用模板列表",
      "expressionTag": "data | contrast | list | steps | method | beat | quote | concept | focus | timeline | neutral",
      "confidence": "low | medium | high",
      "reasoning": "一句话说明：该段的主表达结构是什么 → 为什么选该模板 → 若拆分/合并，理由是什么"
    }
  ]
}

===========================================================================================
---------------------------------------- RESPONSE ----------------------------------------
time: 2026-06-20 12:45:47
attempt: 1/3

[OUTPUT]
{
  "items": [
    {
      "text": "再来讲直播续航。",
      "narrativeType": "TRANSITION",
      "template": "CENTER_FOCUS",
      "expressionTag": "neutral",
      "confidence": "high",
      "reasoning": "单独一句引入直播续航话题，无复杂结构，用中心聚焦平缓开场。"
    },
    {
      "text": "小米SU7，15小时全国直播续航，北京到上海，1313公里，",
      "narrativeType": "CASE",
      "template": "CENTER_FOCUS",
      "expressionTag": "neutral",
      "confidence": "high",
      "reasoning": "行程基本信息平铺，无强结构，用中心聚焦自然展示案例概况。"
    },
    {
      "text": "高速顶着110到120公里时速的限速跑，中间只充一次电，",
      "narrativeType": "CASE",
      "template": "CENTER_FOCUS",
      "expressionTag": "neutral",
      "confidence": "high",
      "reasoning": "测试条件陈述，仍是平铺叙述，用中心聚焦保持画面连贯。"
    },
    {
      "text": "平均电耗14.6度每百公里，",
      "narrativeType": "DATA",
      "template": "KPI_HERO",
      "expressionTag": "data",
      "confidence": "high",
      "reasoning": "单个核心数值电耗，适合用KPI_HERO强调14.6度/百公里这一指标。"
    },
    {
      "text": "实测续航达成率85%以上。",
      "narrativeType": "DATA",
      "template": "PROGRESS_RING",
      "expressionTag": "data",
      "confidence": "high",
      "reasoning": "单指标完成度/达成率，85%可用进度环直观展示。"
    },
    {
      "text": "不是实验室，不是CLTC。高速顶着限速跑，几百万观众盯着。",
      "narrativeType": "LOGIC",
      "template": "COGNITIVE_SHIFT",
      "expressionTag": "contrast",
      "confidence": "high",
      "reasoning": "使用“不是…不是…”否定实验室和CLTC，隐含公开道路真实测试的认知转变，符合COGNITIVE_SHIFT。"
    },
    {
      "text": "一次直播明明有很多的指标来证明这辆车的电耗有多优秀，",
      "narrativeType": "LOGIC",
      "template": "CENTER_FOCUS",
      "expressionTag": "neutral",
      "confidence": "high",
      "reasoning": "铺垫陈述直播中众多优秀指标，平铺叙述，为后续反驳做背景。"
    },
    {
      "text": "很多人却只会盯着“中间只充一次电”的宣传用语来阴阳怪气。",
      "narrativeType": "LOGIC",
      "template": "QUOTE_CITATION",
      "expressionTag": "quote",
      "confidence": "high",
      "reasoning": "引用宣传语“中间只充一次电”并评论，用QUOTE_CITATION突出引用与阴阳怪气的反差。"
    },
    {
      "text": "直播续航骗不了人。不敢开直播的，怕的是什么？",
      "narrativeType": "CONCLUSION",
      "template": "BEAT_SEQUENCE",
      "expressionTag": "beat",
      "confidence": "high",
      "reasoning": "从断言“骗不了人”递进到质问“怕的是什么”，构成节拍递进，适合BEAT_SEQUENCE分段画面。"
    },
    {
      "text": "界车既然遥遥领先，为什么不来跑一跑？让大家见识见识什么叫优秀的续航管理？",
      "narrativeType": "CONCLUSION",
      "template": "TEXT_FOCUS",
      "expressionTag": "focus",
      "confidence": "high",
      "reasoning": "全片收束性质问，短促有力无需配图，用TEXT_FOCUS实现金句冲击。"
    }
  ]
}
-------------------------------------------------------------------------------------------

======================================== REQUEST ========================================
time: 2026-06-20 12:45:47
provider: deepseek
model: deepseek-v4-pro
retries: 3

[PROMPT]
你是「镜头分镜 + 动画模板选型」联合优化器。你的任务是在**不改写口播原文**的前提下，把场景原文切成更“原子化”的镜头item，并为每个镜头选择最合适的 `template`。

## 🎥 视频大背景
- **核心主题**：天天喊遥遥领先，为什么从不敢上公开赛道？
- **当前场景**：举证：拆车用料透视镜

## 📄 场景原文（严禁修改、严禁漏字、严禁补字）
直播拆车就更狠了。

小米SU7，欢迎任何人拆。官方拆，个人博主拆，轮毂电机、CTC电池、热管理系统，件件摆上台面。

经得起拆，才敢让人拆。

界车呢？官方不给拆，博主想拆？不允许。

为什么？咱也不敢说，咱也不敢问。

## 可用模板（共 23 个：`template` 必须且仅能从中选一个）

BEAT_SEQUENCE, CASE_BREAKDOWN, CAUSE_CHAIN, CENTER_FOCUS, CHAT_BUBBLE, CHECKLIST_REVEAL, COGNITIVE_SHIFT, CONCEPT_CARD, DATA_TABLE, DOS_AND_DONTS, KPI_HERO, MAGNIFYING_GLASS, METHOD_STACK, PANEL_GRID, PEER_INDUCT, PROGRESS_RING, QUOTE_CITATION, SPLIT_COMPARE, STAT_COMPARE, STEP_LIST, TEXT_FOCUS, TIMELINE, TREE_DIAGRAM

选型规则以主提示词中的决策树与自检清单为准；参数结构不在此展开，后续步骤会按 Schema 生成 `param`。

---

## 🎯 总目标（必须同时满足）
1. **逐字一致**：每个 item 的 `text` 必须是原文的连续子串；所有 item 的 `text` 按顺序拼接后必须与原文完全一致（允许忽略空白差异，但不能改变任何非空白字符）。
2. **覆盖完整**：原文中每一个字符都必须且只能落在一个 item 里（不重叠、不遗漏）。
3. **表达原子化**：**一个 item 只允许一个主表达结构**（对比/命名/步骤/引用/数据/节拍递进/金句冲击/平铺叙述）。若同一段里混了两种结构，必须拆成多个 item。
4. **长度合理**：为了避免视觉疲劳，一个item中的text拼接后如果长于 50 字应该拆分成多个item。
5. 模板是为了更好的表达item中的text

---

## ✂️ 分镜原则

### Phase 1：时长锚点（量化判断基准）
- 正常语速约 **4~5 字/秒**，单个镜头的理想口播时长：**3~8 秒（约 12~40 字）**
- ⚠️ **< 12 字**的分段：除非是独立金句，否则**必须合并**到相邻镜头
- ⚠️ **> 50 字**的分段：意味着画面停留太久，观众注意力衰减，建议拆分，但拆分点本身仍需有叙事依据
- 在 `estimatedSeconds` 字段中标注预估秒数（字数 ÷ 4.5，保留一位小数）
- 除非模板使用TextFocus，否则不允许content中只有一个Text的情况

### Phase 2：切分信号强度模型
按叙事信号强度决定是否新建镜头，**而非按标点机械切分**：

**🔴 强信号（应新建镜头）**：
- 叙事角色彻底转换：说理/定义 → 举例/场景还原
- 叙事角色彻底转换：铺垫/铺陈 → 行动号召/结论
- 情绪段位跳变：平静分析 → 震惊转折 → 收束共情
- 视觉主体完全更换：讨论 A 话题 → 转到独立的 B 话题

**🟡 中等信号（倾向合并，但单段超过 40 字时可拆）**：
- 同一论点下的多个分点（第一、第二、第三……）
- 同一比喻的铺垫与揭示
- 同一因果链的前提与结论

**🟢 弱信号（严禁作为切分依据）**：
- 普通逗号、顿号、冒号后的补充说明
- 同一句话的前后半段
- "而且""此外""所以"等常见连接词（需配合叙事角色判断）

### Phase 3：合并检查
拆完后对所有 items 做全局合并检查：
- 相邻两个 items 若切分信号为"弱"且合并后总字数不超过 45 字 → **强制合并**
- 相邻两个 items 若叙事角色完全相同、画面视觉重心也相同 → **强制合并**

## 🧭 结构识别 → 模板选型（从上到下命中第一条）

### A. 数据/量化结论（expressionTag=data）
- 两项指标同框对比（涨跌、前后、A/B）→ `STAT_COMPARE`（必须能抽象出两个非负整数）
- 单指标完成度/占比/达成率 → `PROGRESS_RING`
- 单个核心数值/排名/增长率强调 → `KPI_HERO`

### B. 对错/强导向（expressionTag=contrast）
- 明确“别这样/要这样”“错误/正确” → `DOS_AND_DONTS`
- “不是…而是…” → `COGNITIVE_SHIFT`

### C. 多分点/清单/步骤（expressionTag=list|steps|method）
- 两方/两方案并列（更中立的 A vs B）→ `SPLIT_COMPARE`
- 当前 item 原文明确展开 **2～4** 个并列分点/并列例子，且每点需独立配图（宫格）→ `PANEL_GRID`
- 明确步骤序列/短清单，且【同一 item 内】可抽取出 2～6 条“短步骤”（如同时出现“第一/第二/第三…”或“1)/2)/3)”），并且每条步骤建议 ≤10 字、无长解释句 → `STEP_LIST`
  - 反例：只有“第一/第二”这一个标题句（单条）不要选 `STEP_LIST`（至少需要 2 条）
  - 反例：每条方法/步骤后面还跟较长解释、追问或补充句（例如任一解释段 >30 字）→ 不适合 `STEP_LIST`，应拆分 item，并优先用 `METHOD_STACK`（标题式核心 + 解释展开）或 `CENTER_FOCUS`
- “一个标题式核心（方法/建议/观点/卖点/亮点/推荐理由）+ 2～4 句解释展开” → `METHOD_STACK`
- 同一**案例/子话题**、**单主图**，口播 **4～6 句** 呈「个案→误判/推论→纠偏→收束」叙事弧 → `CASE_BREAKDOWN`（非「第一/第二」方法清单、非多图节拍时用本模板；方法要点式仍用 `METHOD_STACK`）

### D. 节拍递进（expressionTag=beat）
- 同一镜头内 2～4 段口播节拍递进（问→驳→收束；铺垫→转折→结论），希望画面跟着分段变化 → `BEAT_SEQUENCE`
  - **提示**：如果递进里还夹杂“强对照/命名”，通常应拆成多个 item，不要硬塞一个 `BEAT_SEQUENCE`。
- 同一镜头内 **因果链 / 机制传导**（因→果→再果，每环一图，无时间轴刻度）→ `CAUSE_CHAIN`

### E. 引用/命名/聚焦（expressionTag=quote|concept|focus）
- 名言、著作、研究、媒体引用、用户评价、证言摘录 → `QUOTE_CITATION`
- 对“专业术语、概念、产品名、品牌关键词、功能名等”新名词进行解释→ `CONCEPT_CARD`
- 需要把注意力锁定到一个关键词/短语/关键细节/核心发现上 → `MAGNIFYING_GLASS`
  - 必须存在明确落点句（如“关键在于…”“核心是…”“结论是…”）
  - 需要后续可提取 1～2 个高价值锚点短语（否则不要选）

### F. 金句冲击（expressionTag=focus）
- 全片级短促强结论、无需配图 → `TEXT_FOCUS`

### G. 时间轴，先后关系（expressionTag=timeline）
- 明确时间先后/阶段演进（过去→现在→未来）→ `TIMELINE`

### G2. 收束清单（expressionTag≈conclusion|list）
- 收束、行动检查项、要点复诵，需要**逐项打勾显现**（非编号短步骤、非并列大图组）→ `CHECKLIST_REVEAL`

### H. 默认（expressionTag=neutral）
- 平缓叙述、单图即可、无上述结构 → `CENTER_FOCUS`

---

## ✅ 输出格式（严格 JSON，禁止包含 markdown 代码块）
{
  "items": [
    {
      "text": "逐字口播片段（必须来自原文，且拼接后覆盖原文）",
      "narrativeType": "HOOK | LOGIC | CASE | DATA | CONCLUSION | TRANSITION",
      "template": "必须来自可用模板列表",
      "expressionTag": "data | contrast | list | steps | method | beat | quote | concept | focus | timeline | neutral",
      "confidence": "low | medium | high",
      "reasoning": "一句话说明：该段的主表达结构是什么 → 为什么选该模板 → 若拆分/合并，理由是什么"
    }
  ]
}

===========================================================================================
---------------------------------------- RESPONSE ----------------------------------------
time: 2026-06-20 12:46:05
attempt: 1/3

[OUTPUT]
```json
{
  "items": [
    {
      "text": "直播拆车就更狠了。",
      "narrativeType": "HOOK",
      "template": "MAGNIFYING_GLASS",
      "expressionTag": "focus",
      "confidence": "high",
      "reasoning": "开头抛出“更狠”这一高能锚点，属于需要将注意力聚焦到关键短语的冲击性结论/悬念。选择MAGNIFYING_GLASS，便于后续提取“直播拆车”和“更狠”这两个核心锚点进行视觉强调。"
    },
    {
      "text": "小米SU7，欢迎任何人拆。",
      "narrativeType": "CASE",
      "template": "CENTER_FOCUS",
      "expressionTag": "neutral",
      "confidence": "medium",
      "reasoning": "开始摆出小米案例的事实陈述，语气转为客观举证，属于平铺叙述，用CENTER_FOCUS以单主图（小米SU7与欢迎姿态）来承载。"
    },
    {
      "text": "官方拆，个人博主拆，轮毂电机、CTC电池、热管理系统，件件摆上台面。",
      "narrativeType": "CASE",
      "template": "BEAT_SEQUENCE",
      "expressionTag": "beat",
      "confidence": "high",
      "reasoning": "这段用具体拆解的维度递进（拆解主体→核心部件→结论），镜头节拍感强，画面可跟着官方/博主/部件/摆上台面分段变化，属于典型的BEAT_SEQUENCE节拍递进。"
    },
    {
      "text": "经得起拆，才敢让人拆。",
      "narrativeType": "CONCLUSION",
      "template": "TEXT_FOCUS",
      "expressionTag": "focus",
      "confidence": "high",
      "reasoning": "全段核心金句，短促强结论，无需任何配图，单独成镜以最大冲击力收束小米案例部分，因此选TEXT_FOCUS。"
    },
    {
      "text": "界车呢？官方不给拆，博主想拆？不允许。",
      "narrativeType": "CASE",
      "template": "SPLIT_COMPARE",
      "expressionTag": "contrast",
      "confidence": "high",
      "reasoning": "直接进入对立案例（界车），与上文小米形成强烈A/B对比；且本镜头内部存在“官方/博主”两个限制维度，虽非严格两栏，但更符合SPLIT_COMPARE左右对照的对比表达与视觉结构。"
    },
    {
      "text": "为什么？咱也不敢说，咱也不敢问。",
      "narrativeType": "TRANSITION",
      "template": "CHAT_BUBBLE",
      "expressionTag": "neutral",
      "confidence": "medium",
      "reasoning": "以反问和网络流行句式收束，带有自问自答的对话感与留白戏谑氛围，用CHAT_BUBBLE承载这句话的语气，比CENTER_FOCUS平铺更能传递“不敢说、不敢问”的隐晦表达。"
    }
  ]
}
```
-------------------------------------------------------------------------------------------

======================================== REQUEST ========================================
time: 2026-06-20 12:46:05
provider: deepseek
model: deepseek-v4-pro
retries: 3

[PROMPT]
你是「镜头分镜 + 动画模板选型」联合优化器。你的任务是在**不改写口播原文**的前提下，把场景原文切成更“原子化”的镜头item，并为每个镜头选择最合适的 `template`。

## 🎥 视频大背景
- **核心主题**：天天喊遥遥领先，为什么从不敢上公开赛道？
- **当前场景**：召唤：追问领先本质

## 📄 场景原文（严禁修改、严禁漏字、严禁补字）
赛道不是炫技，是性能与操控的照妖镜。

耐力赛不是表演，是三电的试金石。

直播不是作秀，是续航的聚光灯。

拆车不是破坏，是用料的透视镜。

界车可以选择不上赛道，不许拆车，不给直播。
但你们，作为消费者，难道真的不要问一句吗，

遥遥领先，到底领先在哪里？

就靠一张嘴，是吗？

## 可用模板（共 23 个：`template` 必须且仅能从中选一个）

BEAT_SEQUENCE, CASE_BREAKDOWN, CAUSE_CHAIN, CENTER_FOCUS, CHAT_BUBBLE, CHECKLIST_REVEAL, COGNITIVE_SHIFT, CONCEPT_CARD, DATA_TABLE, DOS_AND_DONTS, KPI_HERO, MAGNIFYING_GLASS, METHOD_STACK, PANEL_GRID, PEER_INDUCT, PROGRESS_RING, QUOTE_CITATION, SPLIT_COMPARE, STAT_COMPARE, STEP_LIST, TEXT_FOCUS, TIMELINE, TREE_DIAGRAM

选型规则以主提示词中的决策树与自检清单为准；参数结构不在此展开，后续步骤会按 Schema 生成 `param`。

---

## 🎯 总目标（必须同时满足）
1. **逐字一致**：每个 item 的 `text` 必须是原文的连续子串；所有 item 的 `text` 按顺序拼接后必须与原文完全一致（允许忽略空白差异，但不能改变任何非空白字符）。
2. **覆盖完整**：原文中每一个字符都必须且只能落在一个 item 里（不重叠、不遗漏）。
3. **表达原子化**：**一个 item 只允许一个主表达结构**（对比/命名/步骤/引用/数据/节拍递进/金句冲击/平铺叙述）。若同一段里混了两种结构，必须拆成多个 item。
4. **长度合理**：为了避免视觉疲劳，一个item中的text拼接后如果长于 50 字应该拆分成多个item。
5. 模板是为了更好的表达item中的text

---

## ✂️ 分镜原则

### Phase 1：时长锚点（量化判断基准）
- 正常语速约 **4~5 字/秒**，单个镜头的理想口播时长：**3~8 秒（约 12~40 字）**
- ⚠️ **< 12 字**的分段：除非是独立金句，否则**必须合并**到相邻镜头
- ⚠️ **> 50 字**的分段：意味着画面停留太久，观众注意力衰减，建议拆分，但拆分点本身仍需有叙事依据
- 在 `estimatedSeconds` 字段中标注预估秒数（字数 ÷ 4.5，保留一位小数）
- 除非模板使用TextFocus，否则不允许content中只有一个Text的情况

### Phase 2：切分信号强度模型
按叙事信号强度决定是否新建镜头，**而非按标点机械切分**：

**🔴 强信号（应新建镜头）**：
- 叙事角色彻底转换：说理/定义 → 举例/场景还原
- 叙事角色彻底转换：铺垫/铺陈 → 行动号召/结论
- 情绪段位跳变：平静分析 → 震惊转折 → 收束共情
- 视觉主体完全更换：讨论 A 话题 → 转到独立的 B 话题

**🟡 中等信号（倾向合并，但单段超过 40 字时可拆）**：
- 同一论点下的多个分点（第一、第二、第三……）
- 同一比喻的铺垫与揭示
- 同一因果链的前提与结论

**🟢 弱信号（严禁作为切分依据）**：
- 普通逗号、顿号、冒号后的补充说明
- 同一句话的前后半段
- "而且""此外""所以"等常见连接词（需配合叙事角色判断）

### Phase 3：合并检查
拆完后对所有 items 做全局合并检查：
- 相邻两个 items 若切分信号为"弱"且合并后总字数不超过 45 字 → **强制合并**
- 相邻两个 items 若叙事角色完全相同、画面视觉重心也相同 → **强制合并**

## 🧭 结构识别 → 模板选型（从上到下命中第一条）

### A. 数据/量化结论（expressionTag=data）
- 两项指标同框对比（涨跌、前后、A/B）→ `STAT_COMPARE`（必须能抽象出两个非负整数）
- 单指标完成度/占比/达成率 → `PROGRESS_RING`
- 单个核心数值/排名/增长率强调 → `KPI_HERO`

### B. 对错/强导向（expressionTag=contrast）
- 明确“别这样/要这样”“错误/正确” → `DOS_AND_DONTS`
- “不是…而是…” → `COGNITIVE_SHIFT`

### C. 多分点/清单/步骤（expressionTag=list|steps|method）
- 两方/两方案并列（更中立的 A vs B）→ `SPLIT_COMPARE`
- 当前 item 原文明确展开 **2～4** 个并列分点/并列例子，且每点需独立配图（宫格）→ `PANEL_GRID`
- 明确步骤序列/短清单，且【同一 item 内】可抽取出 2～6 条“短步骤”（如同时出现“第一/第二/第三…”或“1)/2)/3)”），并且每条步骤建议 ≤10 字、无长解释句 → `STEP_LIST`
  - 反例：只有“第一/第二”这一个标题句（单条）不要选 `STEP_LIST`（至少需要 2 条）
  - 反例：每条方法/步骤后面还跟较长解释、追问或补充句（例如任一解释段 >30 字）→ 不适合 `STEP_LIST`，应拆分 item，并优先用 `METHOD_STACK`（标题式核心 + 解释展开）或 `CENTER_FOCUS`
- “一个标题式核心（方法/建议/观点/卖点/亮点/推荐理由）+ 2～4 句解释展开” → `METHOD_STACK`
- 同一**案例/子话题**、**单主图**，口播 **4～6 句** 呈「个案→误判/推论→纠偏→收束」叙事弧 → `CASE_BREAKDOWN`（非「第一/第二」方法清单、非多图节拍时用本模板；方法要点式仍用 `METHOD_STACK`）

### D. 节拍递进（expressionTag=beat）
- 同一镜头内 2～4 段口播节拍递进（问→驳→收束；铺垫→转折→结论），希望画面跟着分段变化 → `BEAT_SEQUENCE`
  - **提示**：如果递进里还夹杂“强对照/命名”，通常应拆成多个 item，不要硬塞一个 `BEAT_SEQUENCE`。
- 同一镜头内 **因果链 / 机制传导**（因→果→再果，每环一图，无时间轴刻度）→ `CAUSE_CHAIN`

### E. 引用/命名/聚焦（expressionTag=quote|concept|focus）
- 名言、著作、研究、媒体引用、用户评价、证言摘录 → `QUOTE_CITATION`
- 对“专业术语、概念、产品名、品牌关键词、功能名等”新名词进行解释→ `CONCEPT_CARD`
- 需要把注意力锁定到一个关键词/短语/关键细节/核心发现上 → `MAGNIFYING_GLASS`
  - 必须存在明确落点句（如“关键在于…”“核心是…”“结论是…”）
  - 需要后续可提取 1～2 个高价值锚点短语（否则不要选）

### F. 金句冲击（expressionTag=focus）
- 全片级短促强结论、无需配图 → `TEXT_FOCUS`

### G. 时间轴，先后关系（expressionTag=timeline）
- 明确时间先后/阶段演进（过去→现在→未来）→ `TIMELINE`

### G2. 收束清单（expressionTag≈conclusion|list）
- 收束、行动检查项、要点复诵，需要**逐项打勾显现**（非编号短步骤、非并列大图组）→ `CHECKLIST_REVEAL`

### H. 默认（expressionTag=neutral）
- 平缓叙述、单图即可、无上述结构 → `CENTER_FOCUS`

---

## ✅ 输出格式（严格 JSON，禁止包含 markdown 代码块）
{
  "items": [
    {
      "text": "逐字口播片段（必须来自原文，且拼接后覆盖原文）",
      "narrativeType": "HOOK | LOGIC | CASE | DATA | CONCLUSION | TRANSITION",
      "template": "必须来自可用模板列表",
      "expressionTag": "data | contrast | list | steps | method | beat | quote | concept | focus | timeline | neutral",
      "confidence": "low | medium | high",
      "reasoning": "一句话说明：该段的主表达结构是什么 → 为什么选该模板 → 若拆分/合并，理由是什么"
    }
  ]
}

===========================================================================================
---------------------------------------- RESPONSE ----------------------------------------
time: 2026-06-20 12:46:48
attempt: 1/3

[OUTPUT]
{
  "items": [
    {
      "text": "赛道不是炫技，是性能与操控的照妖镜。\n耐力赛不是表演，是三电的试金石。",
      "narrativeType": "LOGIC",
      "template": "PANEL_GRID",
      "expressionTag": "list",
      "confidence": "high",
      "reasoning": "两个并列的“不是…而是…”对比点，适合用宫格同时展示赛道与耐力赛的对照画面，每点独立视觉。"
    },
    {
      "text": "直播不是作秀，是续航的聚光灯。\n拆车不是破坏，是用料的透视镜。",
      "narrativeType": "LOGIC",
      "template": "PANEL_GRID",
      "expressionTag": "list",
      "confidence": "high",
      "reasoning": "与前一组结构相同，两个并列对比点，用宫格展示直播与拆车的对照，保持视觉节奏一致。"
    },
    {
      "text": "界车可以选择不上赛道，不许拆车，不给直播。",
      "narrativeType": "TRANSITION",
      "template": "CENTER_FOCUS",
      "expressionTag": "neutral",
      "confidence": "medium",
      "reasoning": "单句陈述对方的选择，无对比或步骤，用居中文本聚焦，作为从前文对比到后续质问的过渡。"
    },
    {
      "text": "但你们，作为消费者，难道真的不要问一句吗，\n遥遥领先，到底领先在哪里？\n就靠一张嘴，是吗？",
      "narrativeType": "CONCLUSION",
      "template": "BEAT_SEQUENCE",
      "expressionTag": "beat",
      "confidence": "high",
      "reasoning": "连续追问递进，形成情绪节拍：引疑→追问→收束，用分步浮现强化质问力量。"
    }
  ]
}
-------------------------------------------------------------------------------------------

======================================== REQUEST ========================================
time: 2026-06-20 12:46:48
provider: deepseek
model: deepseek-v4-pro
retries: 3

[PROMPT]
你是短视频字幕与画面细节处理专家。请把指定台词细化为字模显示参数。


## 完整段落上下文（仅供理解整体语境，判断当前句子的重要性）
天天喊遥遥领先的车，为什么从来不敢把车开上公开的考场？

先说纽北赛。
纽北北环，全长20.8公里，83个弯道，落差300米。

全球车企把这里当照妖镜。
小米SU7 Ultra量产版，7分04秒957。2025年4月纽北官方认证，刷新纪录，成为新的纽北最速量产电动车。原型车同场更是刷出6分22秒091，纽北历史总榜全球前三。

这不是营销数字。公证员在场，德国技术监督协会检测，纽北官网公示，完全独立的三方认证。
界车既然遥遥领先，为什么不来跑一跑？让大家见识见识什么叫好车的机械素质？


## 🎯 待处理的目标文案
天天喊遥遥领先的车，为什么从来不敢把车开上公开的考场？

## 目标文案content的数组结构
生成模板参数时，format为content_index的字段依据此数组选择匹配的索引，用于决定相应内容出现在动画中的时机

[
  {
    "index": 0,
    "text": "天天喊遥遥领先的车，"
  },
  {
    "index": 1,
    "text": "为什么从来不敢把车开上公开的考场？"
  }
]


## 选定模板及参数规范

模板名称：TEXT_FOCUS

参数 Schema 说明：

{
  "type": "object",
  "properties": {
    "coreSentence": {
      "type": "array",
      "minItems": 1,
      "description": "大屏核心文案，每元素一行：可为 string，或 { text, showFrom, endFrom? }；showFrom/endFrom 为 content 下标（0-based），非帧数：在该条 startFrame 显现；可选 endFrom 表示在该条播完（startFrame+durationFrames）后起淡出。纯 string 等价于 showFrom=0、无 endFrom。锚点校验时各段 text 按顺序直接拼接（无分隔符）。",
      "items": {
        "oneOf": [
          {
            "type": "string"
          },
          {
            "type": "object",
            "required": [
              "text",
              "showFrom"
            ],
            "properties": {
              "text": {
                "type": "string",
                "description": "该行大屏文案"
              },
              "showFrom": {
                "type": "integer",
                "format": "content_index",
                "description": "content 下标（0-based），非帧数"
              },
              "endFrom": {
                "type": "integer",
                "format": "content_index",
                "description": "可选；content 下标（0-based），非帧数；该行在对应条字幕结束帧（startFrame+durationFrames）起淡出"
              }
            }
          }
        ]
      }
    },
    "coreSentenceAnchors": {
      "type": "array",
      "description": "可选；在 coreSentence 各段拼接后的全文内按顺序高亮子串。每项 coreSentenceAnchor 须为该拼接串的子串，否则会被校验丢弃",
      "items": {
        "type": "object",
        "required": [
          "coreSentenceAnchor"
        ],
        "properties": {
          "coreSentenceAnchor": {
            "type": "string",
            "description": "要高亮的子串，须出现在各 coreSentence 段拼接后的全文内"
          },
          "color": {
            "type": "string",
            "description": "高亮颜色，省略时默认强调色"
          }
        }
      }
    }
  },
  "required": [
    "coreSentence"
  ]
}

// 口播条数（已由程序写入 CONTENT_STR，勿在 param 中输出 content）：口播分句至多 3 条（超出会被校验器告警）


模板该项的示例供参考：

{
  "template": "TEXT_FOCUS",
  "param": {
    "coreSentence": [
      {
        "text": "承认自己“可能错了”并不是一种软弱",
        "showFrom": 0,
        "endFrom": 0
      },
      {
        "text": "而是成长的开始",
        "showFrom": 1,
        "endFrom": 1
      }
    ],
    "coreSentenceAnchors": [
      {
        "coreSentenceAnchor": "可能错了",
        "color": "red"
      }
    ]
  }
}


注意：如果该模板生成的参数包含图片视觉描述（如 imageSrc / leftSrc / rightSrc 等等），请只描述纯视觉场景与动作，绝不要包含任何文字、标语或注音。


## 其他通用说明
1. 锚点（Anchor）— 克制与高价值（适用于 SCHEMA 或上文允许出现锚点/高亮时）：
   - 多数句子应**无锚点**；拿不准就留空或 `[]`，避免满屏高亮。
   - 如果一定需要锚点，只选**整段里真正的高潮、反转或核心名词**（宜 2～4 字、有记忆点）；平庸词、铺垫句不要做成锚点。
   - 颜色建议：`#EF4444`（警示/反转/负面/结论）、`#000000`（事实/术语/数据）。动画 `anim`：`spring` | `slideUp` | `popIn` | `highlight`。
   - 音效可选(仅写在锚点对象上的 `audioEffect`)：`impact_thud` | `ping` | `woosh`

2. 视觉标题与字幕分离（仅当 SCHEMA 要求 `notText` / `butText` / `conceptName`、或 DOS_AND_DONTS 的 `left.label` / `right.label` 等时）：

   - 填**极简关键词（约 2～6 字）**，禁止把整句台词搬进标题字段。



## 输出格式（严格 JSON，不要 markdown 代码块）
补全当前模板的param,非数组：
{ "param": { ... } }

===========================================================================================
---------------------------------------- RESPONSE ----------------------------------------
time: 2026-06-20 12:46:54
attempt: 1/3

[OUTPUT]
{
  "param": {
    "coreSentence": [
      {
        "text": "天天喊遥遥领先的车，",
        "showFrom": 0,
        "endFrom": 0
      },
      {
        "text": "为什么从来不敢把车开上公开的考场？",
        "showFrom": 1,
        "endFrom": 1
      }
    ],
    "coreSentenceAnchors": [
      {
        "coreSentenceAnchor": "遥遥领先",
        "color": "#EF4444"
      }
    ]
  }
}
-------------------------------------------------------------------------------------------

======================================== REQUEST ========================================
time: 2026-06-20 12:46:54
provider: deepseek
model: deepseek-v4-pro
retries: 3

[PROMPT]
你是短视频字幕与画面细节处理专家。请把指定台词细化为字模显示参数。


## 完整段落上下文（仅供理解整体语境，判断当前句子的重要性）
天天喊遥遥领先的车，为什么从来不敢把车开上公开的考场？

先说纽北赛。
纽北北环，全长20.8公里，83个弯道，落差300米。

全球车企把这里当照妖镜。
小米SU7 Ultra量产版，7分04秒957。2025年4月纽北官方认证，刷新纪录，成为新的纽北最速量产电动车。原型车同场更是刷出6分22秒091，纽北历史总榜全球前三。

这不是营销数字。公证员在场，德国技术监督协会检测，纽北官网公示，完全独立的三方认证。
界车既然遥遥领先，为什么不来跑一跑？让大家见识见识什么叫好车的机械素质？


## 🎯 待处理的目标文案
先说纽北赛。纽北北环，全长20.8公里，83个弯道，落差300米。

## 目标文案content的数组结构
生成模板参数时，format为content_index的字段依据此数组选择匹配的索引，用于决定相应内容出现在动画中的时机

[
  {
    "index": 0,
    "text": "先说纽北赛。"
  },
  {
    "index": 1,
    "text": "纽北北环，"
  },
  {
    "index": 2,
    "text": "全长20.8公里，"
  },
  {
    "index": 3,
    "text": "83个弯道，"
  },
  {
    "index": 4,
    "text": "落差300米。"
  }
]


## 选定模板及参数规范

模板名称：CONCEPT_CARD

参数 Schema 说明：

{
  "type": "object",
  "properties": {
    "imageSrc": {
      "type": "string",
      "format": "image_prompt",
      "description": "概念图标描述"
    },
    "conceptName": {
      "type": "string",
      "description": "概念名称"
    }
  },
  "required": [
    "imageSrc",
    "conceptName"
  ]
}


模板该项的示例供参考：

{
  "template": "CONCEPT_CARD",
  "param": {
    "imageSrc": "过滤器/筛网简笔画图标",
    "conceptName": "幸存者偏差"
  }
}


注意：如果该模板生成的参数包含图片视觉描述（如 imageSrc / leftSrc / rightSrc 等等），请只描述纯视觉场景与动作，绝不要包含任何文字、标语或注音。


## 其他通用说明
1. 锚点（Anchor）— 克制与高价值（适用于 SCHEMA 或上文允许出现锚点/高亮时）：
   - 多数句子应**无锚点**；拿不准就留空或 `[]`，避免满屏高亮。
   - 如果一定需要锚点，只选**整段里真正的高潮、反转或核心名词**（宜 2～4 字、有记忆点）；平庸词、铺垫句不要做成锚点。
   - 颜色建议：`#EF4444`（警示/反转/负面/结论）、`#000000`（事实/术语/数据）。动画 `anim`：`spring` | `slideUp` | `popIn` | `highlight`。
   - 音效可选(仅写在锚点对象上的 `audioEffect`)：`impact_thud` | `ping` | `woosh`

2. 视觉标题与字幕分离（仅当 SCHEMA 要求 `notText` / `butText` / `conceptName`、或 DOS_AND_DONTS 的 `left.label` / `right.label` 等时）：

   - 填**极简关键词（约 2～6 字）**，禁止把整句台词搬进标题字段。



## 输出格式（严格 JSON，不要 markdown 代码块）
补全当前模板的param,非数组：
{ "param": { ... } }

===========================================================================================
---------------------------------------- RESPONSE ----------------------------------------
time: 2026-06-20 12:46:58
attempt: 1/3

[OUTPUT]
{
  "param": {
    "imageSrc": "空中俯拍一条蜿蜒穿过绿色山丘的赛车道，连续急弯与明显的高低落差，远处可见森林与云雾",
    "conceptName": "纽北北环"
  }
}
-------------------------------------------------------------------------------------------

======================================== REQUEST ========================================
time: 2026-06-20 12:46:58
provider: deepseek
model: deepseek-v4-pro
retries: 3

[PROMPT]
你是短视频字幕与画面细节处理专家。请把指定台词细化为字模显示参数。


## 完整段落上下文（仅供理解整体语境，判断当前句子的重要性）
天天喊遥遥领先的车，为什么从来不敢把车开上公开的考场？

先说纽北赛。
纽北北环，全长20.8公里，83个弯道，落差300米。

全球车企把这里当照妖镜。
小米SU7 Ultra量产版，7分04秒957。2025年4月纽北官方认证，刷新纪录，成为新的纽北最速量产电动车。原型车同场更是刷出6分22秒091，纽北历史总榜全球前三。

这不是营销数字。公证员在场，德国技术监督协会检测，纽北官网公示，完全独立的三方认证。
界车既然遥遥领先，为什么不来跑一跑？让大家见识见识什么叫好车的机械素质？


## 🎯 待处理的目标文案
全球车企把这里当照妖镜。

## 目标文案content的数组结构
生成模板参数时，format为content_index的字段依据此数组选择匹配的索引，用于决定相应内容出现在动画中的时机

[
  {
    "index": 0,
    "text": "全球车企把这里当照妖镜。"
  }
]


## 选定模板及参数规范

模板名称：CENTER_FOCUS

参数 Schema 说明：

{
  "type": "object",
  "properties": {
    "imageSrc": {
      "type": "string",
      "format": "image_prompt",
      "description": "主图描述"
    },
    "enterEffect": {
      "type": "string",
      "enum": [
        "fadeIn",
        "slideLeft",
        "slideBottom",
        "zoomIn"
      ],
      "default": "fadeIn",
      "description": "图片入场方式（breathe 呼吸效果始终常驻，无需指定）"
    },
    "anchors": {
      "type": "array",
      "description": "可选；用于锚点词展示（顶部依次出现并保留为列表），并绑定锚点出现时机的音效。showFrom 须落在当前 content 条数范围内。注意 **保持克制，尽量少设置锚点** 只提取整段里真正的高潮、反转或核心名词",
      "items": {
        "type": "object",
        "required": [
          "text",
          "showFrom"
        ],
        "properties": {
          "text": {
            "type": "string",
            "description": "要展示的锚点词"
          },
          "showFrom": {
            "type": "integer",
            "format": "content_index",
            "description": "content 数组下标（0-based），非帧数；合法范围 0～(content 条数-1)，超出会被校验丢弃"
          },
          "color": {
            "type": "string"
          },
          "anim": {
            "type": "string",
            "enum": [
              "spring",
              "slideUp",
              "popIn",
              "highlight"
            ]
          },
          "audioEffect": {
            "type": "string",
            "enum": [
              "impact_thud",
              "ping",
              "woosh"
            ]
          }
        }
      }
    }
  },
  "required": [
    "imageSrc"
  ]
}


模板该项的示例供参考：

{
  "template": "CENTER_FOCUS",
  "param": {
    "imageSrc": "上班族坐在电脑前的简笔画图标",
    "enterEffect": "fadeIn",
    "anchors": [
      {
        "text": "可得性启发",
        "showFrom": 0,
        "color": "red"
      }
    ]
  }
}


注意：如果该模板生成的参数包含图片视觉描述（如 imageSrc / leftSrc / rightSrc 等等），请只描述纯视觉场景与动作，绝不要包含任何文字、标语或注音。


## 其他通用说明
1. 锚点（Anchor）— 克制与高价值（适用于 SCHEMA 或上文允许出现锚点/高亮时）：
   - 多数句子应**无锚点**；拿不准就留空或 `[]`，避免满屏高亮。
   - 如果一定需要锚点，只选**整段里真正的高潮、反转或核心名词**（宜 2～4 字、有记忆点）；平庸词、铺垫句不要做成锚点。
   - 颜色建议：`#EF4444`（警示/反转/负面/结论）、`#000000`（事实/术语/数据）。动画 `anim`：`spring` | `slideUp` | `popIn` | `highlight`。
   - 音效可选(仅写在锚点对象上的 `audioEffect`)：`impact_thud` | `ping` | `woosh`

2. 视觉标题与字幕分离（仅当 SCHEMA 要求 `notText` / `butText` / `conceptName`、或 DOS_AND_DONTS 的 `left.label` / `right.label` 等时）：

   - 填**极简关键词（约 2～6 字）**，禁止把整句台词搬进标题字段。



## 输出格式（严格 JSON，不要 markdown 代码块）
补全当前模板的param,非数组：
{ "param": { ... } }

===========================================================================================
---------------------------------------- RESPONSE ----------------------------------------
time: 2026-06-20 12:47:02
attempt: 1/3

[OUTPUT]
{
  "param": {
    "imageSrc": "一辆高性能电动车在纽博格林北环赛道飞驰，背景是蜿蜒的弯道、起伏的坡度和葱郁的森林，阳光强烈，光影对比鲜明，体现车辆在严苛考验下的动态表现",
    "enterEffect": "fadeIn",
    "anchors": []
  }
}
-------------------------------------------------------------------------------------------

======================================== REQUEST ========================================
time: 2026-06-20 12:47:02
provider: deepseek
model: deepseek-v4-pro
retries: 3

[PROMPT]
你是短视频字幕与画面细节处理专家。请把指定台词细化为字模显示参数。


## 完整段落上下文（仅供理解整体语境，判断当前句子的重要性）
天天喊遥遥领先的车，为什么从来不敢把车开上公开的考场？

先说纽北赛。
纽北北环，全长20.8公里，83个弯道，落差300米。

全球车企把这里当照妖镜。
小米SU7 Ultra量产版，7分04秒957。2025年4月纽北官方认证，刷新纪录，成为新的纽北最速量产电动车。原型车同场更是刷出6分22秒091，纽北历史总榜全球前三。

这不是营销数字。公证员在场，德国技术监督协会检测，纽北官网公示，完全独立的三方认证。
界车既然遥遥领先，为什么不来跑一跑？让大家见识见识什么叫好车的机械素质？


## 🎯 待处理的目标文案
小米SU7 Ultra量产版，7分04秒957。2025年4月纽北官方认证，刷新纪录，成为新的纽北最速量产电动车。

## 目标文案content的数组结构
生成模板参数时，format为content_index的字段依据此数组选择匹配的索引，用于决定相应内容出现在动画中的时机

[
  {
    "index": 0,
    "text": "小米SU7 Ultra量产版，"
  },
  {
    "index": 1,
    "text": "7分04秒957。"
  },
  {
    "index": 2,
    "text": "2025年4月纽北官方认证，"
  },
  {
    "index": 3,
    "text": "刷新纪录，"
  },
  {
    "index": 4,
    "text": "成为新的纽北最速量产电动车。"
  }
]


## 选定模板及参数规范

模板名称：KPI_HERO

参数 Schema 说明：

{
  "type": "object",
  "properties": {
    "value": {
      "type": "number",
      "description": "单指标模式：滚动终值（整数或小数）；若提供 blocks 则可省略"
    },
    "prefix": {
      "type": "string",
      "description": "单指标：数字左侧"
    },
    "suffix": {
      "type": "string",
      "description": "单指标：数字右侧单位"
    },
    "label": {
      "type": "string",
      "description": "单指标：数字上方标签（与 blocks[].label 同视觉层级）"
    },
    "useGrouping": {
      "type": "boolean",
      "description": "单指标：千分位（小数时作用于整数部分）"
    },
    "decimalPlaces": {
      "type": "integer",
      "description": "单指标：小数位数，缺省按 value 自动推断"
    },
    "blocks": {
      "type": "array",
      "minItems": 1,
      "maxItems": 4,
      "description": "多指标：每项 value、showFrom（content 下标）；可选 prefix、suffix、label、useGrouping",
      "items": {
        "type": "object",
        "required": [
          "value",
          "showFrom"
        ],
        "properties": {
          "value": {
            "type": "number",
            "description": "终值，整数或小数（如 2.5 万人）"
          },
          "decimalPlaces": {
            "type": "integer",
            "description": "小数位数，缺省按 value 自动推断（如 2.5→1）"
          },
          "showFrom": {
            "type": "integer",
            "format": "content_index",
            "description": "该块出现时机：content 下标，取该条 startFrame"
          },
          "prefix": {
            "type": "string"
          },
          "suffix": {
            "type": "string"
          },
          "label": {
            "type": "string",
            "description": "数字上方标签（多列时字号已加大）"
          },
          "useGrouping": {
            "type": "boolean"
          }
        }
      }
    },
    "countDuration": {
      "type": "integer",
      "description": "数字从 0 滚到目标值的 spring 时长（帧），默认 28"
    }
  },
  "required": []
}


模板该项的示例供参考：

{
  "template": "KPI_HERO",
  "param": {
    "blocks": [
      {
        "value": 87,
        "suffix": "%",
        "label": "满意度",
        "showFrom": 0
      },
      {
        "value": 62,
        "suffix": "%",
        "label": "留存",
        "showFrom": 1
      }
    ]
  }
}


注意：如果该模板生成的参数包含图片视觉描述（如 imageSrc / leftSrc / rightSrc 等等），请只描述纯视觉场景与动作，绝不要包含任何文字、标语或注音。


## 其他通用说明
1. 锚点（Anchor）— 克制与高价值（适用于 SCHEMA 或上文允许出现锚点/高亮时）：
   - 多数句子应**无锚点**；拿不准就留空或 `[]`，避免满屏高亮。
   - 如果一定需要锚点，只选**整段里真正的高潮、反转或核心名词**（宜 2～4 字、有记忆点）；平庸词、铺垫句不要做成锚点。
   - 颜色建议：`#EF4444`（警示/反转/负面/结论）、`#000000`（事实/术语/数据）。动画 `anim`：`spring` | `slideUp` | `popIn` | `highlight`。
   - 音效可选(仅写在锚点对象上的 `audioEffect`)：`impact_thud` | `ping` | `woosh`

2. 视觉标题与字幕分离（仅当 SCHEMA 要求 `notText` / `butText` / `conceptName`、或 DOS_AND_DONTS 的 `left.label` / `right.label` 等时）：

   - 填**极简关键词（约 2～6 字）**，禁止把整句台词搬进标题字段。



## 输出格式（严格 JSON，不要 markdown 代码块）
补全当前模板的param,非数组：
{ "param": { ... } }

===========================================================================================
---------------------------------------- RESPONSE ----------------------------------------
time: 2026-06-20 12:47:24
attempt: 1/3

[OUTPUT]
{"param":{"blocks":[{"value":7,"label":"分","showFrom":1},{"value":4.957,"label":"秒","decimalPlaces":3,"showFrom":1}]}}
-------------------------------------------------------------------------------------------

======================================== REQUEST ========================================
time: 2026-06-20 12:47:24
provider: deepseek
model: deepseek-v4-pro
retries: 3

[PROMPT]
你是短视频字幕与画面细节处理专家。请把指定台词细化为字模显示参数。


## 完整段落上下文（仅供理解整体语境，判断当前句子的重要性）
天天喊遥遥领先的车，为什么从来不敢把车开上公开的考场？

先说纽北赛。
纽北北环，全长20.8公里，83个弯道，落差300米。

全球车企把这里当照妖镜。
小米SU7 Ultra量产版，7分04秒957。2025年4月纽北官方认证，刷新纪录，成为新的纽北最速量产电动车。原型车同场更是刷出6分22秒091，纽北历史总榜全球前三。

这不是营销数字。公证员在场，德国技术监督协会检测，纽北官网公示，完全独立的三方认证。
界车既然遥遥领先，为什么不来跑一跑？让大家见识见识什么叫好车的机械素质？


## 🎯 待处理的目标文案
原型车同场更是刷出6分22秒091，纽北历史总榜全球前三。

## 目标文案content的数组结构
生成模板参数时，format为content_index的字段依据此数组选择匹配的索引，用于决定相应内容出现在动画中的时机

[
  {
    "index": 0,
    "text": "原型车同场更是刷出6分22秒091，"
  },
  {
    "index": 1,
    "text": "纽北历史总榜全球前三。"
  }
]


## 选定模板及参数规范

模板名称：KPI_HERO

参数 Schema 说明：

{
  "type": "object",
  "properties": {
    "value": {
      "type": "number",
      "description": "单指标模式：滚动终值（整数或小数）；若提供 blocks 则可省略"
    },
    "prefix": {
      "type": "string",
      "description": "单指标：数字左侧"
    },
    "suffix": {
      "type": "string",
      "description": "单指标：数字右侧单位"
    },
    "label": {
      "type": "string",
      "description": "单指标：数字上方标签（与 blocks[].label 同视觉层级）"
    },
    "useGrouping": {
      "type": "boolean",
      "description": "单指标：千分位（小数时作用于整数部分）"
    },
    "decimalPlaces": {
      "type": "integer",
      "description": "单指标：小数位数，缺省按 value 自动推断"
    },
    "blocks": {
      "type": "array",
      "minItems": 1,
      "maxItems": 4,
      "description": "多指标：每项 value、showFrom（content 下标）；可选 prefix、suffix、label、useGrouping",
      "items": {
        "type": "object",
        "required": [
          "value",
          "showFrom"
        ],
        "properties": {
          "value": {
            "type": "number",
            "description": "终值，整数或小数（如 2.5 万人）"
          },
          "decimalPlaces": {
            "type": "integer",
            "description": "小数位数，缺省按 value 自动推断（如 2.5→1）"
          },
          "showFrom": {
            "type": "integer",
            "format": "content_index",
            "description": "该块出现时机：content 下标，取该条 startFrame"
          },
          "prefix": {
            "type": "string"
          },
          "suffix": {
            "type": "string"
          },
          "label": {
            "type": "string",
            "description": "数字上方标签（多列时字号已加大）"
          },
          "useGrouping": {
            "type": "boolean"
          }
        }
      }
    },
    "countDuration": {
      "type": "integer",
      "description": "数字从 0 滚到目标值的 spring 时长（帧），默认 28"
    }
  },
  "required": []
}


模板该项的示例供参考：

{
  "template": "KPI_HERO",
  "param": {
    "blocks": [
      {
        "value": 87,
        "suffix": "%",
        "label": "满意度",
        "showFrom": 0
      },
      {
        "value": 62,
        "suffix": "%",
        "label": "留存",
        "showFrom": 1
      }
    ]
  }
}


注意：如果该模板生成的参数包含图片视觉描述（如 imageSrc / leftSrc / rightSrc 等等），请只描述纯视觉场景与动作，绝不要包含任何文字、标语或注音。


## 其他通用说明
1. 锚点（Anchor）— 克制与高价值（适用于 SCHEMA 或上文允许出现锚点/高亮时）：
   - 多数句子应**无锚点**；拿不准就留空或 `[]`，避免满屏高亮。
   - 如果一定需要锚点，只选**整段里真正的高潮、反转或核心名词**（宜 2～4 字、有记忆点）；平庸词、铺垫句不要做成锚点。
   - 颜色建议：`#EF4444`（警示/反转/负面/结论）、`#000000`（事实/术语/数据）。动画 `anim`：`spring` | `slideUp` | `popIn` | `highlight`。
   - 音效可选(仅写在锚点对象上的 `audioEffect`)：`impact_thud` | `ping` | `woosh`

2. 视觉标题与字幕分离（仅当 SCHEMA 要求 `notText` / `butText` / `conceptName`、或 DOS_AND_DONTS 的 `left.label` / `right.label` 等时）：

   - 填**极简关键词（约 2～6 字）**，禁止把整句台词搬进标题字段。



## 输出格式（严格 JSON，不要 markdown 代码块）
补全当前模板的param,非数组：
{ "param": { ... } }

===========================================================================================
---------------------------------------- RESPONSE ----------------------------------------
time: 2026-06-20 12:47:38
attempt: 1/3

[OUTPUT]
{
  "param": {
    "blocks": [
      {
        "value": 22.091,
        "decimalPlaces": 3,
        "prefix": "6:",
        "suffix": "",
        "label": "原型车圈速",
        "showFrom": 0
      },
      {
        "value": 3,
        "prefix": "全球 ",
        "suffix": "名",
        "label": "纽北历史总榜",
        "showFrom": 1
      }
    ]
  }
}
-------------------------------------------------------------------------------------------

======================================== REQUEST ========================================
time: 2026-06-20 12:47:38
provider: deepseek
model: deepseek-v4-pro
retries: 3

[PROMPT]
你是短视频字幕与画面细节处理专家。请把指定台词细化为字模显示参数。


## 完整段落上下文（仅供理解整体语境，判断当前句子的重要性）
天天喊遥遥领先的车，为什么从来不敢把车开上公开的考场？

先说纽北赛。
纽北北环，全长20.8公里，83个弯道，落差300米。

全球车企把这里当照妖镜。
小米SU7 Ultra量产版，7分04秒957。2025年4月纽北官方认证，刷新纪录，成为新的纽北最速量产电动车。原型车同场更是刷出6分22秒091，纽北历史总榜全球前三。

这不是营销数字。公证员在场，德国技术监督协会检测，纽北官网公示，完全独立的三方认证。
界车既然遥遥领先，为什么不来跑一跑？让大家见识见识什么叫好车的机械素质？


## 🎯 待处理的目标文案
这不是营销数字。公证员在场，德国技术监督协会检测，纽北官网公示，完全独立的三方认证。

## 目标文案content的数组结构
生成模板参数时，format为content_index的字段依据此数组选择匹配的索引，用于决定相应内容出现在动画中的时机

[
  {
    "index": 0,
    "text": "这不是营销数字。"
  },
  {
    "index": 1,
    "text": "公证员在场，"
  },
  {
    "index": 2,
    "text": "德国技术监督协会检测，"
  },
  {
    "index": 3,
    "text": "纽北官网公示，"
  },
  {
    "index": 4,
    "text": "完全独立的三方认证。"
  }
]


## 选定模板及参数规范

模板名称：COGNITIVE_SHIFT

参数 Schema 说明：

{
  "type": "object",
  "properties": {
    "notText": {
      "type": "string",
      "description": "被否认知（‘不是’后面的内容）的精炼短句，不超过12个字，"
    },
    "butText": {
      "type": "string",
      "description": "真实认知（‘而是’后面的内容）的精炼短句，不超过12个字"
    },
    "butSrc": {
      "type": "string",
      "format": "image_prompt",
      "description": "真实认知的配图"
    },
    "notContentIndex": {
      "type": "integer",
      "format": "content_index",
      "description": "触发「不是」动画的字幕段索引（默认 0）"
    },
    "butContentIndex": {
      "type": "integer",
      "format": "content_index",
      "description": "触发「而是」动画的字幕段索引（默认 1）"
    }
  },
  "required": [
    "notText",
    "butText"
  ]
}


模板该项的示例供参考：

{
  "template": "COGNITIVE_SHIFT",
  "content": [
    "我们都不应该靠勤奋拼命",
    "我们都应该是靠认知和选择",
    "这样我才能成功"
  ],
  "param": {
    "notText": "靠勤奋拼命",
    "butText": "靠认知和选择",
    "butSrc": "站在高处看地图的思考者",
    "notContentIndex": 0,
    "butContentIndex": 1
  }
}


注意：如果该模板生成的参数包含图片视觉描述（如 imageSrc / leftSrc / rightSrc 等等），请只描述纯视觉场景与动作，绝不要包含任何文字、标语或注音。


## 其他通用说明
1. 锚点（Anchor）— 克制与高价值（适用于 SCHEMA 或上文允许出现锚点/高亮时）：
   - 多数句子应**无锚点**；拿不准就留空或 `[]`，避免满屏高亮。
   - 如果一定需要锚点，只选**整段里真正的高潮、反转或核心名词**（宜 2～4 字、有记忆点）；平庸词、铺垫句不要做成锚点。
   - 颜色建议：`#EF4444`（警示/反转/负面/结论）、`#000000`（事实/术语/数据）。动画 `anim`：`spring` | `slideUp` | `popIn` | `highlight`。
   - 音效可选(仅写在锚点对象上的 `audioEffect`)：`impact_thud` | `ping` | `woosh`

2. 视觉标题与字幕分离（仅当 SCHEMA 要求 `notText` / `butText` / `conceptName`、或 DOS_AND_DONTS 的 `left.label` / `right.label` 等时）：

   - 填**极简关键词（约 2～6 字）**，禁止把整句台词搬进标题字段。



## 输出格式（严格 JSON，不要 markdown 代码块）
补全当前模板的param,非数组：
{ "param": { ... } }

===========================================================================================
---------------------------------------- RESPONSE ----------------------------------------
time: 2026-06-20 12:47:47
attempt: 1/3

[OUTPUT]
{
  "param": {
    "notText": "营销数字",
    "butText": "独立三方认证",
    "butSrc": "公证员手持公证书，德国检测仪器绿灯闪烁，纽北官网页面展示，官方印章盖下",
    "notContentIndex": 0,
    "butContentIndex": 4
  }
}
-------------------------------------------------------------------------------------------

======================================== REQUEST ========================================
time: 2026-06-20 12:47:47
provider: deepseek
model: deepseek-v4-pro
retries: 3

[PROMPT]
你是短视频字幕与画面细节处理专家。请把指定台词细化为字模显示参数。


## 完整段落上下文（仅供理解整体语境，判断当前句子的重要性）
天天喊遥遥领先的车，为什么从来不敢把车开上公开的考场？

先说纽北赛。
纽北北环，全长20.8公里，83个弯道，落差300米。

全球车企把这里当照妖镜。
小米SU7 Ultra量产版，7分04秒957。2025年4月纽北官方认证，刷新纪录，成为新的纽北最速量产电动车。原型车同场更是刷出6分22秒091，纽北历史总榜全球前三。

这不是营销数字。公证员在场，德国技术监督协会检测，纽北官网公示，完全独立的三方认证。
界车既然遥遥领先，为什么不来跑一跑？让大家见识见识什么叫好车的机械素质？


## 🎯 待处理的目标文案
界车既然遥遥领先，为什么不来跑一跑？让大家见识见识什么叫好车的机械素质？

## 目标文案content的数组结构
生成模板参数时，format为content_index的字段依据此数组选择匹配的索引，用于决定相应内容出现在动画中的时机

[
  {
    "index": 0,
    "text": "界车既然遥遥领先，"
  },
  {
    "index": 1,
    "text": "为什么不来跑一跑？"
  },
  {
    "index": 2,
    "text": "让大家见识见识什么叫好车的机械素质？"
  }
]


## 选定模板及参数规范

模板名称：TEXT_FOCUS

参数 Schema 说明：

{
  "type": "object",
  "properties": {
    "coreSentence": {
      "type": "array",
      "minItems": 1,
      "description": "大屏核心文案，每元素一行：可为 string，或 { text, showFrom, endFrom? }；showFrom/endFrom 为 content 下标（0-based），非帧数：在该条 startFrame 显现；可选 endFrom 表示在该条播完（startFrame+durationFrames）后起淡出。纯 string 等价于 showFrom=0、无 endFrom。锚点校验时各段 text 按顺序直接拼接（无分隔符）。",
      "items": {
        "oneOf": [
          {
            "type": "string"
          },
          {
            "type": "object",
            "required": [
              "text",
              "showFrom"
            ],
            "properties": {
              "text": {
                "type": "string",
                "description": "该行大屏文案"
              },
              "showFrom": {
                "type": "integer",
                "format": "content_index",
                "description": "content 下标（0-based），非帧数"
              },
              "endFrom": {
                "type": "integer",
                "format": "content_index",
                "description": "可选；content 下标（0-based），非帧数；该行在对应条字幕结束帧（startFrame+durationFrames）起淡出"
              }
            }
          }
        ]
      }
    },
    "coreSentenceAnchors": {
      "type": "array",
      "description": "可选；在 coreSentence 各段拼接后的全文内按顺序高亮子串。每项 coreSentenceAnchor 须为该拼接串的子串，否则会被校验丢弃",
      "items": {
        "type": "object",
        "required": [
          "coreSentenceAnchor"
        ],
        "properties": {
          "coreSentenceAnchor": {
            "type": "string",
            "description": "要高亮的子串，须出现在各 coreSentence 段拼接后的全文内"
          },
          "color": {
            "type": "string",
            "description": "高亮颜色，省略时默认强调色"
          }
        }
      }
    }
  },
  "required": [
    "coreSentence"
  ]
}

// 口播条数（已由程序写入 CONTENT_STR，勿在 param 中输出 content）：口播分句至多 3 条（超出会被校验器告警）


模板该项的示例供参考：

{
  "template": "TEXT_FOCUS",
  "param": {
    "coreSentence": [
      {
        "text": "承认自己“可能错了”并不是一种软弱",
        "showFrom": 0,
        "endFrom": 0
      },
      {
        "text": "而是成长的开始",
        "showFrom": 1,
        "endFrom": 1
      }
    ],
    "coreSentenceAnchors": [
      {
        "coreSentenceAnchor": "可能错了",
        "color": "red"
      }
    ]
  }
}


注意：如果该模板生成的参数包含图片视觉描述（如 imageSrc / leftSrc / rightSrc 等等），请只描述纯视觉场景与动作，绝不要包含任何文字、标语或注音。


## 其他通用说明
1. 锚点（Anchor）— 克制与高价值（适用于 SCHEMA 或上文允许出现锚点/高亮时）：
   - 多数句子应**无锚点**；拿不准就留空或 `[]`，避免满屏高亮。
   - 如果一定需要锚点，只选**整段里真正的高潮、反转或核心名词**（宜 2～4 字、有记忆点）；平庸词、铺垫句不要做成锚点。
   - 颜色建议：`#EF4444`（警示/反转/负面/结论）、`#000000`（事实/术语/数据）。动画 `anim`：`spring` | `slideUp` | `popIn` | `highlight`。
   - 音效可选(仅写在锚点对象上的 `audioEffect`)：`impact_thud` | `ping` | `woosh`

2. 视觉标题与字幕分离（仅当 SCHEMA 要求 `notText` / `butText` / `conceptName`、或 DOS_AND_DONTS 的 `left.label` / `right.label` 等时）：

   - 填**极简关键词（约 2～6 字）**，禁止把整句台词搬进标题字段。



## 输出格式（严格 JSON，不要 markdown 代码块）
补全当前模板的param,非数组：
{ "param": { ... } }

===========================================================================================
---------------------------------------- RESPONSE ----------------------------------------
time: 2026-06-20 12:47:55
attempt: 1/3

[OUTPUT]
{
  "param": {
    "coreSentence": [
      {
        "text": "界车既然遥遥领先，为什么不来跑一跑？",
        "showFrom": 0,
        "endFrom": 1
      },
      {
        "text": "让大家见识见识什么叫好车的机械素质？",
        "showFrom": 2
      }
    ],
    "coreSentenceAnchors": [
      {
        "coreSentenceAnchor": "遥遥领先",
        "color": "#EF4444"
      }
    ]
  }
}
-------------------------------------------------------------------------------------------

======================================== REQUEST ========================================
time: 2026-06-20 12:47:55
provider: deepseek
model: deepseek-v4-pro
retries: 3

[PROMPT]
你是短视频字幕与画面细节处理专家。请把指定台词细化为字模显示参数。


## 完整段落上下文（仅供理解整体语境，判断当前句子的重要性）
再说耐力赛。

这里考的是三电系统。电池热管理，电机效率，电控策略。连续高强度跑24小时，你必须精准控制每一度电、每一度温度。

小米SU7，珠海耐力赛，24小时，2000多公里，电池温度始终压在合理区间。车没趴窝，电池没起火。体现了优秀的三电控制能力。
界车既然遥遥领先，为什么不来跑一跑？让大家见识见识什么叫优秀的三电调教？


## 🎯 待处理的目标文案
再说耐力赛。这里考的是三电系统。

## 目标文案content的数组结构
生成模板参数时，format为content_index的字段依据此数组选择匹配的索引，用于决定相应内容出现在动画中的时机

[
  {
    "index": 0,
    "text": "再说耐力赛。"
  },
  {
    "index": 1,
    "text": "这里考的是三电系统。"
  }
]


## 选定模板及参数规范

模板名称：CENTER_FOCUS

参数 Schema 说明：

{
  "type": "object",
  "properties": {
    "imageSrc": {
      "type": "string",
      "format": "image_prompt",
      "description": "主图描述"
    },
    "enterEffect": {
      "type": "string",
      "enum": [
        "fadeIn",
        "slideLeft",
        "slideBottom",
        "zoomIn"
      ],
      "default": "fadeIn",
      "description": "图片入场方式（breathe 呼吸效果始终常驻，无需指定）"
    },
    "anchors": {
      "type": "array",
      "description": "可选；用于锚点词展示（顶部依次出现并保留为列表），并绑定锚点出现时机的音效。showFrom 须落在当前 content 条数范围内。注意 **保持克制，尽量少设置锚点** 只提取整段里真正的高潮、反转或核心名词",
      "items": {
        "type": "object",
        "required": [
          "text",
          "showFrom"
        ],
        "properties": {
          "text": {
            "type": "string",
            "description": "要展示的锚点词"
          },
          "showFrom": {
            "type": "integer",
            "format": "content_index",
            "description": "content 数组下标（0-based），非帧数；合法范围 0～(content 条数-1)，超出会被校验丢弃"
          },
          "color": {
            "type": "string"
          },
          "anim": {
            "type": "string",
            "enum": [
              "spring",
              "slideUp",
              "popIn",
              "highlight"
            ]
          },
          "audioEffect": {
            "type": "string",
            "enum": [
              "impact_thud",
              "ping",
              "woosh"
            ]
          }
        }
      }
    }
  },
  "required": [
    "imageSrc"
  ]
}


模板该项的示例供参考：

{
  "template": "CENTER_FOCUS",
  "param": {
    "imageSrc": "上班族坐在电脑前的简笔画图标",
    "enterEffect": "fadeIn",
    "anchors": [
      {
        "text": "可得性启发",
        "showFrom": 0,
        "color": "red"
      }
    ]
  }
}


注意：如果该模板生成的参数包含图片视觉描述（如 imageSrc / leftSrc / rightSrc 等等），请只描述纯视觉场景与动作，绝不要包含任何文字、标语或注音。


## 其他通用说明
1. 锚点（Anchor）— 克制与高价值（适用于 SCHEMA 或上文允许出现锚点/高亮时）：
   - 多数句子应**无锚点**；拿不准就留空或 `[]`，避免满屏高亮。
   - 如果一定需要锚点，只选**整段里真正的高潮、反转或核心名词**（宜 2～4 字、有记忆点）；平庸词、铺垫句不要做成锚点。
   - 颜色建议：`#EF4444`（警示/反转/负面/结论）、`#000000`（事实/术语/数据）。动画 `anim`：`spring` | `slideUp` | `popIn` | `highlight`。
   - 音效可选(仅写在锚点对象上的 `audioEffect`)：`impact_thud` | `ping` | `woosh`

2. 视觉标题与字幕分离（仅当 SCHEMA 要求 `notText` / `butText` / `conceptName`、或 DOS_AND_DONTS 的 `left.label` / `right.label` 等时）：

   - 填**极简关键词（约 2～6 字）**，禁止把整句台词搬进标题字段。



## 输出格式（严格 JSON，不要 markdown 代码块）
补全当前模板的param,非数组：
{ "param": { ... } }

===========================================================================================
---------------------------------------- RESPONSE ----------------------------------------
time: 2026-06-20 12:48:01
attempt: 1/3

[OUTPUT]
{
  "param": {
    "imageSrc": "一辆电动赛车在耐力赛赛道上高速行驶，车身散发蓝色能量流光，电池与电机特写画面切换，科技感动态效果",
    "enterEffect": "fadeIn",
    "anchors": [
      {
        "text": "三电系统",
        "showFrom": 1,
        "color": "#000000",
        "anim": "spring",
        "audioEffect": "ping"
      }
    ]
  }
}
-------------------------------------------------------------------------------------------

======================================== REQUEST ========================================
time: 2026-06-20 12:48:01
provider: deepseek
model: deepseek-v4-pro
retries: 3

[PROMPT]
你是短视频字幕与画面细节处理专家。请把指定台词细化为字模显示参数。


## 完整段落上下文（仅供理解整体语境，判断当前句子的重要性）
再说耐力赛。

这里考的是三电系统。电池热管理，电机效率，电控策略。连续高强度跑24小时，你必须精准控制每一度电、每一度温度。

小米SU7，珠海耐力赛，24小时，2000多公里，电池温度始终压在合理区间。车没趴窝，电池没起火。体现了优秀的三电控制能力。
界车既然遥遥领先，为什么不来跑一跑？让大家见识见识什么叫优秀的三电调教？


## 🎯 待处理的目标文案
电池热管理，电机效率，电控策略。

## 目标文案content的数组结构
生成模板参数时，format为content_index的字段依据此数组选择匹配的索引，用于决定相应内容出现在动画中的时机

[
  {
    "index": 0,
    "text": "电池热管理，"
  },
  {
    "index": 1,
    "text": "电机效率，"
  },
  {
    "index": 2,
    "text": "电控策略。"
  }
]


## 选定模板及参数规范

模板名称：PANEL_GRID

参数 Schema 说明：

{
  "type": "object",
  "properties": {
    "panels": {
      "type": "array",
      "minItems": 2,
      "maxItems": 6,
      "description": "宫格配图；showFrom 为 content 下标（0-based），在该条 startFrame 显现",
      "items": {
        "type": "object",
        "required": [
          "src",
          "showFrom"
        ],
        "properties": {
          "src": {
            "type": "string",
            "format": "image_prompt",
            "description": "该宫格配图提示词"
          },
          "showFrom": {
            "type": "integer",
            "format": "content_index",
            "description": "content 下标（0-based），非帧数"
          },
          "position": {
            "type": "string",
            "enum": [
              "center",
              "left",
              "right",
              "top",
              "bottom"
            ],
            "description": "可选；弱提示，布局以宫格为准"
          },
          "enterEffect": {
            "type": "string",
            "enum": [
              "breathe",
              "slideLeft",
              "slideBottom",
              "zoomIn",
              "fadeIn"
            ],
            "default": "fadeIn"
          }
        }
      }
    }
  },
  "required": [
    "panels"
  ]
}

// 口播条数（已由程序写入 CONTENT_STR，勿在 param 中输出 content）：口播分句（item.content）至少 2 条；口播分句至多 8 条（超出会被校验器告警）


模板该项的示例供参考：

{
  "template": "PANEL_GRID",
  "param": {
    "panels": [
      {
        "src": "问号堵住去路的简笔画",
        "showFrom": 0,
        "enterEffect": "zoomIn"
      },
      {
        "src": "放大镜只看一角的简笔画",
        "showFrom": 1
      },
      {
        "src": "两人各执一词的简笔画",
        "showFrom": 2
      }
    ]
  }
}


注意：如果该模板生成的参数包含图片视觉描述（如 imageSrc / leftSrc / rightSrc 等等），请只描述纯视觉场景与动作，绝不要包含任何文字、标语或注音。


## 其他通用说明
1. 锚点（Anchor）— 克制与高价值（适用于 SCHEMA 或上文允许出现锚点/高亮时）：
   - 多数句子应**无锚点**；拿不准就留空或 `[]`，避免满屏高亮。
   - 如果一定需要锚点，只选**整段里真正的高潮、反转或核心名词**（宜 2～4 字、有记忆点）；平庸词、铺垫句不要做成锚点。
   - 颜色建议：`#EF4444`（警示/反转/负面/结论）、`#000000`（事实/术语/数据）。动画 `anim`：`spring` | `slideUp` | `popIn` | `highlight`。
   - 音效可选(仅写在锚点对象上的 `audioEffect`)：`impact_thud` | `ping` | `woosh`

2. 视觉标题与字幕分离（仅当 SCHEMA 要求 `notText` / `butText` / `conceptName`、或 DOS_AND_DONTS 的 `left.label` / `right.label` 等时）：

   - 填**极简关键词（约 2～6 字）**，禁止把整句台词搬进标题字段。



## 输出格式（严格 JSON，不要 markdown 代码块）
补全当前模板的param,非数组：
{ "param": { ... } }

===========================================================================================
---------------------------------------- RESPONSE ----------------------------------------
time: 2026-06-20 12:48:05
attempt: 1/3

[OUTPUT]
{
  "param": {
    "panels": [
      {
        "src": "电池图标，周围环绕热浪波纹，内部有温度计指示的简笔画",
        "showFrom": 0,
        "enterEffect": "fadeIn"
      },
      {
        "src": "电机剖面图，铜线圈和转子，周围有能量流动线条的简笔画",
        "showFrom": 1,
        "enterEffect": "fadeIn"
      },
      {
        "src": "电路板上的芯片，传出信号波纹，连接电池和电机的线路简笔画",
        "showFrom": 2,
        "enterEffect": "fadeIn"
      }
    ]
  }
}
-------------------------------------------------------------------------------------------

======================================== REQUEST ========================================
time: 2026-06-20 12:48:05
provider: deepseek
model: deepseek-v4-pro
retries: 3

[PROMPT]
你是短视频字幕与画面细节处理专家。请把指定台词细化为字模显示参数。


## 完整段落上下文（仅供理解整体语境，判断当前句子的重要性）
再说耐力赛。

这里考的是三电系统。电池热管理，电机效率，电控策略。连续高强度跑24小时，你必须精准控制每一度电、每一度温度。

小米SU7，珠海耐力赛，24小时，2000多公里，电池温度始终压在合理区间。车没趴窝，电池没起火。体现了优秀的三电控制能力。
界车既然遥遥领先，为什么不来跑一跑？让大家见识见识什么叫优秀的三电调教？


## 🎯 待处理的目标文案
连续高强度跑24小时，你必须精准控制每一度电、每一度温度。

## 目标文案content的数组结构
生成模板参数时，format为content_index的字段依据此数组选择匹配的索引，用于决定相应内容出现在动画中的时机

[
  {
    "index": 0,
    "text": "连续高强度跑24小时，"
  },
  {
    "index": 1,
    "text": "你必须精准控制每一度电、"
  },
  {
    "index": 2,
    "text": "每一度温度。"
  }
]


## 选定模板及参数规范

模板名称：CENTER_FOCUS

参数 Schema 说明：

{
  "type": "object",
  "properties": {
    "imageSrc": {
      "type": "string",
      "format": "image_prompt",
      "description": "主图描述"
    },
    "enterEffect": {
      "type": "string",
      "enum": [
        "fadeIn",
        "slideLeft",
        "slideBottom",
        "zoomIn"
      ],
      "default": "fadeIn",
      "description": "图片入场方式（breathe 呼吸效果始终常驻，无需指定）"
    },
    "anchors": {
      "type": "array",
      "description": "可选；用于锚点词展示（顶部依次出现并保留为列表），并绑定锚点出现时机的音效。showFrom 须落在当前 content 条数范围内。注意 **保持克制，尽量少设置锚点** 只提取整段里真正的高潮、反转或核心名词",
      "items": {
        "type": "object",
        "required": [
          "text",
          "showFrom"
        ],
        "properties": {
          "text": {
            "type": "string",
            "description": "要展示的锚点词"
          },
          "showFrom": {
            "type": "integer",
            "format": "content_index",
            "description": "content 数组下标（0-based），非帧数；合法范围 0～(content 条数-1)，超出会被校验丢弃"
          },
          "color": {
            "type": "string"
          },
          "anim": {
            "type": "string",
            "enum": [
              "spring",
              "slideUp",
              "popIn",
              "highlight"
            ]
          },
          "audioEffect": {
            "type": "string",
            "enum": [
              "impact_thud",
              "ping",
              "woosh"
            ]
          }
        }
      }
    }
  },
  "required": [
    "imageSrc"
  ]
}


模板该项的示例供参考：

{
  "template": "CENTER_FOCUS",
  "param": {
    "imageSrc": "上班族坐在电脑前的简笔画图标",
    "enterEffect": "fadeIn",
    "anchors": [
      {
        "text": "可得性启发",
        "showFrom": 0,
        "color": "red"
      }
    ]
  }
}


注意：如果该模板生成的参数包含图片视觉描述（如 imageSrc / leftSrc / rightSrc 等等），请只描述纯视觉场景与动作，绝不要包含任何文字、标语或注音。


## 其他通用说明
1. 锚点（Anchor）— 克制与高价值（适用于 SCHEMA 或上文允许出现锚点/高亮时）：
   - 多数句子应**无锚点**；拿不准就留空或 `[]`，避免满屏高亮。
   - 如果一定需要锚点，只选**整段里真正的高潮、反转或核心名词**（宜 2～4 字、有记忆点）；平庸词、铺垫句不要做成锚点。
   - 颜色建议：`#EF4444`（警示/反转/负面/结论）、`#000000`（事实/术语/数据）。动画 `anim`：`spring` | `slideUp` | `popIn` | `highlight`。
   - 音效可选(仅写在锚点对象上的 `audioEffect`)：`impact_thud` | `ping` | `woosh`

2. 视觉标题与字幕分离（仅当 SCHEMA 要求 `notText` / `butText` / `conceptName`、或 DOS_AND_DONTS 的 `left.label` / `right.label` 等时）：

   - 填**极简关键词（约 2～6 字）**，禁止把整句台词搬进标题字段。



## 输出格式（严格 JSON，不要 markdown 代码块）
补全当前模板的param,非数组：
{ "param": { ... } }

===========================================================================================
---------------------------------------- RESPONSE ----------------------------------------
time: 2026-06-20 12:48:15
attempt: 1/3

[OUTPUT]
{ "param": { "imageSrc": "一辆赛车在夜间赛道上飞驰，周围有热力学能量流动的光效", "enterEffect": "fadeIn", "anchors": [] } }
-------------------------------------------------------------------------------------------

======================================== REQUEST ========================================
time: 2026-06-20 12:48:15
provider: deepseek
model: deepseek-v4-pro
retries: 3

[PROMPT]
你是短视频字幕与画面细节处理专家。请把指定台词细化为字模显示参数。


## 完整段落上下文（仅供理解整体语境，判断当前句子的重要性）
再说耐力赛。

这里考的是三电系统。电池热管理，电机效率，电控策略。连续高强度跑24小时，你必须精准控制每一度电、每一度温度。

小米SU7，珠海耐力赛，24小时，2000多公里，电池温度始终压在合理区间。车没趴窝，电池没起火。体现了优秀的三电控制能力。
界车既然遥遥领先，为什么不来跑一跑？让大家见识见识什么叫优秀的三电调教？


## 🎯 待处理的目标文案
小米SU7，珠海耐力赛，24小时，2000多公里，电池温度始终压在合理区间。车没趴窝，电池没起火。体现了优秀的三电控制能力。

## 目标文案content的数组结构
生成模板参数时，format为content_index的字段依据此数组选择匹配的索引，用于决定相应内容出现在动画中的时机

[
  {
    "index": 0,
    "text": "小米SU7，"
  },
  {
    "index": 1,
    "text": "珠海耐力赛，"
  },
  {
    "index": 2,
    "text": "24小时，"
  },
  {
    "index": 3,
    "text": "2000多公里，"
  },
  {
    "index": 4,
    "text": "电池温度始终压在合理区间。"
  },
  {
    "index": 5,
    "text": "车没趴窝，"
  },
  {
    "index": 6,
    "text": "电池没起火。"
  },
  {
    "index": 7,
    "text": "体现了优秀的三电控制能力。"
  }
]


## 选定模板及参数规范

模板名称：BEAT_SEQUENCE

参数 Schema 说明：

{
  "type": "object",
  "properties": {
    "stages": {
      "type": "array",
      "minItems": 2,
      "maxItems": 4,
      "description": "配图序列：每条 stage 一张图；imageSrc、enterEffect、可选 tone（calm|alert）、可选 showFrom（对齐镜头外层 content[] 下标）",
      "items": {
        "type": "object",
        "required": [
          "imageSrc"
        ],
        "properties": {
          "imageSrc": {
            "type": "string",
            "format": "image_prompt",
            "description": "该节拍配图提示词"
          },
          "enterEffect": {
            "type": "string",
            "enum": [
              "breathe",
              "slideLeft",
              "slideBottom",
              "zoomIn",
              "fadeIn"
            ],
            "default": "breathe",
            "description": "入场效果"
          },
          "tone": {
            "type": "string",
            "enum": [
              "calm",
              "alert"
            ],
            "description": "首条可 calm，其余默认可 alert"
          },
          "showFrom": {
            "type": "content_index",
            "minimum": 0,
            "description": "镜头 item 外层 content 数组（与 param 同级）的 0-based 下标；从该条 startFrame 起显示本图。省略则等于当前 stages 下标 i（与第 i 条口播同步）"
          }
        }
      }
    }
  },
  "required": [
    "stages"
  ]
}

// 口播条数（已由程序写入 CONTENT_STR，勿在 param 中输出 content）：口播分句（item.content）至少 2 条；口播分句至多 4 条（超出会被校验器告警）


模板该项的示例供参考：

{
  "template": "BEAT_SEQUENCE",
  "param": {
    "stages": [
      {
        "imageSrc": "问句配图简笔画",
        "enterEffect": "breathe"
      },
      {
        "imageSrc": "转折警示配图",
        "enterEffect": "slideBottom"
      },
      {
        "imageSrc": "结论冲击配图",
        "enterEffect": "slideBottom"
      }
    ]
  }
}


注意：如果该模板生成的参数包含图片视觉描述（如 imageSrc / leftSrc / rightSrc 等等），请只描述纯视觉场景与动作，绝不要包含任何文字、标语或注音。


## 其他通用说明
1. 锚点（Anchor）— 克制与高价值（适用于 SCHEMA 或上文允许出现锚点/高亮时）：
   - 多数句子应**无锚点**；拿不准就留空或 `[]`，避免满屏高亮。
   - 如果一定需要锚点，只选**整段里真正的高潮、反转或核心名词**（宜 2～4 字、有记忆点）；平庸词、铺垫句不要做成锚点。
   - 颜色建议：`#EF4444`（警示/反转/负面/结论）、`#000000`（事实/术语/数据）。动画 `anim`：`spring` | `slideUp` | `popIn` | `highlight`。
   - 音效可选(仅写在锚点对象上的 `audioEffect`)：`impact_thud` | `ping` | `woosh`

2. 视觉标题与字幕分离（仅当 SCHEMA 要求 `notText` / `butText` / `conceptName`、或 DOS_AND_DONTS 的 `left.label` / `right.label` 等时）：

   - 填**极简关键词（约 2～6 字）**，禁止把整句台词搬进标题字段。



## 输出格式（严格 JSON，不要 markdown 代码块）
补全当前模板的param,非数组：
{ "param": { ... } }

===========================================================================================
---------------------------------------- RESPONSE ----------------------------------------
time: 2026-06-20 12:48:34
attempt: 1/3

[OUTPUT]
{
  "param": {
    "stages": [
      {
        "imageSrc": "小米SU7赛车在珠海耐力赛赛道上疾驰，赛道旁有计时器和标志，动态模糊效果",
        "enterEffect": "breathe",
        "tone": "calm",
        "showFrom": 0
      },
      {
        "imageSrc": "电池温度仪表盘特写，指针稳定在绿色安全区域，背景虚化显示赛车未停歇，无火焰",
        "enterEffect": "slideBottom",
        "tone": "alert",
        "showFrom": 4
      },
      {
        "imageSrc": "三电系统能量流动示意图，电路板、电机、电池组三维渲染，能量传递顺畅",
        "enterEffect": "breathe",
        "tone": "calm",
        "showFrom": 7
      }
    ]
  }
}
-------------------------------------------------------------------------------------------

======================================== REQUEST ========================================
time: 2026-06-20 12:48:34
provider: deepseek
model: deepseek-v4-pro
retries: 3

[PROMPT]
你是短视频字幕与画面细节处理专家。请把指定台词细化为字模显示参数。


## 完整段落上下文（仅供理解整体语境，判断当前句子的重要性）
再说耐力赛。

这里考的是三电系统。电池热管理，电机效率，电控策略。连续高强度跑24小时，你必须精准控制每一度电、每一度温度。

小米SU7，珠海耐力赛，24小时，2000多公里，电池温度始终压在合理区间。车没趴窝，电池没起火。体现了优秀的三电控制能力。
界车既然遥遥领先，为什么不来跑一跑？让大家见识见识什么叫优秀的三电调教？


## 🎯 待处理的目标文案
界车既然遥遥领先，为什么不来跑一跑？让大家见识见识什么叫优秀的三电调教？

## 目标文案content的数组结构
生成模板参数时，format为content_index的字段依据此数组选择匹配的索引，用于决定相应内容出现在动画中的时机

[
  {
    "index": 0,
    "text": "界车既然遥遥领先，"
  },
  {
    "index": 1,
    "text": "为什么不来跑一跑？"
  },
  {
    "index": 2,
    "text": "让大家见识见识什么叫优秀的三电调教？"
  }
]


## 选定模板及参数规范

模板名称：TEXT_FOCUS

参数 Schema 说明：

{
  "type": "object",
  "properties": {
    "coreSentence": {
      "type": "array",
      "minItems": 1,
      "description": "大屏核心文案，每元素一行：可为 string，或 { text, showFrom, endFrom? }；showFrom/endFrom 为 content 下标（0-based），非帧数：在该条 startFrame 显现；可选 endFrom 表示在该条播完（startFrame+durationFrames）后起淡出。纯 string 等价于 showFrom=0、无 endFrom。锚点校验时各段 text 按顺序直接拼接（无分隔符）。",
      "items": {
        "oneOf": [
          {
            "type": "string"
          },
          {
            "type": "object",
            "required": [
              "text",
              "showFrom"
            ],
            "properties": {
              "text": {
                "type": "string",
                "description": "该行大屏文案"
              },
              "showFrom": {
                "type": "integer",
                "format": "content_index",
                "description": "content 下标（0-based），非帧数"
              },
              "endFrom": {
                "type": "integer",
                "format": "content_index",
                "description": "可选；content 下标（0-based），非帧数；该行在对应条字幕结束帧（startFrame+durationFrames）起淡出"
              }
            }
          }
        ]
      }
    },
    "coreSentenceAnchors": {
      "type": "array",
      "description": "可选；在 coreSentence 各段拼接后的全文内按顺序高亮子串。每项 coreSentenceAnchor 须为该拼接串的子串，否则会被校验丢弃",
      "items": {
        "type": "object",
        "required": [
          "coreSentenceAnchor"
        ],
        "properties": {
          "coreSentenceAnchor": {
            "type": "string",
            "description": "要高亮的子串，须出现在各 coreSentence 段拼接后的全文内"
          },
          "color": {
            "type": "string",
            "description": "高亮颜色，省略时默认强调色"
          }
        }
      }
    }
  },
  "required": [
    "coreSentence"
  ]
}

// 口播条数（已由程序写入 CONTENT_STR，勿在 param 中输出 content）：口播分句至多 3 条（超出会被校验器告警）


模板该项的示例供参考：

{
  "template": "TEXT_FOCUS",
  "param": {
    "coreSentence": [
      {
        "text": "承认自己“可能错了”并不是一种软弱",
        "showFrom": 0,
        "endFrom": 0
      },
      {
        "text": "而是成长的开始",
        "showFrom": 1,
        "endFrom": 1
      }
    ],
    "coreSentenceAnchors": [
      {
        "coreSentenceAnchor": "可能错了",
        "color": "red"
      }
    ]
  }
}


注意：如果该模板生成的参数包含图片视觉描述（如 imageSrc / leftSrc / rightSrc 等等），请只描述纯视觉场景与动作，绝不要包含任何文字、标语或注音。


## 其他通用说明
1. 锚点（Anchor）— 克制与高价值（适用于 SCHEMA 或上文允许出现锚点/高亮时）：
   - 多数句子应**无锚点**；拿不准就留空或 `[]`，避免满屏高亮。
   - 如果一定需要锚点，只选**整段里真正的高潮、反转或核心名词**（宜 2～4 字、有记忆点）；平庸词、铺垫句不要做成锚点。
   - 颜色建议：`#EF4444`（警示/反转/负面/结论）、`#000000`（事实/术语/数据）。动画 `anim`：`spring` | `slideUp` | `popIn` | `highlight`。
   - 音效可选(仅写在锚点对象上的 `audioEffect`)：`impact_thud` | `ping` | `woosh`

2. 视觉标题与字幕分离（仅当 SCHEMA 要求 `notText` / `butText` / `conceptName`、或 DOS_AND_DONTS 的 `left.label` / `right.label` 等时）：

   - 填**极简关键词（约 2～6 字）**，禁止把整句台词搬进标题字段。



## 输出格式（严格 JSON，不要 markdown 代码块）
补全当前模板的param,非数组：
{ "param": { ... } }

===========================================================================================
---------------------------------------- RESPONSE ----------------------------------------
time: 2026-06-20 12:48:46
attempt: 1/3

[OUTPUT]
{ "param": { "coreSentence": [ { "text": "界车既然遥遥领先，为什么不来跑一跑？", "showFrom": 0, "endFrom": 1 }, { "text": "让大家见识见识什么叫优秀的三电调教？", "showFrom": 2 } ] } }
-------------------------------------------------------------------------------------------

======================================== REQUEST ========================================
time: 2026-06-20 12:48:46
provider: deepseek
model: deepseek-v4-pro
retries: 3

[PROMPT]
你是短视频字幕与画面细节处理专家。请把指定台词细化为字模显示参数。


## 完整段落上下文（仅供理解整体语境，判断当前句子的重要性）
有人说，赛车什么的，不代表日常用车。

这话没错。但问题来了。极限状态下的车也能有良好的性能，日常用车难道不会有更好的表现？

有人说，赛车什么的，是在变相鼓励超速行驶，更容易出事故。

这就像在说，菜刀不能宣传锋利，因为可能会被用来砍人一样。刀怎么用不是取决于人吗？

跑赛车是为了证明，这车在最难的条件下，依然能做到该刹住时刹得住，该稳住时稳得住。


## 🎯 待处理的目标文案
有人说，赛车什么的，不代表日常用车。

## 目标文案content的数组结构
生成模板参数时，format为content_index的字段依据此数组选择匹配的索引，用于决定相应内容出现在动画中的时机

[
  {
    "index": 0,
    "text": "有人说，"
  },
  {
    "index": 1,
    "text": "赛车什么的，"
  },
  {
    "index": 2,
    "text": "不代表日常用车。"
  }
]


## 选定模板及参数规范

模板名称：QUOTE_CITATION

参数 Schema 说明：

{
  "type": "object",
  "properties": {
    "quoteSource": {
      "type": "string",
      "description": "引言来源"
    },
    "quoteDisplayText": {
      "type": "string",
      "description": "版心引用正文（打字机效果）；不传则使用 content 拼接结果"
    },
    "showFrom": {
      "type": "integer",
      "description": "content 下标（0-based）。仅打字正文从该条 startFrame 起再入场；开引号与 quoteSource 仍从 item 起点出现。未传 quoteDisplayText 时正文从该条起拼接"
    }
  },
  "required": [
    "quoteSource"
  ]
}


模板该项的示例供参考：

{
  "template": "QUOTE_CITATION",
  "param": {
    "quoteDisplayText": "我思故我在",
    "quoteSource": "《思考，快与慢》"
  }
}


注意：如果该模板生成的参数包含图片视觉描述（如 imageSrc / leftSrc / rightSrc 等等），请只描述纯视觉场景与动作，绝不要包含任何文字、标语或注音。


## 其他通用说明
1. 锚点（Anchor）— 克制与高价值（适用于 SCHEMA 或上文允许出现锚点/高亮时）：
   - 多数句子应**无锚点**；拿不准就留空或 `[]`，避免满屏高亮。
   - 如果一定需要锚点，只选**整段里真正的高潮、反转或核心名词**（宜 2～4 字、有记忆点）；平庸词、铺垫句不要做成锚点。
   - 颜色建议：`#EF4444`（警示/反转/负面/结论）、`#000000`（事实/术语/数据）。动画 `anim`：`spring` | `slideUp` | `popIn` | `highlight`。
   - 音效可选(仅写在锚点对象上的 `audioEffect`)：`impact_thud` | `ping` | `woosh`

2. 视觉标题与字幕分离（仅当 SCHEMA 要求 `notText` / `butText` / `conceptName`、或 DOS_AND_DONTS 的 `left.label` / `right.label` 等时）：

   - 填**极简关键词（约 2～6 字）**，禁止把整句台词搬进标题字段。



## 输出格式（严格 JSON，不要 markdown 代码块）
补全当前模板的param,非数组：
{ "param": { ... } }

===========================================================================================
---------------------------------------- RESPONSE ----------------------------------------
time: 2026-06-20 12:48:55
attempt: 1/3

[OUTPUT]
{ "param": { "quoteDisplayText": "有人说，赛车什么的，不代表日常用车。", "quoteSource": "坊间传闻" } }
-------------------------------------------------------------------------------------------

======================================== REQUEST ========================================
time: 2026-06-20 12:48:55
provider: deepseek
model: deepseek-v4-pro
retries: 3

[PROMPT]
你是短视频字幕与画面细节处理专家。请把指定台词细化为字模显示参数。


## 完整段落上下文（仅供理解整体语境，判断当前句子的重要性）
有人说，赛车什么的，不代表日常用车。

这话没错。但问题来了。极限状态下的车也能有良好的性能，日常用车难道不会有更好的表现？

有人说，赛车什么的，是在变相鼓励超速行驶，更容易出事故。

这就像在说，菜刀不能宣传锋利，因为可能会被用来砍人一样。刀怎么用不是取决于人吗？

跑赛车是为了证明，这车在最难的条件下，依然能做到该刹住时刹得住，该稳住时稳得住。


## 🎯 待处理的目标文案
这话没错。但问题来了。极限状态下的车也能有良好的性能，日常用车难道不会有更好的表现？

## 目标文案content的数组结构
生成模板参数时，format为content_index的字段依据此数组选择匹配的索引，用于决定相应内容出现在动画中的时机

[
  {
    "index": 0,
    "text": "这话没错。"
  },
  {
    "index": 1,
    "text": "但问题来了。"
  },
  {
    "index": 2,
    "text": "极限状态下的车也能有良好的性能，"
  },
  {
    "index": 3,
    "text": "日常用车难道不会有更好的表现？"
  }
]


## 选定模板及参数规范

模板名称：COGNITIVE_SHIFT

参数 Schema 说明：

{
  "type": "object",
  "properties": {
    "notText": {
      "type": "string",
      "description": "被否认知（‘不是’后面的内容）的精炼短句，不超过12个字，"
    },
    "butText": {
      "type": "string",
      "description": "真实认知（‘而是’后面的内容）的精炼短句，不超过12个字"
    },
    "butSrc": {
      "type": "string",
      "format": "image_prompt",
      "description": "真实认知的配图"
    },
    "notContentIndex": {
      "type": "integer",
      "format": "content_index",
      "description": "触发「不是」动画的字幕段索引（默认 0）"
    },
    "butContentIndex": {
      "type": "integer",
      "format": "content_index",
      "description": "触发「而是」动画的字幕段索引（默认 1）"
    }
  },
  "required": [
    "notText",
    "butText"
  ]
}


模板该项的示例供参考：

{
  "template": "COGNITIVE_SHIFT",
  "content": [
    "我们都不应该靠勤奋拼命",
    "我们都应该是靠认知和选择",
    "这样我才能成功"
  ],
  "param": {
    "notText": "靠勤奋拼命",
    "butText": "靠认知和选择",
    "butSrc": "站在高处看地图的思考者",
    "notContentIndex": 0,
    "butContentIndex": 1
  }
}


注意：如果该模板生成的参数包含图片视觉描述（如 imageSrc / leftSrc / rightSrc 等等），请只描述纯视觉场景与动作，绝不要包含任何文字、标语或注音。


## 其他通用说明
1. 锚点（Anchor）— 克制与高价值（适用于 SCHEMA 或上文允许出现锚点/高亮时）：
   - 多数句子应**无锚点**；拿不准就留空或 `[]`，避免满屏高亮。
   - 如果一定需要锚点，只选**整段里真正的高潮、反转或核心名词**（宜 2～4 字、有记忆点）；平庸词、铺垫句不要做成锚点。
   - 颜色建议：`#EF4444`（警示/反转/负面/结论）、`#000000`（事实/术语/数据）。动画 `anim`：`spring` | `slideUp` | `popIn` | `highlight`。
   - 音效可选(仅写在锚点对象上的 `audioEffect`)：`impact_thud` | `ping` | `woosh`

2. 视觉标题与字幕分离（仅当 SCHEMA 要求 `notText` / `butText` / `conceptName`、或 DOS_AND_DONTS 的 `left.label` / `right.label` 等时）：

   - 填**极简关键词（约 2～6 字）**，禁止把整句台词搬进标题字段。



## 输出格式（严格 JSON，不要 markdown 代码块）
补全当前模板的param,非数组：
{ "param": { ... } }

===========================================================================================
---------------------------------------- RESPONSE ----------------------------------------
time: 2026-06-20 12:49:15
attempt: 1/3

[OUTPUT]
{
  "param": {
    "notText": "不代表日常",
    "butText": "日常更出色",
    "butSrc": "一辆家用轿车在宽阔公路上平稳行驶，阳光洒落，车内一家人舒适微笑，窗外景色宜人",
    "notContentIndex": 0,
    "butContentIndex": 3
  }
}
-------------------------------------------------------------------------------------------

======================================== REQUEST ========================================
time: 2026-06-20 12:49:15
provider: deepseek
model: deepseek-v4-pro
retries: 3

[PROMPT]
你是短视频字幕与画面细节处理专家。请把指定台词细化为字模显示参数。


## 完整段落上下文（仅供理解整体语境，判断当前句子的重要性）
有人说，赛车什么的，不代表日常用车。

这话没错。但问题来了。极限状态下的车也能有良好的性能，日常用车难道不会有更好的表现？

有人说，赛车什么的，是在变相鼓励超速行驶，更容易出事故。

这就像在说，菜刀不能宣传锋利，因为可能会被用来砍人一样。刀怎么用不是取决于人吗？

跑赛车是为了证明，这车在最难的条件下，依然能做到该刹住时刹得住，该稳住时稳得住。


## 🎯 待处理的目标文案
有人说，赛车什么的，是在变相鼓励超速行驶，更容易出事故。

## 目标文案content的数组结构
生成模板参数时，format为content_index的字段依据此数组选择匹配的索引，用于决定相应内容出现在动画中的时机

[
  {
    "index": 0,
    "text": "有人说，"
  },
  {
    "index": 1,
    "text": "赛车什么的，"
  },
  {
    "index": 2,
    "text": "是在变相鼓励超速行驶，"
  },
  {
    "index": 3,
    "text": "更容易出事故。"
  }
]


## 选定模板及参数规范

模板名称：QUOTE_CITATION

参数 Schema 说明：

{
  "type": "object",
  "properties": {
    "quoteSource": {
      "type": "string",
      "description": "引言来源"
    },
    "quoteDisplayText": {
      "type": "string",
      "description": "版心引用正文（打字机效果）；不传则使用 content 拼接结果"
    },
    "showFrom": {
      "type": "integer",
      "description": "content 下标（0-based）。仅打字正文从该条 startFrame 起再入场；开引号与 quoteSource 仍从 item 起点出现。未传 quoteDisplayText 时正文从该条起拼接"
    }
  },
  "required": [
    "quoteSource"
  ]
}


模板该项的示例供参考：

{
  "template": "QUOTE_CITATION",
  "param": {
    "quoteDisplayText": "我思故我在",
    "quoteSource": "《思考，快与慢》"
  }
}


注意：如果该模板生成的参数包含图片视觉描述（如 imageSrc / leftSrc / rightSrc 等等），请只描述纯视觉场景与动作，绝不要包含任何文字、标语或注音。


## 其他通用说明
1. 锚点（Anchor）— 克制与高价值（适用于 SCHEMA 或上文允许出现锚点/高亮时）：
   - 多数句子应**无锚点**；拿不准就留空或 `[]`，避免满屏高亮。
   - 如果一定需要锚点，只选**整段里真正的高潮、反转或核心名词**（宜 2～4 字、有记忆点）；平庸词、铺垫句不要做成锚点。
   - 颜色建议：`#EF4444`（警示/反转/负面/结论）、`#000000`（事实/术语/数据）。动画 `anim`：`spring` | `slideUp` | `popIn` | `highlight`。
   - 音效可选(仅写在锚点对象上的 `audioEffect`)：`impact_thud` | `ping` | `woosh`

2. 视觉标题与字幕分离（仅当 SCHEMA 要求 `notText` / `butText` / `conceptName`、或 DOS_AND_DONTS 的 `left.label` / `right.label` 等时）：

   - 填**极简关键词（约 2～6 字）**，禁止把整句台词搬进标题字段。



## 输出格式（严格 JSON，不要 markdown 代码块）
补全当前模板的param,非数组：
{ "param": { ... } }

===========================================================================================
---------------------------------------- RESPONSE ----------------------------------------
time: 2026-06-20 12:49:30
attempt: 1/3

[OUTPUT]
{"param":{"quoteSource":"质疑者"}}
-------------------------------------------------------------------------------------------

======================================== REQUEST ========================================
time: 2026-06-20 12:49:30
provider: deepseek
model: deepseek-v4-pro
retries: 3

[PROMPT]
你是短视频字幕与画面细节处理专家。请把指定台词细化为字模显示参数。


## 完整段落上下文（仅供理解整体语境，判断当前句子的重要性）
有人说，赛车什么的，不代表日常用车。

这话没错。但问题来了。极限状态下的车也能有良好的性能，日常用车难道不会有更好的表现？

有人说，赛车什么的，是在变相鼓励超速行驶，更容易出事故。

这就像在说，菜刀不能宣传锋利，因为可能会被用来砍人一样。刀怎么用不是取决于人吗？

跑赛车是为了证明，这车在最难的条件下，依然能做到该刹住时刹得住，该稳住时稳得住。


## 🎯 待处理的目标文案
这就像在说，菜刀不能宣传锋利，因为可能会被用来砍人一样。刀怎么用不是取决于人吗？

## 目标文案content的数组结构
生成模板参数时，format为content_index的字段依据此数组选择匹配的索引，用于决定相应内容出现在动画中的时机

[
  {
    "index": 0,
    "text": "这就像在说，"
  },
  {
    "index": 1,
    "text": "菜刀不能宣传锋利，"
  },
  {
    "index": 2,
    "text": "因为可能会被用来砍人一样。"
  },
  {
    "index": 3,
    "text": "刀怎么用不是取决于人吗？"
  }
]


## 选定模板及参数规范

模板名称：CASE_BREAKDOWN

参数 Schema 说明：

{
  "type": "object",
  "properties": {
    "title": {
      "type": "string",
      "description": "案例短标题，建议 4～12 字"
    },
    "imageSrc": {
      "type": "string",
      "format": "image_prompt",
      "description": "单张主图描述，贯穿本案例讲解"
    },
    "phases": {
      "type": "array",
      "minItems": 2,
      "maxItems": 4,
      "description": "叙事阶段；每项含 phaseLabel 与 showFrom；showFrom 为 content 下标（0-based，非帧数），须在 0～(content 条数-1) 内",
      "items": {
        "type": "object",
        "required": [
          "phaseLabel",
          "showFrom"
        ],
        "properties": {
          "phaseLabel": {
            "type": "string",
            "description": "阶段名，如表面个案、误判、真相、收束"
          },
          "showFrom": {
            "type": "integer",
            "format": "content_index",
            "description": "content 数组下标（0-based），非帧数；合法范围 0～(content 条数-1)，超出会被校验丢弃"
          }
        }
      }
    }
  },
  "required": [
    "title",
    "imageSrc",
    "phases"
  ]
}

// 口播条数（已由程序写入 CONTENT_STR，勿在 param 中输出 content）：口播分句（item.content）至少 4 条；口播分句至多 8 条（超出会被校验器告警）


模板该项的示例供参考：

{
  "template": "CASE_BREAKDOWN",
  "param": {
    "title": "长寿悖论",
    "imageSrc": "一位面带微笑的百岁老人正在抽烟，旁边放着一杯酒",
    "phases": [
      {
        "phaseLabel": "表面个案",
        "showFrom": 0
      },
      {
        "phaseLabel": "常见推论",
        "showFrom": 1
      },
      {
        "phaseLabel": "真相",
        "showFrom": 2
      },
      {
        "phaseLabel": "收束",
        "showFrom": 3
      }
    ]
  }
}


注意：如果该模板生成的参数包含图片视觉描述（如 imageSrc / leftSrc / rightSrc 等等），请只描述纯视觉场景与动作，绝不要包含任何文字、标语或注音。


## 其他通用说明
1. 锚点（Anchor）— 克制与高价值（适用于 SCHEMA 或上文允许出现锚点/高亮时）：
   - 多数句子应**无锚点**；拿不准就留空或 `[]`，避免满屏高亮。
   - 如果一定需要锚点，只选**整段里真正的高潮、反转或核心名词**（宜 2～4 字、有记忆点）；平庸词、铺垫句不要做成锚点。
   - 颜色建议：`#EF4444`（警示/反转/负面/结论）、`#000000`（事实/术语/数据）。动画 `anim`：`spring` | `slideUp` | `popIn` | `highlight`。
   - 音效可选(仅写在锚点对象上的 `audioEffect`)：`impact_thud` | `ping` | `woosh`

2. 视觉标题与字幕分离（仅当 SCHEMA 要求 `notText` / `butText` / `conceptName`、或 DOS_AND_DONTS 的 `left.label` / `right.label` 等时）：

   - 填**极简关键词（约 2～6 字）**，禁止把整句台词搬进标题字段。



## 输出格式（严格 JSON，不要 markdown 代码块）
补全当前模板的param,非数组：
{ "param": { ... } }

===========================================================================================
---------------------------------------- RESPONSE ----------------------------------------
time: 2026-06-20 12:49:42
attempt: 1/3

[OUTPUT]
{
  "param": {
    "title": "菜刀类比",
    "imageSrc": "一把寒光闪闪的菜刀，刀锋清晰锐利，放在深色木质台面上，背景模糊，突出菜刀的质感",
    "phases": [
      {
        "phaseLabel": "提出类比",
        "showFrom": 0
      },
      {
        "phaseLabel": "荒谬逻辑",
        "showFrom": 1
      },
      {
        "phaseLabel": "反问收束",
        "showFrom": 3
      }
    ]
  }
}
-------------------------------------------------------------------------------------------

======================================== REQUEST ========================================
time: 2026-06-20 12:49:42
provider: deepseek
model: deepseek-v4-pro
retries: 3

[PROMPT]
你是短视频字幕与画面细节处理专家。请把指定台词细化为字模显示参数。


## 完整段落上下文（仅供理解整体语境，判断当前句子的重要性）
有人说，赛车什么的，不代表日常用车。

这话没错。但问题来了。极限状态下的车也能有良好的性能，日常用车难道不会有更好的表现？

有人说，赛车什么的，是在变相鼓励超速行驶，更容易出事故。

这就像在说，菜刀不能宣传锋利，因为可能会被用来砍人一样。刀怎么用不是取决于人吗？

跑赛车是为了证明，这车在最难的条件下，依然能做到该刹住时刹得住，该稳住时稳得住。


## 🎯 待处理的目标文案
跑赛车是为了证明，这车在最难的条件下，依然能做到该刹住时刹得住，该稳住时稳得住。

## 目标文案content的数组结构
生成模板参数时，format为content_index的字段依据此数组选择匹配的索引，用于决定相应内容出现在动画中的时机

[
  {
    "index": 0,
    "text": "跑赛车是为了证明，"
  },
  {
    "index": 1,
    "text": "这车在最难的条件下，"
  },
  {
    "index": 2,
    "text": "依然能做到该刹住时刹得住，"
  },
  {
    "index": 3,
    "text": "该稳住时稳得住。"
  }
]


## 选定模板及参数规范

模板名称：TEXT_FOCUS

参数 Schema 说明：

{
  "type": "object",
  "properties": {
    "coreSentence": {
      "type": "array",
      "minItems": 1,
      "description": "大屏核心文案，每元素一行：可为 string，或 { text, showFrom, endFrom? }；showFrom/endFrom 为 content 下标（0-based），非帧数：在该条 startFrame 显现；可选 endFrom 表示在该条播完（startFrame+durationFrames）后起淡出。纯 string 等价于 showFrom=0、无 endFrom。锚点校验时各段 text 按顺序直接拼接（无分隔符）。",
      "items": {
        "oneOf": [
          {
            "type": "string"
          },
          {
            "type": "object",
            "required": [
              "text",
              "showFrom"
            ],
            "properties": {
              "text": {
                "type": "string",
                "description": "该行大屏文案"
              },
              "showFrom": {
                "type": "integer",
                "format": "content_index",
                "description": "content 下标（0-based），非帧数"
              },
              "endFrom": {
                "type": "integer",
                "format": "content_index",
                "description": "可选；content 下标（0-based），非帧数；该行在对应条字幕结束帧（startFrame+durationFrames）起淡出"
              }
            }
          }
        ]
      }
    },
    "coreSentenceAnchors": {
      "type": "array",
      "description": "可选；在 coreSentence 各段拼接后的全文内按顺序高亮子串。每项 coreSentenceAnchor 须为该拼接串的子串，否则会被校验丢弃",
      "items": {
        "type": "object",
        "required": [
          "coreSentenceAnchor"
        ],
        "properties": {
          "coreSentenceAnchor": {
            "type": "string",
            "description": "要高亮的子串，须出现在各 coreSentence 段拼接后的全文内"
          },
          "color": {
            "type": "string",
            "description": "高亮颜色，省略时默认强调色"
          }
        }
      }
    }
  },
  "required": [
    "coreSentence"
  ]
}

// 口播条数（已由程序写入 CONTENT_STR，勿在 param 中输出 content）：口播分句至多 3 条（超出会被校验器告警）


模板该项的示例供参考：

{
  "template": "TEXT_FOCUS",
  "param": {
    "coreSentence": [
      {
        "text": "承认自己“可能错了”并不是一种软弱",
        "showFrom": 0,
        "endFrom": 0
      },
      {
        "text": "而是成长的开始",
        "showFrom": 1,
        "endFrom": 1
      }
    ],
    "coreSentenceAnchors": [
      {
        "coreSentenceAnchor": "可能错了",
        "color": "red"
      }
    ]
  }
}


注意：如果该模板生成的参数包含图片视觉描述（如 imageSrc / leftSrc / rightSrc 等等），请只描述纯视觉场景与动作，绝不要包含任何文字、标语或注音。


## 其他通用说明
1. 锚点（Anchor）— 克制与高价值（适用于 SCHEMA 或上文允许出现锚点/高亮时）：
   - 多数句子应**无锚点**；拿不准就留空或 `[]`，避免满屏高亮。
   - 如果一定需要锚点，只选**整段里真正的高潮、反转或核心名词**（宜 2～4 字、有记忆点）；平庸词、铺垫句不要做成锚点。
   - 颜色建议：`#EF4444`（警示/反转/负面/结论）、`#000000`（事实/术语/数据）。动画 `anim`：`spring` | `slideUp` | `popIn` | `highlight`。
   - 音效可选(仅写在锚点对象上的 `audioEffect`)：`impact_thud` | `ping` | `woosh`

2. 视觉标题与字幕分离（仅当 SCHEMA 要求 `notText` / `butText` / `conceptName`、或 DOS_AND_DONTS 的 `left.label` / `right.label` 等时）：

   - 填**极简关键词（约 2～6 字）**，禁止把整句台词搬进标题字段。



## 输出格式（严格 JSON，不要 markdown 代码块）
补全当前模板的param,非数组：
{ "param": { ... } }

===========================================================================================
---------------------------------------- RESPONSE ----------------------------------------
time: 2026-06-20 12:50:06
attempt: 1/3

[OUTPUT]
{
  "param": {
    "coreSentence": [
      "跑赛车是为了证明，这车在最难的条件下，依然能做到该刹住时刹得住，该稳住时稳得住。"
    ],
    "coreSentenceAnchors": [
      {
        "coreSentenceAnchor": "该刹住时刹得住，该稳住时稳得住",
        "color": "#EF4444"
      }
    ]
  }
}
-------------------------------------------------------------------------------------------

======================================== REQUEST ========================================
time: 2026-06-20 12:50:06
provider: deepseek
model: deepseek-v4-pro
retries: 3

[PROMPT]
你是短视频字幕与画面细节处理专家。请把指定台词细化为字模显示参数。


## 完整段落上下文（仅供理解整体语境，判断当前句子的重要性）
再来讲直播续航。

小米SU7，15小时全国直播续航，北京到上海，1313公里，高速顶着110到120公里时速的限速跑，中间只充一次电，平均电耗14.6度每百公里，实测续航达成率85%以上。
不是实验室，不是CLTC。高速顶着限速跑，几百万观众盯着。

一次直播明明有很多的指标来证明这辆车的电耗有多优秀，很多人却只会盯着“中间只充一次电”的宣传用语来阴阳怪气。

直播续航骗不了人。不敢开直播的，怕的是什么？
界车既然遥遥领先，为什么不来跑一跑？让大家见识见识什么叫优秀的续航管理？


## 🎯 待处理的目标文案
再来讲直播续航。

## 目标文案content的数组结构
生成模板参数时，format为content_index的字段依据此数组选择匹配的索引，用于决定相应内容出现在动画中的时机

[
  {
    "index": 0,
    "text": "再来讲直播续航。"
  }
]


## 选定模板及参数规范

模板名称：CENTER_FOCUS

参数 Schema 说明：

{
  "type": "object",
  "properties": {
    "imageSrc": {
      "type": "string",
      "format": "image_prompt",
      "description": "主图描述"
    },
    "enterEffect": {
      "type": "string",
      "enum": [
        "fadeIn",
        "slideLeft",
        "slideBottom",
        "zoomIn"
      ],
      "default": "fadeIn",
      "description": "图片入场方式（breathe 呼吸效果始终常驻，无需指定）"
    },
    "anchors": {
      "type": "array",
      "description": "可选；用于锚点词展示（顶部依次出现并保留为列表），并绑定锚点出现时机的音效。showFrom 须落在当前 content 条数范围内。注意 **保持克制，尽量少设置锚点** 只提取整段里真正的高潮、反转或核心名词",
      "items": {
        "type": "object",
        "required": [
          "text",
          "showFrom"
        ],
        "properties": {
          "text": {
            "type": "string",
            "description": "要展示的锚点词"
          },
          "showFrom": {
            "type": "integer",
            "format": "content_index",
            "description": "content 数组下标（0-based），非帧数；合法范围 0～(content 条数-1)，超出会被校验丢弃"
          },
          "color": {
            "type": "string"
          },
          "anim": {
            "type": "string",
            "enum": [
              "spring",
              "slideUp",
              "popIn",
              "highlight"
            ]
          },
          "audioEffect": {
            "type": "string",
            "enum": [
              "impact_thud",
              "ping",
              "woosh"
            ]
          }
        }
      }
    }
  },
  "required": [
    "imageSrc"
  ]
}


模板该项的示例供参考：

{
  "template": "CENTER_FOCUS",
  "param": {
    "imageSrc": "上班族坐在电脑前的简笔画图标",
    "enterEffect": "fadeIn",
    "anchors": [
      {
        "text": "可得性启发",
        "showFrom": 0,
        "color": "red"
      }
    ]
  }
}


注意：如果该模板生成的参数包含图片视觉描述（如 imageSrc / leftSrc / rightSrc 等等），请只描述纯视觉场景与动作，绝不要包含任何文字、标语或注音。


## 其他通用说明
1. 锚点（Anchor）— 克制与高价值（适用于 SCHEMA 或上文允许出现锚点/高亮时）：
   - 多数句子应**无锚点**；拿不准就留空或 `[]`，避免满屏高亮。
   - 如果一定需要锚点，只选**整段里真正的高潮、反转或核心名词**（宜 2～4 字、有记忆点）；平庸词、铺垫句不要做成锚点。
   - 颜色建议：`#EF4444`（警示/反转/负面/结论）、`#000000`（事实/术语/数据）。动画 `anim`：`spring` | `slideUp` | `popIn` | `highlight`。
   - 音效可选(仅写在锚点对象上的 `audioEffect`)：`impact_thud` | `ping` | `woosh`

2. 视觉标题与字幕分离（仅当 SCHEMA 要求 `notText` / `butText` / `conceptName`、或 DOS_AND_DONTS 的 `left.label` / `right.label` 等时）：

   - 填**极简关键词（约 2～6 字）**，禁止把整句台词搬进标题字段。



## 输出格式（严格 JSON，不要 markdown 代码块）
补全当前模板的param,非数组：
{ "param": { ... } }

===========================================================================================
---------------------------------------- RESPONSE ----------------------------------------
time: 2026-06-20 12:50:10
attempt: 1/3

[OUTPUT]
{
  "param": {
    "imageSrc": "一辆电动汽车在高速公路上行驶，仪表盘特写显示续航里程数字，背景是晴朗的蓝天和道路风景",
    "enterEffect": "fadeIn",
    "anchors": []
  }
}
-------------------------------------------------------------------------------------------

======================================== REQUEST ========================================
time: 2026-06-20 12:50:10
provider: deepseek
model: deepseek-v4-pro
retries: 3

[PROMPT]
你是短视频字幕与画面细节处理专家。请把指定台词细化为字模显示参数。


## 完整段落上下文（仅供理解整体语境，判断当前句子的重要性）
再来讲直播续航。

小米SU7，15小时全国直播续航，北京到上海，1313公里，高速顶着110到120公里时速的限速跑，中间只充一次电，平均电耗14.6度每百公里，实测续航达成率85%以上。
不是实验室，不是CLTC。高速顶着限速跑，几百万观众盯着。

一次直播明明有很多的指标来证明这辆车的电耗有多优秀，很多人却只会盯着“中间只充一次电”的宣传用语来阴阳怪气。

直播续航骗不了人。不敢开直播的，怕的是什么？
界车既然遥遥领先，为什么不来跑一跑？让大家见识见识什么叫优秀的续航管理？


## 🎯 待处理的目标文案
小米SU7，15小时全国直播续航，北京到上海，1313公里，

## 目标文案content的数组结构
生成模板参数时，format为content_index的字段依据此数组选择匹配的索引，用于决定相应内容出现在动画中的时机

[
  {
    "index": 0,
    "text": "小米SU7，"
  },
  {
    "index": 1,
    "text": "15小时全国直播续航，"
  },
  {
    "index": 2,
    "text": "北京到上海，"
  },
  {
    "index": 3,
    "text": "1313公里，"
  }
]


## 选定模板及参数规范

模板名称：CENTER_FOCUS

参数 Schema 说明：

{
  "type": "object",
  "properties": {
    "imageSrc": {
      "type": "string",
      "format": "image_prompt",
      "description": "主图描述"
    },
    "enterEffect": {
      "type": "string",
      "enum": [
        "fadeIn",
        "slideLeft",
        "slideBottom",
        "zoomIn"
      ],
      "default": "fadeIn",
      "description": "图片入场方式（breathe 呼吸效果始终常驻，无需指定）"
    },
    "anchors": {
      "type": "array",
      "description": "可选；用于锚点词展示（顶部依次出现并保留为列表），并绑定锚点出现时机的音效。showFrom 须落在当前 content 条数范围内。注意 **保持克制，尽量少设置锚点** 只提取整段里真正的高潮、反转或核心名词",
      "items": {
        "type": "object",
        "required": [
          "text",
          "showFrom"
        ],
        "properties": {
          "text": {
            "type": "string",
            "description": "要展示的锚点词"
          },
          "showFrom": {
            "type": "integer",
            "format": "content_index",
            "description": "content 数组下标（0-based），非帧数；合法范围 0～(content 条数-1)，超出会被校验丢弃"
          },
          "color": {
            "type": "string"
          },
          "anim": {
            "type": "string",
            "enum": [
              "spring",
              "slideUp",
              "popIn",
              "highlight"
            ]
          },
          "audioEffect": {
            "type": "string",
            "enum": [
              "impact_thud",
              "ping",
              "woosh"
            ]
          }
        }
      }
    }
  },
  "required": [
    "imageSrc"
  ]
}


模板该项的示例供参考：

{
  "template": "CENTER_FOCUS",
  "param": {
    "imageSrc": "上班族坐在电脑前的简笔画图标",
    "enterEffect": "fadeIn",
    "anchors": [
      {
        "text": "可得性启发",
        "showFrom": 0,
        "color": "red"
      }
    ]
  }
}


注意：如果该模板生成的参数包含图片视觉描述（如 imageSrc / leftSrc / rightSrc 等等），请只描述纯视觉场景与动作，绝不要包含任何文字、标语或注音。


## 其他通用说明
1. 锚点（Anchor）— 克制与高价值（适用于 SCHEMA 或上文允许出现锚点/高亮时）：
   - 多数句子应**无锚点**；拿不准就留空或 `[]`，避免满屏高亮。
   - 如果一定需要锚点，只选**整段里真正的高潮、反转或核心名词**（宜 2～4 字、有记忆点）；平庸词、铺垫句不要做成锚点。
   - 颜色建议：`#EF4444`（警示/反转/负面/结论）、`#000000`（事实/术语/数据）。动画 `anim`：`spring` | `slideUp` | `popIn` | `highlight`。
   - 音效可选(仅写在锚点对象上的 `audioEffect`)：`impact_thud` | `ping` | `woosh`

2. 视觉标题与字幕分离（仅当 SCHEMA 要求 `notText` / `butText` / `conceptName`、或 DOS_AND_DONTS 的 `left.label` / `right.label` 等时）：

   - 填**极简关键词（约 2～6 字）**，禁止把整句台词搬进标题字段。



## 输出格式（严格 JSON，不要 markdown 代码块）
补全当前模板的param,非数组：
{ "param": { ... } }

===========================================================================================
---------------------------------------- RESPONSE ----------------------------------------
time: 2026-06-20 12:50:13
attempt: 1/3

[OUTPUT]
{
  "param": {
    "imageSrc": "一辆小米SU7电动汽车在高速公路上行驶，背景是连接北京和上海的高速路线地图轮廓，动态线条表示续航距离",
    "enterEffect": "fadeIn",
    "anchors": []
  }
}
-------------------------------------------------------------------------------------------

======================================== REQUEST ========================================
time: 2026-06-20 12:50:13
provider: deepseek
model: deepseek-v4-pro
retries: 3

[PROMPT]
你是短视频字幕与画面细节处理专家。请把指定台词细化为字模显示参数。


## 完整段落上下文（仅供理解整体语境，判断当前句子的重要性）
再来讲直播续航。

小米SU7，15小时全国直播续航，北京到上海，1313公里，高速顶着110到120公里时速的限速跑，中间只充一次电，平均电耗14.6度每百公里，实测续航达成率85%以上。
不是实验室，不是CLTC。高速顶着限速跑，几百万观众盯着。

一次直播明明有很多的指标来证明这辆车的电耗有多优秀，很多人却只会盯着“中间只充一次电”的宣传用语来阴阳怪气。

直播续航骗不了人。不敢开直播的，怕的是什么？
界车既然遥遥领先，为什么不来跑一跑？让大家见识见识什么叫优秀的续航管理？


## 🎯 待处理的目标文案
高速顶着110到120公里时速的限速跑，中间只充一次电，

## 目标文案content的数组结构
生成模板参数时，format为content_index的字段依据此数组选择匹配的索引，用于决定相应内容出现在动画中的时机

[
  {
    "index": 0,
    "text": "高速顶着110到120公里时速的限速跑，"
  },
  {
    "index": 1,
    "text": "中间只充一次电，"
  }
]


## 选定模板及参数规范

模板名称：CENTER_FOCUS

参数 Schema 说明：

{
  "type": "object",
  "properties": {
    "imageSrc": {
      "type": "string",
      "format": "image_prompt",
      "description": "主图描述"
    },
    "enterEffect": {
      "type": "string",
      "enum": [
        "fadeIn",
        "slideLeft",
        "slideBottom",
        "zoomIn"
      ],
      "default": "fadeIn",
      "description": "图片入场方式（breathe 呼吸效果始终常驻，无需指定）"
    },
    "anchors": {
      "type": "array",
      "description": "可选；用于锚点词展示（顶部依次出现并保留为列表），并绑定锚点出现时机的音效。showFrom 须落在当前 content 条数范围内。注意 **保持克制，尽量少设置锚点** 只提取整段里真正的高潮、反转或核心名词",
      "items": {
        "type": "object",
        "required": [
          "text",
          "showFrom"
        ],
        "properties": {
          "text": {
            "type": "string",
            "description": "要展示的锚点词"
          },
          "showFrom": {
            "type": "integer",
            "format": "content_index",
            "description": "content 数组下标（0-based），非帧数；合法范围 0～(content 条数-1)，超出会被校验丢弃"
          },
          "color": {
            "type": "string"
          },
          "anim": {
            "type": "string",
            "enum": [
              "spring",
              "slideUp",
              "popIn",
              "highlight"
            ]
          },
          "audioEffect": {
            "type": "string",
            "enum": [
              "impact_thud",
              "ping",
              "woosh"
            ]
          }
        }
      }
    }
  },
  "required": [
    "imageSrc"
  ]
}


模板该项的示例供参考：

{
  "template": "CENTER_FOCUS",
  "param": {
    "imageSrc": "上班族坐在电脑前的简笔画图标",
    "enterEffect": "fadeIn",
    "anchors": [
      {
        "text": "可得性启发",
        "showFrom": 0,
        "color": "red"
      }
    ]
  }
}


注意：如果该模板生成的参数包含图片视觉描述（如 imageSrc / leftSrc / rightSrc 等等），请只描述纯视觉场景与动作，绝不要包含任何文字、标语或注音。


## 其他通用说明
1. 锚点（Anchor）— 克制与高价值（适用于 SCHEMA 或上文允许出现锚点/高亮时）：
   - 多数句子应**无锚点**；拿不准就留空或 `[]`，避免满屏高亮。
   - 如果一定需要锚点，只选**整段里真正的高潮、反转或核心名词**（宜 2～4 字、有记忆点）；平庸词、铺垫句不要做成锚点。
   - 颜色建议：`#EF4444`（警示/反转/负面/结论）、`#000000`（事实/术语/数据）。动画 `anim`：`spring` | `slideUp` | `popIn` | `highlight`。
   - 音效可选(仅写在锚点对象上的 `audioEffect`)：`impact_thud` | `ping` | `woosh`

2. 视觉标题与字幕分离（仅当 SCHEMA 要求 `notText` / `butText` / `conceptName`、或 DOS_AND_DONTS 的 `left.label` / `right.label` 等时）：

   - 填**极简关键词（约 2～6 字）**，禁止把整句台词搬进标题字段。



## 输出格式（严格 JSON，不要 markdown 代码块）
补全当前模板的param,非数组：
{ "param": { ... } }

===========================================================================================
---------------------------------------- RESPONSE ----------------------------------------
time: 2026-06-20 12:50:22
attempt: 1/3

[OUTPUT]
{"param": {"imageSrc": "一辆小米SU7在高速公路上以110-120公里时速疾驰，仪表盘显示速度，背景是空旷的高速公路和远处的充电站标志", "enterEffect": "fadeIn", "anchors": []}}
-------------------------------------------------------------------------------------------

======================================== REQUEST ========================================
time: 2026-06-20 12:50:22
provider: deepseek
model: deepseek-v4-pro
retries: 3

[PROMPT]
你是短视频字幕与画面细节处理专家。请把指定台词细化为字模显示参数。


## 完整段落上下文（仅供理解整体语境，判断当前句子的重要性）
再来讲直播续航。

小米SU7，15小时全国直播续航，北京到上海，1313公里，高速顶着110到120公里时速的限速跑，中间只充一次电，平均电耗14.6度每百公里，实测续航达成率85%以上。
不是实验室，不是CLTC。高速顶着限速跑，几百万观众盯着。

一次直播明明有很多的指标来证明这辆车的电耗有多优秀，很多人却只会盯着“中间只充一次电”的宣传用语来阴阳怪气。

直播续航骗不了人。不敢开直播的，怕的是什么？
界车既然遥遥领先，为什么不来跑一跑？让大家见识见识什么叫优秀的续航管理？


## 🎯 待处理的目标文案
平均电耗14.6度每百公里，

## 目标文案content的数组结构
生成模板参数时，format为content_index的字段依据此数组选择匹配的索引，用于决定相应内容出现在动画中的时机

[
  {
    "index": 0,
    "text": "平均电耗14.6度每百公里，"
  }
]


## 选定模板及参数规范

模板名称：KPI_HERO

参数 Schema 说明：

{
  "type": "object",
  "properties": {
    "value": {
      "type": "number",
      "description": "单指标模式：滚动终值（整数或小数）；若提供 blocks 则可省略"
    },
    "prefix": {
      "type": "string",
      "description": "单指标：数字左侧"
    },
    "suffix": {
      "type": "string",
      "description": "单指标：数字右侧单位"
    },
    "label": {
      "type": "string",
      "description": "单指标：数字上方标签（与 blocks[].label 同视觉层级）"
    },
    "useGrouping": {
      "type": "boolean",
      "description": "单指标：千分位（小数时作用于整数部分）"
    },
    "decimalPlaces": {
      "type": "integer",
      "description": "单指标：小数位数，缺省按 value 自动推断"
    },
    "blocks": {
      "type": "array",
      "minItems": 1,
      "maxItems": 4,
      "description": "多指标：每项 value、showFrom（content 下标）；可选 prefix、suffix、label、useGrouping",
      "items": {
        "type": "object",
        "required": [
          "value",
          "showFrom"
        ],
        "properties": {
          "value": {
            "type": "number",
            "description": "终值，整数或小数（如 2.5 万人）"
          },
          "decimalPlaces": {
            "type": "integer",
            "description": "小数位数，缺省按 value 自动推断（如 2.5→1）"
          },
          "showFrom": {
            "type": "integer",
            "format": "content_index",
            "description": "该块出现时机：content 下标，取该条 startFrame"
          },
          "prefix": {
            "type": "string"
          },
          "suffix": {
            "type": "string"
          },
          "label": {
            "type": "string",
            "description": "数字上方标签（多列时字号已加大）"
          },
          "useGrouping": {
            "type": "boolean"
          }
        }
      }
    },
    "countDuration": {
      "type": "integer",
      "description": "数字从 0 滚到目标值的 spring 时长（帧），默认 28"
    }
  },
  "required": []
}


模板该项的示例供参考：

{
  "template": "KPI_HERO",
  "param": {
    "blocks": [
      {
        "value": 87,
        "suffix": "%",
        "label": "满意度",
        "showFrom": 0
      },
      {
        "value": 62,
        "suffix": "%",
        "label": "留存",
        "showFrom": 1
      }
    ]
  }
}


注意：如果该模板生成的参数包含图片视觉描述（如 imageSrc / leftSrc / rightSrc 等等），请只描述纯视觉场景与动作，绝不要包含任何文字、标语或注音。


## 其他通用说明
1. 锚点（Anchor）— 克制与高价值（适用于 SCHEMA 或上文允许出现锚点/高亮时）：
   - 多数句子应**无锚点**；拿不准就留空或 `[]`，避免满屏高亮。
   - 如果一定需要锚点，只选**整段里真正的高潮、反转或核心名词**（宜 2～4 字、有记忆点）；平庸词、铺垫句不要做成锚点。
   - 颜色建议：`#EF4444`（警示/反转/负面/结论）、`#000000`（事实/术语/数据）。动画 `anim`：`spring` | `slideUp` | `popIn` | `highlight`。
   - 音效可选(仅写在锚点对象上的 `audioEffect`)：`impact_thud` | `ping` | `woosh`

2. 视觉标题与字幕分离（仅当 SCHEMA 要求 `notText` / `butText` / `conceptName`、或 DOS_AND_DONTS 的 `left.label` / `right.label` 等时）：

   - 填**极简关键词（约 2～6 字）**，禁止把整句台词搬进标题字段。



## 输出格式（严格 JSON，不要 markdown 代码块）
补全当前模板的param,非数组：
{ "param": { ... } }

===========================================================================================
---------------------------------------- RESPONSE ----------------------------------------
time: 2026-06-20 12:50:28
attempt: 1/3

[OUTPUT]
{"param": {"value": 14.6, "label": "平均电耗", "suffix": "度每百公里", "decimalPlaces": 1}}
-------------------------------------------------------------------------------------------

======================================== REQUEST ========================================
time: 2026-06-20 12:50:28
provider: deepseek
model: deepseek-v4-pro
retries: 3

[PROMPT]
你是短视频字幕与画面细节处理专家。请把指定台词细化为字模显示参数。


## 完整段落上下文（仅供理解整体语境，判断当前句子的重要性）
再来讲直播续航。

小米SU7，15小时全国直播续航，北京到上海，1313公里，高速顶着110到120公里时速的限速跑，中间只充一次电，平均电耗14.6度每百公里，实测续航达成率85%以上。
不是实验室，不是CLTC。高速顶着限速跑，几百万观众盯着。

一次直播明明有很多的指标来证明这辆车的电耗有多优秀，很多人却只会盯着“中间只充一次电”的宣传用语来阴阳怪气。

直播续航骗不了人。不敢开直播的，怕的是什么？
界车既然遥遥领先，为什么不来跑一跑？让大家见识见识什么叫优秀的续航管理？


## 🎯 待处理的目标文案
实测续航达成率85%以上。

## 目标文案content的数组结构
生成模板参数时，format为content_index的字段依据此数组选择匹配的索引，用于决定相应内容出现在动画中的时机

[
  {
    "index": 0,
    "text": "实测续航达成率85%以上。"
  }
]


## 选定模板及参数规范

模板名称：PROGRESS_RING

参数 Schema 说明：

{
  "type": "object",
  "properties": {
    "percent": {
      "type": "integer",
      "description": "单组模式：进度百分比 0–100；若提供 blocks 则可省略"
    },
    "label": {
      "type": "string",
      "description": "单组：主标题；多组请用 blocks[].label"
    },
    "subLabel": {
      "type": "string",
      "description": "单组：副标题或口径说明"
    },
    "blocks": {
      "type": "array",
      "minItems": 1,
      "maxItems": 4,
      "description": "多组：每项 percent、label、showFrom（content 下标）；可选 subLabel、ringColor",
      "items": {
        "type": "object",
        "required": [
          "percent",
          "label",
          "showFrom"
        ],
        "properties": {
          "percent": {
            "type": "integer",
            "description": "0–100"
          },
          "label": {
            "type": "string"
          },
          "subLabel": {
            "type": "string"
          },
          "ringColor": {
            "type": "string",
            "description": "环与进度弧颜色，默认 #2B6CB0"
          },
          "showFrom": {
            "type": "integer",
            "format": "content_index",
            "description": "该列出现时机：content 下标，取该条 startFrame"
          }
        }
      }
    }
  },
  "required": []
}


模板该项的示例供参考：

{
  "template": "PROGRESS_RING",
  "param": {
    "blocks": [
      {
        "percent": 78,
        "label": "项目完成度",
        "subLabel": "Q1",
        "showFrom": 0
      },
      {
        "percent": 62,
        "label": "测试覆盖",
        "ringColor": "#059669",
        "showFrom": 1
      }
    ]
  }
}


注意：如果该模板生成的参数包含图片视觉描述（如 imageSrc / leftSrc / rightSrc 等等），请只描述纯视觉场景与动作，绝不要包含任何文字、标语或注音。


## 其他通用说明
1. 锚点（Anchor）— 克制与高价值（适用于 SCHEMA 或上文允许出现锚点/高亮时）：
   - 多数句子应**无锚点**；拿不准就留空或 `[]`，避免满屏高亮。
   - 如果一定需要锚点，只选**整段里真正的高潮、反转或核心名词**（宜 2～4 字、有记忆点）；平庸词、铺垫句不要做成锚点。
   - 颜色建议：`#EF4444`（警示/反转/负面/结论）、`#000000`（事实/术语/数据）。动画 `anim`：`spring` | `slideUp` | `popIn` | `highlight`。
   - 音效可选(仅写在锚点对象上的 `audioEffect`)：`impact_thud` | `ping` | `woosh`

2. 视觉标题与字幕分离（仅当 SCHEMA 要求 `notText` / `butText` / `conceptName`、或 DOS_AND_DONTS 的 `left.label` / `right.label` 等时）：

   - 填**极简关键词（约 2～6 字）**，禁止把整句台词搬进标题字段。



## 输出格式（严格 JSON，不要 markdown 代码块）
补全当前模板的param,非数组：
{ "param": { ... } }

===========================================================================================
---------------------------------------- RESPONSE ----------------------------------------
time: 2026-06-20 12:50:32
attempt: 1/3

[OUTPUT]
{
  "param": {
    "percent": 85,
    "label": "实测续航达成率",
    "subLabel": "85%以上"
  }
}
-------------------------------------------------------------------------------------------

======================================== REQUEST ========================================
time: 2026-06-20 12:50:32
provider: deepseek
model: deepseek-v4-pro
retries: 3

[PROMPT]
你是短视频字幕与画面细节处理专家。请把指定台词细化为字模显示参数。


## 完整段落上下文（仅供理解整体语境，判断当前句子的重要性）
再来讲直播续航。

小米SU7，15小时全国直播续航，北京到上海，1313公里，高速顶着110到120公里时速的限速跑，中间只充一次电，平均电耗14.6度每百公里，实测续航达成率85%以上。
不是实验室，不是CLTC。高速顶着限速跑，几百万观众盯着。

一次直播明明有很多的指标来证明这辆车的电耗有多优秀，很多人却只会盯着“中间只充一次电”的宣传用语来阴阳怪气。

直播续航骗不了人。不敢开直播的，怕的是什么？
界车既然遥遥领先，为什么不来跑一跑？让大家见识见识什么叫优秀的续航管理？


## 🎯 待处理的目标文案
不是实验室，不是CLTC。高速顶着限速跑，几百万观众盯着。

## 目标文案content的数组结构
生成模板参数时，format为content_index的字段依据此数组选择匹配的索引，用于决定相应内容出现在动画中的时机

[
  {
    "index": 0,
    "text": "不是实验室，"
  },
  {
    "index": 1,
    "text": "不是CLTC。"
  },
  {
    "index": 2,
    "text": "高速顶着限速跑，"
  },
  {
    "index": 3,
    "text": "几百万观众盯着。"
  }
]


## 选定模板及参数规范

模板名称：COGNITIVE_SHIFT

参数 Schema 说明：

{
  "type": "object",
  "properties": {
    "notText": {
      "type": "string",
      "description": "被否认知（‘不是’后面的内容）的精炼短句，不超过12个字，"
    },
    "butText": {
      "type": "string",
      "description": "真实认知（‘而是’后面的内容）的精炼短句，不超过12个字"
    },
    "butSrc": {
      "type": "string",
      "format": "image_prompt",
      "description": "真实认知的配图"
    },
    "notContentIndex": {
      "type": "integer",
      "format": "content_index",
      "description": "触发「不是」动画的字幕段索引（默认 0）"
    },
    "butContentIndex": {
      "type": "integer",
      "format": "content_index",
      "description": "触发「而是」动画的字幕段索引（默认 1）"
    }
  },
  "required": [
    "notText",
    "butText"
  ]
}


模板该项的示例供参考：

{
  "template": "COGNITIVE_SHIFT",
  "content": [
    "我们都不应该靠勤奋拼命",
    "我们都应该是靠认知和选择",
    "这样我才能成功"
  ],
  "param": {
    "notText": "靠勤奋拼命",
    "butText": "靠认知和选择",
    "butSrc": "站在高处看地图的思考者",
    "notContentIndex": 0,
    "butContentIndex": 1
  }
}


注意：如果该模板生成的参数包含图片视觉描述（如 imageSrc / leftSrc / rightSrc 等等），请只描述纯视觉场景与动作，绝不要包含任何文字、标语或注音。


## 其他通用说明
1. 锚点（Anchor）— 克制与高价值（适用于 SCHEMA 或上文允许出现锚点/高亮时）：
   - 多数句子应**无锚点**；拿不准就留空或 `[]`，避免满屏高亮。
   - 如果一定需要锚点，只选**整段里真正的高潮、反转或核心名词**（宜 2～4 字、有记忆点）；平庸词、铺垫句不要做成锚点。
   - 颜色建议：`#EF4444`（警示/反转/负面/结论）、`#000000`（事实/术语/数据）。动画 `anim`：`spring` | `slideUp` | `popIn` | `highlight`。
   - 音效可选(仅写在锚点对象上的 `audioEffect`)：`impact_thud` | `ping` | `woosh`

2. 视觉标题与字幕分离（仅当 SCHEMA 要求 `notText` / `butText` / `conceptName`、或 DOS_AND_DONTS 的 `left.label` / `right.label` 等时）：

   - 填**极简关键词（约 2～6 字）**，禁止把整句台词搬进标题字段。



## 输出格式（严格 JSON，不要 markdown 代码块）
补全当前模板的param,非数组：
{ "param": { ... } }

===========================================================================================
---------------------------------------- RESPONSE ----------------------------------------
time: 2026-06-20 12:50:41
attempt: 1/3

[OUTPUT]
{
  "param": {
    "notText": "实验室、CLTC",
    "butText": "实战直播验证",
    "butSrc": "一辆流线型汽车在高速公路上飞驰，周围环绕着无数闪烁的观众眼睛，氛围真实且透明",
    "notContentIndex": 0,
    "butContentIndex": 2
  }
}
-------------------------------------------------------------------------------------------

======================================== REQUEST ========================================
time: 2026-06-20 12:50:41
provider: deepseek
model: deepseek-v4-pro
retries: 3

[PROMPT]
你是短视频字幕与画面细节处理专家。请把指定台词细化为字模显示参数。


## 完整段落上下文（仅供理解整体语境，判断当前句子的重要性）
再来讲直播续航。

小米SU7，15小时全国直播续航，北京到上海，1313公里，高速顶着110到120公里时速的限速跑，中间只充一次电，平均电耗14.6度每百公里，实测续航达成率85%以上。
不是实验室，不是CLTC。高速顶着限速跑，几百万观众盯着。

一次直播明明有很多的指标来证明这辆车的电耗有多优秀，很多人却只会盯着“中间只充一次电”的宣传用语来阴阳怪气。

直播续航骗不了人。不敢开直播的，怕的是什么？
界车既然遥遥领先，为什么不来跑一跑？让大家见识见识什么叫优秀的续航管理？


## 🎯 待处理的目标文案
一次直播明明有很多的指标来证明这辆车的电耗有多优秀，

## 目标文案content的数组结构
生成模板参数时，format为content_index的字段依据此数组选择匹配的索引，用于决定相应内容出现在动画中的时机

[
  {
    "index": 0,
    "text": "一次直播明明有很多的指标来证明这辆车的电耗有多优秀，"
  }
]


## 选定模板及参数规范

模板名称：CENTER_FOCUS

参数 Schema 说明：

{
  "type": "object",
  "properties": {
    "imageSrc": {
      "type": "string",
      "format": "image_prompt",
      "description": "主图描述"
    },
    "enterEffect": {
      "type": "string",
      "enum": [
        "fadeIn",
        "slideLeft",
        "slideBottom",
        "zoomIn"
      ],
      "default": "fadeIn",
      "description": "图片入场方式（breathe 呼吸效果始终常驻，无需指定）"
    },
    "anchors": {
      "type": "array",
      "description": "可选；用于锚点词展示（顶部依次出现并保留为列表），并绑定锚点出现时机的音效。showFrom 须落在当前 content 条数范围内。注意 **保持克制，尽量少设置锚点** 只提取整段里真正的高潮、反转或核心名词",
      "items": {
        "type": "object",
        "required": [
          "text",
          "showFrom"
        ],
        "properties": {
          "text": {
            "type": "string",
            "description": "要展示的锚点词"
          },
          "showFrom": {
            "type": "integer",
            "format": "content_index",
            "description": "content 数组下标（0-based），非帧数；合法范围 0～(content 条数-1)，超出会被校验丢弃"
          },
          "color": {
            "type": "string"
          },
          "anim": {
            "type": "string",
            "enum": [
              "spring",
              "slideUp",
              "popIn",
              "highlight"
            ]
          },
          "audioEffect": {
            "type": "string",
            "enum": [
              "impact_thud",
              "ping",
              "woosh"
            ]
          }
        }
      }
    }
  },
  "required": [
    "imageSrc"
  ]
}


模板该项的示例供参考：

{
  "template": "CENTER_FOCUS",
  "param": {
    "imageSrc": "上班族坐在电脑前的简笔画图标",
    "enterEffect": "fadeIn",
    "anchors": [
      {
        "text": "可得性启发",
        "showFrom": 0,
        "color": "red"
      }
    ]
  }
}


注意：如果该模板生成的参数包含图片视觉描述（如 imageSrc / leftSrc / rightSrc 等等），请只描述纯视觉场景与动作，绝不要包含任何文字、标语或注音。


## 其他通用说明
1. 锚点（Anchor）— 克制与高价值（适用于 SCHEMA 或上文允许出现锚点/高亮时）：
   - 多数句子应**无锚点**；拿不准就留空或 `[]`，避免满屏高亮。
   - 如果一定需要锚点，只选**整段里真正的高潮、反转或核心名词**（宜 2～4 字、有记忆点）；平庸词、铺垫句不要做成锚点。
   - 颜色建议：`#EF4444`（警示/反转/负面/结论）、`#000000`（事实/术语/数据）。动画 `anim`：`spring` | `slideUp` | `popIn` | `highlight`。
   - 音效可选(仅写在锚点对象上的 `audioEffect`)：`impact_thud` | `ping` | `woosh`

2. 视觉标题与字幕分离（仅当 SCHEMA 要求 `notText` / `butText` / `conceptName`、或 DOS_AND_DONTS 的 `left.label` / `right.label` 等时）：

   - 填**极简关键词（约 2～6 字）**，禁止把整句台词搬进标题字段。



## 输出格式（严格 JSON，不要 markdown 代码块）
补全当前模板的param,非数组：
{ "param": { ... } }

===========================================================================================
---------------------------------------- RESPONSE ----------------------------------------
time: 2026-06-20 12:50:46
attempt: 1/3

[OUTPUT]
{"param":{"imageSrc":"汽车仪表盘显示极低电耗数据，直播界面叠加多种性能指标图表，背景有高速路和路牌，动态光圈强调实时数据","enterEffect":"fadeIn","anchors":[]}}
-------------------------------------------------------------------------------------------

======================================== REQUEST ========================================
time: 2026-06-20 12:50:46
provider: deepseek
model: deepseek-v4-pro
retries: 3

[PROMPT]
你是短视频字幕与画面细节处理专家。请把指定台词细化为字模显示参数。


## 完整段落上下文（仅供理解整体语境，判断当前句子的重要性）
再来讲直播续航。

小米SU7，15小时全国直播续航，北京到上海，1313公里，高速顶着110到120公里时速的限速跑，中间只充一次电，平均电耗14.6度每百公里，实测续航达成率85%以上。
不是实验室，不是CLTC。高速顶着限速跑，几百万观众盯着。

一次直播明明有很多的指标来证明这辆车的电耗有多优秀，很多人却只会盯着“中间只充一次电”的宣传用语来阴阳怪气。

直播续航骗不了人。不敢开直播的，怕的是什么？
界车既然遥遥领先，为什么不来跑一跑？让大家见识见识什么叫优秀的续航管理？


## 🎯 待处理的目标文案
很多人却只会盯着“中间只充一次电”的宣传用语来阴阳怪气。

## 目标文案content的数组结构
生成模板参数时，format为content_index的字段依据此数组选择匹配的索引，用于决定相应内容出现在动画中的时机

[
  {
    "index": 0,
    "text": "很多人却只会盯着“中间只充一次电”的宣传用语来阴阳怪气。"
  }
]


## 选定模板及参数规范

模板名称：QUOTE_CITATION

参数 Schema 说明：

{
  "type": "object",
  "properties": {
    "quoteSource": {
      "type": "string",
      "description": "引言来源"
    },
    "quoteDisplayText": {
      "type": "string",
      "description": "版心引用正文（打字机效果）；不传则使用 content 拼接结果"
    },
    "showFrom": {
      "type": "integer",
      "description": "content 下标（0-based）。仅打字正文从该条 startFrame 起再入场；开引号与 quoteSource 仍从 item 起点出现。未传 quoteDisplayText 时正文从该条起拼接"
    }
  },
  "required": [
    "quoteSource"
  ]
}


模板该项的示例供参考：

{
  "template": "QUOTE_CITATION",
  "param": {
    "quoteDisplayText": "我思故我在",
    "quoteSource": "《思考，快与慢》"
  }
}


注意：如果该模板生成的参数包含图片视觉描述（如 imageSrc / leftSrc / rightSrc 等等），请只描述纯视觉场景与动作，绝不要包含任何文字、标语或注音。


## 其他通用说明
1. 锚点（Anchor）— 克制与高价值（适用于 SCHEMA 或上文允许出现锚点/高亮时）：
   - 多数句子应**无锚点**；拿不准就留空或 `[]`，避免满屏高亮。
   - 如果一定需要锚点，只选**整段里真正的高潮、反转或核心名词**（宜 2～4 字、有记忆点）；平庸词、铺垫句不要做成锚点。
   - 颜色建议：`#EF4444`（警示/反转/负面/结论）、`#000000`（事实/术语/数据）。动画 `anim`：`spring` | `slideUp` | `popIn` | `highlight`。
   - 音效可选(仅写在锚点对象上的 `audioEffect`)：`impact_thud` | `ping` | `woosh`

2. 视觉标题与字幕分离（仅当 SCHEMA 要求 `notText` / `butText` / `conceptName`、或 DOS_AND_DONTS 的 `left.label` / `right.label` 等时）：

   - 填**极简关键词（约 2～6 字）**，禁止把整句台词搬进标题字段。



## 输出格式（严格 JSON，不要 markdown 代码块）
补全当前模板的param,非数组：
{ "param": { ... } }

===========================================================================================
---------------------------------------- RESPONSE ----------------------------------------
time: 2026-06-20 12:50:55
attempt: 1/3

[OUTPUT]
{
  "param": {
    "quoteSource": "小米SU7宣传",
    "quoteDisplayText": "中间只充一次电",
    "showFrom": 0
  }
}
-------------------------------------------------------------------------------------------

======================================== REQUEST ========================================
time: 2026-06-20 12:50:55
provider: deepseek
model: deepseek-v4-pro
retries: 3

[PROMPT]
你是短视频字幕与画面细节处理专家。请把指定台词细化为字模显示参数。


## 完整段落上下文（仅供理解整体语境，判断当前句子的重要性）
再来讲直播续航。

小米SU7，15小时全国直播续航，北京到上海，1313公里，高速顶着110到120公里时速的限速跑，中间只充一次电，平均电耗14.6度每百公里，实测续航达成率85%以上。
不是实验室，不是CLTC。高速顶着限速跑，几百万观众盯着。

一次直播明明有很多的指标来证明这辆车的电耗有多优秀，很多人却只会盯着“中间只充一次电”的宣传用语来阴阳怪气。

直播续航骗不了人。不敢开直播的，怕的是什么？
界车既然遥遥领先，为什么不来跑一跑？让大家见识见识什么叫优秀的续航管理？


## 🎯 待处理的目标文案
直播续航骗不了人。不敢开直播的，怕的是什么？

## 目标文案content的数组结构
生成模板参数时，format为content_index的字段依据此数组选择匹配的索引，用于决定相应内容出现在动画中的时机

[
  {
    "index": 0,
    "text": "直播续航骗不了人。"
  },
  {
    "index": 1,
    "text": "不敢开直播的，"
  },
  {
    "index": 2,
    "text": "怕的是什么？"
  }
]


## 选定模板及参数规范

模板名称：BEAT_SEQUENCE

参数 Schema 说明：

{
  "type": "object",
  "properties": {
    "stages": {
      "type": "array",
      "minItems": 2,
      "maxItems": 4,
      "description": "配图序列：每条 stage 一张图；imageSrc、enterEffect、可选 tone（calm|alert）、可选 showFrom（对齐镜头外层 content[] 下标）",
      "items": {
        "type": "object",
        "required": [
          "imageSrc"
        ],
        "properties": {
          "imageSrc": {
            "type": "string",
            "format": "image_prompt",
            "description": "该节拍配图提示词"
          },
          "enterEffect": {
            "type": "string",
            "enum": [
              "breathe",
              "slideLeft",
              "slideBottom",
              "zoomIn",
              "fadeIn"
            ],
            "default": "breathe",
            "description": "入场效果"
          },
          "tone": {
            "type": "string",
            "enum": [
              "calm",
              "alert"
            ],
            "description": "首条可 calm，其余默认可 alert"
          },
          "showFrom": {
            "type": "content_index",
            "minimum": 0,
            "description": "镜头 item 外层 content 数组（与 param 同级）的 0-based 下标；从该条 startFrame 起显示本图。省略则等于当前 stages 下标 i（与第 i 条口播同步）"
          }
        }
      }
    }
  },
  "required": [
    "stages"
  ]
}

// 口播条数（已由程序写入 CONTENT_STR，勿在 param 中输出 content）：口播分句（item.content）至少 2 条；口播分句至多 4 条（超出会被校验器告警）


模板该项的示例供参考：

{
  "template": "BEAT_SEQUENCE",
  "param": {
    "stages": [
      {
        "imageSrc": "问句配图简笔画",
        "enterEffect": "breathe"
      },
      {
        "imageSrc": "转折警示配图",
        "enterEffect": "slideBottom"
      },
      {
        "imageSrc": "结论冲击配图",
        "enterEffect": "slideBottom"
      }
    ]
  }
}


注意：如果该模板生成的参数包含图片视觉描述（如 imageSrc / leftSrc / rightSrc 等等），请只描述纯视觉场景与动作，绝不要包含任何文字、标语或注音。


## 其他通用说明
1. 锚点（Anchor）— 克制与高价值（适用于 SCHEMA 或上文允许出现锚点/高亮时）：
   - 多数句子应**无锚点**；拿不准就留空或 `[]`，避免满屏高亮。
   - 如果一定需要锚点，只选**整段里真正的高潮、反转或核心名词**（宜 2～4 字、有记忆点）；平庸词、铺垫句不要做成锚点。
   - 颜色建议：`#EF4444`（警示/反转/负面/结论）、`#000000`（事实/术语/数据）。动画 `anim`：`spring` | `slideUp` | `popIn` | `highlight`。
   - 音效可选(仅写在锚点对象上的 `audioEffect`)：`impact_thud` | `ping` | `woosh`

2. 视觉标题与字幕分离（仅当 SCHEMA 要求 `notText` / `butText` / `conceptName`、或 DOS_AND_DONTS 的 `left.label` / `right.label` 等时）：

   - 填**极简关键词（约 2～6 字）**，禁止把整句台词搬进标题字段。



## 输出格式（严格 JSON，不要 markdown 代码块）
补全当前模板的param,非数组：
{ "param": { ... } }

===========================================================================================
---------------------------------------- RESPONSE ----------------------------------------
time: 2026-06-20 12:51:05
attempt: 1/3

[OUTPUT]
{"param":{"stages":[{"imageSrc":"一辆电动汽车在高速公路上行驶，仪表盘显示实时剩余续航，窗外风景流动，背景有抽象的光点象征直播观众","enterEffect":"breathe","tone":"calm"},{"imageSrc":"昏暗环境中，一辆汽车的轮廓被幕布半遮半掩，只露出模糊的车头，周围气氛神秘紧张","enterEffect":"slideBottom","tone":"alert"},{"imageSrc":"黑暗背景中，一道裂纹突然炸开，裂纹构成巨大的问号形状，强光从裂缝中射出，冲击力十足","enterEffect":"zoomIn","tone":"alert"}]}}
-------------------------------------------------------------------------------------------

======================================== REQUEST ========================================
time: 2026-06-20 12:51:05
provider: deepseek
model: deepseek-v4-pro
retries: 3

[PROMPT]
你是短视频字幕与画面细节处理专家。请把指定台词细化为字模显示参数。


## 完整段落上下文（仅供理解整体语境，判断当前句子的重要性）
再来讲直播续航。

小米SU7，15小时全国直播续航，北京到上海，1313公里，高速顶着110到120公里时速的限速跑，中间只充一次电，平均电耗14.6度每百公里，实测续航达成率85%以上。
不是实验室，不是CLTC。高速顶着限速跑，几百万观众盯着。

一次直播明明有很多的指标来证明这辆车的电耗有多优秀，很多人却只会盯着“中间只充一次电”的宣传用语来阴阳怪气。

直播续航骗不了人。不敢开直播的，怕的是什么？
界车既然遥遥领先，为什么不来跑一跑？让大家见识见识什么叫优秀的续航管理？


## 🎯 待处理的目标文案
界车既然遥遥领先，为什么不来跑一跑？让大家见识见识什么叫优秀的续航管理？

## 目标文案content的数组结构
生成模板参数时，format为content_index的字段依据此数组选择匹配的索引，用于决定相应内容出现在动画中的时机

[
  {
    "index": 0,
    "text": "界车既然遥遥领先，"
  },
  {
    "index": 1,
    "text": "为什么不来跑一跑？"
  },
  {
    "index": 2,
    "text": "让大家见识见识什么叫优秀的续航管理？"
  }
]


## 选定模板及参数规范

模板名称：TEXT_FOCUS

参数 Schema 说明：

{
  "type": "object",
  "properties": {
    "coreSentence": {
      "type": "array",
      "minItems": 1,
      "description": "大屏核心文案，每元素一行：可为 string，或 { text, showFrom, endFrom? }；showFrom/endFrom 为 content 下标（0-based），非帧数：在该条 startFrame 显现；可选 endFrom 表示在该条播完（startFrame+durationFrames）后起淡出。纯 string 等价于 showFrom=0、无 endFrom。锚点校验时各段 text 按顺序直接拼接（无分隔符）。",
      "items": {
        "oneOf": [
          {
            "type": "string"
          },
          {
            "type": "object",
            "required": [
              "text",
              "showFrom"
            ],
            "properties": {
              "text": {
                "type": "string",
                "description": "该行大屏文案"
              },
              "showFrom": {
                "type": "integer",
                "format": "content_index",
                "description": "content 下标（0-based），非帧数"
              },
              "endFrom": {
                "type": "integer",
                "format": "content_index",
                "description": "可选；content 下标（0-based），非帧数；该行在对应条字幕结束帧（startFrame+durationFrames）起淡出"
              }
            }
          }
        ]
      }
    },
    "coreSentenceAnchors": {
      "type": "array",
      "description": "可选；在 coreSentence 各段拼接后的全文内按顺序高亮子串。每项 coreSentenceAnchor 须为该拼接串的子串，否则会被校验丢弃",
      "items": {
        "type": "object",
        "required": [
          "coreSentenceAnchor"
        ],
        "properties": {
          "coreSentenceAnchor": {
            "type": "string",
            "description": "要高亮的子串，须出现在各 coreSentence 段拼接后的全文内"
          },
          "color": {
            "type": "string",
            "description": "高亮颜色，省略时默认强调色"
          }
        }
      }
    }
  },
  "required": [
    "coreSentence"
  ]
}

// 口播条数（已由程序写入 CONTENT_STR，勿在 param 中输出 content）：口播分句至多 3 条（超出会被校验器告警）


模板该项的示例供参考：

{
  "template": "TEXT_FOCUS",
  "param": {
    "coreSentence": [
      {
        "text": "承认自己“可能错了”并不是一种软弱",
        "showFrom": 0,
        "endFrom": 0
      },
      {
        "text": "而是成长的开始",
        "showFrom": 1,
        "endFrom": 1
      }
    ],
    "coreSentenceAnchors": [
      {
        "coreSentenceAnchor": "可能错了",
        "color": "red"
      }
    ]
  }
}


注意：如果该模板生成的参数包含图片视觉描述（如 imageSrc / leftSrc / rightSrc 等等），请只描述纯视觉场景与动作，绝不要包含任何文字、标语或注音。


## 其他通用说明
1. 锚点（Anchor）— 克制与高价值（适用于 SCHEMA 或上文允许出现锚点/高亮时）：
   - 多数句子应**无锚点**；拿不准就留空或 `[]`，避免满屏高亮。
   - 如果一定需要锚点，只选**整段里真正的高潮、反转或核心名词**（宜 2～4 字、有记忆点）；平庸词、铺垫句不要做成锚点。
   - 颜色建议：`#EF4444`（警示/反转/负面/结论）、`#000000`（事实/术语/数据）。动画 `anim`：`spring` | `slideUp` | `popIn` | `highlight`。
   - 音效可选(仅写在锚点对象上的 `audioEffect`)：`impact_thud` | `ping` | `woosh`

2. 视觉标题与字幕分离（仅当 SCHEMA 要求 `notText` / `butText` / `conceptName`、或 DOS_AND_DONTS 的 `left.label` / `right.label` 等时）：

   - 填**极简关键词（约 2～6 字）**，禁止把整句台词搬进标题字段。



## 输出格式（严格 JSON，不要 markdown 代码块）
补全当前模板的param,非数组：
{ "param": { ... } }

===========================================================================================
---------------------------------------- RESPONSE ----------------------------------------
time: 2026-06-20 12:51:18
attempt: 1/3

[OUTPUT]
{
  "param": {
    "coreSentence": [
      {
        "text": "界车既然遥遥领先，",
        "showFrom": 0,
        "endFrom": 0
      },
      {
        "text": "为什么不来跑一跑？",
        "showFrom": 1,
        "endFrom": 1
      },
      {
        "text": "让大家见识见识什么叫优秀的续航管理？",
        "showFrom": 2,
        "endFrom": 2
      }
    ],
    "coreSentenceAnchors": [
      {
        "coreSentenceAnchor": "遥遥领先",
        "color": "#EF4444"
      }
    ]
  }
}
-------------------------------------------------------------------------------------------

======================================== REQUEST ========================================
time: 2026-06-20 12:51:18
provider: deepseek
model: deepseek-v4-pro
retries: 3

[PROMPT]
你是短视频字幕与画面细节处理专家。请把指定台词细化为字模显示参数。


## 完整段落上下文（仅供理解整体语境，判断当前句子的重要性）
直播拆车就更狠了。

小米SU7，欢迎任何人拆。官方拆，个人博主拆，轮毂电机、CTC电池、热管理系统，件件摆上台面。

经得起拆，才敢让人拆。

界车呢？官方不给拆，博主想拆？不允许。

为什么？咱也不敢说，咱也不敢问。


## 🎯 待处理的目标文案
直播拆车就更狠了。

## 目标文案content的数组结构
生成模板参数时，format为content_index的字段依据此数组选择匹配的索引，用于决定相应内容出现在动画中的时机

[
  {
    "index": 0,
    "text": "直播拆车就更狠了。"
  }
]


## 选定模板及参数规范

模板名称：MAGNIFYING_GLASS

参数 Schema 说明：

{
  "type": "object",
  "properties": {
    "anchors": {
      "type": "array",
      "minItems": 1,
      "maxItems": 3,
      "description": "必填且非空（建议 1～2 个高价值锚点）；每项通过 showFrom 对齐 content 分句。锚点应落在“揭示性落点句”或其核心关键词上，不要把整段说明塞满锚点",
      "items": {
        "type": "object",
        "required": [
          "text",
          "showFrom"
        ],
        "properties": {
          "text": {
            "type": "string",
            "description": "要聚焦的关键词/短语"
          },
          "showFrom": {
            "type": "integer",
            "format": "content_index",
            "description": "content 数组下标（0-based），非帧数；合法范围 0～(content 条数-1)，超出会被校验丢弃"
          },
          "color": {
            "type": "string"
          },
          "anim": {
            "type": "string",
            "enum": [
              "spring",
              "slideUp",
              "popIn",
              "highlight"
            ]
          },
          "audioEffect": {
            "type": "string",
            "enum": [
              "impact_thud",
              "ping",
              "woosh"
            ]
          }
        }
      }
    }
  },
  "required": [
    "anchors"
  ]
}


模板该项的示例供参考：

{
  "template": "MAGNIFYING_GLASS",
  "param": {
    "anchors": [
      {
        "text": "忽略了基础",
        "showFrom": 0,
        "color": "#111111",
        "anim": "popIn",
        "audioEffect": "ping"
      }
    ]
  }
}


注意：如果该模板生成的参数包含图片视觉描述（如 imageSrc / leftSrc / rightSrc 等等），请只描述纯视觉场景与动作，绝不要包含任何文字、标语或注音。


## 其他通用说明
1. 锚点（Anchor）— 克制与高价值（适用于 SCHEMA 或上文允许出现锚点/高亮时）：
   - 多数句子应**无锚点**；拿不准就留空或 `[]`，避免满屏高亮。
   - 如果一定需要锚点，只选**整段里真正的高潮、反转或核心名词**（宜 2～4 字、有记忆点）；平庸词、铺垫句不要做成锚点。
   - 颜色建议：`#EF4444`（警示/反转/负面/结论）、`#000000`（事实/术语/数据）。动画 `anim`：`spring` | `slideUp` | `popIn` | `highlight`。
   - 音效可选(仅写在锚点对象上的 `audioEffect`)：`impact_thud` | `ping` | `woosh`

2. 视觉标题与字幕分离（仅当 SCHEMA 要求 `notText` / `butText` / `conceptName`、或 DOS_AND_DONTS 的 `left.label` / `right.label` 等时）：

   - 填**极简关键词（约 2～6 字）**，禁止把整句台词搬进标题字段。



## 输出格式（严格 JSON，不要 markdown 代码块）
补全当前模板的param,非数组：
{ "param": { ... } }

===========================================================================================
---------------------------------------- RESPONSE ----------------------------------------
time: 2026-06-20 12:51:21
attempt: 1/3

[OUTPUT]
{"param": {"anchors": [{"text": "直播拆车", "showFrom": 0, "color": "#EF4444", "anim": "popIn", "audioEffect": "impact_thud"}]}}
-------------------------------------------------------------------------------------------

======================================== REQUEST ========================================
time: 2026-06-20 12:51:21
provider: deepseek
model: deepseek-v4-pro
retries: 3

[PROMPT]
你是短视频字幕与画面细节处理专家。请把指定台词细化为字模显示参数。


## 完整段落上下文（仅供理解整体语境，判断当前句子的重要性）
直播拆车就更狠了。

小米SU7，欢迎任何人拆。官方拆，个人博主拆，轮毂电机、CTC电池、热管理系统，件件摆上台面。

经得起拆，才敢让人拆。

界车呢？官方不给拆，博主想拆？不允许。

为什么？咱也不敢说，咱也不敢问。


## 🎯 待处理的目标文案
小米SU7，欢迎任何人拆。

## 目标文案content的数组结构
生成模板参数时，format为content_index的字段依据此数组选择匹配的索引，用于决定相应内容出现在动画中的时机

[
  {
    "index": 0,
    "text": "小米SU7，"
  },
  {
    "index": 1,
    "text": "欢迎任何人拆。"
  }
]


## 选定模板及参数规范

模板名称：CENTER_FOCUS

参数 Schema 说明：

{
  "type": "object",
  "properties": {
    "imageSrc": {
      "type": "string",
      "format": "image_prompt",
      "description": "主图描述"
    },
    "enterEffect": {
      "type": "string",
      "enum": [
        "fadeIn",
        "slideLeft",
        "slideBottom",
        "zoomIn"
      ],
      "default": "fadeIn",
      "description": "图片入场方式（breathe 呼吸效果始终常驻，无需指定）"
    },
    "anchors": {
      "type": "array",
      "description": "可选；用于锚点词展示（顶部依次出现并保留为列表），并绑定锚点出现时机的音效。showFrom 须落在当前 content 条数范围内。注意 **保持克制，尽量少设置锚点** 只提取整段里真正的高潮、反转或核心名词",
      "items": {
        "type": "object",
        "required": [
          "text",
          "showFrom"
        ],
        "properties": {
          "text": {
            "type": "string",
            "description": "要展示的锚点词"
          },
          "showFrom": {
            "type": "integer",
            "format": "content_index",
            "description": "content 数组下标（0-based），非帧数；合法范围 0～(content 条数-1)，超出会被校验丢弃"
          },
          "color": {
            "type": "string"
          },
          "anim": {
            "type": "string",
            "enum": [
              "spring",
              "slideUp",
              "popIn",
              "highlight"
            ]
          },
          "audioEffect": {
            "type": "string",
            "enum": [
              "impact_thud",
              "ping",
              "woosh"
            ]
          }
        }
      }
    }
  },
  "required": [
    "imageSrc"
  ]
}


模板该项的示例供参考：

{
  "template": "CENTER_FOCUS",
  "param": {
    "imageSrc": "上班族坐在电脑前的简笔画图标",
    "enterEffect": "fadeIn",
    "anchors": [
      {
        "text": "可得性启发",
        "showFrom": 0,
        "color": "red"
      }
    ]
  }
}


注意：如果该模板生成的参数包含图片视觉描述（如 imageSrc / leftSrc / rightSrc 等等），请只描述纯视觉场景与动作，绝不要包含任何文字、标语或注音。


## 其他通用说明
1. 锚点（Anchor）— 克制与高价值（适用于 SCHEMA 或上文允许出现锚点/高亮时）：
   - 多数句子应**无锚点**；拿不准就留空或 `[]`，避免满屏高亮。
   - 如果一定需要锚点，只选**整段里真正的高潮、反转或核心名词**（宜 2～4 字、有记忆点）；平庸词、铺垫句不要做成锚点。
   - 颜色建议：`#EF4444`（警示/反转/负面/结论）、`#000000`（事实/术语/数据）。动画 `anim`：`spring` | `slideUp` | `popIn` | `highlight`。
   - 音效可选(仅写在锚点对象上的 `audioEffect`)：`impact_thud` | `ping` | `woosh`

2. 视觉标题与字幕分离（仅当 SCHEMA 要求 `notText` / `butText` / `conceptName`、或 DOS_AND_DONTS 的 `left.label` / `right.label` 等时）：

   - 填**极简关键词（约 2～6 字）**，禁止把整句台词搬进标题字段。



## 输出格式（严格 JSON，不要 markdown 代码块）
补全当前模板的param,非数组：
{ "param": { ... } }

===========================================================================================
---------------------------------------- RESPONSE ----------------------------------------
time: 2026-06-20 12:51:32
attempt: 1/3

[OUTPUT]
{
  "param": {
    "imageSrc": "一辆银色小米SU7电动轿车，引擎盖与车门全开，底盘升起暴露CTC电池和电机，周围有工程师伸手示意，灯光聚焦在透明展台上整齐陈列的核心部件，背景是明亮科技感的工作间",
    "enterEffect": "fadeIn",
    "anchors": []
  }
}
-------------------------------------------------------------------------------------------

======================================== REQUEST ========================================
time: 2026-06-20 12:51:32
provider: deepseek
model: deepseek-v4-pro
retries: 3

[PROMPT]
你是短视频字幕与画面细节处理专家。请把指定台词细化为字模显示参数。


## 完整段落上下文（仅供理解整体语境，判断当前句子的重要性）
直播拆车就更狠了。

小米SU7，欢迎任何人拆。官方拆，个人博主拆，轮毂电机、CTC电池、热管理系统，件件摆上台面。

经得起拆，才敢让人拆。

界车呢？官方不给拆，博主想拆？不允许。

为什么？咱也不敢说，咱也不敢问。


## 🎯 待处理的目标文案
官方拆，个人博主拆，轮毂电机、CTC电池、热管理系统，件件摆上台面。

## 目标文案content的数组结构
生成模板参数时，format为content_index的字段依据此数组选择匹配的索引，用于决定相应内容出现在动画中的时机

[
  {
    "index": 0,
    "text": "官方拆，"
  },
  {
    "index": 1,
    "text": "个人博主拆，"
  },
  {
    "index": 2,
    "text": "轮毂电机、"
  },
  {
    "index": 3,
    "text": "CTC电池、"
  },
  {
    "index": 4,
    "text": "热管理系统，"
  },
  {
    "index": 5,
    "text": "件件摆上台面。"
  }
]


## 选定模板及参数规范

模板名称：BEAT_SEQUENCE

参数 Schema 说明：

{
  "type": "object",
  "properties": {
    "stages": {
      "type": "array",
      "minItems": 2,
      "maxItems": 4,
      "description": "配图序列：每条 stage 一张图；imageSrc、enterEffect、可选 tone（calm|alert）、可选 showFrom（对齐镜头外层 content[] 下标）",
      "items": {
        "type": "object",
        "required": [
          "imageSrc"
        ],
        "properties": {
          "imageSrc": {
            "type": "string",
            "format": "image_prompt",
            "description": "该节拍配图提示词"
          },
          "enterEffect": {
            "type": "string",
            "enum": [
              "breathe",
              "slideLeft",
              "slideBottom",
              "zoomIn",
              "fadeIn"
            ],
            "default": "breathe",
            "description": "入场效果"
          },
          "tone": {
            "type": "string",
            "enum": [
              "calm",
              "alert"
            ],
            "description": "首条可 calm，其余默认可 alert"
          },
          "showFrom": {
            "type": "content_index",
            "minimum": 0,
            "description": "镜头 item 外层 content 数组（与 param 同级）的 0-based 下标；从该条 startFrame 起显示本图。省略则等于当前 stages 下标 i（与第 i 条口播同步）"
          }
        }
      }
    }
  },
  "required": [
    "stages"
  ]
}

// 口播条数（已由程序写入 CONTENT_STR，勿在 param 中输出 content）：口播分句（item.content）至少 2 条；口播分句至多 4 条（超出会被校验器告警）


模板该项的示例供参考：

{
  "template": "BEAT_SEQUENCE",
  "param": {
    "stages": [
      {
        "imageSrc": "问句配图简笔画",
        "enterEffect": "breathe"
      },
      {
        "imageSrc": "转折警示配图",
        "enterEffect": "slideBottom"
      },
      {
        "imageSrc": "结论冲击配图",
        "enterEffect": "slideBottom"
      }
    ]
  }
}


注意：如果该模板生成的参数包含图片视觉描述（如 imageSrc / leftSrc / rightSrc 等等），请只描述纯视觉场景与动作，绝不要包含任何文字、标语或注音。


## 其他通用说明
1. 锚点（Anchor）— 克制与高价值（适用于 SCHEMA 或上文允许出现锚点/高亮时）：
   - 多数句子应**无锚点**；拿不准就留空或 `[]`，避免满屏高亮。
   - 如果一定需要锚点，只选**整段里真正的高潮、反转或核心名词**（宜 2～4 字、有记忆点）；平庸词、铺垫句不要做成锚点。
   - 颜色建议：`#EF4444`（警示/反转/负面/结论）、`#000000`（事实/术语/数据）。动画 `anim`：`spring` | `slideUp` | `popIn` | `highlight`。
   - 音效可选(仅写在锚点对象上的 `audioEffect`)：`impact_thud` | `ping` | `woosh`

2. 视觉标题与字幕分离（仅当 SCHEMA 要求 `notText` / `butText` / `conceptName`、或 DOS_AND_DONTS 的 `left.label` / `right.label` 等时）：

   - 填**极简关键词（约 2～6 字）**，禁止把整句台词搬进标题字段。



## 输出格式（严格 JSON，不要 markdown 代码块）
补全当前模板的param,非数组：
{ "param": { ... } }

===========================================================================================
---------------------------------------- RESPONSE ----------------------------------------
time: 2026-06-20 12:51:46
attempt: 1/3

[OUTPUT]
{
  "param": {
    "stages": [
      {
        "imageSrc": "一辆小米SU7在明亮车间被升降机抬起，专业技术人员正在拆卸前保险杠，背景整洁有序",
        "enterEffect": "breathe",
        "tone": "calm",
        "showFrom": 0
      },
      {
        "imageSrc": "自媒体博主在工作室里手持工具拆解小米SU7，旁边放有直播摄像机和环形灯",
        "enterEffect": "slideLeft",
        "tone": "alert",
        "showFrom": 1
      },
      {
        "imageSrc": "三个汽车核心部件特写并排展示：左侧轮毂电机，中间CTC电池组，右侧热管理系统模块，科技感蓝光背景",
        "enterEffect": "slideBottom",
        "tone": "alert",
        "showFrom": 2
      },
      {
        "imageSrc": "一张宽大展示台上整齐摆放着拆卸下来的小米SU7核心零件，包括电机、电池组和散热模块，俯视视角",
        "enterEffect": "zoomIn",
        "tone": "alert",
        "showFrom": 5
      }
    ]
  }
}
-------------------------------------------------------------------------------------------

======================================== REQUEST ========================================
time: 2026-06-20 12:51:46
provider: deepseek
model: deepseek-v4-pro
retries: 3

[PROMPT]
你是短视频字幕与画面细节处理专家。请把指定台词细化为字模显示参数。


## 完整段落上下文（仅供理解整体语境，判断当前句子的重要性）
直播拆车就更狠了。

小米SU7，欢迎任何人拆。官方拆，个人博主拆，轮毂电机、CTC电池、热管理系统，件件摆上台面。

经得起拆，才敢让人拆。

界车呢？官方不给拆，博主想拆？不允许。

为什么？咱也不敢说，咱也不敢问。


## 🎯 待处理的目标文案
经得起拆，才敢让人拆。

## 目标文案content的数组结构
生成模板参数时，format为content_index的字段依据此数组选择匹配的索引，用于决定相应内容出现在动画中的时机

[
  {
    "index": 0,
    "text": "经得起拆，"
  },
  {
    "index": 1,
    "text": "才敢让人拆。"
  }
]


## 选定模板及参数规范

模板名称：TEXT_FOCUS

参数 Schema 说明：

{
  "type": "object",
  "properties": {
    "coreSentence": {
      "type": "array",
      "minItems": 1,
      "description": "大屏核心文案，每元素一行：可为 string，或 { text, showFrom, endFrom? }；showFrom/endFrom 为 content 下标（0-based），非帧数：在该条 startFrame 显现；可选 endFrom 表示在该条播完（startFrame+durationFrames）后起淡出。纯 string 等价于 showFrom=0、无 endFrom。锚点校验时各段 text 按顺序直接拼接（无分隔符）。",
      "items": {
        "oneOf": [
          {
            "type": "string"
          },
          {
            "type": "object",
            "required": [
              "text",
              "showFrom"
            ],
            "properties": {
              "text": {
                "type": "string",
                "description": "该行大屏文案"
              },
              "showFrom": {
                "type": "integer",
                "format": "content_index",
                "description": "content 下标（0-based），非帧数"
              },
              "endFrom": {
                "type": "integer",
                "format": "content_index",
                "description": "可选；content 下标（0-based），非帧数；该行在对应条字幕结束帧（startFrame+durationFrames）起淡出"
              }
            }
          }
        ]
      }
    },
    "coreSentenceAnchors": {
      "type": "array",
      "description": "可选；在 coreSentence 各段拼接后的全文内按顺序高亮子串。每项 coreSentenceAnchor 须为该拼接串的子串，否则会被校验丢弃",
      "items": {
        "type": "object",
        "required": [
          "coreSentenceAnchor"
        ],
        "properties": {
          "coreSentenceAnchor": {
            "type": "string",
            "description": "要高亮的子串，须出现在各 coreSentence 段拼接后的全文内"
          },
          "color": {
            "type": "string",
            "description": "高亮颜色，省略时默认强调色"
          }
        }
      }
    }
  },
  "required": [
    "coreSentence"
  ]
}

// 口播条数（已由程序写入 CONTENT_STR，勿在 param 中输出 content）：口播分句至多 3 条（超出会被校验器告警）


模板该项的示例供参考：

{
  "template": "TEXT_FOCUS",
  "param": {
    "coreSentence": [
      {
        "text": "承认自己“可能错了”并不是一种软弱",
        "showFrom": 0,
        "endFrom": 0
      },
      {
        "text": "而是成长的开始",
        "showFrom": 1,
        "endFrom": 1
      }
    ],
    "coreSentenceAnchors": [
      {
        "coreSentenceAnchor": "可能错了",
        "color": "red"
      }
    ]
  }
}


注意：如果该模板生成的参数包含图片视觉描述（如 imageSrc / leftSrc / rightSrc 等等），请只描述纯视觉场景与动作，绝不要包含任何文字、标语或注音。


## 其他通用说明
1. 锚点（Anchor）— 克制与高价值（适用于 SCHEMA 或上文允许出现锚点/高亮时）：
   - 多数句子应**无锚点**；拿不准就留空或 `[]`，避免满屏高亮。
   - 如果一定需要锚点，只选**整段里真正的高潮、反转或核心名词**（宜 2～4 字、有记忆点）；平庸词、铺垫句不要做成锚点。
   - 颜色建议：`#EF4444`（警示/反转/负面/结论）、`#000000`（事实/术语/数据）。动画 `anim`：`spring` | `slideUp` | `popIn` | `highlight`。
   - 音效可选(仅写在锚点对象上的 `audioEffect`)：`impact_thud` | `ping` | `woosh`

2. 视觉标题与字幕分离（仅当 SCHEMA 要求 `notText` / `butText` / `conceptName`、或 DOS_AND_DONTS 的 `left.label` / `right.label` 等时）：

   - 填**极简关键词（约 2～6 字）**，禁止把整句台词搬进标题字段。



## 输出格式（严格 JSON，不要 markdown 代码块）
补全当前模板的param,非数组：
{ "param": { ... } }

===========================================================================================
---------------------------------------- RESPONSE ----------------------------------------
time: 2026-06-20 12:51:56
attempt: 1/3

[OUTPUT]
{"param":{"coreSentence":[{"text":"经得起拆，","showFrom":0,"endFrom":0},{"text":"才敢让人拆。","showFrom":1,"endFrom":1}]}}
-------------------------------------------------------------------------------------------

======================================== REQUEST ========================================
time: 2026-06-20 12:51:56
provider: deepseek
model: deepseek-v4-pro
retries: 3

[PROMPT]
你是短视频字幕与画面细节处理专家。请把指定台词细化为字模显示参数。


## 完整段落上下文（仅供理解整体语境，判断当前句子的重要性）
直播拆车就更狠了。

小米SU7，欢迎任何人拆。官方拆，个人博主拆，轮毂电机、CTC电池、热管理系统，件件摆上台面。

经得起拆，才敢让人拆。

界车呢？官方不给拆，博主想拆？不允许。

为什么？咱也不敢说，咱也不敢问。


## 🎯 待处理的目标文案
界车呢？官方不给拆，博主想拆？不允许。

## 目标文案content的数组结构
生成模板参数时，format为content_index的字段依据此数组选择匹配的索引，用于决定相应内容出现在动画中的时机

[
  {
    "index": 0,
    "text": "界车呢？"
  },
  {
    "index": 1,
    "text": "官方不给拆，"
  },
  {
    "index": 2,
    "text": "博主想拆？"
  },
  {
    "index": 3,
    "text": "不允许。"
  }
]


## 选定模板及参数规范

模板名称：SPLIT_COMPARE

参数 Schema 说明：

{
  "type": "object",
  "properties": {
    "leftSrc": {
      "type": "string",
      "format": "image_prompt",
      "description": "左侧图片描述"
    },
    "rightSrc": {
      "type": "string",
      "format": "image_prompt",
      "description": "右侧图片描述"
    },
    "leftLabel": {
      "type": "string",
      "description": "左侧标签（2～6 字为宜）"
    },
    "rightLabel": {
      "type": "string",
      "description": "右侧标签（2～6 字为宜）"
    },
    "leftShowFrom": {
      "type": "integer",
      "format": "content_index",
      "description": "左侧图与标签出现的时刻：取 content 数组下标（0-based），入场帧为该条的 startFrame；省略或越界则从 0 帧起"
    },
    "rightShowFrom": {
      "type": "integer",
      "format": "content_index",
      "description": "右侧图与标签出现的时刻：取 content 数组下标（0-based），入场帧为该条的 startFrame；省略或越界则从 0 帧起"
    }
  },
  "required": [
    "leftSrc",
    "rightSrc",
    "leftLabel",
    "rightLabel"
  ]
}


模板该项的示例供参考：

{
  "template": "SPLIT_COMPARE",
  "param": {
    "leftSrc": "传统低效工作图标",
    "rightSrc": "高效数字工具图标",
    "leftLabel": "旧方法",
    "rightLabel": "新方法"
  }
}


注意：如果该模板生成的参数包含图片视觉描述（如 imageSrc / leftSrc / rightSrc 等等），请只描述纯视觉场景与动作，绝不要包含任何文字、标语或注音。


## 其他通用说明
1. 锚点（Anchor）— 克制与高价值（适用于 SCHEMA 或上文允许出现锚点/高亮时）：
   - 多数句子应**无锚点**；拿不准就留空或 `[]`，避免满屏高亮。
   - 如果一定需要锚点，只选**整段里真正的高潮、反转或核心名词**（宜 2～4 字、有记忆点）；平庸词、铺垫句不要做成锚点。
   - 颜色建议：`#EF4444`（警示/反转/负面/结论）、`#000000`（事实/术语/数据）。动画 `anim`：`spring` | `slideUp` | `popIn` | `highlight`。
   - 音效可选(仅写在锚点对象上的 `audioEffect`)：`impact_thud` | `ping` | `woosh`

2. 视觉标题与字幕分离（仅当 SCHEMA 要求 `notText` / `butText` / `conceptName`、或 DOS_AND_DONTS 的 `left.label` / `right.label` 等时）：

   - 填**极简关键词（约 2～6 字）**，禁止把整句台词搬进标题字段。



## 输出格式（严格 JSON，不要 markdown 代码块）
补全当前模板的param,非数组：
{ "param": { ... } }

===========================================================================================
---------------------------------------- RESPONSE ----------------------------------------
time: 2026-06-20 12:52:07
attempt: 1/3

[OUTPUT]
{
  "param": {
    "leftSrc": "一辆盖着厚重车衣、被铁链和锁头紧紧捆绑的黑色SUV，四周环绕着禁止符号和问号，气氛神秘压抑",
    "rightSrc": "一辆白色轿车被完全拆解，底盘、电池、电机等零件整齐陈列在透明展台上，灯光照亮，开放自信",
    "leftLabel": "拒绝拆解",
    "rightLabel": "欢迎拆解",
    "leftShowFrom": 0,
    "rightShowFrom": 0
  }
}
-------------------------------------------------------------------------------------------

======================================== REQUEST ========================================
time: 2026-06-20 12:52:07
provider: deepseek
model: deepseek-v4-pro
retries: 3

[PROMPT]
你是短视频字幕与画面细节处理专家。请把指定台词细化为字模显示参数。


## 完整段落上下文（仅供理解整体语境，判断当前句子的重要性）
直播拆车就更狠了。

小米SU7，欢迎任何人拆。官方拆，个人博主拆，轮毂电机、CTC电池、热管理系统，件件摆上台面。

经得起拆，才敢让人拆。

界车呢？官方不给拆，博主想拆？不允许。

为什么？咱也不敢说，咱也不敢问。


## 🎯 待处理的目标文案
为什么？咱也不敢说，咱也不敢问。

## 目标文案content的数组结构
生成模板参数时，format为content_index的字段依据此数组选择匹配的索引，用于决定相应内容出现在动画中的时机

[
  {
    "index": 0,
    "text": "为什么？"
  },
  {
    "index": 1,
    "text": "咱也不敢说，"
  },
  {
    "index": 2,
    "text": "咱也不敢问。"
  }
]


## 选定模板及参数规范

模板名称：CHAT_BUBBLE

参数 Schema 说明：

{
  "type": "object",
  "properties": {
    "imageSrc": {
      "type": "string",
      "description": "可选；兼容旧 scene-scripts，不参与渲染。头像固定为内置 SVG。"
    },
    "bubbleText": {
      "type": "string",
      "description": "可选；仅用于“气泡里显示的文本”。若传入，将覆盖气泡内默认显示的 content 当前条目文本；但不影响 content 用于时序/字幕渲染。"
    },
    "showFrom": {
      "type": "integer",
      "format": "content_index",
      "description": "可选；指定气泡展示的 content 下标（0-based，非帧数）。合法范围 0～(content 条数-1)，超出会被忽略并回退为按时间轴自动切换。"
    },
    "bubbles": {
      "type": "array",
      "description": "可选；多行对话。存在且非空时按多气泡纵向排列；每项可含 bubbleText、showFrom、align。",
      "items": {
        "type": "object",
        "properties": {
          "bubbleText": {
            "type": "string"
          },
          "showFrom": {
            "type": "integer",
            "format": "content_index"
          },
          "align": {
            "type": "string",
            "enum": [
              "left",
              "right"
            ]
          }
        }
      }
    }
  },
  "required": []
}


模板该项的示例供参考：

{
  "template": "CHAT_BUBBLE",
  "param": {
    "bubbles": [
      {
        "bubbleText": "我真的快被这事逼疯了……",
        "showFrom": 0,
        "align": "left"
      },
      {
        "bubbleText": "别急，先把事实捋清。",
        "showFrom": 1,
        "align": "right"
      }
    ]
  }
}


注意：如果该模板生成的参数包含图片视觉描述（如 imageSrc / leftSrc / rightSrc 等等），请只描述纯视觉场景与动作，绝不要包含任何文字、标语或注音。


## 其他通用说明
1. 锚点（Anchor）— 克制与高价值（适用于 SCHEMA 或上文允许出现锚点/高亮时）：
   - 多数句子应**无锚点**；拿不准就留空或 `[]`，避免满屏高亮。
   - 如果一定需要锚点，只选**整段里真正的高潮、反转或核心名词**（宜 2～4 字、有记忆点）；平庸词、铺垫句不要做成锚点。
   - 颜色建议：`#EF4444`（警示/反转/负面/结论）、`#000000`（事实/术语/数据）。动画 `anim`：`spring` | `slideUp` | `popIn` | `highlight`。
   - 音效可选(仅写在锚点对象上的 `audioEffect`)：`impact_thud` | `ping` | `woosh`

2. 视觉标题与字幕分离（仅当 SCHEMA 要求 `notText` / `butText` / `conceptName`、或 DOS_AND_DONTS 的 `left.label` / `right.label` 等时）：

   - 填**极简关键词（约 2～6 字）**，禁止把整句台词搬进标题字段。



## 输出格式（严格 JSON，不要 markdown 代码块）
补全当前模板的param,非数组：
{ "param": { ... } }

===========================================================================================
---------------------------------------- RESPONSE ----------------------------------------
time: 2026-06-20 12:52:14
attempt: 1/3

[OUTPUT]
{
  "param": {
    "bubbles": [
      {
        "bubbleText": "为什么？",
        "showFrom": 0,
        "align": "left"
      },
      {
        "bubbleText": "咱也不敢说，",
        "showFrom": 1,
        "align": "left"
      },
      {
        "bubbleText": "咱也不敢问。",
        "showFrom": 2,
        "align": "left"
      }
    ]
  }
}
-------------------------------------------------------------------------------------------

======================================== REQUEST ========================================
time: 2026-06-20 12:52:14
provider: deepseek
model: deepseek-v4-pro
retries: 3

[PROMPT]
你是短视频字幕与画面细节处理专家。请把指定台词细化为字模显示参数。


## 完整段落上下文（仅供理解整体语境，判断当前句子的重要性）
赛道不是炫技，是性能与操控的照妖镜。

耐力赛不是表演，是三电的试金石。

直播不是作秀，是续航的聚光灯。

拆车不是破坏，是用料的透视镜。

界车可以选择不上赛道，不许拆车，不给直播。
但你们，作为消费者，难道真的不要问一句吗，

遥遥领先，到底领先在哪里？

就靠一张嘴，是吗？


## 🎯 待处理的目标文案
赛道不是炫技，是性能与操控的照妖镜。
耐力赛不是表演，是三电的试金石。

## 目标文案content的数组结构
生成模板参数时，format为content_index的字段依据此数组选择匹配的索引，用于决定相应内容出现在动画中的时机

[
  {
    "index": 0,
    "text": "赛道不是炫技，"
  },
  {
    "index": 1,
    "text": "是性能与操控的照妖镜。"
  },
  {
    "index": 2,
    "text": "\n耐力赛不是表演，"
  },
  {
    "index": 3,
    "text": "是三电的试金石。"
  }
]


## 选定模板及参数规范

模板名称：PANEL_GRID

参数 Schema 说明：

{
  "type": "object",
  "properties": {
    "panels": {
      "type": "array",
      "minItems": 2,
      "maxItems": 6,
      "description": "宫格配图；showFrom 为 content 下标（0-based），在该条 startFrame 显现",
      "items": {
        "type": "object",
        "required": [
          "src",
          "showFrom"
        ],
        "properties": {
          "src": {
            "type": "string",
            "format": "image_prompt",
            "description": "该宫格配图提示词"
          },
          "showFrom": {
            "type": "integer",
            "format": "content_index",
            "description": "content 下标（0-based），非帧数"
          },
          "position": {
            "type": "string",
            "enum": [
              "center",
              "left",
              "right",
              "top",
              "bottom"
            ],
            "description": "可选；弱提示，布局以宫格为准"
          },
          "enterEffect": {
            "type": "string",
            "enum": [
              "breathe",
              "slideLeft",
              "slideBottom",
              "zoomIn",
              "fadeIn"
            ],
            "default": "fadeIn"
          }
        }
      }
    }
  },
  "required": [
    "panels"
  ]
}

// 口播条数（已由程序写入 CONTENT_STR，勿在 param 中输出 content）：口播分句（item.content）至少 2 条；口播分句至多 8 条（超出会被校验器告警）


模板该项的示例供参考：

{
  "template": "PANEL_GRID",
  "param": {
    "panels": [
      {
        "src": "问号堵住去路的简笔画",
        "showFrom": 0,
        "enterEffect": "zoomIn"
      },
      {
        "src": "放大镜只看一角的简笔画",
        "showFrom": 1
      },
      {
        "src": "两人各执一词的简笔画",
        "showFrom": 2
      }
    ]
  }
}


注意：如果该模板生成的参数包含图片视觉描述（如 imageSrc / leftSrc / rightSrc 等等），请只描述纯视觉场景与动作，绝不要包含任何文字、标语或注音。


## 其他通用说明
1. 锚点（Anchor）— 克制与高价值（适用于 SCHEMA 或上文允许出现锚点/高亮时）：
   - 多数句子应**无锚点**；拿不准就留空或 `[]`，避免满屏高亮。
   - 如果一定需要锚点，只选**整段里真正的高潮、反转或核心名词**（宜 2～4 字、有记忆点）；平庸词、铺垫句不要做成锚点。
   - 颜色建议：`#EF4444`（警示/反转/负面/结论）、`#000000`（事实/术语/数据）。动画 `anim`：`spring` | `slideUp` | `popIn` | `highlight`。
   - 音效可选(仅写在锚点对象上的 `audioEffect`)：`impact_thud` | `ping` | `woosh`

2. 视觉标题与字幕分离（仅当 SCHEMA 要求 `notText` / `butText` / `conceptName`、或 DOS_AND_DONTS 的 `left.label` / `right.label` 等时）：

   - 填**极简关键词（约 2～6 字）**，禁止把整句台词搬进标题字段。



## 输出格式（严格 JSON，不要 markdown 代码块）
补全当前模板的param,非数组：
{ "param": { ... } }

===========================================================================================
---------------------------------------- RESPONSE ----------------------------------------
time: 2026-06-20 12:52:24
attempt: 1/3

[OUTPUT]
{
  "param": {
    "panels": [
      {
        "src": "赛道上一辆赛车飞驰，后视镜照出抽象的操控曲线和性能仪表盘",
        "showFrom": 0,
        "enterEffect": "fadeIn"
      },
      {
        "src": "耐力赛道旁，一块巨大试金石映衬着电池、电机、电控的剪影",
        "showFrom": 2,
        "enterEffect": "fadeIn"
      }
    ]
  }
}
-------------------------------------------------------------------------------------------

======================================== REQUEST ========================================
time: 2026-06-20 12:52:24
provider: deepseek
model: deepseek-v4-pro
retries: 3

[PROMPT]
你是短视频字幕与画面细节处理专家。请把指定台词细化为字模显示参数。


## 完整段落上下文（仅供理解整体语境，判断当前句子的重要性）
赛道不是炫技，是性能与操控的照妖镜。

耐力赛不是表演，是三电的试金石。

直播不是作秀，是续航的聚光灯。

拆车不是破坏，是用料的透视镜。

界车可以选择不上赛道，不许拆车，不给直播。
但你们，作为消费者，难道真的不要问一句吗，

遥遥领先，到底领先在哪里？

就靠一张嘴，是吗？


## 🎯 待处理的目标文案
直播不是作秀，是续航的聚光灯。
拆车不是破坏，是用料的透视镜。

## 目标文案content的数组结构
生成模板参数时，format为content_index的字段依据此数组选择匹配的索引，用于决定相应内容出现在动画中的时机

[
  {
    "index": 0,
    "text": "直播不是作秀，"
  },
  {
    "index": 1,
    "text": "是续航的聚光灯。"
  },
  {
    "index": 2,
    "text": "\n拆车不是破坏，"
  },
  {
    "index": 3,
    "text": "是用料的透视镜。"
  }
]


## 选定模板及参数规范

模板名称：PANEL_GRID

参数 Schema 说明：

{
  "type": "object",
  "properties": {
    "panels": {
      "type": "array",
      "minItems": 2,
      "maxItems": 6,
      "description": "宫格配图；showFrom 为 content 下标（0-based），在该条 startFrame 显现",
      "items": {
        "type": "object",
        "required": [
          "src",
          "showFrom"
        ],
        "properties": {
          "src": {
            "type": "string",
            "format": "image_prompt",
            "description": "该宫格配图提示词"
          },
          "showFrom": {
            "type": "integer",
            "format": "content_index",
            "description": "content 下标（0-based），非帧数"
          },
          "position": {
            "type": "string",
            "enum": [
              "center",
              "left",
              "right",
              "top",
              "bottom"
            ],
            "description": "可选；弱提示，布局以宫格为准"
          },
          "enterEffect": {
            "type": "string",
            "enum": [
              "breathe",
              "slideLeft",
              "slideBottom",
              "zoomIn",
              "fadeIn"
            ],
            "default": "fadeIn"
          }
        }
      }
    }
  },
  "required": [
    "panels"
  ]
}

// 口播条数（已由程序写入 CONTENT_STR，勿在 param 中输出 content）：口播分句（item.content）至少 2 条；口播分句至多 8 条（超出会被校验器告警）


模板该项的示例供参考：

{
  "template": "PANEL_GRID",
  "param": {
    "panels": [
      {
        "src": "问号堵住去路的简笔画",
        "showFrom": 0,
        "enterEffect": "zoomIn"
      },
      {
        "src": "放大镜只看一角的简笔画",
        "showFrom": 1
      },
      {
        "src": "两人各执一词的简笔画",
        "showFrom": 2
      }
    ]
  }
}


注意：如果该模板生成的参数包含图片视觉描述（如 imageSrc / leftSrc / rightSrc 等等），请只描述纯视觉场景与动作，绝不要包含任何文字、标语或注音。


## 其他通用说明
1. 锚点（Anchor）— 克制与高价值（适用于 SCHEMA 或上文允许出现锚点/高亮时）：
   - 多数句子应**无锚点**；拿不准就留空或 `[]`，避免满屏高亮。
   - 如果一定需要锚点，只选**整段里真正的高潮、反转或核心名词**（宜 2～4 字、有记忆点）；平庸词、铺垫句不要做成锚点。
   - 颜色建议：`#EF4444`（警示/反转/负面/结论）、`#000000`（事实/术语/数据）。动画 `anim`：`spring` | `slideUp` | `popIn` | `highlight`。
   - 音效可选(仅写在锚点对象上的 `audioEffect`)：`impact_thud` | `ping` | `woosh`

2. 视觉标题与字幕分离（仅当 SCHEMA 要求 `notText` / `butText` / `conceptName`、或 DOS_AND_DONTS 的 `left.label` / `right.label` 等时）：

   - 填**极简关键词（约 2～6 字）**，禁止把整句台词搬进标题字段。



## 输出格式（严格 JSON，不要 markdown 代码块）
补全当前模板的param,非数组：
{ "param": { ... } }

===========================================================================================
---------------------------------------- RESPONSE ----------------------------------------
time: 2026-06-20 12:52:31
attempt: 1/3

[OUTPUT]
{ "param": { "panels": [ { "src": "直播画面中，摄像机闪烁红点，背景光影流动，突出作秀感", "showFrom": 0, "enterEffect": "fadeIn" }, { "src": "聚光灯投射在汽车电池上，续航数字隐约可见", "showFrom": 1, "enterEffect": "breathe" }, { "src": "汽车被拆解，零件散落，但展现内部结构的精密", "showFrom": 2, "enterEffect": "slideLeft" }, { "src": "X射线透视汽车车身，显现高强度钢和铝合金骨架", "showFrom": 3, "enterEffect": "zoomIn" } ] } }
-------------------------------------------------------------------------------------------

======================================== REQUEST ========================================
time: 2026-06-20 12:52:31
provider: deepseek
model: deepseek-v4-pro
retries: 3

[PROMPT]
你是短视频字幕与画面细节处理专家。请把指定台词细化为字模显示参数。


## 完整段落上下文（仅供理解整体语境，判断当前句子的重要性）
赛道不是炫技，是性能与操控的照妖镜。

耐力赛不是表演，是三电的试金石。

直播不是作秀，是续航的聚光灯。

拆车不是破坏，是用料的透视镜。

界车可以选择不上赛道，不许拆车，不给直播。
但你们，作为消费者，难道真的不要问一句吗，

遥遥领先，到底领先在哪里？

就靠一张嘴，是吗？


## 🎯 待处理的目标文案
界车可以选择不上赛道，不许拆车，不给直播。

## 目标文案content的数组结构
生成模板参数时，format为content_index的字段依据此数组选择匹配的索引，用于决定相应内容出现在动画中的时机

[
  {
    "index": 0,
    "text": "界车可以选择不上赛道，"
  },
  {
    "index": 1,
    "text": "不许拆车，"
  },
  {
    "index": 2,
    "text": "不给直播。"
  }
]


## 选定模板及参数规范

模板名称：CENTER_FOCUS

参数 Schema 说明：

{
  "type": "object",
  "properties": {
    "imageSrc": {
      "type": "string",
      "format": "image_prompt",
      "description": "主图描述"
    },
    "enterEffect": {
      "type": "string",
      "enum": [
        "fadeIn",
        "slideLeft",
        "slideBottom",
        "zoomIn"
      ],
      "default": "fadeIn",
      "description": "图片入场方式（breathe 呼吸效果始终常驻，无需指定）"
    },
    "anchors": {
      "type": "array",
      "description": "可选；用于锚点词展示（顶部依次出现并保留为列表），并绑定锚点出现时机的音效。showFrom 须落在当前 content 条数范围内。注意 **保持克制，尽量少设置锚点** 只提取整段里真正的高潮、反转或核心名词",
      "items": {
        "type": "object",
        "required": [
          "text",
          "showFrom"
        ],
        "properties": {
          "text": {
            "type": "string",
            "description": "要展示的锚点词"
          },
          "showFrom": {
            "type": "integer",
            "format": "content_index",
            "description": "content 数组下标（0-based），非帧数；合法范围 0～(content 条数-1)，超出会被校验丢弃"
          },
          "color": {
            "type": "string"
          },
          "anim": {
            "type": "string",
            "enum": [
              "spring",
              "slideUp",
              "popIn",
              "highlight"
            ]
          },
          "audioEffect": {
            "type": "string",
            "enum": [
              "impact_thud",
              "ping",
              "woosh"
            ]
          }
        }
      }
    }
  },
  "required": [
    "imageSrc"
  ]
}


模板该项的示例供参考：

{
  "template": "CENTER_FOCUS",
  "param": {
    "imageSrc": "上班族坐在电脑前的简笔画图标",
    "enterEffect": "fadeIn",
    "anchors": [
      {
        "text": "可得性启发",
        "showFrom": 0,
        "color": "red"
      }
    ]
  }
}


注意：如果该模板生成的参数包含图片视觉描述（如 imageSrc / leftSrc / rightSrc 等等），请只描述纯视觉场景与动作，绝不要包含任何文字、标语或注音。


## 其他通用说明
1. 锚点（Anchor）— 克制与高价值（适用于 SCHEMA 或上文允许出现锚点/高亮时）：
   - 多数句子应**无锚点**；拿不准就留空或 `[]`，避免满屏高亮。
   - 如果一定需要锚点，只选**整段里真正的高潮、反转或核心名词**（宜 2～4 字、有记忆点）；平庸词、铺垫句不要做成锚点。
   - 颜色建议：`#EF4444`（警示/反转/负面/结论）、`#000000`（事实/术语/数据）。动画 `anim`：`spring` | `slideUp` | `popIn` | `highlight`。
   - 音效可选(仅写在锚点对象上的 `audioEffect`)：`impact_thud` | `ping` | `woosh`

2. 视觉标题与字幕分离（仅当 SCHEMA 要求 `notText` / `butText` / `conceptName`、或 DOS_AND_DONTS 的 `left.label` / `right.label` 等时）：

   - 填**极简关键词（约 2～6 字）**，禁止把整句台词搬进标题字段。



## 输出格式（严格 JSON，不要 markdown 代码块）
补全当前模板的param,非数组：
{ "param": { ... } }

===========================================================================================
---------------------------------------- RESPONSE ----------------------------------------
time: 2026-06-20 12:52:37
attempt: 1/3

[OUTPUT]
{
  "param": {
    "imageSrc": "一辆流线型汽车被半透明屏障笼罩，车身上映出红色禁止符号的剪影，聚光灯从上方打下",
    "enterEffect": "fadeIn",
    "anchors": []
  }
}
-------------------------------------------------------------------------------------------

======================================== REQUEST ========================================
time: 2026-06-20 12:52:37
provider: deepseek
model: deepseek-v4-pro
retries: 3

[PROMPT]
你是短视频字幕与画面细节处理专家。请把指定台词细化为字模显示参数。


## 完整段落上下文（仅供理解整体语境，判断当前句子的重要性）
赛道不是炫技，是性能与操控的照妖镜。

耐力赛不是表演，是三电的试金石。

直播不是作秀，是续航的聚光灯。

拆车不是破坏，是用料的透视镜。

界车可以选择不上赛道，不许拆车，不给直播。
但你们，作为消费者，难道真的不要问一句吗，

遥遥领先，到底领先在哪里？

就靠一张嘴，是吗？


## 🎯 待处理的目标文案
但你们，作为消费者，难道真的不要问一句吗，
遥遥领先，到底领先在哪里？
就靠一张嘴，是吗？

## 目标文案content的数组结构
生成模板参数时，format为content_index的字段依据此数组选择匹配的索引，用于决定相应内容出现在动画中的时机

[
  {
    "index": 0,
    "text": "但你们，"
  },
  {
    "index": 1,
    "text": "作为消费者，"
  },
  {
    "index": 2,
    "text": "难道真的不要问一句吗，"
  },
  {
    "index": 3,
    "text": "\n遥遥领先，"
  },
  {
    "index": 4,
    "text": "到底领先在哪里？"
  },
  {
    "index": 5,
    "text": "\n就靠一张嘴，"
  },
  {
    "index": 6,
    "text": "是吗？"
  }
]


## 选定模板及参数规范

模板名称：BEAT_SEQUENCE

参数 Schema 说明：

{
  "type": "object",
  "properties": {
    "stages": {
      "type": "array",
      "minItems": 2,
      "maxItems": 4,
      "description": "配图序列：每条 stage 一张图；imageSrc、enterEffect、可选 tone（calm|alert）、可选 showFrom（对齐镜头外层 content[] 下标）",
      "items": {
        "type": "object",
        "required": [
          "imageSrc"
        ],
        "properties": {
          "imageSrc": {
            "type": "string",
            "format": "image_prompt",
            "description": "该节拍配图提示词"
          },
          "enterEffect": {
            "type": "string",
            "enum": [
              "breathe",
              "slideLeft",
              "slideBottom",
              "zoomIn",
              "fadeIn"
            ],
            "default": "breathe",
            "description": "入场效果"
          },
          "tone": {
            "type": "string",
            "enum": [
              "calm",
              "alert"
            ],
            "description": "首条可 calm，其余默认可 alert"
          },
          "showFrom": {
            "type": "content_index",
            "minimum": 0,
            "description": "镜头 item 外层 content 数组（与 param 同级）的 0-based 下标；从该条 startFrame 起显示本图。省略则等于当前 stages 下标 i（与第 i 条口播同步）"
          }
        }
      }
    }
  },
  "required": [
    "stages"
  ]
}

// 口播条数（已由程序写入 CONTENT_STR，勿在 param 中输出 content）：口播分句（item.content）至少 2 条；口播分句至多 4 条（超出会被校验器告警）


模板该项的示例供参考：

{
  "template": "BEAT_SEQUENCE",
  "param": {
    "stages": [
      {
        "imageSrc": "问句配图简笔画",
        "enterEffect": "breathe"
      },
      {
        "imageSrc": "转折警示配图",
        "enterEffect": "slideBottom"
      },
      {
        "imageSrc": "结论冲击配图",
        "enterEffect": "slideBottom"
      }
    ]
  }
}


注意：如果该模板生成的参数包含图片视觉描述（如 imageSrc / leftSrc / rightSrc 等等），请只描述纯视觉场景与动作，绝不要包含任何文字、标语或注音。


## 其他通用说明
1. 锚点（Anchor）— 克制与高价值（适用于 SCHEMA 或上文允许出现锚点/高亮时）：
   - 多数句子应**无锚点**；拿不准就留空或 `[]`，避免满屏高亮。
   - 如果一定需要锚点，只选**整段里真正的高潮、反转或核心名词**（宜 2～4 字、有记忆点）；平庸词、铺垫句不要做成锚点。
   - 颜色建议：`#EF4444`（警示/反转/负面/结论）、`#000000`（事实/术语/数据）。动画 `anim`：`spring` | `slideUp` | `popIn` | `highlight`。
   - 音效可选(仅写在锚点对象上的 `audioEffect`)：`impact_thud` | `ping` | `woosh`

2. 视觉标题与字幕分离（仅当 SCHEMA 要求 `notText` / `butText` / `conceptName`、或 DOS_AND_DONTS 的 `left.label` / `right.label` 等时）：

   - 填**极简关键词（约 2～6 字）**，禁止把整句台词搬进标题字段。



## 输出格式（严格 JSON，不要 markdown 代码块）
补全当前模板的param,非数组：
{ "param": { ... } }

===========================================================================================
---------------------------------------- RESPONSE ----------------------------------------
time: 2026-06-20 12:52:55
attempt: 1/3

[OUTPUT]
{
  "param": {
    "stages": [
      {
        "imageSrc": "一个消费者站在汽车展厅里，手托下巴疑惑地思考",
        "enterEffect": "breathe",
        "tone": "calm",
        "showFrom": 0
      },
      {
        "imageSrc": "一辆汽车在赛道上飞驰，其他车辆远远落后，形成对比",
        "enterEffect": "slideBottom",
        "tone": "alert",
        "showFrom": 3
      },
      {
        "imageSrc": "一张夸张的嘴部特写，嘴唇上下翻动在说话",
        "enterEffect": "slideBottom",
        "tone": "alert",
        "showFrom": 5
      }
    ]
  }
}
-------------------------------------------------------------------------------------------
