
======================================== REQUEST ========================================
time: 2026-06-05 22:01:00
provider: deepseek
model: deepseek-v4-pro
retries: 3

[PROMPT]
你是「镜头分镜 + 动画模板选型」联合优化器。你的任务是在**不改写口播原文**的前提下，把场景原文切成更“原子化”的镜头item，并为每个镜头选择最合适的 `template`。

## 🎥 视频大背景
- **核心主题**：你以为你在白嫖福利？其实整个国家都是你养的
- **当前场景**：引入：白嫖认知错觉

## 📄 场景原文（严禁修改、严禁漏字、严禁补字）
废掉一个人的底气，就是让他觉得，自己一直在白嫖国家的福利。

很多人觉得，自己从来没有主动交过税，没有给国家做过贡献，自己享受的一切福利都是占了便宜。于是，在公共事务面前，他们自觉站到了边缘。不敢提诉求，也不敢谈权利。但这，其实是一个天大的认知错觉。
我必须告诉你，不管你是学生、退休老人、全职家长、自由职业者或者是月入不过五千的上班族，每天，你都在交税。

## 可用模板（共 23 个：`template` 必须且仅能从中选一个）

BEAT_SEQUENCE, CASE_BREAKDOWN, CAUSE_CHAIN, CENTER_FOCUS, CHAT_BUBBLE, CHECKLIST_REVEAL, COGNITIVE_SHIFT, CONCEPT_CARD, DATA_TABLE, DOS_AND_DONTS, KPI_HERO, MAGNIFYING_GLASS, METHOD_STACK, PANEL_GRID, PEER_INDUCT, PROGRESS_RING, QUOTE_CITATION, SPLIT_COMPARE, STAT_COMPARE, STEP_LIST, TEXT_FOCUS, TIMELINE, TREE_DIAGRAM

选型规则以主提示词中的决策树与自检清单为准；参数结构不在此展开，后续步骤会按 Schema 生成 `param`。

---

## 🎯 总目标（必须同时满足）
1. **逐字一致**：每个 item 的 `text` 必须是原文的连续子串；所有 item 的 `text` 按顺序拼接后必须与原文完全一致（允许忽略空白差异，但不能改变任何非空白字符）。
2. **覆盖完整**：原文中每一个字符都必须且只能落在一个 item 里（不重叠、不遗漏）。
3. **表达原子化**：**一个 item 只允许一个主表达结构**（对比/命名/步骤/引用/数据/节拍递进/金句冲击/平铺叙述）。若同一段里混了两种结构，必须拆成多个 item。
4. **长度合理**：为了避免视觉疲劳，一个item中的text拼接后如果长于 50 字应该拆分成多个item。
5. 模板是为了更好的表达item中的text

---

## ✂️ 分镜原则

### Phase 1：时长锚点（量化判断基准）
- 正常语速约 **4~5 字/秒**，单个镜头的理想口播时长：**3~8 秒（约 12~40 字）**
- ⚠️ **< 12 字**的分段：除非是独立金句，否则**必须合并**到相邻镜头
- ⚠️ **> 50 字**的分段：意味着画面停留太久，观众注意力衰减，建议拆分，但拆分点本身仍需有叙事依据
- 在 `estimatedSeconds` 字段中标注预估秒数（字数 ÷ 4.5，保留一位小数）
- 除非模板使用TextFocus，否则不允许content中只有一个Text的情况

### Phase 2：切分信号强度模型
按叙事信号强度决定是否新建镜头，**而非按标点机械切分**：

**🔴 强信号（应新建镜头）**：
- 叙事角色彻底转换：说理/定义 → 举例/场景还原
- 叙事角色彻底转换：铺垫/铺陈 → 行动号召/结论
- 情绪段位跳变：平静分析 → 震惊转折 → 收束共情
- 视觉主体完全更换：讨论 A 话题 → 转到独立的 B 话题

**🟡 中等信号（倾向合并，但单段超过 40 字时可拆）**：
- 同一论点下的多个分点（第一、第二、第三……）
- 同一比喻的铺垫与揭示
- 同一因果链的前提与结论

**🟢 弱信号（严禁作为切分依据）**：
- 普通逗号、顿号、冒号后的补充说明
- 同一句话的前后半段
- "而且""此外""所以"等常见连接词（需配合叙事角色判断）

### Phase 3：合并检查
拆完后对所有 items 做全局合并检查：
- 相邻两个 items 若切分信号为"弱"且合并后总字数不超过 45 字 → **强制合并**
- 相邻两个 items 若叙事角色完全相同、画面视觉重心也相同 → **强制合并**

## 🧭 结构识别 → 模板选型（从上到下命中第一条）

### A. 数据/量化结论（expressionTag=data）
- 两项指标同框对比（涨跌、前后、A/B）→ `STAT_COMPARE`（必须能抽象出两个非负整数）
- 单指标完成度/占比/达成率 → `PROGRESS_RING`
- 单个核心数值/排名/增长率强调 → `KPI_HERO`

### B. 对错/强导向（expressionTag=contrast）
- 明确“别这样/要这样”“错误/正确” → `DOS_AND_DONTS`
- “不是…而是…” → `COGNITIVE_SHIFT`

### C. 多分点/清单/步骤（expressionTag=list|steps|method）
- 两方/两方案并列（更中立的 A vs B）→ `SPLIT_COMPARE`
- 当前 item 原文明确展开 **2～4** 个并列分点/并列例子，且每点需独立配图（宫格）→ `PANEL_GRID`
- 明确步骤序列/短清单，且【同一 item 内】可抽取出 2～6 条“短步骤”（如同时出现“第一/第二/第三…”或“1)/2)/3)”），并且每条步骤建议 ≤10 字、无长解释句 → `STEP_LIST`
  - 反例：只有“第一/第二”这一个标题句（单条）不要选 `STEP_LIST`（至少需要 2 条）
  - 反例：每条方法/步骤后面还跟较长解释、追问或补充句（例如任一解释段 >30 字）→ 不适合 `STEP_LIST`，应拆分 item，并优先用 `METHOD_STACK`（标题式核心 + 解释展开）或 `CENTER_FOCUS`
- “一个标题式核心（方法/建议/观点/卖点/亮点/推荐理由）+ 2～4 句解释展开” → `METHOD_STACK`
- 同一**案例/子话题**、**单主图**，口播 **4～6 句** 呈「个案→误判/推论→纠偏→收束」叙事弧 → `CASE_BREAKDOWN`（非「第一/第二」方法清单、非多图节拍时用本模板；方法要点式仍用 `METHOD_STACK`）

### D. 节拍递进（expressionTag=beat）
- 同一镜头内 2～4 段口播节拍递进（问→驳→收束；铺垫→转折→结论），希望画面跟着分段变化 → `BEAT_SEQUENCE`
  - **提示**：如果递进里还夹杂“强对照/命名”，通常应拆成多个 item，不要硬塞一个 `BEAT_SEQUENCE`。
- 同一镜头内 **因果链 / 机制传导**（因→果→再果，每环一图，无时间轴刻度）→ `CAUSE_CHAIN`

### E. 引用/命名/聚焦（expressionTag=quote|concept|focus）
- 名言、著作、研究、媒体引用、用户评价、证言摘录 → `QUOTE_CITATION`
- 对“专业术语、概念、产品名、品牌关键词、功能名等”新名词进行解释→ `CONCEPT_CARD`
- 需要把注意力锁定到一个关键词/短语/关键细节/核心发现上 → `MAGNIFYING_GLASS`
  - 必须存在明确落点句（如“关键在于…”“核心是…”“结论是…”）
  - 需要后续可提取 1～2 个高价值锚点短语（否则不要选）

### F. 金句冲击（expressionTag=focus）
- 全片级短促强结论、无需配图 → `TEXT_FOCUS`

### G. 时间轴，先后关系（expressionTag=timeline）
- 明确时间先后/阶段演进（过去→现在→未来）→ `TIMELINE`

### G2. 收束清单（expressionTag≈conclusion|list）
- 收束、行动检查项、要点复诵，需要**逐项打勾显现**（非编号短步骤、非并列大图组）→ `CHECKLIST_REVEAL`

### H. 默认（expressionTag=neutral）
- 平缓叙述、单图即可、无上述结构 → `CENTER_FOCUS`

---

## ✅ 输出格式（严格 JSON，禁止包含 markdown 代码块）
{
  "items": [
    {
      "text": "逐字口播片段（必须来自原文，且拼接后覆盖原文）",
      "narrativeType": "HOOK | LOGIC | CASE | DATA | CONCLUSION | TRANSITION",
      "template": "必须来自可用模板列表",
      "expressionTag": "data | contrast | list | steps | method | beat | quote | concept | focus | timeline | neutral",
      "confidence": "low | medium | high",
      "reasoning": "一句话说明：该段的主表达结构是什么 → 为什么选该模板 → 若拆分/合并，理由是什么"
    }
  ]
}

===========================================================================================
---------------------------------------- RESPONSE ----------------------------------------
time: 2026-06-05 22:02:08
attempt: 1/3

[OUTPUT]
{
  "items": [
    {
      "text": "废掉一个人的底气，就是让他觉得，自己一直在白嫖国家的福利。",
      "narrativeType": "HOOK",
      "template": "TEXT_FOCUS",
      "expressionTag": "focus",
      "confidence": "high",
      "reasoning": "短促有力的定义金句，有冲击性，适合全片开头的纯文字冲击，无需配图，选择 TEXT_FOCUS。"
    },
    {
      "text": "很多人觉得，自己从来没有主动交过税，没有给国家做过贡献，自己享受的一切福利都是占了便宜。于是，在公共事务面前，他们自觉站到了边缘。不敢提诉求，也不敢谈权利。",
      "narrativeType": "LOGIC",
      "template": "CENTER_FOCUS",
      "expressionTag": "neutral",
      "confidence": "medium",
      "reasoning": "描述普遍误解及其后果，属平缓叙述，无强对比或多分点结构，合并成一个主叙述镜头，用 CENTER_FOCUS 居中展示情景。"
    },
    {
      "text": "但这，其实是一个天大的认知错觉。",
      "narrativeType": "LOGIC",
      "template": "COGNITIVE_SHIFT",
      "expressionTag": "contrast",
      "confidence": "high",
      "reasoning": "直接破除前面铺垫的误解，形成强认知转折，与「不是…而是…」同理，选用 COGNITIVE_SHIFT 突出转变。"
    },
    {
      "text": "我必须告诉你，不管你是学生、退休老人、全职家长、自由职业者或者是月入不过五千的上班族，",
      "narrativeType": "TRANSITION",
      "template": "CENTER_FOCUS",
      "expressionTag": "neutral",
      "confidence": "medium",
      "reasoning": "为最终结论铺垫人群范围，语气保持叙述，拆分为独立镜头以缓冲节奏，为后面的冲击性结论蓄力，选用 CENTER_FOCUS。"
    },
    {
      "text": "每天，你都在交税。",
      "narrativeType": "CONCLUSION",
      "template": "MAGNIFYING_GLASS",
      "expressionTag": "focus",
      "confidence": "high",
      "reasoning": "核心发现句，有“我必须告诉你”引导，可提取高价值锚点“交税”，使用 MAGNIFYING_GLASS 聚焦关键信息，强化记忆点。"
    }
  ]
}
-------------------------------------------------------------------------------------------

======================================== REQUEST ========================================
time: 2026-06-05 22:02:08
provider: deepseek
model: deepseek-v4-pro
retries: 3

[PROMPT]
你是「镜头分镜 + 动画模板选型」联合优化器。你的任务是在**不改写口播原文**的前提下，把场景原文切成更“原子化”的镜头item，并为每个镜头选择最合适的 `template`。

## 🎥 视频大背景
- **核心主题**：你以为你在白嫖福利？其实整个国家都是你养的
- **当前场景**：命名：隐形间接税

## 📄 场景原文（严禁修改、严禁漏字、严禁补字）
你以为没主动交个税，就是没纳税？大错特错。在我们的税收体系里，个税只占很小的一部分。真正的绝对主力，叫做间接税，这是一种隐形的税法，它像水一样，渗透进你生活的每一个缝隙。

## 可用模板（共 23 个：`template` 必须且仅能从中选一个）

BEAT_SEQUENCE, CASE_BREAKDOWN, CAUSE_CHAIN, CENTER_FOCUS, CHAT_BUBBLE, CHECKLIST_REVEAL, COGNITIVE_SHIFT, CONCEPT_CARD, DATA_TABLE, DOS_AND_DONTS, KPI_HERO, MAGNIFYING_GLASS, METHOD_STACK, PANEL_GRID, PEER_INDUCT, PROGRESS_RING, QUOTE_CITATION, SPLIT_COMPARE, STAT_COMPARE, STEP_LIST, TEXT_FOCUS, TIMELINE, TREE_DIAGRAM

选型规则以主提示词中的决策树与自检清单为准；参数结构不在此展开，后续步骤会按 Schema 生成 `param`。

---

## 🎯 总目标（必须同时满足）
1. **逐字一致**：每个 item 的 `text` 必须是原文的连续子串；所有 item 的 `text` 按顺序拼接后必须与原文完全一致（允许忽略空白差异，但不能改变任何非空白字符）。
2. **覆盖完整**：原文中每一个字符都必须且只能落在一个 item 里（不重叠、不遗漏）。
3. **表达原子化**：**一个 item 只允许一个主表达结构**（对比/命名/步骤/引用/数据/节拍递进/金句冲击/平铺叙述）。若同一段里混了两种结构，必须拆成多个 item。
4. **长度合理**：为了避免视觉疲劳，一个item中的text拼接后如果长于 50 字应该拆分成多个item。
5. 模板是为了更好的表达item中的text

---

## ✂️ 分镜原则

### Phase 1：时长锚点（量化判断基准）
- 正常语速约 **4~5 字/秒**，单个镜头的理想口播时长：**3~8 秒（约 12~40 字）**
- ⚠️ **< 12 字**的分段：除非是独立金句，否则**必须合并**到相邻镜头
- ⚠️ **> 50 字**的分段：意味着画面停留太久，观众注意力衰减，建议拆分，但拆分点本身仍需有叙事依据
- 在 `estimatedSeconds` 字段中标注预估秒数（字数 ÷ 4.5，保留一位小数）
- 除非模板使用TextFocus，否则不允许content中只有一个Text的情况

### Phase 2：切分信号强度模型
按叙事信号强度决定是否新建镜头，**而非按标点机械切分**：

**🔴 强信号（应新建镜头）**：
- 叙事角色彻底转换：说理/定义 → 举例/场景还原
- 叙事角色彻底转换：铺垫/铺陈 → 行动号召/结论
- 情绪段位跳变：平静分析 → 震惊转折 → 收束共情
- 视觉主体完全更换：讨论 A 话题 → 转到独立的 B 话题

**🟡 中等信号（倾向合并，但单段超过 40 字时可拆）**：
- 同一论点下的多个分点（第一、第二、第三……）
- 同一比喻的铺垫与揭示
- 同一因果链的前提与结论

**🟢 弱信号（严禁作为切分依据）**：
- 普通逗号、顿号、冒号后的补充说明
- 同一句话的前后半段
- "而且""此外""所以"等常见连接词（需配合叙事角色判断）

### Phase 3：合并检查
拆完后对所有 items 做全局合并检查：
- 相邻两个 items 若切分信号为"弱"且合并后总字数不超过 45 字 → **强制合并**
- 相邻两个 items 若叙事角色完全相同、画面视觉重心也相同 → **强制合并**

## 🧭 结构识别 → 模板选型（从上到下命中第一条）

### A. 数据/量化结论（expressionTag=data）
- 两项指标同框对比（涨跌、前后、A/B）→ `STAT_COMPARE`（必须能抽象出两个非负整数）
- 单指标完成度/占比/达成率 → `PROGRESS_RING`
- 单个核心数值/排名/增长率强调 → `KPI_HERO`

### B. 对错/强导向（expressionTag=contrast）
- 明确“别这样/要这样”“错误/正确” → `DOS_AND_DONTS`
- “不是…而是…” → `COGNITIVE_SHIFT`

### C. 多分点/清单/步骤（expressionTag=list|steps|method）
- 两方/两方案并列（更中立的 A vs B）→ `SPLIT_COMPARE`
- 当前 item 原文明确展开 **2～4** 个并列分点/并列例子，且每点需独立配图（宫格）→ `PANEL_GRID`
- 明确步骤序列/短清单，且【同一 item 内】可抽取出 2～6 条“短步骤”（如同时出现“第一/第二/第三…”或“1)/2)/3)”），并且每条步骤建议 ≤10 字、无长解释句 → `STEP_LIST`
  - 反例：只有“第一/第二”这一个标题句（单条）不要选 `STEP_LIST`（至少需要 2 条）
  - 反例：每条方法/步骤后面还跟较长解释、追问或补充句（例如任一解释段 >30 字）→ 不适合 `STEP_LIST`，应拆分 item，并优先用 `METHOD_STACK`（标题式核心 + 解释展开）或 `CENTER_FOCUS`
- “一个标题式核心（方法/建议/观点/卖点/亮点/推荐理由）+ 2～4 句解释展开” → `METHOD_STACK`
- 同一**案例/子话题**、**单主图**，口播 **4～6 句** 呈「个案→误判/推论→纠偏→收束」叙事弧 → `CASE_BREAKDOWN`（非「第一/第二」方法清单、非多图节拍时用本模板；方法要点式仍用 `METHOD_STACK`）

### D. 节拍递进（expressionTag=beat）
- 同一镜头内 2～4 段口播节拍递进（问→驳→收束；铺垫→转折→结论），希望画面跟着分段变化 → `BEAT_SEQUENCE`
  - **提示**：如果递进里还夹杂“强对照/命名”，通常应拆成多个 item，不要硬塞一个 `BEAT_SEQUENCE`。
- 同一镜头内 **因果链 / 机制传导**（因→果→再果，每环一图，无时间轴刻度）→ `CAUSE_CHAIN`

### E. 引用/命名/聚焦（expressionTag=quote|concept|focus）
- 名言、著作、研究、媒体引用、用户评价、证言摘录 → `QUOTE_CITATION`
- 对“专业术语、概念、产品名、品牌关键词、功能名等”新名词进行解释→ `CONCEPT_CARD`
- 需要把注意力锁定到一个关键词/短语/关键细节/核心发现上 → `MAGNIFYING_GLASS`
  - 必须存在明确落点句（如“关键在于…”“核心是…”“结论是…”）
  - 需要后续可提取 1～2 个高价值锚点短语（否则不要选）

### F. 金句冲击（expressionTag=focus）
- 全片级短促强结论、无需配图 → `TEXT_FOCUS`

### G. 时间轴，先后关系（expressionTag=timeline）
- 明确时间先后/阶段演进（过去→现在→未来）→ `TIMELINE`

### G2. 收束清单（expressionTag≈conclusion|list）
- 收束、行动检查项、要点复诵，需要**逐项打勾显现**（非编号短步骤、非并列大图组）→ `CHECKLIST_REVEAL`

### H. 默认（expressionTag=neutral）
- 平缓叙述、单图即可、无上述结构 → `CENTER_FOCUS`

---

## ✅ 输出格式（严格 JSON，禁止包含 markdown 代码块）
{
  "items": [
    {
      "text": "逐字口播片段（必须来自原文，且拼接后覆盖原文）",
      "narrativeType": "HOOK | LOGIC | CASE | DATA | CONCLUSION | TRANSITION",
      "template": "必须来自可用模板列表",
      "expressionTag": "data | contrast | list | steps | method | beat | quote | concept | focus | timeline | neutral",
      "confidence": "low | medium | high",
      "reasoning": "一句话说明：该段的主表达结构是什么 → 为什么选该模板 → 若拆分/合并，理由是什么"
    }
  ]
}

===========================================================================================
---------------------------------------- RESPONSE ----------------------------------------
time: 2026-06-05 22:03:24
attempt: 1/3

[OUTPUT]
{
  "items": [
    {
      "text": "你以为没主动交个税，就是没纳税？",
      "narrativeType": "HOOK",
      "template": "CENTER_FOCUS",
      "expressionTag": "neutral",
      "confidence": "high",
      "estimatedSeconds": 3.6,
      "reasoning": "设问句，抛出现象级误解，无对比/步骤等强结构，用默认中心聚焦呈现悬念感。"
    },
    {
      "text": "大错特错。",
      "narrativeType": "LOGIC",
      "template": "TEXT_FOCUS",
      "expressionTag": "focus",
      "confidence": "high",
      "estimatedSeconds": 0.9,
      "reasoning": "短促强否定金句，无需配图，用全屏文字冲击扭转错误认知。"
    },
    {
      "text": "在我们的税收体系里，个税只占很小的一部分。",
      "narrativeType": "LOGIC",
      "template": "CENTER_FOCUS",
      "expressionTag": "neutral",
      "confidence": "high",
      "estimatedSeconds": 4.7,
      "reasoning": "冷静陈述事实，平铺观点为后续概念铺垫，适合中心聚焦单图呈现。"
    },
    {
      "text": "真正的绝对主力，叫做间接税，这是一种隐形的税法，",
      "narrativeType": "LOGIC",
      "template": "CONCEPT_CARD",
      "expressionTag": "concept",
      "confidence": "high",
      "estimatedSeconds": 5.3,
      "reasoning": "首次引出核心概念“间接税”并解释其“隐形税法”属性，用概念卡聚焦命名与定义。"
    },
    {
      "text": "它像水一样，渗透进你生活的每一个缝隙。",
      "narrativeType": "LOGIC",
      "template": "CENTER_FOCUS",
      "expressionTag": "neutral",
      "confidence": "high",
      "estimatedSeconds": 4.2,
      "reasoning": "对间接税的比喻性延伸，强化渗透感，适合配图辅助中心聚焦，并非新概念命名。"
    }
  ]
}
-------------------------------------------------------------------------------------------

======================================== REQUEST ========================================
time: 2026-06-05 22:03:24
provider: deepseek
model: deepseek-v4-pro
retries: 3

[PROMPT]
你是「镜头分镜 + 动画模板选型」联合优化器。你的任务是在**不改写口播原文**的前提下，把场景原文切成更“原子化”的镜头item，并为每个镜头选择最合适的 `template`。

## 🎥 视频大背景
- **核心主题**：你以为你在白嫖福利？其实整个国家都是你养的
- **当前场景**：剖析：商品税收链条

## 📄 场景原文（严禁修改、严禁漏字、严禁补字）
给你算一笔硬核的账。假设你买了一件一百多块钱的衣服。
第一步，原材料采购成本40元，进口棉花关税4.4元，增值税5.2元
第二步，原材料运输成本10元，公路运输0.9增值税，0.8燃油税
第三步，生产制作成本30元，加工各环节3.9元增值税，1.5元企业所得税
第四步，成品运输成本5元，增值税0.45元0.4燃油税
第五步，零售销售 利润25元，3.25增值税与1.25企业所得税

最终税负构成：
直接税20.20元，间接税4.25元
最高纳税总占比 24%

## 可用模板（共 23 个：`template` 必须且仅能从中选一个）

BEAT_SEQUENCE, CASE_BREAKDOWN, CAUSE_CHAIN, CENTER_FOCUS, CHAT_BUBBLE, CHECKLIST_REVEAL, COGNITIVE_SHIFT, CONCEPT_CARD, DATA_TABLE, DOS_AND_DONTS, KPI_HERO, MAGNIFYING_GLASS, METHOD_STACK, PANEL_GRID, PEER_INDUCT, PROGRESS_RING, QUOTE_CITATION, SPLIT_COMPARE, STAT_COMPARE, STEP_LIST, TEXT_FOCUS, TIMELINE, TREE_DIAGRAM

选型规则以主提示词中的决策树与自检清单为准；参数结构不在此展开，后续步骤会按 Schema 生成 `param`。

---

## 🎯 总目标（必须同时满足）
1. **逐字一致**：每个 item 的 `text` 必须是原文的连续子串；所有 item 的 `text` 按顺序拼接后必须与原文完全一致（允许忽略空白差异，但不能改变任何非空白字符）。
2. **覆盖完整**：原文中每一个字符都必须且只能落在一个 item 里（不重叠、不遗漏）。
3. **表达原子化**：**一个 item 只允许一个主表达结构**（对比/命名/步骤/引用/数据/节拍递进/金句冲击/平铺叙述）。若同一段里混了两种结构，必须拆成多个 item。
4. **长度合理**：为了避免视觉疲劳，一个item中的text拼接后如果长于 50 字应该拆分成多个item。
5. 模板是为了更好的表达item中的text

---

## ✂️ 分镜原则

### Phase 1：时长锚点（量化判断基准）
- 正常语速约 **4~5 字/秒**，单个镜头的理想口播时长：**3~8 秒（约 12~40 字）**
- ⚠️ **< 12 字**的分段：除非是独立金句，否则**必须合并**到相邻镜头
- ⚠️ **> 50 字**的分段：意味着画面停留太久，观众注意力衰减，建议拆分，但拆分点本身仍需有叙事依据
- 在 `estimatedSeconds` 字段中标注预估秒数（字数 ÷ 4.5，保留一位小数）
- 除非模板使用TextFocus，否则不允许content中只有一个Text的情况

### Phase 2：切分信号强度模型
按叙事信号强度决定是否新建镜头，**而非按标点机械切分**：

**🔴 强信号（应新建镜头）**：
- 叙事角色彻底转换：说理/定义 → 举例/场景还原
- 叙事角色彻底转换：铺垫/铺陈 → 行动号召/结论
- 情绪段位跳变：平静分析 → 震惊转折 → 收束共情
- 视觉主体完全更换：讨论 A 话题 → 转到独立的 B 话题

**🟡 中等信号（倾向合并，但单段超过 40 字时可拆）**：
- 同一论点下的多个分点（第一、第二、第三……）
- 同一比喻的铺垫与揭示
- 同一因果链的前提与结论

**🟢 弱信号（严禁作为切分依据）**：
- 普通逗号、顿号、冒号后的补充说明
- 同一句话的前后半段
- "而且""此外""所以"等常见连接词（需配合叙事角色判断）

### Phase 3：合并检查
拆完后对所有 items 做全局合并检查：
- 相邻两个 items 若切分信号为"弱"且合并后总字数不超过 45 字 → **强制合并**
- 相邻两个 items 若叙事角色完全相同、画面视觉重心也相同 → **强制合并**

## 🧭 结构识别 → 模板选型（从上到下命中第一条）

### A. 数据/量化结论（expressionTag=data）
- 两项指标同框对比（涨跌、前后、A/B）→ `STAT_COMPARE`（必须能抽象出两个非负整数）
- 单指标完成度/占比/达成率 → `PROGRESS_RING`
- 单个核心数值/排名/增长率强调 → `KPI_HERO`

### B. 对错/强导向（expressionTag=contrast）
- 明确“别这样/要这样”“错误/正确” → `DOS_AND_DONTS`
- “不是…而是…” → `COGNITIVE_SHIFT`

### C. 多分点/清单/步骤（expressionTag=list|steps|method）
- 两方/两方案并列（更中立的 A vs B）→ `SPLIT_COMPARE`
- 当前 item 原文明确展开 **2～4** 个并列分点/并列例子，且每点需独立配图（宫格）→ `PANEL_GRID`
- 明确步骤序列/短清单，且【同一 item 内】可抽取出 2～6 条“短步骤”（如同时出现“第一/第二/第三…”或“1)/2)/3)”），并且每条步骤建议 ≤10 字、无长解释句 → `STEP_LIST`
  - 反例：只有“第一/第二”这一个标题句（单条）不要选 `STEP_LIST`（至少需要 2 条）
  - 反例：每条方法/步骤后面还跟较长解释、追问或补充句（例如任一解释段 >30 字）→ 不适合 `STEP_LIST`，应拆分 item，并优先用 `METHOD_STACK`（标题式核心 + 解释展开）或 `CENTER_FOCUS`
- “一个标题式核心（方法/建议/观点/卖点/亮点/推荐理由）+ 2～4 句解释展开” → `METHOD_STACK`
- 同一**案例/子话题**、**单主图**，口播 **4～6 句** 呈「个案→误判/推论→纠偏→收束」叙事弧 → `CASE_BREAKDOWN`（非「第一/第二」方法清单、非多图节拍时用本模板；方法要点式仍用 `METHOD_STACK`）

### D. 节拍递进（expressionTag=beat）
- 同一镜头内 2～4 段口播节拍递进（问→驳→收束；铺垫→转折→结论），希望画面跟着分段变化 → `BEAT_SEQUENCE`
  - **提示**：如果递进里还夹杂“强对照/命名”，通常应拆成多个 item，不要硬塞一个 `BEAT_SEQUENCE`。
- 同一镜头内 **因果链 / 机制传导**（因→果→再果，每环一图，无时间轴刻度）→ `CAUSE_CHAIN`

### E. 引用/命名/聚焦（expressionTag=quote|concept|focus）
- 名言、著作、研究、媒体引用、用户评价、证言摘录 → `QUOTE_CITATION`
- 对“专业术语、概念、产品名、品牌关键词、功能名等”新名词进行解释→ `CONCEPT_CARD`
- 需要把注意力锁定到一个关键词/短语/关键细节/核心发现上 → `MAGNIFYING_GLASS`
  - 必须存在明确落点句（如“关键在于…”“核心是…”“结论是…”）
  - 需要后续可提取 1～2 个高价值锚点短语（否则不要选）

### F. 金句冲击（expressionTag=focus）
- 全片级短促强结论、无需配图 → `TEXT_FOCUS`

### G. 时间轴，先后关系（expressionTag=timeline）
- 明确时间先后/阶段演进（过去→现在→未来）→ `TIMELINE`

### G2. 收束清单（expressionTag≈conclusion|list）
- 收束、行动检查项、要点复诵，需要**逐项打勾显现**（非编号短步骤、非并列大图组）→ `CHECKLIST_REVEAL`

### H. 默认（expressionTag=neutral）
- 平缓叙述、单图即可、无上述结构 → `CENTER_FOCUS`

---

## ✅ 输出格式（严格 JSON，禁止包含 markdown 代码块）
{
  "items": [
    {
      "text": "逐字口播片段（必须来自原文，且拼接后覆盖原文）",
      "narrativeType": "HOOK | LOGIC | CASE | DATA | CONCLUSION | TRANSITION",
      "template": "必须来自可用模板列表",
      "expressionTag": "data | contrast | list | steps | method | beat | quote | concept | focus | timeline | neutral",
      "confidence": "low | medium | high",
      "reasoning": "一句话说明：该段的主表达结构是什么 → 为什么选该模板 → 若拆分/合并，理由是什么"
    }
  ]
}

===========================================================================================
---------------------------------------- RESPONSE ----------------------------------------
time: 2026-06-05 22:04:32
attempt: 1/3

[OUTPUT]
{
  "items": [
    {
      "text": "给你算一笔硬核的账。假设你买了一件一百多块钱的衣服。",
      "narrativeType": "LOGIC",
      "template": "CENTER_FOCUS",
      "expressionTag": "neutral",
      "confidence": "high",
      "reasoning": "引入算账假设，平缓叙述，没有强烈结构，用CENTER_FOCUS居中聚焦。"
    },
    {
      "text": "第一步，原材料采购成本40元，进口棉花关税4.4元，增值税5.2元",
      "narrativeType": "CASE",
      "template": "METHOD_STACK",
      "expressionTag": "method",
      "confidence": "high",
      "reasoning": "标题式核心（第一步成本）后跟两个解释展开（关税、增值税），符合METHOD_STACK的“标题+解释”结构。"
    },
    {
      "text": "第二步，原材料运输成本10元，公路运输0.9增值税，0.8燃油税",
      "narrativeType": "CASE",
      "template": "METHOD_STACK",
      "expressionTag": "method",
      "confidence": "high",
      "reasoning": "同理，成本标题后展开具体税种，适合METHOD_STACK。"
    },
    {
      "text": "第三步，生产制作成本30元，加工各环节3.9元增值税，1.5元企业所得税",
      "narrativeType": "CASE",
      "template": "METHOD_STACK",
      "expressionTag": "method",
      "confidence": "high",
      "reasoning": "标题式核心后跟两个解释项，继续用METHOD_STACK。"
    },
    {
      "text": "第四步，成品运输成本5元，增值税0.45元0.4燃油税",
      "narrativeType": "CASE",
      "template": "METHOD_STACK",
      "expressionTag": "method",
      "confidence": "high",
      "reasoning": "成本标题后展开两笔税，虽原文无逗号分隔，仍视作两个解释点，用METHOD_STACK。"
    },
    {
      "text": "第五步，零售销售 利润25元，3.25增值税与1.25企业所得税",
      "narrativeType": "CASE",
      "template": "METHOD_STACK",
      "expressionTag": "method",
      "confidence": "high",
      "reasoning": "利润25元为标题核心，后跟增值税与企业所得税两个解释项，适合METHOD_STACK。"
    },
    {
      "text": "最终税负构成：直接税20.20元，间接税4.25元",
      "narrativeType": "CONCLUSION",
      "template": "STAT_COMPARE",
      "expressionTag": "data",
      "confidence": "high",
      "reasoning": "直接税与间接税两个数值同框对比，适合用STAT_COMPARE。"
    },
    {
      "text": "最高纳税总占比 24%",
      "narrativeType": "CONCLUSION",
      "template": "PROGRESS_RING",
      "expressionTag": "data",
      "confidence": "high",
      "reasoning": "单个完成度/占比数字，用PROGRESS_RING展示24%占比。"
    }
  ]
}
-------------------------------------------------------------------------------------------

======================================== REQUEST ========================================
time: 2026-06-05 22:04:32
provider: deepseek
model: deepseek-v4-pro
retries: 3

[PROMPT]
你是「镜头分镜 + 动画模板选型」联合优化器。你的任务是在**不改写口播原文**的前提下，把场景原文切成更“原子化”的镜头item，并为每个镜头选择最合适的 `template`。

## 🎥 视频大背景
- **核心主题**：你以为你在白嫖福利？其实整个国家都是你养的
- **当前场景**：反转：你养活了基建却以为乞讨

## 📄 场景原文（严禁修改、严禁漏字、严禁补字）
你以为你只买了一件衣服？不，你买单的是这整个漫长的税收链条。这笔钱，作为成本的一部分，一分不差，全算在你的最终消费里。你没有去税务局排队。但你每天都在实打实地掏钱。

你以为这只是个例？不，这是整个社会的普遍规律。你买米，买盐，买油，你的每一笔消费，都包含着国家运转的资金。
但讽刺的是。你养活了庞大的基建，你却以为自己在乞讨。很多人看不透这套机制。在政府面前唯唯诺诺，在公共事务上默不作声。你的钱被拿去建了高速公路。你却连在上面走，都觉得是被施舍的。

## 可用模板（共 23 个：`template` 必须且仅能从中选一个）

BEAT_SEQUENCE, CASE_BREAKDOWN, CAUSE_CHAIN, CENTER_FOCUS, CHAT_BUBBLE, CHECKLIST_REVEAL, COGNITIVE_SHIFT, CONCEPT_CARD, DATA_TABLE, DOS_AND_DONTS, KPI_HERO, MAGNIFYING_GLASS, METHOD_STACK, PANEL_GRID, PEER_INDUCT, PROGRESS_RING, QUOTE_CITATION, SPLIT_COMPARE, STAT_COMPARE, STEP_LIST, TEXT_FOCUS, TIMELINE, TREE_DIAGRAM

选型规则以主提示词中的决策树与自检清单为准；参数结构不在此展开，后续步骤会按 Schema 生成 `param`。

---

## 🎯 总目标（必须同时满足）
1. **逐字一致**：每个 item 的 `text` 必须是原文的连续子串；所有 item 的 `text` 按顺序拼接后必须与原文完全一致（允许忽略空白差异，但不能改变任何非空白字符）。
2. **覆盖完整**：原文中每一个字符都必须且只能落在一个 item 里（不重叠、不遗漏）。
3. **表达原子化**：**一个 item 只允许一个主表达结构**（对比/命名/步骤/引用/数据/节拍递进/金句冲击/平铺叙述）。若同一段里混了两种结构，必须拆成多个 item。
4. **长度合理**：为了避免视觉疲劳，一个item中的text拼接后如果长于 50 字应该拆分成多个item。
5. 模板是为了更好的表达item中的text

---

## ✂️ 分镜原则

### Phase 1：时长锚点（量化判断基准）
- 正常语速约 **4~5 字/秒**，单个镜头的理想口播时长：**3~8 秒（约 12~40 字）**
- ⚠️ **< 12 字**的分段：除非是独立金句，否则**必须合并**到相邻镜头
- ⚠️ **> 50 字**的分段：意味着画面停留太久，观众注意力衰减，建议拆分，但拆分点本身仍需有叙事依据
- 在 `estimatedSeconds` 字段中标注预估秒数（字数 ÷ 4.5，保留一位小数）
- 除非模板使用TextFocus，否则不允许content中只有一个Text的情况

### Phase 2：切分信号强度模型
按叙事信号强度决定是否新建镜头，**而非按标点机械切分**：

**🔴 强信号（应新建镜头）**：
- 叙事角色彻底转换：说理/定义 → 举例/场景还原
- 叙事角色彻底转换：铺垫/铺陈 → 行动号召/结论
- 情绪段位跳变：平静分析 → 震惊转折 → 收束共情
- 视觉主体完全更换：讨论 A 话题 → 转到独立的 B 话题

**🟡 中等信号（倾向合并，但单段超过 40 字时可拆）**：
- 同一论点下的多个分点（第一、第二、第三……）
- 同一比喻的铺垫与揭示
- 同一因果链的前提与结论

**🟢 弱信号（严禁作为切分依据）**：
- 普通逗号、顿号、冒号后的补充说明
- 同一句话的前后半段
- "而且""此外""所以"等常见连接词（需配合叙事角色判断）

### Phase 3：合并检查
拆完后对所有 items 做全局合并检查：
- 相邻两个 items 若切分信号为"弱"且合并后总字数不超过 45 字 → **强制合并**
- 相邻两个 items 若叙事角色完全相同、画面视觉重心也相同 → **强制合并**

## 🧭 结构识别 → 模板选型（从上到下命中第一条）

### A. 数据/量化结论（expressionTag=data）
- 两项指标同框对比（涨跌、前后、A/B）→ `STAT_COMPARE`（必须能抽象出两个非负整数）
- 单指标完成度/占比/达成率 → `PROGRESS_RING`
- 单个核心数值/排名/增长率强调 → `KPI_HERO`

### B. 对错/强导向（expressionTag=contrast）
- 明确“别这样/要这样”“错误/正确” → `DOS_AND_DONTS`
- “不是…而是…” → `COGNITIVE_SHIFT`

### C. 多分点/清单/步骤（expressionTag=list|steps|method）
- 两方/两方案并列（更中立的 A vs B）→ `SPLIT_COMPARE`
- 当前 item 原文明确展开 **2～4** 个并列分点/并列例子，且每点需独立配图（宫格）→ `PANEL_GRID`
- 明确步骤序列/短清单，且【同一 item 内】可抽取出 2～6 条“短步骤”（如同时出现“第一/第二/第三…”或“1)/2)/3)”），并且每条步骤建议 ≤10 字、无长解释句 → `STEP_LIST`
  - 反例：只有“第一/第二”这一个标题句（单条）不要选 `STEP_LIST`（至少需要 2 条）
  - 反例：每条方法/步骤后面还跟较长解释、追问或补充句（例如任一解释段 >30 字）→ 不适合 `STEP_LIST`，应拆分 item，并优先用 `METHOD_STACK`（标题式核心 + 解释展开）或 `CENTER_FOCUS`
- “一个标题式核心（方法/建议/观点/卖点/亮点/推荐理由）+ 2～4 句解释展开” → `METHOD_STACK`
- 同一**案例/子话题**、**单主图**，口播 **4～6 句** 呈「个案→误判/推论→纠偏→收束」叙事弧 → `CASE_BREAKDOWN`（非「第一/第二」方法清单、非多图节拍时用本模板；方法要点式仍用 `METHOD_STACK`）

### D. 节拍递进（expressionTag=beat）
- 同一镜头内 2～4 段口播节拍递进（问→驳→收束；铺垫→转折→结论），希望画面跟着分段变化 → `BEAT_SEQUENCE`
  - **提示**：如果递进里还夹杂“强对照/命名”，通常应拆成多个 item，不要硬塞一个 `BEAT_SEQUENCE`。
- 同一镜头内 **因果链 / 机制传导**（因→果→再果，每环一图，无时间轴刻度）→ `CAUSE_CHAIN`

### E. 引用/命名/聚焦（expressionTag=quote|concept|focus）
- 名言、著作、研究、媒体引用、用户评价、证言摘录 → `QUOTE_CITATION`
- 对“专业术语、概念、产品名、品牌关键词、功能名等”新名词进行解释→ `CONCEPT_CARD`
- 需要把注意力锁定到一个关键词/短语/关键细节/核心发现上 → `MAGNIFYING_GLASS`
  - 必须存在明确落点句（如“关键在于…”“核心是…”“结论是…”）
  - 需要后续可提取 1～2 个高价值锚点短语（否则不要选）

### F. 金句冲击（expressionTag=focus）
- 全片级短促强结论、无需配图 → `TEXT_FOCUS`

### G. 时间轴，先后关系（expressionTag=timeline）
- 明确时间先后/阶段演进（过去→现在→未来）→ `TIMELINE`

### G2. 收束清单（expressionTag≈conclusion|list）
- 收束、行动检查项、要点复诵，需要**逐项打勾显现**（非编号短步骤、非并列大图组）→ `CHECKLIST_REVEAL`

### H. 默认（expressionTag=neutral）
- 平缓叙述、单图即可、无上述结构 → `CENTER_FOCUS`

---

## ✅ 输出格式（严格 JSON，禁止包含 markdown 代码块）
{
  "items": [
    {
      "text": "逐字口播片段（必须来自原文，且拼接后覆盖原文）",
      "narrativeType": "HOOK | LOGIC | CASE | DATA | CONCLUSION | TRANSITION",
      "template": "必须来自可用模板列表",
      "expressionTag": "data | contrast | list | steps | method | beat | quote | concept | focus | timeline | neutral",
      "confidence": "low | medium | high",
      "reasoning": "一句话说明：该段的主表达结构是什么 → 为什么选该模板 → 若拆分/合并，理由是什么"
    }
  ]
}

===========================================================================================
---------------------------------------- RESPONSE ----------------------------------------
time: 2026-06-05 22:05:59
attempt: 1/3

[OUTPUT]
{
  "items": [
    {
      "text": "你以为你只买了一件衣服？不，你买单的是这整个漫长的税收链条。",
      "narrativeType": "HOOK",
      "template": "COGNITIVE_SHIFT",
      "expressionTag": "contrast",
      "confidence": "high",
      "reasoning": "反问+否定引出正确认知，构成“不是…而是…”的认知转换，强信号拆出独立镜头。"
    },
    {
      "text": "这笔钱，作为成本的一部分，一分不差，全算在你的最终消费里。你没有去税务局排队。但你每天都在实打实地掏钱。",
      "narrativeType": "LOGIC",
      "template": "COGNITIVE_SHIFT",
      "expressionTag": "contrast",
      "confidence": "medium",
      "reasoning": "表面不用去税务局，实则每天都在掏钱，暗含认知纠正；与上一镜头同一话题但解释稍长，单独成镜以免超过40字。"
    },
    {
      "text": "你以为这只是个例？不，这是整个社会的普遍规律。",
      "narrativeType": "LOGIC",
      "template": "COGNITIVE_SHIFT",
      "expressionTag": "contrast",
      "confidence": "high",
      "reasoning": "将个例误解纠正为普遍规律，强认知转换，独立镜头。"
    },
    {
      "text": "你买米，买盐，买油，你的每一笔消费，都包含着国家运转的资金。",
      "narrativeType": "CASE",
      "template": "CENTER_FOCUS",
      "expressionTag": "neutral",
      "confidence": "medium",
      "reasoning": "用三个日常消费实例论证普遍规律，无对比、无步骤，平铺叙述适合CENTER_FOCUS。"
    },
    {
      "text": "但讽刺的是。你养活了庞大的基建，你却以为自己在乞讨。",
      "narrativeType": "CONCLUSION",
      "template": "COGNITIVE_SHIFT",
      "expressionTag": "contrast",
      "confidence": "high",
      "reasoning": "强烈讽刺转折，揭示认知错位，“养活”与“以为乞讨”形成鲜明对比，适合COGNITIVE_SHIFT。"
    },
    {
      "text": "很多人看不透这套机制。在政府面前唯唯诺诺，在公共事务上默不作声。",
      "narrativeType": "LOGIC",
      "template": "CENTER_FOCUS",
      "expressionTag": "neutral",
      "confidence": "medium",
      "reasoning": "陈述人们的行为表现，无强烈对比或步骤，用平叙镜头过渡。"
    },
    {
      "text": "你的钱被拿去建了高速公路。你却连在上面走，都觉得是被施舍的。",
      "narrativeType": "CONCLUSION",
      "template": "COGNITIVE_SHIFT",
      "expressionTag": "contrast",
      "confidence": "high",
      "reasoning": "具体事例展现“出钱者却以为被施舍”的认知扭曲，强对比收束全篇。"
    }
  ]
}
-------------------------------------------------------------------------------------------

======================================== REQUEST ========================================
time: 2026-06-05 22:05:59
provider: deepseek
model: deepseek-v4-pro
retries: 3

[PROMPT]
你是「镜头分镜 + 动画模板选型」联合优化器。你的任务是在**不改写口播原文**的前提下，把场景原文切成更“原子化”的镜头item，并为每个镜头选择最合适的 `template`。

## 🎥 视频大背景
- **核心主题**：你以为你在白嫖福利？其实整个国家都是你养的
- **当前场景**：召唤：重构身份认知

## 📄 场景原文（严禁修改、严禁漏字、严禁补字）
现在，把腰杆给我挺直了！从今天起，彻底重构你的身份认知。
第一，理直气壮地去享受社会福利。你看到的每一座高架桥，你走过的每一段柏油路。都有你掏出的真金白银。你不是在受人恩惠，你是在享受自己的投资回报。
第二，唤醒你的主人翁意识。当你遇到不合理的现象，当你的合法权益受到侵害，大胆地说出来，勇敢地去争取。你有绝对的资格。你不仅有资格享受福利，你更有资格参与决定每一个政策。

记住。每一次微小的消费。都存在最光荣、最真实的纳税。
你根本不是什么国家的负担。你，就是建设这个国家的，隐形金主！

## 可用模板（共 23 个：`template` 必须且仅能从中选一个）

BEAT_SEQUENCE, CASE_BREAKDOWN, CAUSE_CHAIN, CENTER_FOCUS, CHAT_BUBBLE, CHECKLIST_REVEAL, COGNITIVE_SHIFT, CONCEPT_CARD, DATA_TABLE, DOS_AND_DONTS, KPI_HERO, MAGNIFYING_GLASS, METHOD_STACK, PANEL_GRID, PEER_INDUCT, PROGRESS_RING, QUOTE_CITATION, SPLIT_COMPARE, STAT_COMPARE, STEP_LIST, TEXT_FOCUS, TIMELINE, TREE_DIAGRAM

选型规则以主提示词中的决策树与自检清单为准；参数结构不在此展开，后续步骤会按 Schema 生成 `param`。

---

## 🎯 总目标（必须同时满足）
1. **逐字一致**：每个 item 的 `text` 必须是原文的连续子串；所有 item 的 `text` 按顺序拼接后必须与原文完全一致（允许忽略空白差异，但不能改变任何非空白字符）。
2. **覆盖完整**：原文中每一个字符都必须且只能落在一个 item 里（不重叠、不遗漏）。
3. **表达原子化**：**一个 item 只允许一个主表达结构**（对比/命名/步骤/引用/数据/节拍递进/金句冲击/平铺叙述）。若同一段里混了两种结构，必须拆成多个 item。
4. **长度合理**：为了避免视觉疲劳，一个item中的text拼接后如果长于 50 字应该拆分成多个item。
5. 模板是为了更好的表达item中的text

---

## ✂️ 分镜原则

### Phase 1：时长锚点（量化判断基准）
- 正常语速约 **4~5 字/秒**，单个镜头的理想口播时长：**3~8 秒（约 12~40 字）**
- ⚠️ **< 12 字**的分段：除非是独立金句，否则**必须合并**到相邻镜头
- ⚠️ **> 50 字**的分段：意味着画面停留太久，观众注意力衰减，建议拆分，但拆分点本身仍需有叙事依据
- 在 `estimatedSeconds` 字段中标注预估秒数（字数 ÷ 4.5，保留一位小数）
- 除非模板使用TextFocus，否则不允许content中只有一个Text的情况

### Phase 2：切分信号强度模型
按叙事信号强度决定是否新建镜头，**而非按标点机械切分**：

**🔴 强信号（应新建镜头）**：
- 叙事角色彻底转换：说理/定义 → 举例/场景还原
- 叙事角色彻底转换：铺垫/铺陈 → 行动号召/结论
- 情绪段位跳变：平静分析 → 震惊转折 → 收束共情
- 视觉主体完全更换：讨论 A 话题 → 转到独立的 B 话题

**🟡 中等信号（倾向合并，但单段超过 40 字时可拆）**：
- 同一论点下的多个分点（第一、第二、第三……）
- 同一比喻的铺垫与揭示
- 同一因果链的前提与结论

**🟢 弱信号（严禁作为切分依据）**：
- 普通逗号、顿号、冒号后的补充说明
- 同一句话的前后半段
- "而且""此外""所以"等常见连接词（需配合叙事角色判断）

### Phase 3：合并检查
拆完后对所有 items 做全局合并检查：
- 相邻两个 items 若切分信号为"弱"且合并后总字数不超过 45 字 → **强制合并**
- 相邻两个 items 若叙事角色完全相同、画面视觉重心也相同 → **强制合并**

## 🧭 结构识别 → 模板选型（从上到下命中第一条）

### A. 数据/量化结论（expressionTag=data）
- 两项指标同框对比（涨跌、前后、A/B）→ `STAT_COMPARE`（必须能抽象出两个非负整数）
- 单指标完成度/占比/达成率 → `PROGRESS_RING`
- 单个核心数值/排名/增长率强调 → `KPI_HERO`

### B. 对错/强导向（expressionTag=contrast）
- 明确“别这样/要这样”“错误/正确” → `DOS_AND_DONTS`
- “不是…而是…” → `COGNITIVE_SHIFT`

### C. 多分点/清单/步骤（expressionTag=list|steps|method）
- 两方/两方案并列（更中立的 A vs B）→ `SPLIT_COMPARE`
- 当前 item 原文明确展开 **2～4** 个并列分点/并列例子，且每点需独立配图（宫格）→ `PANEL_GRID`
- 明确步骤序列/短清单，且【同一 item 内】可抽取出 2～6 条“短步骤”（如同时出现“第一/第二/第三…”或“1)/2)/3)”），并且每条步骤建议 ≤10 字、无长解释句 → `STEP_LIST`
  - 反例：只有“第一/第二”这一个标题句（单条）不要选 `STEP_LIST`（至少需要 2 条）
  - 反例：每条方法/步骤后面还跟较长解释、追问或补充句（例如任一解释段 >30 字）→ 不适合 `STEP_LIST`，应拆分 item，并优先用 `METHOD_STACK`（标题式核心 + 解释展开）或 `CENTER_FOCUS`
- “一个标题式核心（方法/建议/观点/卖点/亮点/推荐理由）+ 2～4 句解释展开” → `METHOD_STACK`
- 同一**案例/子话题**、**单主图**，口播 **4～6 句** 呈「个案→误判/推论→纠偏→收束」叙事弧 → `CASE_BREAKDOWN`（非「第一/第二」方法清单、非多图节拍时用本模板；方法要点式仍用 `METHOD_STACK`）

### D. 节拍递进（expressionTag=beat）
- 同一镜头内 2～4 段口播节拍递进（问→驳→收束；铺垫→转折→结论），希望画面跟着分段变化 → `BEAT_SEQUENCE`
  - **提示**：如果递进里还夹杂“强对照/命名”，通常应拆成多个 item，不要硬塞一个 `BEAT_SEQUENCE`。
- 同一镜头内 **因果链 / 机制传导**（因→果→再果，每环一图，无时间轴刻度）→ `CAUSE_CHAIN`

### E. 引用/命名/聚焦（expressionTag=quote|concept|focus）
- 名言、著作、研究、媒体引用、用户评价、证言摘录 → `QUOTE_CITATION`
- 对“专业术语、概念、产品名、品牌关键词、功能名等”新名词进行解释→ `CONCEPT_CARD`
- 需要把注意力锁定到一个关键词/短语/关键细节/核心发现上 → `MAGNIFYING_GLASS`
  - 必须存在明确落点句（如“关键在于…”“核心是…”“结论是…”）
  - 需要后续可提取 1～2 个高价值锚点短语（否则不要选）

### F. 金句冲击（expressionTag=focus）
- 全片级短促强结论、无需配图 → `TEXT_FOCUS`

### G. 时间轴，先后关系（expressionTag=timeline）
- 明确时间先后/阶段演进（过去→现在→未来）→ `TIMELINE`

### G2. 收束清单（expressionTag≈conclusion|list）
- 收束、行动检查项、要点复诵，需要**逐项打勾显现**（非编号短步骤、非并列大图组）→ `CHECKLIST_REVEAL`

### H. 默认（expressionTag=neutral）
- 平缓叙述、单图即可、无上述结构 → `CENTER_FOCUS`

---

## ✅ 输出格式（严格 JSON，禁止包含 markdown 代码块）
{
  "items": [
    {
      "text": "逐字口播片段（必须来自原文，且拼接后覆盖原文）",
      "narrativeType": "HOOK | LOGIC | CASE | DATA | CONCLUSION | TRANSITION",
      "template": "必须来自可用模板列表",
      "expressionTag": "data | contrast | list | steps | method | beat | quote | concept | focus | timeline | neutral",
      "confidence": "low | medium | high",
      "reasoning": "一句话说明：该段的主表达结构是什么 → 为什么选该模板 → 若拆分/合并，理由是什么"
    }
  ]
}

===========================================================================================
---------------------------------------- RESPONSE ----------------------------------------
time: 2026-06-05 22:07:17
attempt: 1/3

[OUTPUT]
{
  "items": [
    {
      "text": "现在，把腰杆给我挺直了！从今天起，彻底重构你的身份认知。",
      "narrativeType": "HOOK",
      "template": "TEXT_FOCUS",
      "expressionTag": "focus",
      "confidence": "high",
      "reasoning": "全片开篇强烈号召，重构认知，短促有力，适合TEXT_FOCUS直接冲击。"
    },
    {
      "text": "第一，理直气壮地去享受社会福利。你看到的每一座高架桥，你走过的每一段柏油路。都有你掏出的真金白银。你不是在受人恩惠，你是在享受自己的投资回报。",
      "narrativeType": "LOGIC",
      "template": "METHOD_STACK",
      "expressionTag": "method",
      "confidence": "high",
      "reasoning": "标题式核心观点+举例与对比展开解释，构成一个完整的方法建议单元，用METHOD_STACK呈现核心与支撑细节。"
    },
    {
      "text": "第二，唤醒你的主人翁意识。当你遇到不合理的现象，当你的合法权益受到侵害，大胆地说出来，勇敢地去争取。你有绝对的资格。你不仅有资格享受福利，你更有资格参与决定每一个政策。",
      "narrativeType": "LOGIC",
      "template": "METHOD_STACK",
      "expressionTag": "method",
      "confidence": "high",
      "reasoning": "同第一点，标题式核心观点+解释展开，虽字数略超50但词群连贯不拆，仍用METHOD_STACK。"
    },
    {
      "text": "记住。每一次微小的消费。都存在最光荣、最真实的纳税。",
      "narrativeType": "TRANSITION",
      "template": "TEXT_FOCUS",
      "expressionTag": "focus",
      "confidence": "high",
      "reasoning": "短句强调纳税事实，起到承上启下的提醒作用，无复杂结构，适合TEXT_FOCUS金句冲击。"
    },
    {
      "text": "你根本不是什么国家的负担。你，就是建设这个国家的，隐形金主！",
      "narrativeType": "CONCLUSION",
      "template": "COGNITIVE_SHIFT",
      "expressionTag": "contrast",
      "confidence": "high",
      "reasoning": "明确‘不是负担而是金主’的认知对立，采用COGNITIVE_SHIFT模板突出观念转变。"
    }
  ]
}
-------------------------------------------------------------------------------------------

======================================== REQUEST ========================================
time: 2026-06-05 22:07:17
provider: deepseek
model: deepseek-v4-pro
retries: 3

[PROMPT]
你是短视频字幕与画面细节处理专家。请把指定台词细化为字模显示参数。


## 完整段落上下文（仅供理解整体语境，判断当前句子的重要性）
废掉一个人的底气，就是让他觉得，自己一直在白嫖国家的福利。

很多人觉得，自己从来没有主动交过税，没有给国家做过贡献，自己享受的一切福利都是占了便宜。于是，在公共事务面前，他们自觉站到了边缘。不敢提诉求，也不敢谈权利。但这，其实是一个天大的认知错觉。
我必须告诉你，不管你是学生、退休老人、全职家长、自由职业者或者是月入不过五千的上班族，每天，你都在交税。


## 🎯 待处理的目标文案
废掉一个人的底气，就是让他觉得，自己一直在白嫖国家的福利。

## 目标文案content的数组结构
生成模板参数时，format为content_index的字段依据此数组选择匹配的索引，用于决定相应内容出现在动画中的时机

[
  {
    "index": 0,
    "text": "废掉一个人的底气，"
  },
  {
    "index": 1,
    "text": "就是让他觉得，"
  },
  {
    "index": 2,
    "text": "自己一直在白嫖国家的福利。"
  }
]


## 选定模板及参数规范

模板名称：TEXT_FOCUS

参数 Schema 说明：

{
  "type": "object",
  "properties": {
    "coreSentence": {
      "type": "array",
      "minItems": 1,
      "description": "大屏核心文案，每元素一行：可为 string，或 { text, showFrom, endFrom? }；showFrom/endFrom 为 content 下标（0-based），非帧数：在该条 startFrame 显现；可选 endFrom 表示在该条播完（startFrame+durationFrames）后起淡出。纯 string 等价于 showFrom=0、无 endFrom。锚点校验时各段 text 按顺序直接拼接（无分隔符）。",
      "items": {
        "oneOf": [
          {
            "type": "string"
          },
          {
            "type": "object",
            "required": [
              "text",
              "showFrom"
            ],
            "properties": {
              "text": {
                "type": "string",
                "description": "该行大屏文案"
              },
              "showFrom": {
                "type": "integer",
                "format": "content_index",
                "description": "content 下标（0-based），非帧数"
              },
              "endFrom": {
                "type": "integer",
                "format": "content_index",
                "description": "可选；content 下标（0-based），非帧数；该行在对应条字幕结束帧（startFrame+durationFrames）起淡出"
              }
            }
          }
        ]
      }
    },
    "coreSentenceAnchors": {
      "type": "array",
      "description": "可选；在 coreSentence 各段拼接后的全文内按顺序高亮子串。每项 coreSentenceAnchor 须为该拼接串的子串，否则会被校验丢弃",
      "items": {
        "type": "object",
        "required": [
          "coreSentenceAnchor"
        ],
        "properties": {
          "coreSentenceAnchor": {
            "type": "string",
            "description": "要高亮的子串，须出现在各 coreSentence 段拼接后的全文内"
          },
          "color": {
            "type": "string",
            "description": "高亮颜色，省略时默认强调色"
          }
        }
      }
    }
  },
  "required": [
    "coreSentence"
  ]
}

// 口播条数（已由程序写入 CONTENT_STR，勿在 param 中输出 content）：口播分句至多 3 条（超出会被校验器告警）


模板该项的示例供参考：

{
  "template": "TEXT_FOCUS",
  "param": {
    "coreSentence": [
      {
        "text": "承认自己“可能错了”并不是一种软弱",
        "showFrom": 0,
        "endFrom": 0
      },
      {
        "text": "而是成长的开始",
        "showFrom": 1,
        "endFrom": 1
      }
    ],
    "coreSentenceAnchors": [
      {
        "coreSentenceAnchor": "可能错了",
        "color": "red"
      }
    ]
  }
}


注意：如果该模板生成的参数包含图片视觉描述（如 imageSrc / leftSrc / rightSrc 等等），请只描述纯视觉场景与动作，绝不要包含任何文字、标语或注音。


## 其他通用说明
1. 锚点（Anchor）— 克制与高价值（适用于 SCHEMA 或上文允许出现锚点/高亮时）：
   - 多数句子应**无锚点**；拿不准就留空或 `[]`，避免满屏高亮。
   - 如果一定需要锚点，只选**整段里真正的高潮、反转或核心名词**（宜 2～4 字、有记忆点）；平庸词、铺垫句不要做成锚点。
   - 颜色建议：`#EF4444`（警示/反转/负面/结论）、`#000000`（事实/术语/数据）。动画 `anim`：`spring` | `slideUp` | `popIn` | `highlight`。
   - 音效可选(仅写在锚点对象上的 `audioEffect`)：`impact_thud` | `ping` | `woosh`

2. 视觉标题与字幕分离（仅当 SCHEMA 要求 `notText` / `butText` / `conceptName`、或 DOS_AND_DONTS 的 `left.label` / `right.label` 等时）：

   - 填**极简关键词（约 2～6 字）**，禁止把整句台词搬进标题字段。



## 输出格式（严格 JSON，不要 markdown 代码块）
补全当前模板的param,非数组：
{ "param": { ... } }

===========================================================================================
---------------------------------------- RESPONSE ----------------------------------------
time: 2026-06-05 22:07:59
attempt: 1/3

[OUTPUT]
{
  "param": {
    "coreSentence": [
      {
        "text": "废掉一个人的底气，",
        "showFrom": 0,
        "endFrom": 0
      },
      {
        "text": "就是让他觉得，自己一直在白嫖国家的福利。",
        "showFrom": 1,
        "endFrom": 2
      }
    ],
    "coreSentenceAnchors": [
      {
        "coreSentenceAnchor": "白嫖",
        "color": "#EF4444"
      }
    ]
  }
}
-------------------------------------------------------------------------------------------

======================================== REQUEST ========================================
time: 2026-06-05 22:07:59
provider: deepseek
model: deepseek-v4-pro
retries: 3

[PROMPT]
你是短视频字幕与画面细节处理专家。请把指定台词细化为字模显示参数。


## 完整段落上下文（仅供理解整体语境，判断当前句子的重要性）
废掉一个人的底气，就是让他觉得，自己一直在白嫖国家的福利。

很多人觉得，自己从来没有主动交过税，没有给国家做过贡献，自己享受的一切福利都是占了便宜。于是，在公共事务面前，他们自觉站到了边缘。不敢提诉求，也不敢谈权利。但这，其实是一个天大的认知错觉。
我必须告诉你，不管你是学生、退休老人、全职家长、自由职业者或者是月入不过五千的上班族，每天，你都在交税。


## 🎯 待处理的目标文案
很多人觉得，自己从来没有主动交过税，没有给国家做过贡献，自己享受的一切福利都是占了便宜。于是，在公共事务面前，他们自觉站到了边缘。不敢提诉求，也不敢谈权利。

## 目标文案content的数组结构
生成模板参数时，format为content_index的字段依据此数组选择匹配的索引，用于决定相应内容出现在动画中的时机

[
  {
    "index": 0,
    "text": "很多人觉得，"
  },
  {
    "index": 1,
    "text": "自己从来没有主动交过税，"
  },
  {
    "index": 2,
    "text": "没有给国家做过贡献，"
  },
  {
    "index": 3,
    "text": "自己享受的一切福利都是占了便宜。"
  },
  {
    "index": 4,
    "text": "于是，"
  },
  {
    "index": 5,
    "text": "在公共事务面前，"
  },
  {
    "index": 6,
    "text": "他们自觉站到了边缘。"
  },
  {
    "index": 7,
    "text": "不敢提诉求，"
  },
  {
    "index": 8,
    "text": "也不敢谈权利。"
  }
]


## 选定模板及参数规范

模板名称：CENTER_FOCUS

参数 Schema 说明：

{
  "type": "object",
  "properties": {
    "imageSrc": {
      "type": "string",
      "format": "image_prompt",
      "description": "主图描述"
    },
    "enterEffect": {
      "type": "string",
      "enum": [
        "fadeIn",
        "slideLeft",
        "slideBottom",
        "zoomIn"
      ],
      "default": "fadeIn",
      "description": "图片入场方式（breathe 呼吸效果始终常驻，无需指定）"
    },
    "anchors": {
      "type": "array",
      "description": "可选；用于锚点词展示（顶部依次出现并保留为列表），并绑定锚点出现时机的音效。showFrom 须落在当前 content 条数范围内。注意 **保持克制，尽量少设置锚点** 只提取整段里真正的高潮、反转或核心名词",
      "items": {
        "type": "object",
        "required": [
          "text",
          "showFrom"
        ],
        "properties": {
          "text": {
            "type": "string",
            "description": "要展示的锚点词"
          },
          "showFrom": {
            "type": "integer",
            "format": "content_index",
            "description": "content 数组下标（0-based），非帧数；合法范围 0～(content 条数-1)，超出会被校验丢弃"
          },
          "color": {
            "type": "string"
          },
          "anim": {
            "type": "string",
            "enum": [
              "spring",
              "slideUp",
              "popIn",
              "highlight"
            ]
          },
          "audioEffect": {
            "type": "string",
            "enum": [
              "impact_thud",
              "ping",
              "woosh"
            ]
          }
        }
      }
    }
  },
  "required": [
    "imageSrc"
  ]
}


模板该项的示例供参考：

{
  "template": "CENTER_FOCUS",
  "param": {
    "imageSrc": "上班族坐在电脑前的简笔画图标",
    "enterEffect": "fadeIn",
    "anchors": [
      {
        "text": "可得性启发",
        "showFrom": 0,
        "color": "red"
      }
    ]
  }
}


注意：如果该模板生成的参数包含图片视觉描述（如 imageSrc / leftSrc / rightSrc 等等），请只描述纯视觉场景与动作，绝不要包含任何文字、标语或注音。


## 其他通用说明
1. 锚点（Anchor）— 克制与高价值（适用于 SCHEMA 或上文允许出现锚点/高亮时）：
   - 多数句子应**无锚点**；拿不准就留空或 `[]`，避免满屏高亮。
   - 如果一定需要锚点，只选**整段里真正的高潮、反转或核心名词**（宜 2～4 字、有记忆点）；平庸词、铺垫句不要做成锚点。
   - 颜色建议：`#EF4444`（警示/反转/负面/结论）、`#000000`（事实/术语/数据）。动画 `anim`：`spring` | `slideUp` | `popIn` | `highlight`。
   - 音效可选(仅写在锚点对象上的 `audioEffect`)：`impact_thud` | `ping` | `woosh`

2. 视觉标题与字幕分离（仅当 SCHEMA 要求 `notText` / `butText` / `conceptName`、或 DOS_AND_DONTS 的 `left.label` / `right.label` 等时）：

   - 填**极简关键词（约 2～6 字）**，禁止把整句台词搬进标题字段。



## 输出格式（严格 JSON，不要 markdown 代码块）
补全当前模板的param,非数组：
{ "param": { ... } }

===========================================================================================
---------------------------------------- RESPONSE ----------------------------------------
time: 2026-06-05 22:08:16
attempt: 1/3

[OUTPUT]
{"param": {"imageSrc": "一个人独自站在人群边缘，低头看着地面，背景中模糊的人群在讨论公共事务", "enterEffect": "fadeIn", "anchors": []}}
-------------------------------------------------------------------------------------------

======================================== REQUEST ========================================
time: 2026-06-05 22:08:16
provider: deepseek
model: deepseek-v4-pro
retries: 3

[PROMPT]
你是短视频字幕与画面细节处理专家。请把指定台词细化为字模显示参数。


## 完整段落上下文（仅供理解整体语境，判断当前句子的重要性）
废掉一个人的底气，就是让他觉得，自己一直在白嫖国家的福利。

很多人觉得，自己从来没有主动交过税，没有给国家做过贡献，自己享受的一切福利都是占了便宜。于是，在公共事务面前，他们自觉站到了边缘。不敢提诉求，也不敢谈权利。但这，其实是一个天大的认知错觉。
我必须告诉你，不管你是学生、退休老人、全职家长、自由职业者或者是月入不过五千的上班族，每天，你都在交税。


## 🎯 待处理的目标文案
但这，其实是一个天大的认知错觉。

## 目标文案content的数组结构
生成模板参数时，format为content_index的字段依据此数组选择匹配的索引，用于决定相应内容出现在动画中的时机

[
  {
    "index": 0,
    "text": "但这，"
  },
  {
    "index": 1,
    "text": "其实是一个天大的认知错觉。"
  }
]


## 选定模板及参数规范

模板名称：COGNITIVE_SHIFT

参数 Schema 说明：

{
  "type": "object",
  "properties": {
    "notText": {
      "type": "string",
      "description": "被否认知（‘不是’后面的内容）的精炼短句，不超过12个字，"
    },
    "butText": {
      "type": "string",
      "description": "真实认知（‘而是’后面的内容）的精炼短句，不超过12个字"
    },
    "butSrc": {
      "type": "string",
      "format": "image_prompt",
      "description": "真实认知的配图"
    },
    "notContentIndex": {
      "type": "integer",
      "format": "content_index",
      "description": "触发「不是」动画的字幕段索引（默认 0）"
    },
    "butContentIndex": {
      "type": "integer",
      "format": "content_index",
      "description": "触发「而是」动画的字幕段索引（默认 1）"
    }
  },
  "required": [
    "notText",
    "butText"
  ]
}


模板该项的示例供参考：

{
  "template": "COGNITIVE_SHIFT",
  "content": [
    "我们都不应该靠勤奋拼命",
    "我们都应该是靠认知和选择",
    "这样我才能成功"
  ],
  "param": {
    "notText": "靠勤奋拼命",
    "butText": "靠认知和选择",
    "butSrc": "站在高处看地图的思考者",
    "notContentIndex": 0,
    "butContentIndex": 1
  }
}


注意：如果该模板生成的参数包含图片视觉描述（如 imageSrc / leftSrc / rightSrc 等等），请只描述纯视觉场景与动作，绝不要包含任何文字、标语或注音。


## 其他通用说明
1. 锚点（Anchor）— 克制与高价值（适用于 SCHEMA 或上文允许出现锚点/高亮时）：
   - 多数句子应**无锚点**；拿不准就留空或 `[]`，避免满屏高亮。
   - 如果一定需要锚点，只选**整段里真正的高潮、反转或核心名词**（宜 2～4 字、有记忆点）；平庸词、铺垫句不要做成锚点。
   - 颜色建议：`#EF4444`（警示/反转/负面/结论）、`#000000`（事实/术语/数据）。动画 `anim`：`spring` | `slideUp` | `popIn` | `highlight`。
   - 音效可选(仅写在锚点对象上的 `audioEffect`)：`impact_thud` | `ping` | `woosh`

2. 视觉标题与字幕分离（仅当 SCHEMA 要求 `notText` / `butText` / `conceptName`、或 DOS_AND_DONTS 的 `left.label` / `right.label` 等时）：

   - 填**极简关键词（约 2～6 字）**，禁止把整句台词搬进标题字段。



## 输出格式（严格 JSON，不要 markdown 代码块）
补全当前模板的param,非数组：
{ "param": { ... } }

===========================================================================================
---------------------------------------- RESPONSE ----------------------------------------
time: 2026-06-05 22:08:34
attempt: 1/3

[OUTPUT]
{"param": {"notText": "白嫖福利", "butText": "都在交税", "butSrc": "一个人手持购物小票，表情震惊，小票上税额数字被放大强调，背景为日常消费场景", "notContentIndex": 0, "butContentIndex": 1}}
-------------------------------------------------------------------------------------------

======================================== REQUEST ========================================
time: 2026-06-05 22:08:34
provider: deepseek
model: deepseek-v4-pro
retries: 3

[PROMPT]
你是短视频字幕与画面细节处理专家。请把指定台词细化为字模显示参数。


## 完整段落上下文（仅供理解整体语境，判断当前句子的重要性）
废掉一个人的底气，就是让他觉得，自己一直在白嫖国家的福利。

很多人觉得，自己从来没有主动交过税，没有给国家做过贡献，自己享受的一切福利都是占了便宜。于是，在公共事务面前，他们自觉站到了边缘。不敢提诉求，也不敢谈权利。但这，其实是一个天大的认知错觉。
我必须告诉你，不管你是学生、退休老人、全职家长、自由职业者或者是月入不过五千的上班族，每天，你都在交税。


## 🎯 待处理的目标文案
我必须告诉你，不管你是学生、退休老人、全职家长、自由职业者或者是月入不过五千的上班族，

## 目标文案content的数组结构
生成模板参数时，format为content_index的字段依据此数组选择匹配的索引，用于决定相应内容出现在动画中的时机

[
  {
    "index": 0,
    "text": "我必须告诉你，"
  },
  {
    "index": 1,
    "text": "不管你是学生、"
  },
  {
    "index": 2,
    "text": "退休老人、"
  },
  {
    "index": 3,
    "text": "全职家长、"
  },
  {
    "index": 4,
    "text": "自由职业者或者是月入不过五千的上班族，"
  }
]


## 选定模板及参数规范

模板名称：CENTER_FOCUS

参数 Schema 说明：

{
  "type": "object",
  "properties": {
    "imageSrc": {
      "type": "string",
      "format": "image_prompt",
      "description": "主图描述"
    },
    "enterEffect": {
      "type": "string",
      "enum": [
        "fadeIn",
        "slideLeft",
        "slideBottom",
        "zoomIn"
      ],
      "default": "fadeIn",
      "description": "图片入场方式（breathe 呼吸效果始终常驻，无需指定）"
    },
    "anchors": {
      "type": "array",
      "description": "可选；用于锚点词展示（顶部依次出现并保留为列表），并绑定锚点出现时机的音效。showFrom 须落在当前 content 条数范围内。注意 **保持克制，尽量少设置锚点** 只提取整段里真正的高潮、反转或核心名词",
      "items": {
        "type": "object",
        "required": [
          "text",
          "showFrom"
        ],
        "properties": {
          "text": {
            "type": "string",
            "description": "要展示的锚点词"
          },
          "showFrom": {
            "type": "integer",
            "format": "content_index",
            "description": "content 数组下标（0-based），非帧数；合法范围 0～(content 条数-1)，超出会被校验丢弃"
          },
          "color": {
            "type": "string"
          },
          "anim": {
            "type": "string",
            "enum": [
              "spring",
              "slideUp",
              "popIn",
              "highlight"
            ]
          },
          "audioEffect": {
            "type": "string",
            "enum": [
              "impact_thud",
              "ping",
              "woosh"
            ]
          }
        }
      }
    }
  },
  "required": [
    "imageSrc"
  ]
}


模板该项的示例供参考：

{
  "template": "CENTER_FOCUS",
  "param": {
    "imageSrc": "上班族坐在电脑前的简笔画图标",
    "enterEffect": "fadeIn",
    "anchors": [
      {
        "text": "可得性启发",
        "showFrom": 0,
        "color": "red"
      }
    ]
  }
}


注意：如果该模板生成的参数包含图片视觉描述（如 imageSrc / leftSrc / rightSrc 等等），请只描述纯视觉场景与动作，绝不要包含任何文字、标语或注音。


## 其他通用说明
1. 锚点（Anchor）— 克制与高价值（适用于 SCHEMA 或上文允许出现锚点/高亮时）：
   - 多数句子应**无锚点**；拿不准就留空或 `[]`，避免满屏高亮。
   - 如果一定需要锚点，只选**整段里真正的高潮、反转或核心名词**（宜 2～4 字、有记忆点）；平庸词、铺垫句不要做成锚点。
   - 颜色建议：`#EF4444`（警示/反转/负面/结论）、`#000000`（事实/术语/数据）。动画 `anim`：`spring` | `slideUp` | `popIn` | `highlight`。
   - 音效可选(仅写在锚点对象上的 `audioEffect`)：`impact_thud` | `ping` | `woosh`

2. 视觉标题与字幕分离（仅当 SCHEMA 要求 `notText` / `butText` / `conceptName`、或 DOS_AND_DONTS 的 `left.label` / `right.label` 等时）：

   - 填**极简关键词（约 2～6 字）**，禁止把整句台词搬进标题字段。



## 输出格式（严格 JSON，不要 markdown 代码块）
补全当前模板的param,非数组：
{ "param": { ... } }

===========================================================================================
---------------------------------------- RESPONSE ----------------------------------------
time: 2026-06-05 22:08:46
attempt: 1/3

[OUTPUT]
{
  "param": {
    "imageSrc": "一幅插画，不同身份的普通人剪影并排站立，包括学生、老人、家长和上班族，背景是柔和的光影，象征每个人都与税收有关",
    "enterEffect": "fadeIn",
    "anchors": []
  }
}
-------------------------------------------------------------------------------------------

======================================== REQUEST ========================================
time: 2026-06-05 22:08:46
provider: deepseek
model: deepseek-v4-pro
retries: 3

[PROMPT]
你是短视频字幕与画面细节处理专家。请把指定台词细化为字模显示参数。


## 完整段落上下文（仅供理解整体语境，判断当前句子的重要性）
废掉一个人的底气，就是让他觉得，自己一直在白嫖国家的福利。

很多人觉得，自己从来没有主动交过税，没有给国家做过贡献，自己享受的一切福利都是占了便宜。于是，在公共事务面前，他们自觉站到了边缘。不敢提诉求，也不敢谈权利。但这，其实是一个天大的认知错觉。
我必须告诉你，不管你是学生、退休老人、全职家长、自由职业者或者是月入不过五千的上班族，每天，你都在交税。


## 🎯 待处理的目标文案
每天，你都在交税。

## 目标文案content的数组结构
生成模板参数时，format为content_index的字段依据此数组选择匹配的索引，用于决定相应内容出现在动画中的时机

[
  {
    "index": 0,
    "text": "每天，"
  },
  {
    "index": 1,
    "text": "你都在交税。"
  }
]


## 选定模板及参数规范

模板名称：MAGNIFYING_GLASS

参数 Schema 说明：

{
  "type": "object",
  "properties": {
    "anchors": {
      "type": "array",
      "minItems": 1,
      "maxItems": 3,
      "description": "必填且非空（建议 1～2 个高价值锚点）；每项通过 showFrom 对齐 content 分句。锚点应落在“揭示性落点句”或其核心关键词上，不要把整段说明塞满锚点",
      "items": {
        "type": "object",
        "required": [
          "text",
          "showFrom"
        ],
        "properties": {
          "text": {
            "type": "string",
            "description": "要聚焦的关键词/短语"
          },
          "showFrom": {
            "type": "integer",
            "format": "content_index",
            "description": "content 数组下标（0-based），非帧数；合法范围 0～(content 条数-1)，超出会被校验丢弃"
          },
          "color": {
            "type": "string"
          },
          "anim": {
            "type": "string",
            "enum": [
              "spring",
              "slideUp",
              "popIn",
              "highlight"
            ]
          },
          "audioEffect": {
            "type": "string",
            "enum": [
              "impact_thud",
              "ping",
              "woosh"
            ]
          }
        }
      }
    }
  },
  "required": [
    "anchors"
  ]
}


模板该项的示例供参考：

{
  "template": "MAGNIFYING_GLASS",
  "param": {
    "anchors": [
      {
        "text": "忽略了基础",
        "showFrom": 0,
        "color": "#111111",
        "anim": "popIn",
        "audioEffect": "ping"
      }
    ]
  }
}


注意：如果该模板生成的参数包含图片视觉描述（如 imageSrc / leftSrc / rightSrc 等等），请只描述纯视觉场景与动作，绝不要包含任何文字、标语或注音。


## 其他通用说明
1. 锚点（Anchor）— 克制与高价值（适用于 SCHEMA 或上文允许出现锚点/高亮时）：
   - 多数句子应**无锚点**；拿不准就留空或 `[]`，避免满屏高亮。
   - 如果一定需要锚点，只选**整段里真正的高潮、反转或核心名词**（宜 2～4 字、有记忆点）；平庸词、铺垫句不要做成锚点。
   - 颜色建议：`#EF4444`（警示/反转/负面/结论）、`#000000`（事实/术语/数据）。动画 `anim`：`spring` | `slideUp` | `popIn` | `highlight`。
   - 音效可选(仅写在锚点对象上的 `audioEffect`)：`impact_thud` | `ping` | `woosh`

2. 视觉标题与字幕分离（仅当 SCHEMA 要求 `notText` / `butText` / `conceptName`、或 DOS_AND_DONTS 的 `left.label` / `right.label` 等时）：

   - 填**极简关键词（约 2～6 字）**，禁止把整句台词搬进标题字段。



## 输出格式（严格 JSON，不要 markdown 代码块）
补全当前模板的param,非数组：
{ "param": { ... } }

===========================================================================================
---------------------------------------- RESPONSE ----------------------------------------
time: 2026-06-05 22:08:51
attempt: 1/3

[OUTPUT]
{"param": {"anchors": [{"text": "交税", "showFrom": 1, "color": "#EF4444", "anim": "popIn", "audioEffect": "ping"}]}}
-------------------------------------------------------------------------------------------

======================================== REQUEST ========================================
time: 2026-06-05 22:08:51
provider: deepseek
model: deepseek-v4-pro
retries: 3

[PROMPT]
你是短视频字幕与画面细节处理专家。请把指定台词细化为字模显示参数。


## 完整段落上下文（仅供理解整体语境，判断当前句子的重要性）
你以为没主动交个税，就是没纳税？大错特错。在我们的税收体系里，个税只占很小的一部分。真正的绝对主力，叫做间接税，这是一种隐形的税法，它像水一样，渗透进你生活的每一个缝隙。


## 🎯 待处理的目标文案
你以为没主动交个税，就是没纳税？

## 目标文案content的数组结构
生成模板参数时，format为content_index的字段依据此数组选择匹配的索引，用于决定相应内容出现在动画中的时机

[
  {
    "index": 0,
    "text": "你以为没主动交个税，"
  },
  {
    "index": 1,
    "text": "就是没纳税？"
  }
]


## 选定模板及参数规范

模板名称：CENTER_FOCUS

参数 Schema 说明：

{
  "type": "object",
  "properties": {
    "imageSrc": {
      "type": "string",
      "format": "image_prompt",
      "description": "主图描述"
    },
    "enterEffect": {
      "type": "string",
      "enum": [
        "fadeIn",
        "slideLeft",
        "slideBottom",
        "zoomIn"
      ],
      "default": "fadeIn",
      "description": "图片入场方式（breathe 呼吸效果始终常驻，无需指定）"
    },
    "anchors": {
      "type": "array",
      "description": "可选；用于锚点词展示（顶部依次出现并保留为列表），并绑定锚点出现时机的音效。showFrom 须落在当前 content 条数范围内。注意 **保持克制，尽量少设置锚点** 只提取整段里真正的高潮、反转或核心名词",
      "items": {
        "type": "object",
        "required": [
          "text",
          "showFrom"
        ],
        "properties": {
          "text": {
            "type": "string",
            "description": "要展示的锚点词"
          },
          "showFrom": {
            "type": "integer",
            "format": "content_index",
            "description": "content 数组下标（0-based），非帧数；合法范围 0～(content 条数-1)，超出会被校验丢弃"
          },
          "color": {
            "type": "string"
          },
          "anim": {
            "type": "string",
            "enum": [
              "spring",
              "slideUp",
              "popIn",
              "highlight"
            ]
          },
          "audioEffect": {
            "type": "string",
            "enum": [
              "impact_thud",
              "ping",
              "woosh"
            ]
          }
        }
      }
    }
  },
  "required": [
    "imageSrc"
  ]
}


模板该项的示例供参考：

{
  "template": "CENTER_FOCUS",
  "param": {
    "imageSrc": "上班族坐在电脑前的简笔画图标",
    "enterEffect": "fadeIn",
    "anchors": [
      {
        "text": "可得性启发",
        "showFrom": 0,
        "color": "red"
      }
    ]
  }
}


注意：如果该模板生成的参数包含图片视觉描述（如 imageSrc / leftSrc / rightSrc 等等），请只描述纯视觉场景与动作，绝不要包含任何文字、标语或注音。


## 其他通用说明
1. 锚点（Anchor）— 克制与高价值（适用于 SCHEMA 或上文允许出现锚点/高亮时）：
   - 多数句子应**无锚点**；拿不准就留空或 `[]`，避免满屏高亮。
   - 如果一定需要锚点，只选**整段里真正的高潮、反转或核心名词**（宜 2～4 字、有记忆点）；平庸词、铺垫句不要做成锚点。
   - 颜色建议：`#EF4444`（警示/反转/负面/结论）、`#000000`（事实/术语/数据）。动画 `anim`：`spring` | `slideUp` | `popIn` | `highlight`。
   - 音效可选(仅写在锚点对象上的 `audioEffect`)：`impact_thud` | `ping` | `woosh`

2. 视觉标题与字幕分离（仅当 SCHEMA 要求 `notText` / `butText` / `conceptName`、或 DOS_AND_DONTS 的 `left.label` / `right.label` 等时）：

   - 填**极简关键词（约 2～6 字）**，禁止把整句台词搬进标题字段。



## 输出格式（严格 JSON，不要 markdown 代码块）
补全当前模板的param,非数组：
{ "param": { ... } }

===========================================================================================
---------------------------------------- RESPONSE ----------------------------------------
time: 2026-06-05 22:09:14
attempt: 1/3

[OUTPUT]
{
  "param": {
    "imageSrc": "一个穿着商务装的人站在一小块浮冰上，低头看着清澈水面下巨大而看不到底的冰体，光线穿透水面照亮冰体的纹理",
    "enterEffect": "fadeIn",
    "anchors": []
  }
}
-------------------------------------------------------------------------------------------

======================================== REQUEST ========================================
time: 2026-06-05 22:09:14
provider: deepseek
model: deepseek-v4-pro
retries: 3

[PROMPT]
你是短视频字幕与画面细节处理专家。请把指定台词细化为字模显示参数。


## 完整段落上下文（仅供理解整体语境，判断当前句子的重要性）
你以为没主动交个税，就是没纳税？大错特错。在我们的税收体系里，个税只占很小的一部分。真正的绝对主力，叫做间接税，这是一种隐形的税法，它像水一样，渗透进你生活的每一个缝隙。


## 🎯 待处理的目标文案
大错特错。

## 目标文案content的数组结构
生成模板参数时，format为content_index的字段依据此数组选择匹配的索引，用于决定相应内容出现在动画中的时机

[
  {
    "index": 0,
    "text": "大错特错。"
  }
]


## 选定模板及参数规范

模板名称：TEXT_FOCUS

参数 Schema 说明：

{
  "type": "object",
  "properties": {
    "coreSentence": {
      "type": "array",
      "minItems": 1,
      "description": "大屏核心文案，每元素一行：可为 string，或 { text, showFrom, endFrom? }；showFrom/endFrom 为 content 下标（0-based），非帧数：在该条 startFrame 显现；可选 endFrom 表示在该条播完（startFrame+durationFrames）后起淡出。纯 string 等价于 showFrom=0、无 endFrom。锚点校验时各段 text 按顺序直接拼接（无分隔符）。",
      "items": {
        "oneOf": [
          {
            "type": "string"
          },
          {
            "type": "object",
            "required": [
              "text",
              "showFrom"
            ],
            "properties": {
              "text": {
                "type": "string",
                "description": "该行大屏文案"
              },
              "showFrom": {
                "type": "integer",
                "format": "content_index",
                "description": "content 下标（0-based），非帧数"
              },
              "endFrom": {
                "type": "integer",
                "format": "content_index",
                "description": "可选；content 下标（0-based），非帧数；该行在对应条字幕结束帧（startFrame+durationFrames）起淡出"
              }
            }
          }
        ]
      }
    },
    "coreSentenceAnchors": {
      "type": "array",
      "description": "可选；在 coreSentence 各段拼接后的全文内按顺序高亮子串。每项 coreSentenceAnchor 须为该拼接串的子串，否则会被校验丢弃",
      "items": {
        "type": "object",
        "required": [
          "coreSentenceAnchor"
        ],
        "properties": {
          "coreSentenceAnchor": {
            "type": "string",
            "description": "要高亮的子串，须出现在各 coreSentence 段拼接后的全文内"
          },
          "color": {
            "type": "string",
            "description": "高亮颜色，省略时默认强调色"
          }
        }
      }
    }
  },
  "required": [
    "coreSentence"
  ]
}

// 口播条数（已由程序写入 CONTENT_STR，勿在 param 中输出 content）：口播分句至多 3 条（超出会被校验器告警）


模板该项的示例供参考：

{
  "template": "TEXT_FOCUS",
  "param": {
    "coreSentence": [
      {
        "text": "承认自己“可能错了”并不是一种软弱",
        "showFrom": 0,
        "endFrom": 0
      },
      {
        "text": "而是成长的开始",
        "showFrom": 1,
        "endFrom": 1
      }
    ],
    "coreSentenceAnchors": [
      {
        "coreSentenceAnchor": "可能错了",
        "color": "red"
      }
    ]
  }
}


注意：如果该模板生成的参数包含图片视觉描述（如 imageSrc / leftSrc / rightSrc 等等），请只描述纯视觉场景与动作，绝不要包含任何文字、标语或注音。


## 其他通用说明
1. 锚点（Anchor）— 克制与高价值（适用于 SCHEMA 或上文允许出现锚点/高亮时）：
   - 多数句子应**无锚点**；拿不准就留空或 `[]`，避免满屏高亮。
   - 如果一定需要锚点，只选**整段里真正的高潮、反转或核心名词**（宜 2～4 字、有记忆点）；平庸词、铺垫句不要做成锚点。
   - 颜色建议：`#EF4444`（警示/反转/负面/结论）、`#000000`（事实/术语/数据）。动画 `anim`：`spring` | `slideUp` | `popIn` | `highlight`。
   - 音效可选(仅写在锚点对象上的 `audioEffect`)：`impact_thud` | `ping` | `woosh`

2. 视觉标题与字幕分离（仅当 SCHEMA 要求 `notText` / `butText` / `conceptName`、或 DOS_AND_DONTS 的 `left.label` / `right.label` 等时）：

   - 填**极简关键词（约 2～6 字）**，禁止把整句台词搬进标题字段。



## 输出格式（严格 JSON，不要 markdown 代码块）
补全当前模板的param,非数组：
{ "param": { ... } }

===========================================================================================
---------------------------------------- RESPONSE ----------------------------------------
time: 2026-06-05 22:09:22
attempt: 1/3

[OUTPUT]
{"param": {"coreSentence": ["大错特错。"]}}
-------------------------------------------------------------------------------------------

======================================== REQUEST ========================================
time: 2026-06-05 22:09:22
provider: deepseek
model: deepseek-v4-pro
retries: 3

[PROMPT]
你是短视频字幕与画面细节处理专家。请把指定台词细化为字模显示参数。


## 完整段落上下文（仅供理解整体语境，判断当前句子的重要性）
你以为没主动交个税，就是没纳税？大错特错。在我们的税收体系里，个税只占很小的一部分。真正的绝对主力，叫做间接税，这是一种隐形的税法，它像水一样，渗透进你生活的每一个缝隙。


## 🎯 待处理的目标文案
在我们的税收体系里，个税只占很小的一部分。

## 目标文案content的数组结构
生成模板参数时，format为content_index的字段依据此数组选择匹配的索引，用于决定相应内容出现在动画中的时机

[
  {
    "index": 0,
    "text": "在我们的税收体系里，"
  },
  {
    "index": 1,
    "text": "个税只占很小的一部分。"
  }
]


## 选定模板及参数规范

模板名称：CENTER_FOCUS

参数 Schema 说明：

{
  "type": "object",
  "properties": {
    "imageSrc": {
      "type": "string",
      "format": "image_prompt",
      "description": "主图描述"
    },
    "enterEffect": {
      "type": "string",
      "enum": [
        "fadeIn",
        "slideLeft",
        "slideBottom",
        "zoomIn"
      ],
      "default": "fadeIn",
      "description": "图片入场方式（breathe 呼吸效果始终常驻，无需指定）"
    },
    "anchors": {
      "type": "array",
      "description": "可选；用于锚点词展示（顶部依次出现并保留为列表），并绑定锚点出现时机的音效。showFrom 须落在当前 content 条数范围内。注意 **保持克制，尽量少设置锚点** 只提取整段里真正的高潮、反转或核心名词",
      "items": {
        "type": "object",
        "required": [
          "text",
          "showFrom"
        ],
        "properties": {
          "text": {
            "type": "string",
            "description": "要展示的锚点词"
          },
          "showFrom": {
            "type": "integer",
            "format": "content_index",
            "description": "content 数组下标（0-based），非帧数；合法范围 0～(content 条数-1)，超出会被校验丢弃"
          },
          "color": {
            "type": "string"
          },
          "anim": {
            "type": "string",
            "enum": [
              "spring",
              "slideUp",
              "popIn",
              "highlight"
            ]
          },
          "audioEffect": {
            "type": "string",
            "enum": [
              "impact_thud",
              "ping",
              "woosh"
            ]
          }
        }
      }
    }
  },
  "required": [
    "imageSrc"
  ]
}


模板该项的示例供参考：

{
  "template": "CENTER_FOCUS",
  "param": {
    "imageSrc": "上班族坐在电脑前的简笔画图标",
    "enterEffect": "fadeIn",
    "anchors": [
      {
        "text": "可得性启发",
        "showFrom": 0,
        "color": "red"
      }
    ]
  }
}


注意：如果该模板生成的参数包含图片视觉描述（如 imageSrc / leftSrc / rightSrc 等等），请只描述纯视觉场景与动作，绝不要包含任何文字、标语或注音。


## 其他通用说明
1. 锚点（Anchor）— 克制与高价值（适用于 SCHEMA 或上文允许出现锚点/高亮时）：
   - 多数句子应**无锚点**；拿不准就留空或 `[]`，避免满屏高亮。
   - 如果一定需要锚点，只选**整段里真正的高潮、反转或核心名词**（宜 2～4 字、有记忆点）；平庸词、铺垫句不要做成锚点。
   - 颜色建议：`#EF4444`（警示/反转/负面/结论）、`#000000`（事实/术语/数据）。动画 `anim`：`spring` | `slideUp` | `popIn` | `highlight`。
   - 音效可选(仅写在锚点对象上的 `audioEffect`)：`impact_thud` | `ping` | `woosh`

2. 视觉标题与字幕分离（仅当 SCHEMA 要求 `notText` / `butText` / `conceptName`、或 DOS_AND_DONTS 的 `left.label` / `right.label` 等时）：

   - 填**极简关键词（约 2～6 字）**，禁止把整句台词搬进标题字段。



## 输出格式（严格 JSON，不要 markdown 代码块）
补全当前模板的param,非数组：
{ "param": { ... } }

===========================================================================================
---------------------------------------- RESPONSE ----------------------------------------
time: 2026-06-05 22:09:42
attempt: 1/3

[OUTPUT]
{
  "param": {
    "imageSrc": "桌面上，一枚一元硬币与一叠百元钞票并排的简笔画图标，硬币显得很小",
    "enterEffect": "fadeIn",
    "anchors": []
  }
}
-------------------------------------------------------------------------------------------

======================================== REQUEST ========================================
time: 2026-06-05 22:09:42
provider: deepseek
model: deepseek-v4-pro
retries: 3

[PROMPT]
你是短视频字幕与画面细节处理专家。请把指定台词细化为字模显示参数。


## 完整段落上下文（仅供理解整体语境，判断当前句子的重要性）
你以为没主动交个税，就是没纳税？大错特错。在我们的税收体系里，个税只占很小的一部分。真正的绝对主力，叫做间接税，这是一种隐形的税法，它像水一样，渗透进你生活的每一个缝隙。


## 🎯 待处理的目标文案
真正的绝对主力，叫做间接税，这是一种隐形的税法，

## 目标文案content的数组结构
生成模板参数时，format为content_index的字段依据此数组选择匹配的索引，用于决定相应内容出现在动画中的时机

[
  {
    "index": 0,
    "text": "真正的绝对主力，"
  },
  {
    "index": 1,
    "text": "叫做间接税，"
  },
  {
    "index": 2,
    "text": "这是一种隐形的税法，"
  }
]


## 选定模板及参数规范

模板名称：CONCEPT_CARD

参数 Schema 说明：

{
  "type": "object",
  "properties": {
    "imageSrc": {
      "type": "string",
      "format": "image_prompt",
      "description": "概念图标描述"
    },
    "conceptName": {
      "type": "string",
      "description": "概念名称"
    }
  },
  "required": [
    "imageSrc",
    "conceptName"
  ]
}


模板该项的示例供参考：

{
  "template": "CONCEPT_CARD",
  "param": {
    "imageSrc": "过滤器/筛网简笔画图标",
    "conceptName": "幸存者偏差"
  }
}


注意：如果该模板生成的参数包含图片视觉描述（如 imageSrc / leftSrc / rightSrc 等等），请只描述纯视觉场景与动作，绝不要包含任何文字、标语或注音。


## 其他通用说明
1. 锚点（Anchor）— 克制与高价值（适用于 SCHEMA 或上文允许出现锚点/高亮时）：
   - 多数句子应**无锚点**；拿不准就留空或 `[]`，避免满屏高亮。
   - 如果一定需要锚点，只选**整段里真正的高潮、反转或核心名词**（宜 2～4 字、有记忆点）；平庸词、铺垫句不要做成锚点。
   - 颜色建议：`#EF4444`（警示/反转/负面/结论）、`#000000`（事实/术语/数据）。动画 `anim`：`spring` | `slideUp` | `popIn` | `highlight`。
   - 音效可选(仅写在锚点对象上的 `audioEffect`)：`impact_thud` | `ping` | `woosh`

2. 视觉标题与字幕分离（仅当 SCHEMA 要求 `notText` / `butText` / `conceptName`、或 DOS_AND_DONTS 的 `left.label` / `right.label` 等时）：

   - 填**极简关键词（约 2～6 字）**，禁止把整句台词搬进标题字段。



## 输出格式（严格 JSON，不要 markdown 代码块）
补全当前模板的param,非数组：
{ "param": { ... } }

===========================================================================================
---------------------------------------- RESPONSE ----------------------------------------
time: 2026-06-05 22:09:53
attempt: 1/3

[OUTPUT]
{"param": {"imageSrc": "半透明的水滴形虚线轮廓渗透进钱包的简笔画图标，表示隐形渗透", "conceptName": "间接税"}}
-------------------------------------------------------------------------------------------

======================================== REQUEST ========================================
time: 2026-06-05 22:09:53
provider: deepseek
model: deepseek-v4-pro
retries: 3

[PROMPT]
你是短视频字幕与画面细节处理专家。请把指定台词细化为字模显示参数。


## 完整段落上下文（仅供理解整体语境，判断当前句子的重要性）
你以为没主动交个税，就是没纳税？大错特错。在我们的税收体系里，个税只占很小的一部分。真正的绝对主力，叫做间接税，这是一种隐形的税法，它像水一样，渗透进你生活的每一个缝隙。


## 🎯 待处理的目标文案
它像水一样，渗透进你生活的每一个缝隙。

## 目标文案content的数组结构
生成模板参数时，format为content_index的字段依据此数组选择匹配的索引，用于决定相应内容出现在动画中的时机

[
  {
    "index": 0,
    "text": "它像水一样，"
  },
  {
    "index": 1,
    "text": "渗透进你生活的每一个缝隙。"
  }
]


## 选定模板及参数规范

模板名称：CENTER_FOCUS

参数 Schema 说明：

{
  "type": "object",
  "properties": {
    "imageSrc": {
      "type": "string",
      "format": "image_prompt",
      "description": "主图描述"
    },
    "enterEffect": {
      "type": "string",
      "enum": [
        "fadeIn",
        "slideLeft",
        "slideBottom",
        "zoomIn"
      ],
      "default": "fadeIn",
      "description": "图片入场方式（breathe 呼吸效果始终常驻，无需指定）"
    },
    "anchors": {
      "type": "array",
      "description": "可选；用于锚点词展示（顶部依次出现并保留为列表），并绑定锚点出现时机的音效。showFrom 须落在当前 content 条数范围内。注意 **保持克制，尽量少设置锚点** 只提取整段里真正的高潮、反转或核心名词",
      "items": {
        "type": "object",
        "required": [
          "text",
          "showFrom"
        ],
        "properties": {
          "text": {
            "type": "string",
            "description": "要展示的锚点词"
          },
          "showFrom": {
            "type": "integer",
            "format": "content_index",
            "description": "content 数组下标（0-based），非帧数；合法范围 0～(content 条数-1)，超出会被校验丢弃"
          },
          "color": {
            "type": "string"
          },
          "anim": {
            "type": "string",
            "enum": [
              "spring",
              "slideUp",
              "popIn",
              "highlight"
            ]
          },
          "audioEffect": {
            "type": "string",
            "enum": [
              "impact_thud",
              "ping",
              "woosh"
            ]
          }
        }
      }
    }
  },
  "required": [
    "imageSrc"
  ]
}


模板该项的示例供参考：

{
  "template": "CENTER_FOCUS",
  "param": {
    "imageSrc": "上班族坐在电脑前的简笔画图标",
    "enterEffect": "fadeIn",
    "anchors": [
      {
        "text": "可得性启发",
        "showFrom": 0,
        "color": "red"
      }
    ]
  }
}


注意：如果该模板生成的参数包含图片视觉描述（如 imageSrc / leftSrc / rightSrc 等等），请只描述纯视觉场景与动作，绝不要包含任何文字、标语或注音。


## 其他通用说明
1. 锚点（Anchor）— 克制与高价值（适用于 SCHEMA 或上文允许出现锚点/高亮时）：
   - 多数句子应**无锚点**；拿不准就留空或 `[]`，避免满屏高亮。
   - 如果一定需要锚点，只选**整段里真正的高潮、反转或核心名词**（宜 2～4 字、有记忆点）；平庸词、铺垫句不要做成锚点。
   - 颜色建议：`#EF4444`（警示/反转/负面/结论）、`#000000`（事实/术语/数据）。动画 `anim`：`spring` | `slideUp` | `popIn` | `highlight`。
   - 音效可选(仅写在锚点对象上的 `audioEffect`)：`impact_thud` | `ping` | `woosh`

2. 视觉标题与字幕分离（仅当 SCHEMA 要求 `notText` / `butText` / `conceptName`、或 DOS_AND_DONTS 的 `left.label` / `right.label` 等时）：

   - 填**极简关键词（约 2～6 字）**，禁止把整句台词搬进标题字段。



## 输出格式（严格 JSON，不要 markdown 代码块）
补全当前模板的param,非数组：
{ "param": { ... } }

===========================================================================================
---------------------------------------- RESPONSE ----------------------------------------
time: 2026-06-05 22:10:04
attempt: 1/3

[OUTPUT]
{"param": {"imageSrc": "透明的水滴渗透进生活的各种缝隙，微观特写水流在墙壁裂缝、衣物纤维间流动", "enterEffect": "fadeIn", "anchors": [{"text": "间接税", "showFrom": 0, "color": "#000000", "anim": "popIn", "audioEffect": "woosh"}]}}
-------------------------------------------------------------------------------------------

======================================== REQUEST ========================================
time: 2026-06-05 22:10:04
provider: deepseek
model: deepseek-v4-pro
retries: 3

[PROMPT]
你是短视频字幕与画面细节处理专家。请把指定台词细化为字模显示参数。


## 完整段落上下文（仅供理解整体语境，判断当前句子的重要性）
给你算一笔硬核的账。假设你买了一件一百多块钱的衣服。
第一步，原材料采购成本40元，进口棉花关税4.4元，增值税5.2元
第二步，原材料运输成本10元，公路运输0.9增值税，0.8燃油税
第三步，生产制作成本30元，加工各环节3.9元增值税，1.5元企业所得税
第四步，成品运输成本5元，增值税0.45元0.4燃油税
第五步，零售销售 利润25元，3.25增值税与1.25企业所得税

最终税负构成：
直接税20.20元，间接税4.25元
最高纳税总占比 24%


## 🎯 待处理的目标文案
给你算一笔硬核的账。假设你买了一件一百多块钱的衣服。

## 目标文案content的数组结构
生成模板参数时，format为content_index的字段依据此数组选择匹配的索引，用于决定相应内容出现在动画中的时机

[
  {
    "index": 0,
    "text": "给你算一笔硬核的账。"
  },
  {
    "index": 1,
    "text": "假设你买了一件一百多块钱的衣服。"
  }
]


## 选定模板及参数规范

模板名称：CENTER_FOCUS

参数 Schema 说明：

{
  "type": "object",
  "properties": {
    "imageSrc": {
      "type": "string",
      "format": "image_prompt",
      "description": "主图描述"
    },
    "enterEffect": {
      "type": "string",
      "enum": [
        "fadeIn",
        "slideLeft",
        "slideBottom",
        "zoomIn"
      ],
      "default": "fadeIn",
      "description": "图片入场方式（breathe 呼吸效果始终常驻，无需指定）"
    },
    "anchors": {
      "type": "array",
      "description": "可选；用于锚点词展示（顶部依次出现并保留为列表），并绑定锚点出现时机的音效。showFrom 须落在当前 content 条数范围内。注意 **保持克制，尽量少设置锚点** 只提取整段里真正的高潮、反转或核心名词",
      "items": {
        "type": "object",
        "required": [
          "text",
          "showFrom"
        ],
        "properties": {
          "text": {
            "type": "string",
            "description": "要展示的锚点词"
          },
          "showFrom": {
            "type": "integer",
            "format": "content_index",
            "description": "content 数组下标（0-based），非帧数；合法范围 0～(content 条数-1)，超出会被校验丢弃"
          },
          "color": {
            "type": "string"
          },
          "anim": {
            "type": "string",
            "enum": [
              "spring",
              "slideUp",
              "popIn",
              "highlight"
            ]
          },
          "audioEffect": {
            "type": "string",
            "enum": [
              "impact_thud",
              "ping",
              "woosh"
            ]
          }
        }
      }
    }
  },
  "required": [
    "imageSrc"
  ]
}


模板该项的示例供参考：

{
  "template": "CENTER_FOCUS",
  "param": {
    "imageSrc": "上班族坐在电脑前的简笔画图标",
    "enterEffect": "fadeIn",
    "anchors": [
      {
        "text": "可得性启发",
        "showFrom": 0,
        "color": "red"
      }
    ]
  }
}


注意：如果该模板生成的参数包含图片视觉描述（如 imageSrc / leftSrc / rightSrc 等等），请只描述纯视觉场景与动作，绝不要包含任何文字、标语或注音。


## 其他通用说明
1. 锚点（Anchor）— 克制与高价值（适用于 SCHEMA 或上文允许出现锚点/高亮时）：
   - 多数句子应**无锚点**；拿不准就留空或 `[]`，避免满屏高亮。
   - 如果一定需要锚点，只选**整段里真正的高潮、反转或核心名词**（宜 2～4 字、有记忆点）；平庸词、铺垫句不要做成锚点。
   - 颜色建议：`#EF4444`（警示/反转/负面/结论）、`#000000`（事实/术语/数据）。动画 `anim`：`spring` | `slideUp` | `popIn` | `highlight`。
   - 音效可选(仅写在锚点对象上的 `audioEffect`)：`impact_thud` | `ping` | `woosh`

2. 视觉标题与字幕分离（仅当 SCHEMA 要求 `notText` / `butText` / `conceptName`、或 DOS_AND_DONTS 的 `left.label` / `right.label` 等时）：

   - 填**极简关键词（约 2～6 字）**，禁止把整句台词搬进标题字段。



## 输出格式（严格 JSON，不要 markdown 代码块）
补全当前模板的param,非数组：
{ "param": { ... } }

===========================================================================================
---------------------------------------- RESPONSE ----------------------------------------
time: 2026-06-05 22:10:14
attempt: 1/3

[OUTPUT]
{
  "param": {
    "imageSrc": "一件挂在衣架上的衣服，旁边有计算器和价格标签",
    "enterEffect": "fadeIn"
  }
}
-------------------------------------------------------------------------------------------

======================================== REQUEST ========================================
time: 2026-06-05 22:10:14
provider: deepseek
model: deepseek-v4-pro
retries: 3

[PROMPT]
你是短视频字幕与画面细节处理专家。请把指定台词细化为字模显示参数。


## 完整段落上下文（仅供理解整体语境，判断当前句子的重要性）
给你算一笔硬核的账。假设你买了一件一百多块钱的衣服。
第一步，原材料采购成本40元，进口棉花关税4.4元，增值税5.2元
第二步，原材料运输成本10元，公路运输0.9增值税，0.8燃油税
第三步，生产制作成本30元，加工各环节3.9元增值税，1.5元企业所得税
第四步，成品运输成本5元，增值税0.45元0.4燃油税
第五步，零售销售 利润25元，3.25增值税与1.25企业所得税

最终税负构成：
直接税20.20元，间接税4.25元
最高纳税总占比 24%


## 🎯 待处理的目标文案
第一步，原材料采购成本40元，进口棉花关税4.4元，增值税5.2元

## 目标文案content的数组结构
生成模板参数时，format为content_index的字段依据此数组选择匹配的索引，用于决定相应内容出现在动画中的时机

[
  {
    "index": 0,
    "text": "第一步，"
  },
  {
    "index": 1,
    "text": "原材料采购成本40元，"
  },
  {
    "index": 2,
    "text": "进口棉花关税4.4元，"
  },
  {
    "index": 3,
    "text": "增值税5.2元"
  }
]


## 选定模板及参数规范

模板名称：METHOD_STACK

参数 Schema 说明：

{
  "type": "object",
  "properties": {
    "title": {
      "type": "string",
      "description": "该 item 的方法名/提醒标题/观点标题，建议 4~12 个字"
    },
    "imageSrc": {
      "type": "string",
      "format": "image_prompt",
      "description": "单张主图描述，用于承接这个方法或观点"
    },
    "notes": {
      "type": "array",
      "description": "可选；解释短语数组。每项含 text 与 showFrom；showFrom 为 content 下标（0-based，非帧数），须在 0～(content 条数-1) 内",
      "items": {
        "type": "object",
        "required": [
          "text",
          "showFrom"
        ],
        "properties": {
          "text": {
            "type": "string",
            "description": "解释短语"
          },
          "showFrom": {
            "type": "integer",
            "format": "content_index",
            "description": "content 数组下标（0-based），非帧数；合法范围 0～(content 条数-1)，超出会被校验丢弃"
          }
        }
      }
    }
  },
  "required": [
    "title",
    "imageSrc"
  ]
}

// 口播条数（已由程序写入 CONTENT_STR，勿在 param 中输出 content）：口播分句（item.content）至少 2 条；口播分句至多 5 条（超出会被校验器告警）


模板该项的示例供参考：

{
  "template": "METHOD_STACK",
  "param": {
    "title": "警惕情绪画面",
    "imageSrc": "被耸动新闻画面包围、神情紧张的人物简笔画",
    "notes": [
      {
        "text": "先识别这是情绪刺激",
        "showFrom": 1
      },
      {
        "text": "再追问它是否只是离奇个案",
        "showFrom": 3
      }
    ]
  }
}


注意：如果该模板生成的参数包含图片视觉描述（如 imageSrc / leftSrc / rightSrc 等等），请只描述纯视觉场景与动作，绝不要包含任何文字、标语或注音。


## 其他通用说明
1. 锚点（Anchor）— 克制与高价值（适用于 SCHEMA 或上文允许出现锚点/高亮时）：
   - 多数句子应**无锚点**；拿不准就留空或 `[]`，避免满屏高亮。
   - 如果一定需要锚点，只选**整段里真正的高潮、反转或核心名词**（宜 2～4 字、有记忆点）；平庸词、铺垫句不要做成锚点。
   - 颜色建议：`#EF4444`（警示/反转/负面/结论）、`#000000`（事实/术语/数据）。动画 `anim`：`spring` | `slideUp` | `popIn` | `highlight`。
   - 音效可选(仅写在锚点对象上的 `audioEffect`)：`impact_thud` | `ping` | `woosh`

2. 视觉标题与字幕分离（仅当 SCHEMA 要求 `notText` / `butText` / `conceptName`、或 DOS_AND_DONTS 的 `left.label` / `right.label` 等时）：

   - 填**极简关键词（约 2～6 字）**，禁止把整句台词搬进标题字段。



## 输出格式（严格 JSON，不要 markdown 代码块）
补全当前模板的param,非数组：
{ "param": { ... } }

===========================================================================================
---------------------------------------- RESPONSE ----------------------------------------
time: 2026-06-05 22:10:33
attempt: 1/3

[OUTPUT]
{
  "param": {
    "title": "原材料成本构成",
    "imageSrc": "一堆进口棉花包堆放在仓库一角，旁边办公桌上放着计算器和海关单据，光线从窗户斜照进来",
    "notes": [
      {
        "text": "进口棉花需缴纳关税",
        "showFrom": 2
      },
      {
        "text": "增值税按采购额计算",
        "showFrom": 3
      }
    ]
  }
}
-------------------------------------------------------------------------------------------

======================================== REQUEST ========================================
time: 2026-06-05 22:10:33
provider: deepseek
model: deepseek-v4-pro
retries: 3

[PROMPT]
你是短视频字幕与画面细节处理专家。请把指定台词细化为字模显示参数。


## 完整段落上下文（仅供理解整体语境，判断当前句子的重要性）
给你算一笔硬核的账。假设你买了一件一百多块钱的衣服。
第一步，原材料采购成本40元，进口棉花关税4.4元，增值税5.2元
第二步，原材料运输成本10元，公路运输0.9增值税，0.8燃油税
第三步，生产制作成本30元，加工各环节3.9元增值税，1.5元企业所得税
第四步，成品运输成本5元，增值税0.45元0.4燃油税
第五步，零售销售 利润25元，3.25增值税与1.25企业所得税

最终税负构成：
直接税20.20元，间接税4.25元
最高纳税总占比 24%


## 🎯 待处理的目标文案
第二步，原材料运输成本10元，公路运输0.9增值税，0.8燃油税

## 目标文案content的数组结构
生成模板参数时，format为content_index的字段依据此数组选择匹配的索引，用于决定相应内容出现在动画中的时机

[
  {
    "index": 0,
    "text": "第二步，"
  },
  {
    "index": 1,
    "text": "原材料运输成本10元，"
  },
  {
    "index": 2,
    "text": "公路运输0.9增值税，"
  },
  {
    "index": 3,
    "text": "0.8燃油税"
  }
]


## 选定模板及参数规范

模板名称：METHOD_STACK

参数 Schema 说明：

{
  "type": "object",
  "properties": {
    "title": {
      "type": "string",
      "description": "该 item 的方法名/提醒标题/观点标题，建议 4~12 个字"
    },
    "imageSrc": {
      "type": "string",
      "format": "image_prompt",
      "description": "单张主图描述，用于承接这个方法或观点"
    },
    "notes": {
      "type": "array",
      "description": "可选；解释短语数组。每项含 text 与 showFrom；showFrom 为 content 下标（0-based，非帧数），须在 0～(content 条数-1) 内",
      "items": {
        "type": "object",
        "required": [
          "text",
          "showFrom"
        ],
        "properties": {
          "text": {
            "type": "string",
            "description": "解释短语"
          },
          "showFrom": {
            "type": "integer",
            "format": "content_index",
            "description": "content 数组下标（0-based），非帧数；合法范围 0～(content 条数-1)，超出会被校验丢弃"
          }
        }
      }
    }
  },
  "required": [
    "title",
    "imageSrc"
  ]
}

// 口播条数（已由程序写入 CONTENT_STR，勿在 param 中输出 content）：口播分句（item.content）至少 2 条；口播分句至多 5 条（超出会被校验器告警）


模板该项的示例供参考：

{
  "template": "METHOD_STACK",
  "param": {
    "title": "警惕情绪画面",
    "imageSrc": "被耸动新闻画面包围、神情紧张的人物简笔画",
    "notes": [
      {
        "text": "先识别这是情绪刺激",
        "showFrom": 1
      },
      {
        "text": "再追问它是否只是离奇个案",
        "showFrom": 3
      }
    ]
  }
}


注意：如果该模板生成的参数包含图片视觉描述（如 imageSrc / leftSrc / rightSrc 等等），请只描述纯视觉场景与动作，绝不要包含任何文字、标语或注音。


## 其他通用说明
1. 锚点（Anchor）— 克制与高价值（适用于 SCHEMA 或上文允许出现锚点/高亮时）：
   - 多数句子应**无锚点**；拿不准就留空或 `[]`，避免满屏高亮。
   - 如果一定需要锚点，只选**整段里真正的高潮、反转或核心名词**（宜 2～4 字、有记忆点）；平庸词、铺垫句不要做成锚点。
   - 颜色建议：`#EF4444`（警示/反转/负面/结论）、`#000000`（事实/术语/数据）。动画 `anim`：`spring` | `slideUp` | `popIn` | `highlight`。
   - 音效可选(仅写在锚点对象上的 `audioEffect`)：`impact_thud` | `ping` | `woosh`

2. 视觉标题与字幕分离（仅当 SCHEMA 要求 `notText` / `butText` / `conceptName`、或 DOS_AND_DONTS 的 `left.label` / `right.label` 等时）：

   - 填**极简关键词（约 2～6 字）**，禁止把整句台词搬进标题字段。



## 输出格式（严格 JSON，不要 markdown 代码块）
补全当前模板的param,非数组：
{ "param": { ... } }

===========================================================================================
---------------------------------------- RESPONSE ----------------------------------------
time: 2026-06-05 22:11:02
attempt: 1/3

[OUTPUT]
{
  "param": {
    "title": "物流环节税费",
    "imageSrc": "一辆货车在高速公路上行驶，背景出现抽象的成本结构图，用色块和箭头表示费用拆分，没有任何文字或数字",
    "notes": [
      {
        "text": "运输成本10元已含税",
        "showFrom": 1
      },
      {
        "text": "公路运输增值税0.9元",
        "showFrom": 2
      },
      {
        "text": "运输燃油消费税0.8元",
        "showFrom": 3
      }
    ]
  }
}
-------------------------------------------------------------------------------------------

======================================== REQUEST ========================================
time: 2026-06-05 22:11:02
provider: deepseek
model: deepseek-v4-pro
retries: 3

[PROMPT]
你是短视频字幕与画面细节处理专家。请把指定台词细化为字模显示参数。


## 完整段落上下文（仅供理解整体语境，判断当前句子的重要性）
给你算一笔硬核的账。假设你买了一件一百多块钱的衣服。
第一步，原材料采购成本40元，进口棉花关税4.4元，增值税5.2元
第二步，原材料运输成本10元，公路运输0.9增值税，0.8燃油税
第三步，生产制作成本30元，加工各环节3.9元增值税，1.5元企业所得税
第四步，成品运输成本5元，增值税0.45元0.4燃油税
第五步，零售销售 利润25元，3.25增值税与1.25企业所得税

最终税负构成：
直接税20.20元，间接税4.25元
最高纳税总占比 24%


## 🎯 待处理的目标文案
第三步，生产制作成本30元，加工各环节3.9元增值税，1.5元企业所得税

## 目标文案content的数组结构
生成模板参数时，format为content_index的字段依据此数组选择匹配的索引，用于决定相应内容出现在动画中的时机

[
  {
    "index": 0,
    "text": "第三步，"
  },
  {
    "index": 1,
    "text": "生产制作成本30元，"
  },
  {
    "index": 2,
    "text": "加工各环节3.9元增值税，"
  },
  {
    "index": 3,
    "text": "1.5元企业所得税"
  }
]


## 选定模板及参数规范

模板名称：METHOD_STACK

参数 Schema 说明：

{
  "type": "object",
  "properties": {
    "title": {
      "type": "string",
      "description": "该 item 的方法名/提醒标题/观点标题，建议 4~12 个字"
    },
    "imageSrc": {
      "type": "string",
      "format": "image_prompt",
      "description": "单张主图描述，用于承接这个方法或观点"
    },
    "notes": {
      "type": "array",
      "description": "可选；解释短语数组。每项含 text 与 showFrom；showFrom 为 content 下标（0-based，非帧数），须在 0～(content 条数-1) 内",
      "items": {
        "type": "object",
        "required": [
          "text",
          "showFrom"
        ],
        "properties": {
          "text": {
            "type": "string",
            "description": "解释短语"
          },
          "showFrom": {
            "type": "integer",
            "format": "content_index",
            "description": "content 数组下标（0-based），非帧数；合法范围 0～(content 条数-1)，超出会被校验丢弃"
          }
        }
      }
    }
  },
  "required": [
    "title",
    "imageSrc"
  ]
}

// 口播条数（已由程序写入 CONTENT_STR，勿在 param 中输出 content）：口播分句（item.content）至少 2 条；口播分句至多 5 条（超出会被校验器告警）


模板该项的示例供参考：

{
  "template": "METHOD_STACK",
  "param": {
    "title": "警惕情绪画面",
    "imageSrc": "被耸动新闻画面包围、神情紧张的人物简笔画",
    "notes": [
      {
        "text": "先识别这是情绪刺激",
        "showFrom": 1
      },
      {
        "text": "再追问它是否只是离奇个案",
        "showFrom": 3
      }
    ]
  }
}


注意：如果该模板生成的参数包含图片视觉描述（如 imageSrc / leftSrc / rightSrc 等等），请只描述纯视觉场景与动作，绝不要包含任何文字、标语或注音。


## 其他通用说明
1. 锚点（Anchor）— 克制与高价值（适用于 SCHEMA 或上文允许出现锚点/高亮时）：
   - 多数句子应**无锚点**；拿不准就留空或 `[]`，避免满屏高亮。
   - 如果一定需要锚点，只选**整段里真正的高潮、反转或核心名词**（宜 2～4 字、有记忆点）；平庸词、铺垫句不要做成锚点。
   - 颜色建议：`#EF4444`（警示/反转/负面/结论）、`#000000`（事实/术语/数据）。动画 `anim`：`spring` | `slideUp` | `popIn` | `highlight`。
   - 音效可选(仅写在锚点对象上的 `audioEffect`)：`impact_thud` | `ping` | `woosh`

2. 视觉标题与字幕分离（仅当 SCHEMA 要求 `notText` / `butText` / `conceptName`、或 DOS_AND_DONTS 的 `left.label` / `right.label` 等时）：

   - 填**极简关键词（约 2～6 字）**，禁止把整句台词搬进标题字段。



## 输出格式（严格 JSON，不要 markdown 代码块）
补全当前模板的param,非数组：
{ "param": { ... } }

===========================================================================================
---------------------------------------- RESPONSE ----------------------------------------
time: 2026-06-05 22:11:32
attempt: 1/3

[OUTPUT]
{
  "param": {
    "title": "生产制作成本",
    "imageSrc": "服装工厂流水线，工人操作缝纫机缝制衣服，周围有布料和线轴",
    "notes": [
      {
        "text": "增值税（加工环节）",
        "showFrom": 2
      },
      {
        "text": "企业所得税（利润部分）",
        "showFrom": 3
      }
    ]
  }
}
-------------------------------------------------------------------------------------------

======================================== REQUEST ========================================
time: 2026-06-05 22:11:32
provider: deepseek
model: deepseek-v4-pro
retries: 3

[PROMPT]
你是短视频字幕与画面细节处理专家。请把指定台词细化为字模显示参数。


## 完整段落上下文（仅供理解整体语境，判断当前句子的重要性）
给你算一笔硬核的账。假设你买了一件一百多块钱的衣服。
第一步，原材料采购成本40元，进口棉花关税4.4元，增值税5.2元
第二步，原材料运输成本10元，公路运输0.9增值税，0.8燃油税
第三步，生产制作成本30元，加工各环节3.9元增值税，1.5元企业所得税
第四步，成品运输成本5元，增值税0.45元0.4燃油税
第五步，零售销售 利润25元，3.25增值税与1.25企业所得税

最终税负构成：
直接税20.20元，间接税4.25元
最高纳税总占比 24%


## 🎯 待处理的目标文案
第四步，成品运输成本5元，增值税0.45元0.4燃油税

## 目标文案content的数组结构
生成模板参数时，format为content_index的字段依据此数组选择匹配的索引，用于决定相应内容出现在动画中的时机

[
  {
    "index": 0,
    "text": "第四步，"
  },
  {
    "index": 1,
    "text": "成品运输成本5元，"
  },
  {
    "index": 2,
    "text": "增值税0.45元0.4燃油税"
  }
]


## 选定模板及参数规范

模板名称：METHOD_STACK

参数 Schema 说明：

{
  "type": "object",
  "properties": {
    "title": {
      "type": "string",
      "description": "该 item 的方法名/提醒标题/观点标题，建议 4~12 个字"
    },
    "imageSrc": {
      "type": "string",
      "format": "image_prompt",
      "description": "单张主图描述，用于承接这个方法或观点"
    },
    "notes": {
      "type": "array",
      "description": "可选；解释短语数组。每项含 text 与 showFrom；showFrom 为 content 下标（0-based，非帧数），须在 0～(content 条数-1) 内",
      "items": {
        "type": "object",
        "required": [
          "text",
          "showFrom"
        ],
        "properties": {
          "text": {
            "type": "string",
            "description": "解释短语"
          },
          "showFrom": {
            "type": "integer",
            "format": "content_index",
            "description": "content 数组下标（0-based），非帧数；合法范围 0～(content 条数-1)，超出会被校验丢弃"
          }
        }
      }
    }
  },
  "required": [
    "title",
    "imageSrc"
  ]
}

// 口播条数（已由程序写入 CONTENT_STR，勿在 param 中输出 content）：口播分句（item.content）至少 2 条；口播分句至多 5 条（超出会被校验器告警）


模板该项的示例供参考：

{
  "template": "METHOD_STACK",
  "param": {
    "title": "警惕情绪画面",
    "imageSrc": "被耸动新闻画面包围、神情紧张的人物简笔画",
    "notes": [
      {
        "text": "先识别这是情绪刺激",
        "showFrom": 1
      },
      {
        "text": "再追问它是否只是离奇个案",
        "showFrom": 3
      }
    ]
  }
}


注意：如果该模板生成的参数包含图片视觉描述（如 imageSrc / leftSrc / rightSrc 等等），请只描述纯视觉场景与动作，绝不要包含任何文字、标语或注音。


## 其他通用说明
1. 锚点（Anchor）— 克制与高价值（适用于 SCHEMA 或上文允许出现锚点/高亮时）：
   - 多数句子应**无锚点**；拿不准就留空或 `[]`，避免满屏高亮。
   - 如果一定需要锚点，只选**整段里真正的高潮、反转或核心名词**（宜 2～4 字、有记忆点）；平庸词、铺垫句不要做成锚点。
   - 颜色建议：`#EF4444`（警示/反转/负面/结论）、`#000000`（事实/术语/数据）。动画 `anim`：`spring` | `slideUp` | `popIn` | `highlight`。
   - 音效可选(仅写在锚点对象上的 `audioEffect`)：`impact_thud` | `ping` | `woosh`

2. 视觉标题与字幕分离（仅当 SCHEMA 要求 `notText` / `butText` / `conceptName`、或 DOS_AND_DONTS 的 `left.label` / `right.label` 等时）：

   - 填**极简关键词（约 2～6 字）**，禁止把整句台词搬进标题字段。



## 输出格式（严格 JSON，不要 markdown 代码块）
补全当前模板的param,非数组：
{ "param": { ... } }

===========================================================================================
---------------------------------------- RESPONSE ----------------------------------------
time: 2026-06-05 22:11:44
attempt: 1/3

[OUTPUT]
{
  "param": {
    "title": "成品运输税收",
    "imageSrc": "一辆卡车在公路上运输服装包裹的简笔画，旁边有加油站标志和税票虚影",
    "notes": [
      {
        "text": "运输成本5元",
        "showFrom": 1
      },
      {
        "text": "增值税0.45元+燃油税0.4元",
        "showFrom": 2
      }
    ]
  }
}
-------------------------------------------------------------------------------------------

======================================== REQUEST ========================================
time: 2026-06-05 22:11:44
provider: deepseek
model: deepseek-v4-pro
retries: 3

[PROMPT]
你是短视频字幕与画面细节处理专家。请把指定台词细化为字模显示参数。


## 完整段落上下文（仅供理解整体语境，判断当前句子的重要性）
给你算一笔硬核的账。假设你买了一件一百多块钱的衣服。
第一步，原材料采购成本40元，进口棉花关税4.4元，增值税5.2元
第二步，原材料运输成本10元，公路运输0.9增值税，0.8燃油税
第三步，生产制作成本30元，加工各环节3.9元增值税，1.5元企业所得税
第四步，成品运输成本5元，增值税0.45元0.4燃油税
第五步，零售销售 利润25元，3.25增值税与1.25企业所得税

最终税负构成：
直接税20.20元，间接税4.25元
最高纳税总占比 24%


## 🎯 待处理的目标文案
第五步，零售销售 利润25元，3.25增值税与1.25企业所得税

## 目标文案content的数组结构
生成模板参数时，format为content_index的字段依据此数组选择匹配的索引，用于决定相应内容出现在动画中的时机

[
  {
    "index": 0,
    "text": "第五步，"
  },
  {
    "index": 1,
    "text": "零售销售 利润25元，"
  },
  {
    "index": 2,
    "text": "3.25增值税与1.25企业所得税"
  }
]


## 选定模板及参数规范

模板名称：METHOD_STACK

参数 Schema 说明：

{
  "type": "object",
  "properties": {
    "title": {
      "type": "string",
      "description": "该 item 的方法名/提醒标题/观点标题，建议 4~12 个字"
    },
    "imageSrc": {
      "type": "string",
      "format": "image_prompt",
      "description": "单张主图描述，用于承接这个方法或观点"
    },
    "notes": {
      "type": "array",
      "description": "可选；解释短语数组。每项含 text 与 showFrom；showFrom 为 content 下标（0-based，非帧数），须在 0～(content 条数-1) 内",
      "items": {
        "type": "object",
        "required": [
          "text",
          "showFrom"
        ],
        "properties": {
          "text": {
            "type": "string",
            "description": "解释短语"
          },
          "showFrom": {
            "type": "integer",
            "format": "content_index",
            "description": "content 数组下标（0-based），非帧数；合法范围 0～(content 条数-1)，超出会被校验丢弃"
          }
        }
      }
    }
  },
  "required": [
    "title",
    "imageSrc"
  ]
}

// 口播条数（已由程序写入 CONTENT_STR，勿在 param 中输出 content）：口播分句（item.content）至少 2 条；口播分句至多 5 条（超出会被校验器告警）


模板该项的示例供参考：

{
  "template": "METHOD_STACK",
  "param": {
    "title": "警惕情绪画面",
    "imageSrc": "被耸动新闻画面包围、神情紧张的人物简笔画",
    "notes": [
      {
        "text": "先识别这是情绪刺激",
        "showFrom": 1
      },
      {
        "text": "再追问它是否只是离奇个案",
        "showFrom": 3
      }
    ]
  }
}


注意：如果该模板生成的参数包含图片视觉描述（如 imageSrc / leftSrc / rightSrc 等等），请只描述纯视觉场景与动作，绝不要包含任何文字、标语或注音。


## 其他通用说明
1. 锚点（Anchor）— 克制与高价值（适用于 SCHEMA 或上文允许出现锚点/高亮时）：
   - 多数句子应**无锚点**；拿不准就留空或 `[]`，避免满屏高亮。
   - 如果一定需要锚点，只选**整段里真正的高潮、反转或核心名词**（宜 2～4 字、有记忆点）；平庸词、铺垫句不要做成锚点。
   - 颜色建议：`#EF4444`（警示/反转/负面/结论）、`#000000`（事实/术语/数据）。动画 `anim`：`spring` | `slideUp` | `popIn` | `highlight`。
   - 音效可选(仅写在锚点对象上的 `audioEffect`)：`impact_thud` | `ping` | `woosh`

2. 视觉标题与字幕分离（仅当 SCHEMA 要求 `notText` / `butText` / `conceptName`、或 DOS_AND_DONTS 的 `left.label` / `right.label` 等时）：

   - 填**极简关键词（约 2～6 字）**，禁止把整句台词搬进标题字段。



## 输出格式（严格 JSON，不要 markdown 代码块）
补全当前模板的param,非数组：
{ "param": { ... } }

===========================================================================================
---------------------------------------- RESPONSE ----------------------------------------
time: 2026-06-05 22:12:04
attempt: 1/3

[OUTPUT]
{"param":{"title":"零售税负拆解","imageSrc":"一件衣服的价签被放大，透射出利润与税金的分解色块，背景是收银台和计算器","notes":[{"text":"终端销售环节","showFrom":0},{"text":"利润仅25元","showFrom":1},{"text":"增值税3.25元+企业所得税1.25元","showFrom":2}]}}
-------------------------------------------------------------------------------------------

======================================== REQUEST ========================================
time: 2026-06-05 22:12:04
provider: deepseek
model: deepseek-v4-pro
retries: 3

[PROMPT]
你是短视频字幕与画面细节处理专家。请把指定台词细化为字模显示参数。


## 完整段落上下文（仅供理解整体语境，判断当前句子的重要性）
给你算一笔硬核的账。假设你买了一件一百多块钱的衣服。
第一步，原材料采购成本40元，进口棉花关税4.4元，增值税5.2元
第二步，原材料运输成本10元，公路运输0.9增值税，0.8燃油税
第三步，生产制作成本30元，加工各环节3.9元增值税，1.5元企业所得税
第四步，成品运输成本5元，增值税0.45元0.4燃油税
第五步，零售销售 利润25元，3.25增值税与1.25企业所得税

最终税负构成：
直接税20.20元，间接税4.25元
最高纳税总占比 24%


## 🎯 待处理的目标文案
最终税负构成：直接税20.20元，间接税4.25元

## 目标文案content的数组结构
生成模板参数时，format为content_index的字段依据此数组选择匹配的索引，用于决定相应内容出现在动画中的时机

[
  {
    "index": 0,
    "text": "最终税负构成："
  },
  {
    "index": 1,
    "text": "直接税20.20元，"
  },
  {
    "index": 2,
    "text": "间接税4.25元"
  }
]


## 选定模板及参数规范

模板名称：STAT_COMPARE

参数 Schema 说明：

{
  "type": "object",
  "properties": {
    "bars": {
      "type": "array",
      "minItems": 2,
      "maxItems": 6,
      "description": "多条柱状对比；每项须含 label、value（非负数，整数或小数）、showFrom（content 下标），从该条 startFrame 起显示本柱",
      "items": {
        "type": "object",
        "required": [
          "label",
          "value",
          "showFrom"
        ],
        "properties": {
          "label": {
            "type": "string",
            "description": "短标签"
          },
          "value": {
            "type": "number",
            "description": "数值（非负，整数或小数）"
          },
          "decimalPlaces": {
            "type": "integer",
            "description": "小数位数；缺省按 value 自动推断"
          },
          "showFrom": {
            "type": "integer",
            "format": "content_index",
            "description": "该柱出现时机：content 数组下标（0-based），取该条 startFrame 作为入场起点"
          }
        }
      }
    },
    "leftValue": {
      "type": "number",
      "description": "左侧数值（非负），旧版两柱模式"
    },
    "rightValue": {
      "type": "number",
      "description": "右侧数值（非负），旧版两柱模式"
    },
    "leftLabel": {
      "type": "string",
      "description": "左侧标签"
    },
    "rightLabel": {
      "type": "string",
      "description": "右侧标签"
    },
    "anchors": {
      "type": "array",
      "description": "可选；顶部锚点词列表，showFrom 为 content 下标（取该条 startFrame），与 KPI_HERO / DATA_TABLE 一致",
      "items": {
        "type": "object",
        "required": [
          "text",
          "showFrom"
        ],
        "properties": {
          "text": {
            "type": "string",
            "description": "锚点词文案"
          },
          "showFrom": {
            "type": "integer",
            "format": "content_index",
            "description": "content 下标（0-based），非帧数"
          },
          "color": {
            "type": "string"
          },
          "anim": {
            "type": "string",
            "enum": [
              "spring",
              "slideUp",
              "popIn",
              "highlight"
            ]
          },
          "audioEffect": {
            "type": "string",
            "enum": [
              "impact_thud",
              "ping",
              "woosh"
            ]
          }
        }
      }
    }
  },
  "required": []
}


模板该项的示例供参考：

{
  "template": "STAT_COMPARE",
  "param": {
    "bars": [
      {
        "label": "去年",
        "value": 32,
        "showFrom": 0
      },
      {
        "label": "今年",
        "value": 68,
        "showFrom": 1
      }
    ]
  }
}


注意：如果该模板生成的参数包含图片视觉描述（如 imageSrc / leftSrc / rightSrc 等等），请只描述纯视觉场景与动作，绝不要包含任何文字、标语或注音。


## 其他通用说明
1. 锚点（Anchor）— 克制与高价值（适用于 SCHEMA 或上文允许出现锚点/高亮时）：
   - 多数句子应**无锚点**；拿不准就留空或 `[]`，避免满屏高亮。
   - 如果一定需要锚点，只选**整段里真正的高潮、反转或核心名词**（宜 2～4 字、有记忆点）；平庸词、铺垫句不要做成锚点。
   - 颜色建议：`#EF4444`（警示/反转/负面/结论）、`#000000`（事实/术语/数据）。动画 `anim`：`spring` | `slideUp` | `popIn` | `highlight`。
   - 音效可选(仅写在锚点对象上的 `audioEffect`)：`impact_thud` | `ping` | `woosh`

2. 视觉标题与字幕分离（仅当 SCHEMA 要求 `notText` / `butText` / `conceptName`、或 DOS_AND_DONTS 的 `left.label` / `right.label` 等时）：

   - 填**极简关键词（约 2～6 字）**，禁止把整句台词搬进标题字段。



## 输出格式（严格 JSON，不要 markdown 代码块）
补全当前模板的param,非数组：
{ "param": { ... } }

===========================================================================================
---------------------------------------- RESPONSE ----------------------------------------
time: 2026-06-05 22:12:17
attempt: 1/3

[OUTPUT]
{"param": {"bars": [{"label": "直接税", "value": 20.20, "decimalPlaces": 2, "showFrom": 1}, {"label": "间接税", "value": 4.25, "decimalPlaces": 2, "showFrom": 2}], "anchors": [{"text": "最终税负构成", "showFrom": 0, "color": "#000000", "anim": "slideUp"}]}}
-------------------------------------------------------------------------------------------

======================================== REQUEST ========================================
time: 2026-06-05 22:12:17
provider: deepseek
model: deepseek-v4-pro
retries: 3

[PROMPT]
你是短视频字幕与画面细节处理专家。请把指定台词细化为字模显示参数。


## 完整段落上下文（仅供理解整体语境，判断当前句子的重要性）
给你算一笔硬核的账。假设你买了一件一百多块钱的衣服。
第一步，原材料采购成本40元，进口棉花关税4.4元，增值税5.2元
第二步，原材料运输成本10元，公路运输0.9增值税，0.8燃油税
第三步，生产制作成本30元，加工各环节3.9元增值税，1.5元企业所得税
第四步，成品运输成本5元，增值税0.45元0.4燃油税
第五步，零售销售 利润25元，3.25增值税与1.25企业所得税

最终税负构成：
直接税20.20元，间接税4.25元
最高纳税总占比 24%


## 🎯 待处理的目标文案
最高纳税总占比 24%

## 目标文案content的数组结构
生成模板参数时，format为content_index的字段依据此数组选择匹配的索引，用于决定相应内容出现在动画中的时机

[
  {
    "index": 0,
    "text": "最高纳税总占比 24%"
  }
]


## 选定模板及参数规范

模板名称：PROGRESS_RING

参数 Schema 说明：

{
  "type": "object",
  "properties": {
    "percent": {
      "type": "integer",
      "description": "单组模式：进度百分比 0–100；若提供 blocks 则可省略"
    },
    "label": {
      "type": "string",
      "description": "单组：主标题；多组请用 blocks[].label"
    },
    "subLabel": {
      "type": "string",
      "description": "单组：副标题或口径说明"
    },
    "blocks": {
      "type": "array",
      "minItems": 1,
      "maxItems": 4,
      "description": "多组：每项 percent、label、showFrom（content 下标）；可选 subLabel、ringColor",
      "items": {
        "type": "object",
        "required": [
          "percent",
          "label",
          "showFrom"
        ],
        "properties": {
          "percent": {
            "type": "integer",
            "description": "0–100"
          },
          "label": {
            "type": "string"
          },
          "subLabel": {
            "type": "string"
          },
          "ringColor": {
            "type": "string",
            "description": "环与进度弧颜色，默认 #2B6CB0"
          },
          "showFrom": {
            "type": "integer",
            "format": "content_index",
            "description": "该列出现时机：content 下标，取该条 startFrame"
          }
        }
      }
    }
  },
  "required": []
}


模板该项的示例供参考：

{
  "template": "PROGRESS_RING",
  "param": {
    "blocks": [
      {
        "percent": 78,
        "label": "项目完成度",
        "subLabel": "Q1",
        "showFrom": 0
      },
      {
        "percent": 62,
        "label": "测试覆盖",
        "ringColor": "#059669",
        "showFrom": 1
      }
    ]
  }
}


注意：如果该模板生成的参数包含图片视觉描述（如 imageSrc / leftSrc / rightSrc 等等），请只描述纯视觉场景与动作，绝不要包含任何文字、标语或注音。


## 其他通用说明
1. 锚点（Anchor）— 克制与高价值（适用于 SCHEMA 或上文允许出现锚点/高亮时）：
   - 多数句子应**无锚点**；拿不准就留空或 `[]`，避免满屏高亮。
   - 如果一定需要锚点，只选**整段里真正的高潮、反转或核心名词**（宜 2～4 字、有记忆点）；平庸词、铺垫句不要做成锚点。
   - 颜色建议：`#EF4444`（警示/反转/负面/结论）、`#000000`（事实/术语/数据）。动画 `anim`：`spring` | `slideUp` | `popIn` | `highlight`。
   - 音效可选(仅写在锚点对象上的 `audioEffect`)：`impact_thud` | `ping` | `woosh`

2. 视觉标题与字幕分离（仅当 SCHEMA 要求 `notText` / `butText` / `conceptName`、或 DOS_AND_DONTS 的 `left.label` / `right.label` 等时）：

   - 填**极简关键词（约 2～6 字）**，禁止把整句台词搬进标题字段。



## 输出格式（严格 JSON，不要 markdown 代码块）
补全当前模板的param,非数组：
{ "param": { ... } }

===========================================================================================
---------------------------------------- RESPONSE ----------------------------------------
time: 2026-06-05 22:12:24
attempt: 1/3

[OUTPUT]
{ "param": { "blocks": [ { "percent": 24, "label": "最高纳税总占比", "showFrom": 0 } ] } }
-------------------------------------------------------------------------------------------

======================================== REQUEST ========================================
time: 2026-06-05 22:12:24
provider: deepseek
model: deepseek-v4-pro
retries: 3

[PROMPT]
你是短视频字幕与画面细节处理专家。请把指定台词细化为字模显示参数。


## 完整段落上下文（仅供理解整体语境，判断当前句子的重要性）
你以为你只买了一件衣服？不，你买单的是这整个漫长的税收链条。这笔钱，作为成本的一部分，一分不差，全算在你的最终消费里。你没有去税务局排队。但你每天都在实打实地掏钱。

你以为这只是个例？不，这是整个社会的普遍规律。你买米，买盐，买油，你的每一笔消费，都包含着国家运转的资金。
但讽刺的是。你养活了庞大的基建，你却以为自己在乞讨。很多人看不透这套机制。在政府面前唯唯诺诺，在公共事务上默不作声。你的钱被拿去建了高速公路。你却连在上面走，都觉得是被施舍的。


## 🎯 待处理的目标文案
你以为你只买了一件衣服？不，你买单的是这整个漫长的税收链条。

## 目标文案content的数组结构
生成模板参数时，format为content_index的字段依据此数组选择匹配的索引，用于决定相应内容出现在动画中的时机

[
  {
    "index": 0,
    "text": "你以为你只买了一件衣服？"
  },
  {
    "index": 1,
    "text": "不，"
  },
  {
    "index": 2,
    "text": "你买单的是这整个漫长的税收链条。"
  }
]


## 选定模板及参数规范

模板名称：COGNITIVE_SHIFT

参数 Schema 说明：

{
  "type": "object",
  "properties": {
    "notText": {
      "type": "string",
      "description": "被否认知（‘不是’后面的内容）的精炼短句，不超过12个字，"
    },
    "butText": {
      "type": "string",
      "description": "真实认知（‘而是’后面的内容）的精炼短句，不超过12个字"
    },
    "butSrc": {
      "type": "string",
      "format": "image_prompt",
      "description": "真实认知的配图"
    },
    "notContentIndex": {
      "type": "integer",
      "format": "content_index",
      "description": "触发「不是」动画的字幕段索引（默认 0）"
    },
    "butContentIndex": {
      "type": "integer",
      "format": "content_index",
      "description": "触发「而是」动画的字幕段索引（默认 1）"
    }
  },
  "required": [
    "notText",
    "butText"
  ]
}


模板该项的示例供参考：

{
  "template": "COGNITIVE_SHIFT",
  "content": [
    "我们都不应该靠勤奋拼命",
    "我们都应该是靠认知和选择",
    "这样我才能成功"
  ],
  "param": {
    "notText": "靠勤奋拼命",
    "butText": "靠认知和选择",
    "butSrc": "站在高处看地图的思考者",
    "notContentIndex": 0,
    "butContentIndex": 1
  }
}


注意：如果该模板生成的参数包含图片视觉描述（如 imageSrc / leftSrc / rightSrc 等等），请只描述纯视觉场景与动作，绝不要包含任何文字、标语或注音。


## 其他通用说明
1. 锚点（Anchor）— 克制与高价值（适用于 SCHEMA 或上文允许出现锚点/高亮时）：
   - 多数句子应**无锚点**；拿不准就留空或 `[]`，避免满屏高亮。
   - 如果一定需要锚点，只选**整段里真正的高潮、反转或核心名词**（宜 2～4 字、有记忆点）；平庸词、铺垫句不要做成锚点。
   - 颜色建议：`#EF4444`（警示/反转/负面/结论）、`#000000`（事实/术语/数据）。动画 `anim`：`spring` | `slideUp` | `popIn` | `highlight`。
   - 音效可选(仅写在锚点对象上的 `audioEffect`)：`impact_thud` | `ping` | `woosh`

2. 视觉标题与字幕分离（仅当 SCHEMA 要求 `notText` / `butText` / `conceptName`、或 DOS_AND_DONTS 的 `left.label` / `right.label` 等时）：

   - 填**极简关键词（约 2～6 字）**，禁止把整句台词搬进标题字段。



## 输出格式（严格 JSON，不要 markdown 代码块）
补全当前模板的param,非数组：
{ "param": { ... } }

===========================================================================================
---------------------------------------- RESPONSE ----------------------------------------
time: 2026-06-05 22:12:56
attempt: 1/3

[OUTPUT]
{
  "param": {
    "notText": "只买一件衣服",
    "butText": "为税收链条买单",
    "butSrc": "一条发光的金属链条，每个链环由一枚硬币和一张税务单据缠绕而成，另一端隐入朦胧的政府大楼剪影。",
    "notContentIndex": 0,
    "butContentIndex": 2
  }
}
-------------------------------------------------------------------------------------------

======================================== REQUEST ========================================
time: 2026-06-05 22:12:56
provider: deepseek
model: deepseek-v4-pro
retries: 3

[PROMPT]
你是短视频字幕与画面细节处理专家。请把指定台词细化为字模显示参数。


## 完整段落上下文（仅供理解整体语境，判断当前句子的重要性）
你以为你只买了一件衣服？不，你买单的是这整个漫长的税收链条。这笔钱，作为成本的一部分，一分不差，全算在你的最终消费里。你没有去税务局排队。但你每天都在实打实地掏钱。

你以为这只是个例？不，这是整个社会的普遍规律。你买米，买盐，买油，你的每一笔消费，都包含着国家运转的资金。
但讽刺的是。你养活了庞大的基建，你却以为自己在乞讨。很多人看不透这套机制。在政府面前唯唯诺诺，在公共事务上默不作声。你的钱被拿去建了高速公路。你却连在上面走，都觉得是被施舍的。


## 🎯 待处理的目标文案
这笔钱，作为成本的一部分，一分不差，全算在你的最终消费里。你没有去税务局排队。但你每天都在实打实地掏钱。

## 目标文案content的数组结构
生成模板参数时，format为content_index的字段依据此数组选择匹配的索引，用于决定相应内容出现在动画中的时机

[
  {
    "index": 0,
    "text": "这笔钱，"
  },
  {
    "index": 1,
    "text": "作为成本的一部分，"
  },
  {
    "index": 2,
    "text": "一分不差，"
  },
  {
    "index": 3,
    "text": "全算在你的最终消费里。"
  },
  {
    "index": 4,
    "text": "你没有去税务局排队。"
  },
  {
    "index": 5,
    "text": "但你每天都在实打实地掏钱。"
  }
]


## 选定模板及参数规范

模板名称：COGNITIVE_SHIFT

参数 Schema 说明：

{
  "type": "object",
  "properties": {
    "notText": {
      "type": "string",
      "description": "被否认知（‘不是’后面的内容）的精炼短句，不超过12个字，"
    },
    "butText": {
      "type": "string",
      "description": "真实认知（‘而是’后面的内容）的精炼短句，不超过12个字"
    },
    "butSrc": {
      "type": "string",
      "format": "image_prompt",
      "description": "真实认知的配图"
    },
    "notContentIndex": {
      "type": "integer",
      "format": "content_index",
      "description": "触发「不是」动画的字幕段索引（默认 0）"
    },
    "butContentIndex": {
      "type": "integer",
      "format": "content_index",
      "description": "触发「而是」动画的字幕段索引（默认 1）"
    }
  },
  "required": [
    "notText",
    "butText"
  ]
}


模板该项的示例供参考：

{
  "template": "COGNITIVE_SHIFT",
  "content": [
    "我们都不应该靠勤奋拼命",
    "我们都应该是靠认知和选择",
    "这样我才能成功"
  ],
  "param": {
    "notText": "靠勤奋拼命",
    "butText": "靠认知和选择",
    "butSrc": "站在高处看地图的思考者",
    "notContentIndex": 0,
    "butContentIndex": 1
  }
}


注意：如果该模板生成的参数包含图片视觉描述（如 imageSrc / leftSrc / rightSrc 等等），请只描述纯视觉场景与动作，绝不要包含任何文字、标语或注音。


## 其他通用说明
1. 锚点（Anchor）— 克制与高价值（适用于 SCHEMA 或上文允许出现锚点/高亮时）：
   - 多数句子应**无锚点**；拿不准就留空或 `[]`，避免满屏高亮。
   - 如果一定需要锚点，只选**整段里真正的高潮、反转或核心名词**（宜 2～4 字、有记忆点）；平庸词、铺垫句不要做成锚点。
   - 颜色建议：`#EF4444`（警示/反转/负面/结论）、`#000000`（事实/术语/数据）。动画 `anim`：`spring` | `slideUp` | `popIn` | `highlight`。
   - 音效可选(仅写在锚点对象上的 `audioEffect`)：`impact_thud` | `ping` | `woosh`

2. 视觉标题与字幕分离（仅当 SCHEMA 要求 `notText` / `butText` / `conceptName`、或 DOS_AND_DONTS 的 `left.label` / `right.label` 等时）：

   - 填**极简关键词（约 2～6 字）**，禁止把整句台词搬进标题字段。



## 输出格式（严格 JSON，不要 markdown 代码块）
补全当前模板的param,非数组：
{ "param": { ... } }

===========================================================================================
---------------------------------------- RESPONSE ----------------------------------------
time: 2026-06-05 22:13:15
attempt: 1/3

[OUTPUT]
{
  "param": {
    "notText": "去税务局排队缴纳",
    "butText": "每笔消费都在缴税",
    "butSrc": "超市收银台，钞票从购物车中飘起，飞向一座宏伟的政府建筑",
    "notContentIndex": 4,
    "butContentIndex": 5
  }
}
-------------------------------------------------------------------------------------------

======================================== REQUEST ========================================
time: 2026-06-05 22:13:15
provider: deepseek
model: deepseek-v4-pro
retries: 3

[PROMPT]
你是短视频字幕与画面细节处理专家。请把指定台词细化为字模显示参数。


## 完整段落上下文（仅供理解整体语境，判断当前句子的重要性）
你以为你只买了一件衣服？不，你买单的是这整个漫长的税收链条。这笔钱，作为成本的一部分，一分不差，全算在你的最终消费里。你没有去税务局排队。但你每天都在实打实地掏钱。

你以为这只是个例？不，这是整个社会的普遍规律。你买米，买盐，买油，你的每一笔消费，都包含着国家运转的资金。
但讽刺的是。你养活了庞大的基建，你却以为自己在乞讨。很多人看不透这套机制。在政府面前唯唯诺诺，在公共事务上默不作声。你的钱被拿去建了高速公路。你却连在上面走，都觉得是被施舍的。


## 🎯 待处理的目标文案
你以为这只是个例？不，这是整个社会的普遍规律。

## 目标文案content的数组结构
生成模板参数时，format为content_index的字段依据此数组选择匹配的索引，用于决定相应内容出现在动画中的时机

[
  {
    "index": 0,
    "text": "你以为这只是个例？"
  },
  {
    "index": 1,
    "text": "不，"
  },
  {
    "index": 2,
    "text": "这是整个社会的普遍规律。"
  }
]


## 选定模板及参数规范

模板名称：COGNITIVE_SHIFT

参数 Schema 说明：

{
  "type": "object",
  "properties": {
    "notText": {
      "type": "string",
      "description": "被否认知（‘不是’后面的内容）的精炼短句，不超过12个字，"
    },
    "butText": {
      "type": "string",
      "description": "真实认知（‘而是’后面的内容）的精炼短句，不超过12个字"
    },
    "butSrc": {
      "type": "string",
      "format": "image_prompt",
      "description": "真实认知的配图"
    },
    "notContentIndex": {
      "type": "integer",
      "format": "content_index",
      "description": "触发「不是」动画的字幕段索引（默认 0）"
    },
    "butContentIndex": {
      "type": "integer",
      "format": "content_index",
      "description": "触发「而是」动画的字幕段索引（默认 1）"
    }
  },
  "required": [
    "notText",
    "butText"
  ]
}


模板该项的示例供参考：

{
  "template": "COGNITIVE_SHIFT",
  "content": [
    "我们都不应该靠勤奋拼命",
    "我们都应该是靠认知和选择",
    "这样我才能成功"
  ],
  "param": {
    "notText": "靠勤奋拼命",
    "butText": "靠认知和选择",
    "butSrc": "站在高处看地图的思考者",
    "notContentIndex": 0,
    "butContentIndex": 1
  }
}


注意：如果该模板生成的参数包含图片视觉描述（如 imageSrc / leftSrc / rightSrc 等等），请只描述纯视觉场景与动作，绝不要包含任何文字、标语或注音。


## 其他通用说明
1. 锚点（Anchor）— 克制与高价值（适用于 SCHEMA 或上文允许出现锚点/高亮时）：
   - 多数句子应**无锚点**；拿不准就留空或 `[]`，避免满屏高亮。
   - 如果一定需要锚点，只选**整段里真正的高潮、反转或核心名词**（宜 2～4 字、有记忆点）；平庸词、铺垫句不要做成锚点。
   - 颜色建议：`#EF4444`（警示/反转/负面/结论）、`#000000`（事实/术语/数据）。动画 `anim`：`spring` | `slideUp` | `popIn` | `highlight`。
   - 音效可选(仅写在锚点对象上的 `audioEffect`)：`impact_thud` | `ping` | `woosh`

2. 视觉标题与字幕分离（仅当 SCHEMA 要求 `notText` / `butText` / `conceptName`、或 DOS_AND_DONTS 的 `left.label` / `right.label` 等时）：

   - 填**极简关键词（约 2～6 字）**，禁止把整句台词搬进标题字段。



## 输出格式（严格 JSON，不要 markdown 代码块）
补全当前模板的param,非数组：
{ "param": { ... } }

===========================================================================================
---------------------------------------- RESPONSE ----------------------------------------
time: 2026-06-05 22:13:48
attempt: 1/3

[OUTPUT]
{
  "param": {
    "notText": "只是个例",
    "butText": "社会普遍规律",
    "butSrc": "繁忙的都市十字路口，人潮涌动，无数透明资金流从消费者手中汇聚向政府建筑",
    "notContentIndex": 1,
    "butContentIndex": 2
  }
}
-------------------------------------------------------------------------------------------

======================================== REQUEST ========================================
time: 2026-06-05 22:13:48
provider: deepseek
model: deepseek-v4-pro
retries: 3

[PROMPT]
你是短视频字幕与画面细节处理专家。请把指定台词细化为字模显示参数。


## 完整段落上下文（仅供理解整体语境，判断当前句子的重要性）
你以为你只买了一件衣服？不，你买单的是这整个漫长的税收链条。这笔钱，作为成本的一部分，一分不差，全算在你的最终消费里。你没有去税务局排队。但你每天都在实打实地掏钱。

你以为这只是个例？不，这是整个社会的普遍规律。你买米，买盐，买油，你的每一笔消费，都包含着国家运转的资金。
但讽刺的是。你养活了庞大的基建，你却以为自己在乞讨。很多人看不透这套机制。在政府面前唯唯诺诺，在公共事务上默不作声。你的钱被拿去建了高速公路。你却连在上面走，都觉得是被施舍的。


## 🎯 待处理的目标文案
你买米，买盐，买油，你的每一笔消费，都包含着国家运转的资金。

## 目标文案content的数组结构
生成模板参数时，format为content_index的字段依据此数组选择匹配的索引，用于决定相应内容出现在动画中的时机

[
  {
    "index": 0,
    "text": "你买米，"
  },
  {
    "index": 1,
    "text": "买盐，"
  },
  {
    "index": 2,
    "text": "买油，"
  },
  {
    "index": 3,
    "text": "你的每一笔消费，"
  },
  {
    "index": 4,
    "text": "都包含着国家运转的资金。"
  }
]


## 选定模板及参数规范

模板名称：CENTER_FOCUS

参数 Schema 说明：

{
  "type": "object",
  "properties": {
    "imageSrc": {
      "type": "string",
      "format": "image_prompt",
      "description": "主图描述"
    },
    "enterEffect": {
      "type": "string",
      "enum": [
        "fadeIn",
        "slideLeft",
        "slideBottom",
        "zoomIn"
      ],
      "default": "fadeIn",
      "description": "图片入场方式（breathe 呼吸效果始终常驻，无需指定）"
    },
    "anchors": {
      "type": "array",
      "description": "可选；用于锚点词展示（顶部依次出现并保留为列表），并绑定锚点出现时机的音效。showFrom 须落在当前 content 条数范围内。注意 **保持克制，尽量少设置锚点** 只提取整段里真正的高潮、反转或核心名词",
      "items": {
        "type": "object",
        "required": [
          "text",
          "showFrom"
        ],
        "properties": {
          "text": {
            "type": "string",
            "description": "要展示的锚点词"
          },
          "showFrom": {
            "type": "integer",
            "format": "content_index",
            "description": "content 数组下标（0-based），非帧数；合法范围 0～(content 条数-1)，超出会被校验丢弃"
          },
          "color": {
            "type": "string"
          },
          "anim": {
            "type": "string",
            "enum": [
              "spring",
              "slideUp",
              "popIn",
              "highlight"
            ]
          },
          "audioEffect": {
            "type": "string",
            "enum": [
              "impact_thud",
              "ping",
              "woosh"
            ]
          }
        }
      }
    }
  },
  "required": [
    "imageSrc"
  ]
}


模板该项的示例供参考：

{
  "template": "CENTER_FOCUS",
  "param": {
    "imageSrc": "上班族坐在电脑前的简笔画图标",
    "enterEffect": "fadeIn",
    "anchors": [
      {
        "text": "可得性启发",
        "showFrom": 0,
        "color": "red"
      }
    ]
  }
}


注意：如果该模板生成的参数包含图片视觉描述（如 imageSrc / leftSrc / rightSrc 等等），请只描述纯视觉场景与动作，绝不要包含任何文字、标语或注音。


## 其他通用说明
1. 锚点（Anchor）— 克制与高价值（适用于 SCHEMA 或上文允许出现锚点/高亮时）：
   - 多数句子应**无锚点**；拿不准就留空或 `[]`，避免满屏高亮。
   - 如果一定需要锚点，只选**整段里真正的高潮、反转或核心名词**（宜 2～4 字、有记忆点）；平庸词、铺垫句不要做成锚点。
   - 颜色建议：`#EF4444`（警示/反转/负面/结论）、`#000000`（事实/术语/数据）。动画 `anim`：`spring` | `slideUp` | `popIn` | `highlight`。
   - 音效可选(仅写在锚点对象上的 `audioEffect`)：`impact_thud` | `ping` | `woosh`

2. 视觉标题与字幕分离（仅当 SCHEMA 要求 `notText` / `butText` / `conceptName`、或 DOS_AND_DONTS 的 `left.label` / `right.label` 等时）：

   - 填**极简关键词（约 2～6 字）**，禁止把整句台词搬进标题字段。



## 输出格式（严格 JSON，不要 markdown 代码块）
补全当前模板的param,非数组：
{ "param": { ... } }

===========================================================================================
---------------------------------------- RESPONSE ----------------------------------------
time: 2026-06-05 22:14:09
attempt: 1/3

[OUTPUT]
{
  "param": {
    "imageSrc": "一只手拿着购物袋，金币源源不断从袋中飞出，汇入远方齿轮与政府大楼轮廓交织的抽象画面",
    "enterEffect": "fadeIn",
    "anchors": [
      {
        "text": "国家运转",
        "showFrom": 4,
        "color": "#EF4444",
        "anim": "spring",
        "audioEffect": "impact_thud"
      }
    ]
  }
}
-------------------------------------------------------------------------------------------

======================================== REQUEST ========================================
time: 2026-06-05 22:14:09
provider: deepseek
model: deepseek-v4-pro
retries: 3

[PROMPT]
你是短视频字幕与画面细节处理专家。请把指定台词细化为字模显示参数。


## 完整段落上下文（仅供理解整体语境，判断当前句子的重要性）
你以为你只买了一件衣服？不，你买单的是这整个漫长的税收链条。这笔钱，作为成本的一部分，一分不差，全算在你的最终消费里。你没有去税务局排队。但你每天都在实打实地掏钱。

你以为这只是个例？不，这是整个社会的普遍规律。你买米，买盐，买油，你的每一笔消费，都包含着国家运转的资金。
但讽刺的是。你养活了庞大的基建，你却以为自己在乞讨。很多人看不透这套机制。在政府面前唯唯诺诺，在公共事务上默不作声。你的钱被拿去建了高速公路。你却连在上面走，都觉得是被施舍的。


## 🎯 待处理的目标文案
但讽刺的是。你养活了庞大的基建，你却以为自己在乞讨。

## 目标文案content的数组结构
生成模板参数时，format为content_index的字段依据此数组选择匹配的索引，用于决定相应内容出现在动画中的时机

[
  {
    "index": 0,
    "text": "但讽刺的是。"
  },
  {
    "index": 1,
    "text": "你养活了庞大的基建，"
  },
  {
    "index": 2,
    "text": "你却以为自己在乞讨。"
  }
]


## 选定模板及参数规范

模板名称：COGNITIVE_SHIFT

参数 Schema 说明：

{
  "type": "object",
  "properties": {
    "notText": {
      "type": "string",
      "description": "被否认知（‘不是’后面的内容）的精炼短句，不超过12个字，"
    },
    "butText": {
      "type": "string",
      "description": "真实认知（‘而是’后面的内容）的精炼短句，不超过12个字"
    },
    "butSrc": {
      "type": "string",
      "format": "image_prompt",
      "description": "真实认知的配图"
    },
    "notContentIndex": {
      "type": "integer",
      "format": "content_index",
      "description": "触发「不是」动画的字幕段索引（默认 0）"
    },
    "butContentIndex": {
      "type": "integer",
      "format": "content_index",
      "description": "触发「而是」动画的字幕段索引（默认 1）"
    }
  },
  "required": [
    "notText",
    "butText"
  ]
}


模板该项的示例供参考：

{
  "template": "COGNITIVE_SHIFT",
  "content": [
    "我们都不应该靠勤奋拼命",
    "我们都应该是靠认知和选择",
    "这样我才能成功"
  ],
  "param": {
    "notText": "靠勤奋拼命",
    "butText": "靠认知和选择",
    "butSrc": "站在高处看地图的思考者",
    "notContentIndex": 0,
    "butContentIndex": 1
  }
}


注意：如果该模板生成的参数包含图片视觉描述（如 imageSrc / leftSrc / rightSrc 等等），请只描述纯视觉场景与动作，绝不要包含任何文字、标语或注音。


## 其他通用说明
1. 锚点（Anchor）— 克制与高价值（适用于 SCHEMA 或上文允许出现锚点/高亮时）：
   - 多数句子应**无锚点**；拿不准就留空或 `[]`，避免满屏高亮。
   - 如果一定需要锚点，只选**整段里真正的高潮、反转或核心名词**（宜 2～4 字、有记忆点）；平庸词、铺垫句不要做成锚点。
   - 颜色建议：`#EF4444`（警示/反转/负面/结论）、`#000000`（事实/术语/数据）。动画 `anim`：`spring` | `slideUp` | `popIn` | `highlight`。
   - 音效可选(仅写在锚点对象上的 `audioEffect`)：`impact_thud` | `ping` | `woosh`

2. 视觉标题与字幕分离（仅当 SCHEMA 要求 `notText` / `butText` / `conceptName`、或 DOS_AND_DONTS 的 `left.label` / `right.label` 等时）：

   - 填**极简关键词（约 2～6 字）**，禁止把整句台词搬进标题字段。



## 输出格式（严格 JSON，不要 markdown 代码块）
补全当前模板的param,非数组：
{ "param": { ... } }

===========================================================================================
---------------------------------------- RESPONSE ----------------------------------------
time: 2026-06-05 22:14:26
attempt: 1/3

[OUTPUT]
{
  "param": {
    "notText": "你在乞讨",
    "butText": "你养活了庞大基建",
    "butSrc": "一个普通人站在巨大的现代高速公路桥梁上，双手托起桥梁结构，背景是宏伟的基础设施，落日余晖",
    "notContentIndex": 2,
    "butContentIndex": 1
  }
}
-------------------------------------------------------------------------------------------

======================================== REQUEST ========================================
time: 2026-06-05 22:14:26
provider: deepseek
model: deepseek-v4-pro
retries: 3

[PROMPT]
你是短视频字幕与画面细节处理专家。请把指定台词细化为字模显示参数。


## 完整段落上下文（仅供理解整体语境，判断当前句子的重要性）
你以为你只买了一件衣服？不，你买单的是这整个漫长的税收链条。这笔钱，作为成本的一部分，一分不差，全算在你的最终消费里。你没有去税务局排队。但你每天都在实打实地掏钱。

你以为这只是个例？不，这是整个社会的普遍规律。你买米，买盐，买油，你的每一笔消费，都包含着国家运转的资金。
但讽刺的是。你养活了庞大的基建，你却以为自己在乞讨。很多人看不透这套机制。在政府面前唯唯诺诺，在公共事务上默不作声。你的钱被拿去建了高速公路。你却连在上面走，都觉得是被施舍的。


## 🎯 待处理的目标文案
很多人看不透这套机制。在政府面前唯唯诺诺，在公共事务上默不作声。

## 目标文案content的数组结构
生成模板参数时，format为content_index的字段依据此数组选择匹配的索引，用于决定相应内容出现在动画中的时机

[
  {
    "index": 0,
    "text": "很多人看不透这套机制。"
  },
  {
    "index": 1,
    "text": "在政府面前唯唯诺诺，"
  },
  {
    "index": 2,
    "text": "在公共事务上默不作声。"
  }
]


## 选定模板及参数规范

模板名称：CENTER_FOCUS

参数 Schema 说明：

{
  "type": "object",
  "properties": {
    "imageSrc": {
      "type": "string",
      "format": "image_prompt",
      "description": "主图描述"
    },
    "enterEffect": {
      "type": "string",
      "enum": [
        "fadeIn",
        "slideLeft",
        "slideBottom",
        "zoomIn"
      ],
      "default": "fadeIn",
      "description": "图片入场方式（breathe 呼吸效果始终常驻，无需指定）"
    },
    "anchors": {
      "type": "array",
      "description": "可选；用于锚点词展示（顶部依次出现并保留为列表），并绑定锚点出现时机的音效。showFrom 须落在当前 content 条数范围内。注意 **保持克制，尽量少设置锚点** 只提取整段里真正的高潮、反转或核心名词",
      "items": {
        "type": "object",
        "required": [
          "text",
          "showFrom"
        ],
        "properties": {
          "text": {
            "type": "string",
            "description": "要展示的锚点词"
          },
          "showFrom": {
            "type": "integer",
            "format": "content_index",
            "description": "content 数组下标（0-based），非帧数；合法范围 0～(content 条数-1)，超出会被校验丢弃"
          },
          "color": {
            "type": "string"
          },
          "anim": {
            "type": "string",
            "enum": [
              "spring",
              "slideUp",
              "popIn",
              "highlight"
            ]
          },
          "audioEffect": {
            "type": "string",
            "enum": [
              "impact_thud",
              "ping",
              "woosh"
            ]
          }
        }
      }
    }
  },
  "required": [
    "imageSrc"
  ]
}


模板该项的示例供参考：

{
  "template": "CENTER_FOCUS",
  "param": {
    "imageSrc": "上班族坐在电脑前的简笔画图标",
    "enterEffect": "fadeIn",
    "anchors": [
      {
        "text": "可得性启发",
        "showFrom": 0,
        "color": "red"
      }
    ]
  }
}


注意：如果该模板生成的参数包含图片视觉描述（如 imageSrc / leftSrc / rightSrc 等等），请只描述纯视觉场景与动作，绝不要包含任何文字、标语或注音。


## 其他通用说明
1. 锚点（Anchor）— 克制与高价值（适用于 SCHEMA 或上文允许出现锚点/高亮时）：
   - 多数句子应**无锚点**；拿不准就留空或 `[]`，避免满屏高亮。
   - 如果一定需要锚点，只选**整段里真正的高潮、反转或核心名词**（宜 2～4 字、有记忆点）；平庸词、铺垫句不要做成锚点。
   - 颜色建议：`#EF4444`（警示/反转/负面/结论）、`#000000`（事实/术语/数据）。动画 `anim`：`spring` | `slideUp` | `popIn` | `highlight`。
   - 音效可选(仅写在锚点对象上的 `audioEffect`)：`impact_thud` | `ping` | `woosh`

2. 视觉标题与字幕分离（仅当 SCHEMA 要求 `notText` / `butText` / `conceptName`、或 DOS_AND_DONTS 的 `left.label` / `right.label` 等时）：

   - 填**极简关键词（约 2～6 字）**，禁止把整句台词搬进标题字段。



## 输出格式（严格 JSON，不要 markdown 代码块）
补全当前模板的param,非数组：
{ "param": { ... } }

===========================================================================================
---------------------------------------- RESPONSE ----------------------------------------
time: 2026-06-05 22:14:44
attempt: 1/3

[OUTPUT]
{
  "param": {
    "imageSrc": "简笔画风格，一个人站在迷雾中，眼睛被蒙住，周围有链条环绕，脚下有钞票符号",
    "enterEffect": "fadeIn"
  }
}
-------------------------------------------------------------------------------------------

======================================== REQUEST ========================================
time: 2026-06-05 22:14:44
provider: deepseek
model: deepseek-v4-pro
retries: 3

[PROMPT]
你是短视频字幕与画面细节处理专家。请把指定台词细化为字模显示参数。


## 完整段落上下文（仅供理解整体语境，判断当前句子的重要性）
你以为你只买了一件衣服？不，你买单的是这整个漫长的税收链条。这笔钱，作为成本的一部分，一分不差，全算在你的最终消费里。你没有去税务局排队。但你每天都在实打实地掏钱。

你以为这只是个例？不，这是整个社会的普遍规律。你买米，买盐，买油，你的每一笔消费，都包含着国家运转的资金。
但讽刺的是。你养活了庞大的基建，你却以为自己在乞讨。很多人看不透这套机制。在政府面前唯唯诺诺，在公共事务上默不作声。你的钱被拿去建了高速公路。你却连在上面走，都觉得是被施舍的。


## 🎯 待处理的目标文案
你的钱被拿去建了高速公路。你却连在上面走，都觉得是被施舍的。

## 目标文案content的数组结构
生成模板参数时，format为content_index的字段依据此数组选择匹配的索引，用于决定相应内容出现在动画中的时机

[
  {
    "index": 0,
    "text": "你的钱被拿去建了高速公路。"
  },
  {
    "index": 1,
    "text": "你却连在上面走，"
  },
  {
    "index": 2,
    "text": "都觉得是被施舍的。"
  }
]


## 选定模板及参数规范

模板名称：COGNITIVE_SHIFT

参数 Schema 说明：

{
  "type": "object",
  "properties": {
    "notText": {
      "type": "string",
      "description": "被否认知（‘不是’后面的内容）的精炼短句，不超过12个字，"
    },
    "butText": {
      "type": "string",
      "description": "真实认知（‘而是’后面的内容）的精炼短句，不超过12个字"
    },
    "butSrc": {
      "type": "string",
      "format": "image_prompt",
      "description": "真实认知的配图"
    },
    "notContentIndex": {
      "type": "integer",
      "format": "content_index",
      "description": "触发「不是」动画的字幕段索引（默认 0）"
    },
    "butContentIndex": {
      "type": "integer",
      "format": "content_index",
      "description": "触发「而是」动画的字幕段索引（默认 1）"
    }
  },
  "required": [
    "notText",
    "butText"
  ]
}


模板该项的示例供参考：

{
  "template": "COGNITIVE_SHIFT",
  "content": [
    "我们都不应该靠勤奋拼命",
    "我们都应该是靠认知和选择",
    "这样我才能成功"
  ],
  "param": {
    "notText": "靠勤奋拼命",
    "butText": "靠认知和选择",
    "butSrc": "站在高处看地图的思考者",
    "notContentIndex": 0,
    "butContentIndex": 1
  }
}


注意：如果该模板生成的参数包含图片视觉描述（如 imageSrc / leftSrc / rightSrc 等等），请只描述纯视觉场景与动作，绝不要包含任何文字、标语或注音。


## 其他通用说明
1. 锚点（Anchor）— 克制与高价值（适用于 SCHEMA 或上文允许出现锚点/高亮时）：
   - 多数句子应**无锚点**；拿不准就留空或 `[]`，避免满屏高亮。
   - 如果一定需要锚点，只选**整段里真正的高潮、反转或核心名词**（宜 2～4 字、有记忆点）；平庸词、铺垫句不要做成锚点。
   - 颜色建议：`#EF4444`（警示/反转/负面/结论）、`#000000`（事实/术语/数据）。动画 `anim`：`spring` | `slideUp` | `popIn` | `highlight`。
   - 音效可选(仅写在锚点对象上的 `audioEffect`)：`impact_thud` | `ping` | `woosh`

2. 视觉标题与字幕分离（仅当 SCHEMA 要求 `notText` / `butText` / `conceptName`、或 DOS_AND_DONTS 的 `left.label` / `right.label` 等时）：

   - 填**极简关键词（约 2～6 字）**，禁止把整句台词搬进标题字段。



## 输出格式（严格 JSON，不要 markdown 代码块）
补全当前模板的param,非数组：
{ "param": { ... } }

===========================================================================================
---------------------------------------- RESPONSE ----------------------------------------
time: 2026-06-05 22:15:56
attempt: 1/3

[OUTPUT]
{ "param": { "notText": "钱被征去修路", "butText": "路有你一份", "butSrc": "一个人站在高速公路中央，双手张开，背景是延伸到远方的道路和蓝天白云", "notContentIndex": 0, "butContentIndex": 1 } }
-------------------------------------------------------------------------------------------

======================================== REQUEST ========================================
time: 2026-06-05 22:15:56
provider: deepseek
model: deepseek-v4-pro
retries: 3

[PROMPT]
你是短视频字幕与画面细节处理专家。请把指定台词细化为字模显示参数。


## 完整段落上下文（仅供理解整体语境，判断当前句子的重要性）
现在，把腰杆给我挺直了！从今天起，彻底重构你的身份认知。
第一，理直气壮地去享受社会福利。你看到的每一座高架桥，你走过的每一段柏油路。都有你掏出的真金白银。你不是在受人恩惠，你是在享受自己的投资回报。
第二，唤醒你的主人翁意识。当你遇到不合理的现象，当你的合法权益受到侵害，大胆地说出来，勇敢地去争取。你有绝对的资格。你不仅有资格享受福利，你更有资格参与决定每一个政策。

记住。每一次微小的消费。都存在最光荣、最真实的纳税。
你根本不是什么国家的负担。你，就是建设这个国家的，隐形金主！


## 🎯 待处理的目标文案
现在，把腰杆给我挺直了！从今天起，彻底重构你的身份认知。

## 目标文案content的数组结构
生成模板参数时，format为content_index的字段依据此数组选择匹配的索引，用于决定相应内容出现在动画中的时机

[
  {
    "index": 0,
    "text": "现在，"
  },
  {
    "index": 1,
    "text": "把腰杆给我挺直了！"
  },
  {
    "index": 2,
    "text": "从今天起，"
  },
  {
    "index": 3,
    "text": "彻底重构你的身份认知。"
  }
]


## 选定模板及参数规范

模板名称：TEXT_FOCUS

参数 Schema 说明：

{
  "type": "object",
  "properties": {
    "coreSentence": {
      "type": "array",
      "minItems": 1,
      "description": "大屏核心文案，每元素一行：可为 string，或 { text, showFrom, endFrom? }；showFrom/endFrom 为 content 下标（0-based），非帧数：在该条 startFrame 显现；可选 endFrom 表示在该条播完（startFrame+durationFrames）后起淡出。纯 string 等价于 showFrom=0、无 endFrom。锚点校验时各段 text 按顺序直接拼接（无分隔符）。",
      "items": {
        "oneOf": [
          {
            "type": "string"
          },
          {
            "type": "object",
            "required": [
              "text",
              "showFrom"
            ],
            "properties": {
              "text": {
                "type": "string",
                "description": "该行大屏文案"
              },
              "showFrom": {
                "type": "integer",
                "format": "content_index",
                "description": "content 下标（0-based），非帧数"
              },
              "endFrom": {
                "type": "integer",
                "format": "content_index",
                "description": "可选；content 下标（0-based），非帧数；该行在对应条字幕结束帧（startFrame+durationFrames）起淡出"
              }
            }
          }
        ]
      }
    },
    "coreSentenceAnchors": {
      "type": "array",
      "description": "可选；在 coreSentence 各段拼接后的全文内按顺序高亮子串。每项 coreSentenceAnchor 须为该拼接串的子串，否则会被校验丢弃",
      "items": {
        "type": "object",
        "required": [
          "coreSentenceAnchor"
        ],
        "properties": {
          "coreSentenceAnchor": {
            "type": "string",
            "description": "要高亮的子串，须出现在各 coreSentence 段拼接后的全文内"
          },
          "color": {
            "type": "string",
            "description": "高亮颜色，省略时默认强调色"
          }
        }
      }
    }
  },
  "required": [
    "coreSentence"
  ]
}

// 口播条数（已由程序写入 CONTENT_STR，勿在 param 中输出 content）：口播分句至多 3 条（超出会被校验器告警）


模板该项的示例供参考：

{
  "template": "TEXT_FOCUS",
  "param": {
    "coreSentence": [
      {
        "text": "承认自己“可能错了”并不是一种软弱",
        "showFrom": 0,
        "endFrom": 0
      },
      {
        "text": "而是成长的开始",
        "showFrom": 1,
        "endFrom": 1
      }
    ],
    "coreSentenceAnchors": [
      {
        "coreSentenceAnchor": "可能错了",
        "color": "red"
      }
    ]
  }
}


注意：如果该模板生成的参数包含图片视觉描述（如 imageSrc / leftSrc / rightSrc 等等），请只描述纯视觉场景与动作，绝不要包含任何文字、标语或注音。


## 其他通用说明
1. 锚点（Anchor）— 克制与高价值（适用于 SCHEMA 或上文允许出现锚点/高亮时）：
   - 多数句子应**无锚点**；拿不准就留空或 `[]`，避免满屏高亮。
   - 如果一定需要锚点，只选**整段里真正的高潮、反转或核心名词**（宜 2～4 字、有记忆点）；平庸词、铺垫句不要做成锚点。
   - 颜色建议：`#EF4444`（警示/反转/负面/结论）、`#000000`（事实/术语/数据）。动画 `anim`：`spring` | `slideUp` | `popIn` | `highlight`。
   - 音效可选(仅写在锚点对象上的 `audioEffect`)：`impact_thud` | `ping` | `woosh`

2. 视觉标题与字幕分离（仅当 SCHEMA 要求 `notText` / `butText` / `conceptName`、或 DOS_AND_DONTS 的 `left.label` / `right.label` 等时）：

   - 填**极简关键词（约 2～6 字）**，禁止把整句台词搬进标题字段。



## 输出格式（严格 JSON，不要 markdown 代码块）
补全当前模板的param,非数组：
{ "param": { ... } }

===========================================================================================
---------------------------------------- RESPONSE ----------------------------------------
time: 2026-06-05 22:16:23
attempt: 1/3

[OUTPUT]
{
  "param": {
    "coreSentence": [
      "现在，把腰杆给我挺直了！从今天起，彻底重构你的身份认知。"
    ]
  }
}
-------------------------------------------------------------------------------------------

======================================== REQUEST ========================================
time: 2026-06-05 22:16:23
provider: deepseek
model: deepseek-v4-pro
retries: 3

[PROMPT]
你是短视频字幕与画面细节处理专家。请把指定台词细化为字模显示参数。


## 完整段落上下文（仅供理解整体语境，判断当前句子的重要性）
现在，把腰杆给我挺直了！从今天起，彻底重构你的身份认知。
第一，理直气壮地去享受社会福利。你看到的每一座高架桥，你走过的每一段柏油路。都有你掏出的真金白银。你不是在受人恩惠，你是在享受自己的投资回报。
第二，唤醒你的主人翁意识。当你遇到不合理的现象，当你的合法权益受到侵害，大胆地说出来，勇敢地去争取。你有绝对的资格。你不仅有资格享受福利，你更有资格参与决定每一个政策。

记住。每一次微小的消费。都存在最光荣、最真实的纳税。
你根本不是什么国家的负担。你，就是建设这个国家的，隐形金主！


## 🎯 待处理的目标文案
第一，理直气壮地去享受社会福利。你看到的每一座高架桥，你走过的每一段柏油路。都有你掏出的真金白银。你不是在受人恩惠，你是在享受自己的投资回报。

## 目标文案content的数组结构
生成模板参数时，format为content_index的字段依据此数组选择匹配的索引，用于决定相应内容出现在动画中的时机

[
  {
    "index": 0,
    "text": "第一，"
  },
  {
    "index": 1,
    "text": "理直气壮地去享受社会福利。"
  },
  {
    "index": 2,
    "text": "你看到的每一座高架桥，"
  },
  {
    "index": 3,
    "text": "你走过的每一段柏油路。"
  },
  {
    "index": 4,
    "text": "都有你掏出的真金白银。"
  },
  {
    "index": 5,
    "text": "你不是在受人恩惠，"
  },
  {
    "index": 6,
    "text": "你是在享受自己的投资回报。"
  }
]


## 选定模板及参数规范

模板名称：METHOD_STACK

参数 Schema 说明：

{
  "type": "object",
  "properties": {
    "title": {
      "type": "string",
      "description": "该 item 的方法名/提醒标题/观点标题，建议 4~12 个字"
    },
    "imageSrc": {
      "type": "string",
      "format": "image_prompt",
      "description": "单张主图描述，用于承接这个方法或观点"
    },
    "notes": {
      "type": "array",
      "description": "可选；解释短语数组。每项含 text 与 showFrom；showFrom 为 content 下标（0-based，非帧数），须在 0～(content 条数-1) 内",
      "items": {
        "type": "object",
        "required": [
          "text",
          "showFrom"
        ],
        "properties": {
          "text": {
            "type": "string",
            "description": "解释短语"
          },
          "showFrom": {
            "type": "integer",
            "format": "content_index",
            "description": "content 数组下标（0-based），非帧数；合法范围 0～(content 条数-1)，超出会被校验丢弃"
          }
        }
      }
    }
  },
  "required": [
    "title",
    "imageSrc"
  ]
}

// 口播条数（已由程序写入 CONTENT_STR，勿在 param 中输出 content）：口播分句（item.content）至少 2 条；口播分句至多 5 条（超出会被校验器告警）


模板该项的示例供参考：

{
  "template": "METHOD_STACK",
  "param": {
    "title": "警惕情绪画面",
    "imageSrc": "被耸动新闻画面包围、神情紧张的人物简笔画",
    "notes": [
      {
        "text": "先识别这是情绪刺激",
        "showFrom": 1
      },
      {
        "text": "再追问它是否只是离奇个案",
        "showFrom": 3
      }
    ]
  }
}


注意：如果该模板生成的参数包含图片视觉描述（如 imageSrc / leftSrc / rightSrc 等等），请只描述纯视觉场景与动作，绝不要包含任何文字、标语或注音。


## 其他通用说明
1. 锚点（Anchor）— 克制与高价值（适用于 SCHEMA 或上文允许出现锚点/高亮时）：
   - 多数句子应**无锚点**；拿不准就留空或 `[]`，避免满屏高亮。
   - 如果一定需要锚点，只选**整段里真正的高潮、反转或核心名词**（宜 2～4 字、有记忆点）；平庸词、铺垫句不要做成锚点。
   - 颜色建议：`#EF4444`（警示/反转/负面/结论）、`#000000`（事实/术语/数据）。动画 `anim`：`spring` | `slideUp` | `popIn` | `highlight`。
   - 音效可选(仅写在锚点对象上的 `audioEffect`)：`impact_thud` | `ping` | `woosh`

2. 视觉标题与字幕分离（仅当 SCHEMA 要求 `notText` / `butText` / `conceptName`、或 DOS_AND_DONTS 的 `left.label` / `right.label` 等时）：

   - 填**极简关键词（约 2～6 字）**，禁止把整句台词搬进标题字段。



## 输出格式（严格 JSON，不要 markdown 代码块）
补全当前模板的param,非数组：
{ "param": { ... } }

===========================================================================================
---------------------------------------- RESPONSE ----------------------------------------
time: 2026-06-05 22:16:46
attempt: 1/3

[OUTPUT]
{
  "param": {
    "title": "享受投资回报",
    "imageSrc": "一个人自信地站在高架桥上，脚下是宽阔的柏油路，手中握着一枚象征投资回报的金色硬币，阳光洒下",
    "notes": [
      {
        "text": "你已预付了成本",
        "showFrom": 1
      },
      {
        "text": "每一分税都算数",
        "showFrom": 4
      },
      {
        "text": "你不是负担，是股东",
        "showFrom": 6
      }
    ]
  }
}
-------------------------------------------------------------------------------------------

======================================== REQUEST ========================================
time: 2026-06-05 22:16:46
provider: deepseek
model: deepseek-v4-pro
retries: 3

[PROMPT]
你是短视频字幕与画面细节处理专家。请把指定台词细化为字模显示参数。


## 完整段落上下文（仅供理解整体语境，判断当前句子的重要性）
现在，把腰杆给我挺直了！从今天起，彻底重构你的身份认知。
第一，理直气壮地去享受社会福利。你看到的每一座高架桥，你走过的每一段柏油路。都有你掏出的真金白银。你不是在受人恩惠，你是在享受自己的投资回报。
第二，唤醒你的主人翁意识。当你遇到不合理的现象，当你的合法权益受到侵害，大胆地说出来，勇敢地去争取。你有绝对的资格。你不仅有资格享受福利，你更有资格参与决定每一个政策。

记住。每一次微小的消费。都存在最光荣、最真实的纳税。
你根本不是什么国家的负担。你，就是建设这个国家的，隐形金主！


## 🎯 待处理的目标文案
第二，唤醒你的主人翁意识。当你遇到不合理的现象，当你的合法权益受到侵害，大胆地说出来，勇敢地去争取。你有绝对的资格。你不仅有资格享受福利，你更有资格参与决定每一个政策。

## 目标文案content的数组结构
生成模板参数时，format为content_index的字段依据此数组选择匹配的索引，用于决定相应内容出现在动画中的时机

[
  {
    "index": 0,
    "text": "第二，"
  },
  {
    "index": 1,
    "text": "唤醒你的主人翁意识。"
  },
  {
    "index": 2,
    "text": "当你遇到不合理的现象，"
  },
  {
    "index": 3,
    "text": "当你的合法权益受到侵害，"
  },
  {
    "index": 4,
    "text": "大胆地说出来，"
  },
  {
    "index": 5,
    "text": "勇敢地去争取。"
  },
  {
    "index": 6,
    "text": "你有绝对的资格。"
  },
  {
    "index": 7,
    "text": "你不仅有资格享受福利，"
  },
  {
    "index": 8,
    "text": "你更有资格参与决定每一个政策。"
  }
]


## 选定模板及参数规范

模板名称：METHOD_STACK

参数 Schema 说明：

{
  "type": "object",
  "properties": {
    "title": {
      "type": "string",
      "description": "该 item 的方法名/提醒标题/观点标题，建议 4~12 个字"
    },
    "imageSrc": {
      "type": "string",
      "format": "image_prompt",
      "description": "单张主图描述，用于承接这个方法或观点"
    },
    "notes": {
      "type": "array",
      "description": "可选；解释短语数组。每项含 text 与 showFrom；showFrom 为 content 下标（0-based，非帧数），须在 0～(content 条数-1) 内",
      "items": {
        "type": "object",
        "required": [
          "text",
          "showFrom"
        ],
        "properties": {
          "text": {
            "type": "string",
            "description": "解释短语"
          },
          "showFrom": {
            "type": "integer",
            "format": "content_index",
            "description": "content 数组下标（0-based），非帧数；合法范围 0～(content 条数-1)，超出会被校验丢弃"
          }
        }
      }
    }
  },
  "required": [
    "title",
    "imageSrc"
  ]
}

// 口播条数（已由程序写入 CONTENT_STR，勿在 param 中输出 content）：口播分句（item.content）至少 2 条；口播分句至多 5 条（超出会被校验器告警）


模板该项的示例供参考：

{
  "template": "METHOD_STACK",
  "param": {
    "title": "警惕情绪画面",
    "imageSrc": "被耸动新闻画面包围、神情紧张的人物简笔画",
    "notes": [
      {
        "text": "先识别这是情绪刺激",
        "showFrom": 1
      },
      {
        "text": "再追问它是否只是离奇个案",
        "showFrom": 3
      }
    ]
  }
}


注意：如果该模板生成的参数包含图片视觉描述（如 imageSrc / leftSrc / rightSrc 等等），请只描述纯视觉场景与动作，绝不要包含任何文字、标语或注音。


## 其他通用说明
1. 锚点（Anchor）— 克制与高价值（适用于 SCHEMA 或上文允许出现锚点/高亮时）：
   - 多数句子应**无锚点**；拿不准就留空或 `[]`，避免满屏高亮。
   - 如果一定需要锚点，只选**整段里真正的高潮、反转或核心名词**（宜 2～4 字、有记忆点）；平庸词、铺垫句不要做成锚点。
   - 颜色建议：`#EF4444`（警示/反转/负面/结论）、`#000000`（事实/术语/数据）。动画 `anim`：`spring` | `slideUp` | `popIn` | `highlight`。
   - 音效可选(仅写在锚点对象上的 `audioEffect`)：`impact_thud` | `ping` | `woosh`

2. 视觉标题与字幕分离（仅当 SCHEMA 要求 `notText` / `butText` / `conceptName`、或 DOS_AND_DONTS 的 `left.label` / `right.label` 等时）：

   - 填**极简关键词（约 2～6 字）**，禁止把整句台词搬进标题字段。



## 输出格式（严格 JSON，不要 markdown 代码块）
补全当前模板的param,非数组：
{ "param": { ... } }

===========================================================================================
---------------------------------------- RESPONSE ----------------------------------------
time: 2026-06-05 22:17:12
attempt: 1/3

[OUTPUT]
{
  "param": {
    "title": "主人翁意识",
    "imageSrc": "一位自信站立的人物，在城市高架桥与柏油路背景前挺直腰杆，做出表达诉求的坚定手势，象征主人翁意识与权益。",
    "notes": [
      {
        "text": "识别不合理现象",
        "showFrom": 2
      },
      {
        "text": "勇敢捍卫权益",
        "showFrom": 4
      },
      {
        "text": "参与政策制定",
        "showFrom": 8
      }
    ]
  }
}
-------------------------------------------------------------------------------------------

======================================== REQUEST ========================================
time: 2026-06-05 22:17:12
provider: deepseek
model: deepseek-v4-pro
retries: 3

[PROMPT]
你是短视频字幕与画面细节处理专家。请把指定台词细化为字模显示参数。


## 完整段落上下文（仅供理解整体语境，判断当前句子的重要性）
现在，把腰杆给我挺直了！从今天起，彻底重构你的身份认知。
第一，理直气壮地去享受社会福利。你看到的每一座高架桥，你走过的每一段柏油路。都有你掏出的真金白银。你不是在受人恩惠，你是在享受自己的投资回报。
第二，唤醒你的主人翁意识。当你遇到不合理的现象，当你的合法权益受到侵害，大胆地说出来，勇敢地去争取。你有绝对的资格。你不仅有资格享受福利，你更有资格参与决定每一个政策。

记住。每一次微小的消费。都存在最光荣、最真实的纳税。
你根本不是什么国家的负担。你，就是建设这个国家的，隐形金主！


## 🎯 待处理的目标文案
记住。每一次微小的消费。都存在最光荣、最真实的纳税。

## 目标文案content的数组结构
生成模板参数时，format为content_index的字段依据此数组选择匹配的索引，用于决定相应内容出现在动画中的时机

[
  {
    "index": 0,
    "text": "记住。"
  },
  {
    "index": 1,
    "text": "每一次微小的消费。"
  },
  {
    "index": 2,
    "text": "都存在最光荣、"
  },
  {
    "index": 3,
    "text": "最真实的纳税。"
  }
]


## 选定模板及参数规范

模板名称：TEXT_FOCUS

参数 Schema 说明：

{
  "type": "object",
  "properties": {
    "coreSentence": {
      "type": "array",
      "minItems": 1,
      "description": "大屏核心文案，每元素一行：可为 string，或 { text, showFrom, endFrom? }；showFrom/endFrom 为 content 下标（0-based），非帧数：在该条 startFrame 显现；可选 endFrom 表示在该条播完（startFrame+durationFrames）后起淡出。纯 string 等价于 showFrom=0、无 endFrom。锚点校验时各段 text 按顺序直接拼接（无分隔符）。",
      "items": {
        "oneOf": [
          {
            "type": "string"
          },
          {
            "type": "object",
            "required": [
              "text",
              "showFrom"
            ],
            "properties": {
              "text": {
                "type": "string",
                "description": "该行大屏文案"
              },
              "showFrom": {
                "type": "integer",
                "format": "content_index",
                "description": "content 下标（0-based），非帧数"
              },
              "endFrom": {
                "type": "integer",
                "format": "content_index",
                "description": "可选；content 下标（0-based），非帧数；该行在对应条字幕结束帧（startFrame+durationFrames）起淡出"
              }
            }
          }
        ]
      }
    },
    "coreSentenceAnchors": {
      "type": "array",
      "description": "可选；在 coreSentence 各段拼接后的全文内按顺序高亮子串。每项 coreSentenceAnchor 须为该拼接串的子串，否则会被校验丢弃",
      "items": {
        "type": "object",
        "required": [
          "coreSentenceAnchor"
        ],
        "properties": {
          "coreSentenceAnchor": {
            "type": "string",
            "description": "要高亮的子串，须出现在各 coreSentence 段拼接后的全文内"
          },
          "color": {
            "type": "string",
            "description": "高亮颜色，省略时默认强调色"
          }
        }
      }
    }
  },
  "required": [
    "coreSentence"
  ]
}

// 口播条数（已由程序写入 CONTENT_STR，勿在 param 中输出 content）：口播分句至多 3 条（超出会被校验器告警）


模板该项的示例供参考：

{
  "template": "TEXT_FOCUS",
  "param": {
    "coreSentence": [
      {
        "text": "承认自己“可能错了”并不是一种软弱",
        "showFrom": 0,
        "endFrom": 0
      },
      {
        "text": "而是成长的开始",
        "showFrom": 1,
        "endFrom": 1
      }
    ],
    "coreSentenceAnchors": [
      {
        "coreSentenceAnchor": "可能错了",
        "color": "red"
      }
    ]
  }
}


注意：如果该模板生成的参数包含图片视觉描述（如 imageSrc / leftSrc / rightSrc 等等），请只描述纯视觉场景与动作，绝不要包含任何文字、标语或注音。


## 其他通用说明
1. 锚点（Anchor）— 克制与高价值（适用于 SCHEMA 或上文允许出现锚点/高亮时）：
   - 多数句子应**无锚点**；拿不准就留空或 `[]`，避免满屏高亮。
   - 如果一定需要锚点，只选**整段里真正的高潮、反转或核心名词**（宜 2～4 字、有记忆点）；平庸词、铺垫句不要做成锚点。
   - 颜色建议：`#EF4444`（警示/反转/负面/结论）、`#000000`（事实/术语/数据）。动画 `anim`：`spring` | `slideUp` | `popIn` | `highlight`。
   - 音效可选(仅写在锚点对象上的 `audioEffect`)：`impact_thud` | `ping` | `woosh`

2. 视觉标题与字幕分离（仅当 SCHEMA 要求 `notText` / `butText` / `conceptName`、或 DOS_AND_DONTS 的 `left.label` / `right.label` 等时）：

   - 填**极简关键词（约 2～6 字）**，禁止把整句台词搬进标题字段。



## 输出格式（严格 JSON，不要 markdown 代码块）
补全当前模板的param,非数组：
{ "param": { ... } }

===========================================================================================
---------------------------------------- RESPONSE ----------------------------------------
time: 2026-06-05 22:18:15
attempt: 1/3

[OUTPUT]
{
  "param": {
    "coreSentence": [
      {
        "text": "记住。每一次微小的消费。",
        "showFrom": 0
      },
      {
        "text": "都存在最光荣、最真实的纳税。",
        "showFrom": 2
      }
    ]
  }
}
-------------------------------------------------------------------------------------------

======================================== REQUEST ========================================
time: 2026-06-05 22:18:15
provider: deepseek
model: deepseek-v4-pro
retries: 3

[PROMPT]
你是短视频字幕与画面细节处理专家。请把指定台词细化为字模显示参数。


## 完整段落上下文（仅供理解整体语境，判断当前句子的重要性）
现在，把腰杆给我挺直了！从今天起，彻底重构你的身份认知。
第一，理直气壮地去享受社会福利。你看到的每一座高架桥，你走过的每一段柏油路。都有你掏出的真金白银。你不是在受人恩惠，你是在享受自己的投资回报。
第二，唤醒你的主人翁意识。当你遇到不合理的现象，当你的合法权益受到侵害，大胆地说出来，勇敢地去争取。你有绝对的资格。你不仅有资格享受福利，你更有资格参与决定每一个政策。

记住。每一次微小的消费。都存在最光荣、最真实的纳税。
你根本不是什么国家的负担。你，就是建设这个国家的，隐形金主！


## 🎯 待处理的目标文案
你根本不是什么国家的负担。你，就是建设这个国家的，隐形金主！

## 目标文案content的数组结构
生成模板参数时，format为content_index的字段依据此数组选择匹配的索引，用于决定相应内容出现在动画中的时机

[
  {
    "index": 0,
    "text": "你根本不是什么国家的负担。"
  },
  {
    "index": 1,
    "text": "你，"
  },
  {
    "index": 2,
    "text": "就是建设这个国家的，"
  },
  {
    "index": 3,
    "text": "隐形金主！"
  }
]


## 选定模板及参数规范

模板名称：COGNITIVE_SHIFT

参数 Schema 说明：

{
  "type": "object",
  "properties": {
    "notText": {
      "type": "string",
      "description": "被否认知（‘不是’后面的内容）的精炼短句，不超过12个字，"
    },
    "butText": {
      "type": "string",
      "description": "真实认知（‘而是’后面的内容）的精炼短句，不超过12个字"
    },
    "butSrc": {
      "type": "string",
      "format": "image_prompt",
      "description": "真实认知的配图"
    },
    "notContentIndex": {
      "type": "integer",
      "format": "content_index",
      "description": "触发「不是」动画的字幕段索引（默认 0）"
    },
    "butContentIndex": {
      "type": "integer",
      "format": "content_index",
      "description": "触发「而是」动画的字幕段索引（默认 1）"
    }
  },
  "required": [
    "notText",
    "butText"
  ]
}


模板该项的示例供参考：

{
  "template": "COGNITIVE_SHIFT",
  "content": [
    "我们都不应该靠勤奋拼命",
    "我们都应该是靠认知和选择",
    "这样我才能成功"
  ],
  "param": {
    "notText": "靠勤奋拼命",
    "butText": "靠认知和选择",
    "butSrc": "站在高处看地图的思考者",
    "notContentIndex": 0,
    "butContentIndex": 1
  }
}


注意：如果该模板生成的参数包含图片视觉描述（如 imageSrc / leftSrc / rightSrc 等等），请只描述纯视觉场景与动作，绝不要包含任何文字、标语或注音。


## 其他通用说明
1. 锚点（Anchor）— 克制与高价值（适用于 SCHEMA 或上文允许出现锚点/高亮时）：
   - 多数句子应**无锚点**；拿不准就留空或 `[]`，避免满屏高亮。
   - 如果一定需要锚点，只选**整段里真正的高潮、反转或核心名词**（宜 2～4 字、有记忆点）；平庸词、铺垫句不要做成锚点。
   - 颜色建议：`#EF4444`（警示/反转/负面/结论）、`#000000`（事实/术语/数据）。动画 `anim`：`spring` | `slideUp` | `popIn` | `highlight`。
   - 音效可选(仅写在锚点对象上的 `audioEffect`)：`impact_thud` | `ping` | `woosh`

2. 视觉标题与字幕分离（仅当 SCHEMA 要求 `notText` / `butText` / `conceptName`、或 DOS_AND_DONTS 的 `left.label` / `right.label` 等时）：

   - 填**极简关键词（约 2～6 字）**，禁止把整句台词搬进标题字段。



## 输出格式（严格 JSON，不要 markdown 代码块）
补全当前模板的param,非数组：
{ "param": { ... } }

===========================================================================================
---------------------------------------- RESPONSE ----------------------------------------
time: 2026-06-05 22:18:33
attempt: 1/3

[OUTPUT]
{
  "param": {
    "notText": "国家的负担",
    "butText": "隐形金主",
    "butSrc": "一个人站在高处，背对镜头，前方是繁忙的城市建设景象",
    "notContentIndex": 0,
    "butContentIndex": 3
  }
}
-------------------------------------------------------------------------------------------
