
======================================== REQUEST ========================================
time: 2026-05-24 13:41:39
provider: deepseek
model: deepseek-v4-pro
retries: 3

[PROMPT]
你是「镜头分镜 + 动画模板选型」联合优化器。你的任务是在**不改写口播原文**的前提下，把场景原文切成更“原子化”的镜头item，并为每个镜头选择最合适的 `template`。

## 🎥 视频大背景
- **核心主题**：15万件专利的真相：你每抬一次脚，都可能踩中“地雷”
- **当前场景**：引入·专利丛林

## 📄 场景原文（严禁修改、严禁漏字、严禁补字）
华为拥有全球专利数量超过15万件。
全球第一。
每年光收许可费，就六亿多美元。

你听到这些数字，第一反应是什么？
厉害？
民族骄傲？

我今天要告诉你另一件事。
这里面，有相当大一块，
不是技术，
是法律地雷。
名字就叫——专利丛林。

什么叫专利丛林？
打个比方。
你住的小区，本来一条路就能回家。
突然有人宣布：
你左脚踩的这块砖，归我。
你右脚踩的那块砖，也归我。
门槛三步，每一步都要交钱。
你不交？
告你侵权。

更恶心的是，
他们根本不想修路。
他们只想让你走不了。

---

## 可用模板（共 23 个：`template` 必须且仅能从中选一个）

BEAT_SEQUENCE, CASE_BREAKDOWN, CAUSE_CHAIN, CENTER_FOCUS, CHAT_BUBBLE, CHECKLIST_REVEAL, COGNITIVE_SHIFT, CONCEPT_CARD, DATA_TABLE, DOS_AND_DONTS, KPI_HERO, MAGNIFYING_GLASS, METHOD_STACK, PANEL_GRID, PEER_INDUCT, PROGRESS_RING, QUOTE_CITATION, SPLIT_COMPARE, STAT_COMPARE, STEP_LIST, TEXT_FOCUS, TIMELINE, TREE_DIAGRAM

选型规则以主提示词中的决策树与自检清单为准；参数结构不在此展开，后续步骤会按 Schema 生成 `param`。

---

## 🎯 总目标（必须同时满足）
1. **逐字一致**：每个 item 的 `text` 必须是原文的连续子串；所有 item 的 `text` 按顺序拼接后必须与原文完全一致（允许忽略空白差异，但不能改变任何非空白字符）。
2. **覆盖完整**：原文中每一个字符都必须且只能落在一个 item 里（不重叠、不遗漏）。
3. **表达原子化**：**一个 item 只允许一个主表达结构**（对比/命名/步骤/引用/数据/节拍递进/金句冲击/平铺叙述）。若同一段里混了两种结构，必须拆成多个 item。
4. **长度合理**：为了避免视觉疲劳，一个item中的text拼接后如果长于 50 字应该拆分成多个item。
5. 模板是为了更好的表达item中的text

---

## ✂️ 分镜原则

### Phase 1：时长锚点（量化判断基准）
- 正常语速约 **4~5 字/秒**，单个镜头的理想口播时长：**3~8 秒（约 12~40 字）**
- ⚠️ **< 12 字**的分段：除非是独立金句，否则**必须合并**到相邻镜头
- ⚠️ **> 50 字**的分段：意味着画面停留太久，观众注意力衰减，建议拆分，但拆分点本身仍需有叙事依据
- 在 `estimatedSeconds` 字段中标注预估秒数（字数 ÷ 4.5，保留一位小数）
- 除非模板使用TextFocus，否则不允许content中只有一个Text的情况

### Phase 2：切分信号强度模型
按叙事信号强度决定是否新建镜头，**而非按标点机械切分**：

**🔴 强信号（应新建镜头）**：
- 叙事角色彻底转换：说理/定义 → 举例/场景还原
- 叙事角色彻底转换：铺垫/铺陈 → 行动号召/结论
- 情绪段位跳变：平静分析 → 震惊转折 → 收束共情
- 视觉主体完全更换：讨论 A 话题 → 转到独立的 B 话题

**🟡 中等信号（倾向合并，但单段超过 40 字时可拆）**：
- 同一论点下的多个分点（第一、第二、第三……）
- 同一比喻的铺垫与揭示
- 同一因果链的前提与结论

**🟢 弱信号（严禁作为切分依据）**：
- 普通逗号、顿号、冒号后的补充说明
- 同一句话的前后半段
- "而且""此外""所以"等常见连接词（需配合叙事角色判断）

### Phase 3：合并检查
拆完后对所有 items 做全局合并检查：
- 相邻两个 items 若切分信号为"弱"且合并后总字数不超过 45 字 → **强制合并**
- 相邻两个 items 若叙事角色完全相同、画面视觉重心也相同 → **强制合并**

## 🧭 结构识别 → 模板选型（从上到下命中第一条）

### A. 数据/量化结论（expressionTag=data）
- 两项指标同框对比（涨跌、前后、A/B）→ `STAT_COMPARE`（必须能抽象出两个非负整数）
- 单指标完成度/占比/达成率 → `PROGRESS_RING`
- 单个核心数值/排名/增长率强调 → `KPI_HERO`

### B. 对错/强导向（expressionTag=contrast）
- 明确“别这样/要这样”“错误/正确” → `DOS_AND_DONTS`
- “不是…而是…” → `COGNITIVE_SHIFT`

### C. 多分点/清单/步骤（expressionTag=list|steps|method）
- 两方/两方案并列（更中立的 A vs B）→ `SPLIT_COMPARE`
- 当前 item 原文明确展开 **2～4** 个并列分点/并列例子，且每点需独立配图（宫格）→ `PANEL_GRID`
- 明确步骤序列/短清单，且【同一 item 内】可抽取出 2～6 条“短步骤”（如同时出现“第一/第二/第三…”或“1)/2)/3)”），并且每条步骤建议 ≤10 字、无长解释句 → `STEP_LIST`
  - 反例：只有“第一/第二”这一个标题句（单条）不要选 `STEP_LIST`（至少需要 2 条）
  - 反例：每条方法/步骤后面还跟较长解释、追问或补充句（例如任一解释段 >30 字）→ 不适合 `STEP_LIST`，应拆分 item，并优先用 `METHOD_STACK`（标题式核心 + 解释展开）或 `CENTER_FOCUS`
- “一个标题式核心（方法/建议/观点/卖点/亮点/推荐理由）+ 2～4 句解释展开” → `METHOD_STACK`
- 同一**案例/子话题**、**单主图**，口播 **4～6 句** 呈「个案→误判/推论→纠偏→收束」叙事弧 → `CASE_BREAKDOWN`（非「第一/第二」方法清单、非多图节拍时用本模板；方法要点式仍用 `METHOD_STACK`）

### D. 节拍递进（expressionTag=beat）
- 同一镜头内 2～4 段口播节拍递进（问→驳→收束；铺垫→转折→结论），希望画面跟着分段变化 → `BEAT_SEQUENCE`
  - **提示**：如果递进里还夹杂“强对照/命名”，通常应拆成多个 item，不要硬塞一个 `BEAT_SEQUENCE`。
- 同一镜头内 **因果链 / 机制传导**（因→果→再果，每环一图，无时间轴刻度）→ `CAUSE_CHAIN`

### E. 引用/命名/聚焦（expressionTag=quote|concept|focus）
- 名言、著作、研究、媒体引用、用户评价、证言摘录 → `QUOTE_CITATION`
- 对“专业术语、概念、产品名、品牌关键词、功能名等”新名词进行解释→ `CONCEPT_CARD`
- 需要把注意力锁定到一个关键词/短语/关键细节/核心发现上 → `MAGNIFYING_GLASS`
  - 必须存在明确落点句（如“关键在于…”“核心是…”“结论是…”）
  - 需要后续可提取 1～2 个高价值锚点短语（否则不要选）

### F. 金句冲击（expressionTag=focus）
- 全片级短促强结论、无需配图 → `TEXT_FOCUS`

### G. 时间轴，先后关系（expressionTag=timeline）
- 明确时间先后/阶段演进（过去→现在→未来）→ `TIMELINE`

### G2. 收束清单（expressionTag≈conclusion|list）
- 收束、行动检查项、要点复诵，需要**逐项打勾显现**（非编号短步骤、非并列大图组）→ `CHECKLIST_REVEAL`

### H. 默认（expressionTag=neutral）
- 平缓叙述、单图即可、无上述结构 → `CENTER_FOCUS`

---

## ✅ 输出格式（严格 JSON，禁止包含 markdown 代码块）
{
  "items": [
    {
      "text": "逐字口播片段（必须来自原文，且拼接后覆盖原文）",
      "narrativeType": "HOOK | LOGIC | CASE | DATA | CONCLUSION | TRANSITION",
      "template": "必须来自可用模板列表",
      "expressionTag": "data | contrast | list | steps | method | beat | quote | concept | focus | timeline | neutral",
      "confidence": "low | medium | high",
      "reasoning": "一句话说明：该段的主表达结构是什么 → 为什么选该模板 → 若拆分/合并，理由是什么"
    }
  ]
}

===========================================================================================
---------------------------------------- RESPONSE ----------------------------------------
time: 2026-05-24 13:44:15
attempt: 1/3

[OUTPUT]
{
  "items": [
    {
      "text": "华为拥有全球专利数量超过15万件。",
      "narrativeType": "DATA",
      "template": "KPI_HERO",
      "expressionTag": "data",
      "confidence": "high",
      "reasoning": "突出 15 万件这一核心数值，数据强调，选 KPI_HERO。"
    },
    {
      "text": "全球第一。",
      "narrativeType": "DATA",
      "template": "TEXT_FOCUS",
      "expressionTag": "focus",
      "confidence": "high",
      "reasoning": "短句强调排名第一，金句冲击，选 TEXT_FOCUS。"
    },
    {
      "text": "每年光收许可费，就六亿多美元。",
      "narrativeType": "DATA",
      "template": "KPI_HERO",
      "expressionTag": "data",
      "confidence": "high",
      "reasoning": "突出六亿多美元的许可费收入数值，选 KPI_HERO。"
    },
    {
      "text": "你听到这些数字，第一反应是什么？厉害？民族骄傲？",
      "narrativeType": "HOOK",
      "template": "BEAT_SEQUENCE",
      "expressionTag": "beat",
      "confidence": "high",
      "reasoning": "提问后给出两种可能回答，形成问→答的节拍递进，选 BEAT_SEQUENCE。"
    },
    {
      "text": "我今天要告诉你另一件事。",
      "narrativeType": "TRANSITION",
      "template": "CENTER_FOCUS",
      "expressionTag": "neutral",
      "confidence": "medium",
      "reasoning": "转折引导句，叙事角色转向揭露，独立成镜，平铺叙述选 CENTER_FOCUS。"
    },
    {
      "text": "这里面，有相当大一块，不是技术，是法律地雷。",
      "narrativeType": "LOGIC",
      "template": "COGNITIVE_SHIFT",
      "expressionTag": "contrast",
      "confidence": "high",
      "reasoning": "明确“不是…而是…”认知转变结构，选 COGNITIVE_SHIFT。"
    },
    {
      "text": "名字就叫——专利丛林。",
      "narrativeType": "LOGIC",
      "template": "CONCEPT_CARD",
      "expressionTag": "concept",
      "confidence": "high",
      "reasoning": "对关键词“专利丛林”进行命名解释，选 CONCEPT_CARD。"
    },
    {
      "text": "什么叫专利丛林？打个比方。",
      "narrativeType": "TRANSITION",
      "template": "CENTER_FOCUS",
      "expressionTag": "neutral",
      "confidence": "medium",
      "reasoning": "设问并引入比喻，过渡性质，平铺叙述选 CENTER_FOCUS。"
    },
    {
      "text": "你住的小区，本来一条路就能回家。突然有人宣布：你左脚踩的这块砖，归我。你右脚踩的那块砖，也归我。",
      "narrativeType": "CASE",
      "template": "BEAT_SEQUENCE",
      "expressionTag": "beat",
      "confidence": "high",
      "reasoning": "从正常情境到两次侵占声明，形成 3 个递进节拍，选 BEAT_SEQUENCE。"
    },
    {
      "text": "门槛三步，每一步都要交钱。你不交？告你侵权。",
      "narrativeType": "CASE",
      "template": "BEAT_SEQUENCE",
      "expressionTag": "beat",
      "confidence": "high",
      "reasoning": "进一步加价到威胁后果，形成 2 个节拍递进，选 BEAT_SEQUENCE。"
    },
    {
      "text": "更恶心的是，他们根本不想修路。他们只想让你走不了。",
      "narrativeType": "CONCLUSION",
      "template": "BEAT_SEQUENCE",
      "expressionTag": "beat",
      "confidence": "high",
      "reasoning": "揭露动机，由转折到揭示其真实意图，节拍递进，选 BEAT_SEQUENCE。"
    }
  ]
}
-------------------------------------------------------------------------------------------

======================================== REQUEST ========================================
time: 2026-05-24 13:44:15
provider: deepseek
model: deepseek-v4-pro
retries: 3

[PROMPT]
你是「镜头分镜 + 动画模板选型」联合优化器。你的任务是在**不改写口播原文**的前提下，把场景原文切成更“原子化”的镜头item，并为每个镜头选择最合适的 `template`。

## 🎥 视频大背景
- **核心主题**：15万件专利的真相：你每抬一次脚，都可能踩中“地雷”
- **当前场景**：剖析·注水创新

## 📄 场景原文（严禁修改、严禁漏字、严禁补字）
先说最不要脸的一类：把常识当发明。

你打开手机，图标会动吧？
会放大、会淡入淡出吧？
这在程序员眼里，
有专业名字。
分层渲染。
透明度渐变。
翻成白话就是：
把图片分几层动，
让它慢慢变亮、变暗。
这是十年前的入门课。

可华为偏要把这些拆开申请专利。
图标前景放大一层，算一件。
背景再放大一层，又是一件。
淡入淡出，再一件。
弹簧动画，再一件。
手机上的开机动画，一件。
车载多屏拼接放同一段动画，又一件。

同一个“开机画面”，
硬拆成几十上百个专利。
就像有人，把“推门”申请成独家技术。
把“抬脚”申请成独家技术。
你回家进门，
理论上要交三次钱。

这是在创新吗？这是在注水。

---

## 可用模板（共 23 个：`template` 必须且仅能从中选一个）

BEAT_SEQUENCE, CASE_BREAKDOWN, CAUSE_CHAIN, CENTER_FOCUS, CHAT_BUBBLE, CHECKLIST_REVEAL, COGNITIVE_SHIFT, CONCEPT_CARD, DATA_TABLE, DOS_AND_DONTS, KPI_HERO, MAGNIFYING_GLASS, METHOD_STACK, PANEL_GRID, PEER_INDUCT, PROGRESS_RING, QUOTE_CITATION, SPLIT_COMPARE, STAT_COMPARE, STEP_LIST, TEXT_FOCUS, TIMELINE, TREE_DIAGRAM

选型规则以主提示词中的决策树与自检清单为准；参数结构不在此展开，后续步骤会按 Schema 生成 `param`。

---

## 🎯 总目标（必须同时满足）
1. **逐字一致**：每个 item 的 `text` 必须是原文的连续子串；所有 item 的 `text` 按顺序拼接后必须与原文完全一致（允许忽略空白差异，但不能改变任何非空白字符）。
2. **覆盖完整**：原文中每一个字符都必须且只能落在一个 item 里（不重叠、不遗漏）。
3. **表达原子化**：**一个 item 只允许一个主表达结构**（对比/命名/步骤/引用/数据/节拍递进/金句冲击/平铺叙述）。若同一段里混了两种结构，必须拆成多个 item。
4. **长度合理**：为了避免视觉疲劳，一个item中的text拼接后如果长于 50 字应该拆分成多个item。
5. 模板是为了更好的表达item中的text

---

## ✂️ 分镜原则

### Phase 1：时长锚点（量化判断基准）
- 正常语速约 **4~5 字/秒**，单个镜头的理想口播时长：**3~8 秒（约 12~40 字）**
- ⚠️ **< 12 字**的分段：除非是独立金句，否则**必须合并**到相邻镜头
- ⚠️ **> 50 字**的分段：意味着画面停留太久，观众注意力衰减，建议拆分，但拆分点本身仍需有叙事依据
- 在 `estimatedSeconds` 字段中标注预估秒数（字数 ÷ 4.5，保留一位小数）
- 除非模板使用TextFocus，否则不允许content中只有一个Text的情况

### Phase 2：切分信号强度模型
按叙事信号强度决定是否新建镜头，**而非按标点机械切分**：

**🔴 强信号（应新建镜头）**：
- 叙事角色彻底转换：说理/定义 → 举例/场景还原
- 叙事角色彻底转换：铺垫/铺陈 → 行动号召/结论
- 情绪段位跳变：平静分析 → 震惊转折 → 收束共情
- 视觉主体完全更换：讨论 A 话题 → 转到独立的 B 话题

**🟡 中等信号（倾向合并，但单段超过 40 字时可拆）**：
- 同一论点下的多个分点（第一、第二、第三……）
- 同一比喻的铺垫与揭示
- 同一因果链的前提与结论

**🟢 弱信号（严禁作为切分依据）**：
- 普通逗号、顿号、冒号后的补充说明
- 同一句话的前后半段
- "而且""此外""所以"等常见连接词（需配合叙事角色判断）

### Phase 3：合并检查
拆完后对所有 items 做全局合并检查：
- 相邻两个 items 若切分信号为"弱"且合并后总字数不超过 45 字 → **强制合并**
- 相邻两个 items 若叙事角色完全相同、画面视觉重心也相同 → **强制合并**

## 🧭 结构识别 → 模板选型（从上到下命中第一条）

### A. 数据/量化结论（expressionTag=data）
- 两项指标同框对比（涨跌、前后、A/B）→ `STAT_COMPARE`（必须能抽象出两个非负整数）
- 单指标完成度/占比/达成率 → `PROGRESS_RING`
- 单个核心数值/排名/增长率强调 → `KPI_HERO`

### B. 对错/强导向（expressionTag=contrast）
- 明确“别这样/要这样”“错误/正确” → `DOS_AND_DONTS`
- “不是…而是…” → `COGNITIVE_SHIFT`

### C. 多分点/清单/步骤（expressionTag=list|steps|method）
- 两方/两方案并列（更中立的 A vs B）→ `SPLIT_COMPARE`
- 当前 item 原文明确展开 **2～4** 个并列分点/并列例子，且每点需独立配图（宫格）→ `PANEL_GRID`
- 明确步骤序列/短清单，且【同一 item 内】可抽取出 2～6 条“短步骤”（如同时出现“第一/第二/第三…”或“1)/2)/3)”），并且每条步骤建议 ≤10 字、无长解释句 → `STEP_LIST`
  - 反例：只有“第一/第二”这一个标题句（单条）不要选 `STEP_LIST`（至少需要 2 条）
  - 反例：每条方法/步骤后面还跟较长解释、追问或补充句（例如任一解释段 >30 字）→ 不适合 `STEP_LIST`，应拆分 item，并优先用 `METHOD_STACK`（标题式核心 + 解释展开）或 `CENTER_FOCUS`
- “一个标题式核心（方法/建议/观点/卖点/亮点/推荐理由）+ 2～4 句解释展开” → `METHOD_STACK`
- 同一**案例/子话题**、**单主图**，口播 **4～6 句** 呈「个案→误判/推论→纠偏→收束」叙事弧 → `CASE_BREAKDOWN`（非「第一/第二」方法清单、非多图节拍时用本模板；方法要点式仍用 `METHOD_STACK`）

### D. 节拍递进（expressionTag=beat）
- 同一镜头内 2～4 段口播节拍递进（问→驳→收束；铺垫→转折→结论），希望画面跟着分段变化 → `BEAT_SEQUENCE`
  - **提示**：如果递进里还夹杂“强对照/命名”，通常应拆成多个 item，不要硬塞一个 `BEAT_SEQUENCE`。
- 同一镜头内 **因果链 / 机制传导**（因→果→再果，每环一图，无时间轴刻度）→ `CAUSE_CHAIN`

### E. 引用/命名/聚焦（expressionTag=quote|concept|focus）
- 名言、著作、研究、媒体引用、用户评价、证言摘录 → `QUOTE_CITATION`
- 对“专业术语、概念、产品名、品牌关键词、功能名等”新名词进行解释→ `CONCEPT_CARD`
- 需要把注意力锁定到一个关键词/短语/关键细节/核心发现上 → `MAGNIFYING_GLASS`
  - 必须存在明确落点句（如“关键在于…”“核心是…”“结论是…”）
  - 需要后续可提取 1～2 个高价值锚点短语（否则不要选）

### F. 金句冲击（expressionTag=focus）
- 全片级短促强结论、无需配图 → `TEXT_FOCUS`

### G. 时间轴，先后关系（expressionTag=timeline）
- 明确时间先后/阶段演进（过去→现在→未来）→ `TIMELINE`

### G2. 收束清单（expressionTag≈conclusion|list）
- 收束、行动检查项、要点复诵，需要**逐项打勾显现**（非编号短步骤、非并列大图组）→ `CHECKLIST_REVEAL`

### H. 默认（expressionTag=neutral）
- 平缓叙述、单图即可、无上述结构 → `CENTER_FOCUS`

---

## ✅ 输出格式（严格 JSON，禁止包含 markdown 代码块）
{
  "items": [
    {
      "text": "逐字口播片段（必须来自原文，且拼接后覆盖原文）",
      "narrativeType": "HOOK | LOGIC | CASE | DATA | CONCLUSION | TRANSITION",
      "template": "必须来自可用模板列表",
      "expressionTag": "data | contrast | list | steps | method | beat | quote | concept | focus | timeline | neutral",
      "confidence": "low | medium | high",
      "reasoning": "一句话说明：该段的主表达结构是什么 → 为什么选该模板 → 若拆分/合并，理由是什么"
    }
  ]
}

===========================================================================================
---------------------------------------- RESPONSE ----------------------------------------
time: 2026-05-24 13:46:32
attempt: 1/3

[OUTPUT]
{
  "items": [
    {
      "text": "先说最不要脸的一类：把常识当发明。",
      "narrativeType": "HOOK",
      "template": "CENTER_FOCUS",
      "expressionTag": "neutral",
      "confidence": "high",
      "reasoning": "开场观点句，平实引出话题，单图即可，无其他强结构特征 → 选 CENTER_FOCUS。"
    },
    {
      "text": "你打开手机，图标会动吧？会放大、会淡入淡出吧？这在程序员眼里，有专业名字。",
      "narrativeType": "CASE",
      "template": "BEAT_SEQUENCE",
      "expressionTag": "beat",
      "confidence": "high",
      "reasoning": "从观众视角的连续设问，跳转到程序员视角的引子，形成问→揭示的节拍递进，两段画面可分段变化 → 选 BEAT_SEQUENCE。"
    },
    {
      "text": "分层渲染。透明度渐变。",
      "narrativeType": "LOGIC",
      "template": "PANEL_GRID",
      "expressionTag": "list",
      "confidence": "high",
      "reasoning": "两个专业术语并列列出，属2个并列分点，适合宫格展示 → 选 PANEL_GRID。"
    },
    {
      "text": "翻成白话就是：把图片分几层动，让它慢慢变亮、变暗。",
      "narrativeType": "LOGIC",
      "template": "CENTER_FOCUS",
      "expressionTag": "neutral",
      "confidence": "high",
      "reasoning": "直接解释术语的白话含义，平实叙述，无其他强结构 → 选 CENTER_FOCUS。"
    },
    {
      "text": "这是十年前的入门课。",
      "narrativeType": "CONCLUSION",
      "template": "TEXT_FOCUS",
      "expressionTag": "focus",
      "confidence": "high",
      "reasoning": "短促有力的评价语，强调技术早已过时，属金句冲击，无需配图 → 选 TEXT_FOCUS。"
    },
    {
      "text": "可华为偏要把这些拆开申请专利。",
      "narrativeType": "TRANSITION",
      "template": "CENTER_FOCUS",
      "expressionTag": "neutral",
      "confidence": "high",
      "reasoning": "转折引出华为的争议行为，单句叙述，无特别结构 → 选 CENTER_FOCUS。"
    },
    {
      "text": "图标前景放大一层，算一件。背景再放大一层，又是一件。淡入淡出，再一件。",
      "narrativeType": "CASE",
      "template": "PANEL_GRID",
      "expressionTag": "list",
      "confidence": "high",
      "reasoning": "三个并列的专利拆分例子，短小且各需独立配图，适合宫格展示 → 选 PANEL_GRID；避免单item过长，拆开列举。"
    },
    {
      "text": "弹簧动画，再一件。手机上的开机动画，一件。车载多屏拼接放同一段动画，又一件。",
      "narrativeType": "CASE",
      "template": "PANEL_GRID",
      "expressionTag": "list",
      "confidence": "high",
      "reasoning": "后三个并列例子，延续宫格展示；原文连续列举过长，拆为两个 PANEL_GRID 保持视觉节奏。"
    },
    {
      "text": "同一个“开机画面”，硬拆成几十上百个专利。",
      "narrativeType": "CONCLUSION",
      "template": "MAGNIFYING_GLASS",
      "expressionTag": "focus",
      "confidence": "high",
      "reasoning": "锁定核心短语“同一个开机画面”，强调重复申请的荒诞，高价值焦点 → 选 MAGNIFYING_GLASS。"
    },
    {
      "text": "就像有人，把“推门”申请成独家技术。把“抬脚”申请成独家技术。",
      "narrativeType": "CASE",
      "template": "PANEL_GRID",
      "expressionTag": "list",
      "confidence": "high",
      "reasoning": "两个并行的类比例子，短小且可独立配图，用宫格强化并列感 → 选 PANEL_GRID。"
    },
    {
      "text": "你回家进门，理论上要交三次钱。",
      "narrativeType": "CONCLUSION",
      "template": "TEXT_FOCUS",
      "expressionTag": "focus",
      "confidence": "high",
      "reasoning": "推至荒谬的结论，短促有力，强调不合理性，属金句冲击 → 选 TEXT_FOCUS。"
    },
    {
      "text": "这是在创新吗？这是在注水。",
      "narrativeType": "CONCLUSION",
      "template": "COGNITIVE_SHIFT",
      "expressionTag": "contrast",
      "confidence": "high",
      "reasoning": "以反问否定创新，再直指“注水”，形成不是…而是…式的认知翻转 → 选 COGNITIVE_SHIFT。"
    }
  ]
}
-------------------------------------------------------------------------------------------

======================================== REQUEST ========================================
time: 2026-05-24 13:46:32
provider: deepseek
model: deepseek-v4-pro
retries: 3

[PROMPT]
你是「镜头分镜 + 动画模板选型」联合优化器。你的任务是在**不改写口播原文**的前提下，把场景原文切成更“原子化”的镜头item，并为每个镜头选择最合适的 `template`。

## 🎥 视频大背景
- **核心主题**：15万件专利的真相：你每抬一次脚，都可能踩中“地雷”
- **当前场景**：剖析·分案碰瓷

## 📄 场景原文（严禁修改、严禁漏字、严禁补字）
第二类，最冷血的：时光倒流式狙击。

专利申请中有一种叫做分案申请，本来是好事。
意思是：
一份专利申请里，
如果塞了两个不相关发明，
拆开来审，各算各的。
合理。

可华为把它玩成了时光机。

说个实案。
2024 年，华为起诉联发科。
核心专利之一，2011 年才提交。
但它不是新东西。
它是从 2007 年那份老申请里，
拆出来的“分身”。

什么意思？
先在 2007 年占一个坑。
这份老申请，叫母案。
后面拆出来的新申请，
叫分案。

分案的厉害之处在于：
它看起来是后来提交的，
却能往前借用母案的时间。

于是玩法就变了。
先把坑占住。
等联发科、三星把芯片做出来。
等行业标准定下来。
等产品上市。
再调整专利保护范围。
也就是修改权利要求。

最后发生什么？
你已经公开的产品，
突然被它精准套住。

这就像你 2007 年签了一份模糊租房合同。
房东说没事，先放着。
你花十年把房子装修好、生意做起来了。
2024 年他拿出补充条款：
你阳台面积算我的，月租翻倍。
你不签？
法院见。

这不是保护研发成果。
这是事后碰瓷。

---

## 可用模板（共 23 个：`template` 必须且仅能从中选一个）

BEAT_SEQUENCE, CASE_BREAKDOWN, CAUSE_CHAIN, CENTER_FOCUS, CHAT_BUBBLE, CHECKLIST_REVEAL, COGNITIVE_SHIFT, CONCEPT_CARD, DATA_TABLE, DOS_AND_DONTS, KPI_HERO, MAGNIFYING_GLASS, METHOD_STACK, PANEL_GRID, PEER_INDUCT, PROGRESS_RING, QUOTE_CITATION, SPLIT_COMPARE, STAT_COMPARE, STEP_LIST, TEXT_FOCUS, TIMELINE, TREE_DIAGRAM

选型规则以主提示词中的决策树与自检清单为准；参数结构不在此展开，后续步骤会按 Schema 生成 `param`。

---

## 🎯 总目标（必须同时满足）
1. **逐字一致**：每个 item 的 `text` 必须是原文的连续子串；所有 item 的 `text` 按顺序拼接后必须与原文完全一致（允许忽略空白差异，但不能改变任何非空白字符）。
2. **覆盖完整**：原文中每一个字符都必须且只能落在一个 item 里（不重叠、不遗漏）。
3. **表达原子化**：**一个 item 只允许一个主表达结构**（对比/命名/步骤/引用/数据/节拍递进/金句冲击/平铺叙述）。若同一段里混了两种结构，必须拆成多个 item。
4. **长度合理**：为了避免视觉疲劳，一个item中的text拼接后如果长于 50 字应该拆分成多个item。
5. 模板是为了更好的表达item中的text

---

## ✂️ 分镜原则

### Phase 1：时长锚点（量化判断基准）
- 正常语速约 **4~5 字/秒**，单个镜头的理想口播时长：**3~8 秒（约 12~40 字）**
- ⚠️ **< 12 字**的分段：除非是独立金句，否则**必须合并**到相邻镜头
- ⚠️ **> 50 字**的分段：意味着画面停留太久，观众注意力衰减，建议拆分，但拆分点本身仍需有叙事依据
- 在 `estimatedSeconds` 字段中标注预估秒数（字数 ÷ 4.5，保留一位小数）
- 除非模板使用TextFocus，否则不允许content中只有一个Text的情况

### Phase 2：切分信号强度模型
按叙事信号强度决定是否新建镜头，**而非按标点机械切分**：

**🔴 强信号（应新建镜头）**：
- 叙事角色彻底转换：说理/定义 → 举例/场景还原
- 叙事角色彻底转换：铺垫/铺陈 → 行动号召/结论
- 情绪段位跳变：平静分析 → 震惊转折 → 收束共情
- 视觉主体完全更换：讨论 A 话题 → 转到独立的 B 话题

**🟡 中等信号（倾向合并，但单段超过 40 字时可拆）**：
- 同一论点下的多个分点（第一、第二、第三……）
- 同一比喻的铺垫与揭示
- 同一因果链的前提与结论

**🟢 弱信号（严禁作为切分依据）**：
- 普通逗号、顿号、冒号后的补充说明
- 同一句话的前后半段
- "而且""此外""所以"等常见连接词（需配合叙事角色判断）

### Phase 3：合并检查
拆完后对所有 items 做全局合并检查：
- 相邻两个 items 若切分信号为"弱"且合并后总字数不超过 45 字 → **强制合并**
- 相邻两个 items 若叙事角色完全相同、画面视觉重心也相同 → **强制合并**

## 🧭 结构识别 → 模板选型（从上到下命中第一条）

### A. 数据/量化结论（expressionTag=data）
- 两项指标同框对比（涨跌、前后、A/B）→ `STAT_COMPARE`（必须能抽象出两个非负整数）
- 单指标完成度/占比/达成率 → `PROGRESS_RING`
- 单个核心数值/排名/增长率强调 → `KPI_HERO`

### B. 对错/强导向（expressionTag=contrast）
- 明确“别这样/要这样”“错误/正确” → `DOS_AND_DONTS`
- “不是…而是…” → `COGNITIVE_SHIFT`

### C. 多分点/清单/步骤（expressionTag=list|steps|method）
- 两方/两方案并列（更中立的 A vs B）→ `SPLIT_COMPARE`
- 当前 item 原文明确展开 **2～4** 个并列分点/并列例子，且每点需独立配图（宫格）→ `PANEL_GRID`
- 明确步骤序列/短清单，且【同一 item 内】可抽取出 2～6 条“短步骤”（如同时出现“第一/第二/第三…”或“1)/2)/3)”），并且每条步骤建议 ≤10 字、无长解释句 → `STEP_LIST`
  - 反例：只有“第一/第二”这一个标题句（单条）不要选 `STEP_LIST`（至少需要 2 条）
  - 反例：每条方法/步骤后面还跟较长解释、追问或补充句（例如任一解释段 >30 字）→ 不适合 `STEP_LIST`，应拆分 item，并优先用 `METHOD_STACK`（标题式核心 + 解释展开）或 `CENTER_FOCUS`
- “一个标题式核心（方法/建议/观点/卖点/亮点/推荐理由）+ 2～4 句解释展开” → `METHOD_STACK`
- 同一**案例/子话题**、**单主图**，口播 **4～6 句** 呈「个案→误判/推论→纠偏→收束」叙事弧 → `CASE_BREAKDOWN`（非「第一/第二」方法清单、非多图节拍时用本模板；方法要点式仍用 `METHOD_STACK`）

### D. 节拍递进（expressionTag=beat）
- 同一镜头内 2～4 段口播节拍递进（问→驳→收束；铺垫→转折→结论），希望画面跟着分段变化 → `BEAT_SEQUENCE`
  - **提示**：如果递进里还夹杂“强对照/命名”，通常应拆成多个 item，不要硬塞一个 `BEAT_SEQUENCE`。
- 同一镜头内 **因果链 / 机制传导**（因→果→再果，每环一图，无时间轴刻度）→ `CAUSE_CHAIN`

### E. 引用/命名/聚焦（expressionTag=quote|concept|focus）
- 名言、著作、研究、媒体引用、用户评价、证言摘录 → `QUOTE_CITATION`
- 对“专业术语、概念、产品名、品牌关键词、功能名等”新名词进行解释→ `CONCEPT_CARD`
- 需要把注意力锁定到一个关键词/短语/关键细节/核心发现上 → `MAGNIFYING_GLASS`
  - 必须存在明确落点句（如“关键在于…”“核心是…”“结论是…”）
  - 需要后续可提取 1～2 个高价值锚点短语（否则不要选）

### F. 金句冲击（expressionTag=focus）
- 全片级短促强结论、无需配图 → `TEXT_FOCUS`

### G. 时间轴，先后关系（expressionTag=timeline）
- 明确时间先后/阶段演进（过去→现在→未来）→ `TIMELINE`

### G2. 收束清单（expressionTag≈conclusion|list）
- 收束、行动检查项、要点复诵，需要**逐项打勾显现**（非编号短步骤、非并列大图组）→ `CHECKLIST_REVEAL`

### H. 默认（expressionTag=neutral）
- 平缓叙述、单图即可、无上述结构 → `CENTER_FOCUS`

---

## ✅ 输出格式（严格 JSON，禁止包含 markdown 代码块）
{
  "items": [
    {
      "text": "逐字口播片段（必须来自原文，且拼接后覆盖原文）",
      "narrativeType": "HOOK | LOGIC | CASE | DATA | CONCLUSION | TRANSITION",
      "template": "必须来自可用模板列表",
      "expressionTag": "data | contrast | list | steps | method | beat | quote | concept | focus | timeline | neutral",
      "confidence": "low | medium | high",
      "reasoning": "一句话说明：该段的主表达结构是什么 → 为什么选该模板 → 若拆分/合并，理由是什么"
    }
  ]
}

===========================================================================================
---------------------------------------- RESPONSE ----------------------------------------
time: 2026-05-24 13:48:40
attempt: 1/3

[OUTPUT]
{
  "items": [
    {
      "text": "第二类，最冷血的：时光倒流式狙击。",
      "narrativeType": "HOOK",
      "template": "CONCEPT_CARD",
      "expressionTag": "concept",
      "confidence": "high",
      "reasoning": "提出一个类别概念，需要解释，适合用概念卡片定义“时光倒流式狙击”。"
    },
    {
      "text": "专利申请中有一种叫做分案申请，本来是好事。意思是：一份专利申请里，如果塞了两个不相关发明，拆开来审，各算各的。合理。",
      "narrativeType": "LOGIC",
      "template": "CONCEPT_CARD",
      "expressionTag": "concept",
      "confidence": "high",
      "reasoning": "解释分案申请的定义与初衷，适合概念卡片。"
    },
    {
      "text": "可华为把它玩成了时光机。",
      "narrativeType": "TRANSITION",
      "template": "TEXT_FOCUS",
      "expressionTag": "focus",
      "confidence": "high",
      "reasoning": "短小转折金句，冲击力强，适合纯文字聚焦，无需配图。"
    },
    {
      "text": "说个实案。2024 年，华为起诉联发科。核心专利之一，2011 年才提交。但它不是新东西。它是从 2007 年那份老申请里，拆出来的“分身”。",
      "narrativeType": "CASE",
      "template": "CASE_BREAKDOWN",
      "expressionTag": "beat",
      "confidence": "high",
      "reasoning": "案例还原，展现专利分身，适合案例拆解模板，叙事弧完整。"
    },
    {
      "text": "什么意思？先在 2007 年占一个坑。这份老申请，叫母案。后面拆出来的新申请，叫分案。分案的厉害之处在于：它看起来是后来提交的，却能往前借用母案的时间。",
      "narrativeType": "LOGIC",
      "template": "CONCEPT_CARD",
      "expressionTag": "concept",
      "confidence": "high",
      "reasoning": "定义母案与分案，并解释分案的核心优势，适合概念卡片。"
    },
    {
      "text": "于是玩法就变了。先把坑占住。等联发科、三星把芯片做出来。等行业标准定下来。等产品上市。再调整专利保护范围。也就是修改权利要求。",
      "narrativeType": "LOGIC",
      "template": "STEP_LIST",
      "expressionTag": "steps",
      "confidence": "high",
      "reasoning": "明确的操作步骤顺序，可抽象为占坑、等芯片、等标准、等上市、调整权利要求的步骤列表。"
    },
    {
      "text": "最后发生什么？你已经公开的产品，突然被它精准套住。",
      "narrativeType": "CONCLUSION",
      "template": "CENTER_FOCUS",
      "expressionTag": "neutral",
      "confidence": "medium",
      "reasoning": "结论性揭示，使用中心聚焦，呈现产品被精准套住的视觉冲击；落点句不够突出，故用中性表达。"
    },
    {
      "text": "这就像你 2007 年签了一份模糊租房合同。房东说没事，先放着。你花十年把房子装修好、生意做起来了。",
      "narrativeType": "CASE",
      "template": "CENTER_FOCUS",
      "expressionTag": "neutral",
      "confidence": "high",
      "reasoning": "比喻铺垫，平缓叙述，适合中心聚焦。"
    },
    {
      "text": "2024 年他拿出补充条款：你阳台面积算我的，月租翻倍。你不签？法院见。",
      "narrativeType": "CONCLUSION",
      "template": "TEXT_FOCUS",
      "expressionTag": "focus",
      "confidence": "high",
      "reasoning": "比喻的高潮反转，短促有力，纯文字冲击，适合文字聚焦。"
    },
    {
      "text": "这不是保护研发成果。这是事后碰瓷。",
      "narrativeType": "CONCLUSION",
      "template": "COGNITIVE_SHIFT",
      "expressionTag": "contrast",
      "confidence": "high",
      "reasoning": "明确否定错误观念，提出正确看法，适合认知转变模板。"
    }
  ]
}
-------------------------------------------------------------------------------------------

======================================== REQUEST ========================================
time: 2026-05-24 13:48:40
provider: deepseek
model: deepseek-v4-pro
retries: 3

[PROMPT]
你是「镜头分镜 + 动画模板选型」联合优化器。你的任务是在**不改写口播原文**的前提下，把场景原文切成更“原子化”的镜头item，并为每个镜头选择最合适的 `template`。

## 🎥 视频大背景
- **核心主题**：15万件专利的真相：你每抬一次脚，都可能踩中“地雷”
- **当前场景**：剖析·凑数专利

## 📄 场景原文（严禁修改、严禁漏字、严禁补字）
第三类：垃圾专利当炮灰。

华为不是只会申请高大上的通信专利。
还有工业化流水线一样的“凑数专利”。

2016 年打三星，
有些专利名字特别唬人，
什么扩展物理下行链路控制信道。
听起来像火箭发射。
翻成白话，
就是手机和基站之间，
怎么安排通信资源的一段规则。
专家一拆，
技术含量极低。
就是术语堆出来的纸老虎。

还有中国的实用新型。
你可以把它理解成：
低配版专利。
主要看材料形式过不过关。
不太深挖技术到底有多新。
所以下证快，成本低。
华为体系里，这类东西不少。

最出圈的是什么？
赛力斯车载便器。
座椅下面藏马桶，
滑轨拉出来，用完推回去。
网友都笑了：
这也能叫专利？

你问它对汽车工业有什么推动？
没有。
它唯一的作用，
是帮专利总数再 +1。
是谈判桌上多一张牌。
是宣传稿里多一个“创新”数字。

一家天天讲 6G、AI（人工智能）、芯片的公司，
武器库里混着这种货色。
你还信“件件都是硬核科技”吗？

---

## 可用模板（共 23 个：`template` 必须且仅能从中选一个）

BEAT_SEQUENCE, CASE_BREAKDOWN, CAUSE_CHAIN, CENTER_FOCUS, CHAT_BUBBLE, CHECKLIST_REVEAL, COGNITIVE_SHIFT, CONCEPT_CARD, DATA_TABLE, DOS_AND_DONTS, KPI_HERO, MAGNIFYING_GLASS, METHOD_STACK, PANEL_GRID, PEER_INDUCT, PROGRESS_RING, QUOTE_CITATION, SPLIT_COMPARE, STAT_COMPARE, STEP_LIST, TEXT_FOCUS, TIMELINE, TREE_DIAGRAM

选型规则以主提示词中的决策树与自检清单为准；参数结构不在此展开，后续步骤会按 Schema 生成 `param`。

---

## 🎯 总目标（必须同时满足）
1. **逐字一致**：每个 item 的 `text` 必须是原文的连续子串；所有 item 的 `text` 按顺序拼接后必须与原文完全一致（允许忽略空白差异，但不能改变任何非空白字符）。
2. **覆盖完整**：原文中每一个字符都必须且只能落在一个 item 里（不重叠、不遗漏）。
3. **表达原子化**：**一个 item 只允许一个主表达结构**（对比/命名/步骤/引用/数据/节拍递进/金句冲击/平铺叙述）。若同一段里混了两种结构，必须拆成多个 item。
4. **长度合理**：为了避免视觉疲劳，一个item中的text拼接后如果长于 50 字应该拆分成多个item。
5. 模板是为了更好的表达item中的text

---

## ✂️ 分镜原则

### Phase 1：时长锚点（量化判断基准）
- 正常语速约 **4~5 字/秒**，单个镜头的理想口播时长：**3~8 秒（约 12~40 字）**
- ⚠️ **< 12 字**的分段：除非是独立金句，否则**必须合并**到相邻镜头
- ⚠️ **> 50 字**的分段：意味着画面停留太久，观众注意力衰减，建议拆分，但拆分点本身仍需有叙事依据
- 在 `estimatedSeconds` 字段中标注预估秒数（字数 ÷ 4.5，保留一位小数）
- 除非模板使用TextFocus，否则不允许content中只有一个Text的情况

### Phase 2：切分信号强度模型
按叙事信号强度决定是否新建镜头，**而非按标点机械切分**：

**🔴 强信号（应新建镜头）**：
- 叙事角色彻底转换：说理/定义 → 举例/场景还原
- 叙事角色彻底转换：铺垫/铺陈 → 行动号召/结论
- 情绪段位跳变：平静分析 → 震惊转折 → 收束共情
- 视觉主体完全更换：讨论 A 话题 → 转到独立的 B 话题

**🟡 中等信号（倾向合并，但单段超过 40 字时可拆）**：
- 同一论点下的多个分点（第一、第二、第三……）
- 同一比喻的铺垫与揭示
- 同一因果链的前提与结论

**🟢 弱信号（严禁作为切分依据）**：
- 普通逗号、顿号、冒号后的补充说明
- 同一句话的前后半段
- "而且""此外""所以"等常见连接词（需配合叙事角色判断）

### Phase 3：合并检查
拆完后对所有 items 做全局合并检查：
- 相邻两个 items 若切分信号为"弱"且合并后总字数不超过 45 字 → **强制合并**
- 相邻两个 items 若叙事角色完全相同、画面视觉重心也相同 → **强制合并**

## 🧭 结构识别 → 模板选型（从上到下命中第一条）

### A. 数据/量化结论（expressionTag=data）
- 两项指标同框对比（涨跌、前后、A/B）→ `STAT_COMPARE`（必须能抽象出两个非负整数）
- 单指标完成度/占比/达成率 → `PROGRESS_RING`
- 单个核心数值/排名/增长率强调 → `KPI_HERO`

### B. 对错/强导向（expressionTag=contrast）
- 明确“别这样/要这样”“错误/正确” → `DOS_AND_DONTS`
- “不是…而是…” → `COGNITIVE_SHIFT`

### C. 多分点/清单/步骤（expressionTag=list|steps|method）
- 两方/两方案并列（更中立的 A vs B）→ `SPLIT_COMPARE`
- 当前 item 原文明确展开 **2～4** 个并列分点/并列例子，且每点需独立配图（宫格）→ `PANEL_GRID`
- 明确步骤序列/短清单，且【同一 item 内】可抽取出 2～6 条“短步骤”（如同时出现“第一/第二/第三…”或“1)/2)/3)”），并且每条步骤建议 ≤10 字、无长解释句 → `STEP_LIST`
  - 反例：只有“第一/第二”这一个标题句（单条）不要选 `STEP_LIST`（至少需要 2 条）
  - 反例：每条方法/步骤后面还跟较长解释、追问或补充句（例如任一解释段 >30 字）→ 不适合 `STEP_LIST`，应拆分 item，并优先用 `METHOD_STACK`（标题式核心 + 解释展开）或 `CENTER_FOCUS`
- “一个标题式核心（方法/建议/观点/卖点/亮点/推荐理由）+ 2～4 句解释展开” → `METHOD_STACK`
- 同一**案例/子话题**、**单主图**，口播 **4～6 句** 呈「个案→误判/推论→纠偏→收束」叙事弧 → `CASE_BREAKDOWN`（非「第一/第二」方法清单、非多图节拍时用本模板；方法要点式仍用 `METHOD_STACK`）

### D. 节拍递进（expressionTag=beat）
- 同一镜头内 2～4 段口播节拍递进（问→驳→收束；铺垫→转折→结论），希望画面跟着分段变化 → `BEAT_SEQUENCE`
  - **提示**：如果递进里还夹杂“强对照/命名”，通常应拆成多个 item，不要硬塞一个 `BEAT_SEQUENCE`。
- 同一镜头内 **因果链 / 机制传导**（因→果→再果，每环一图，无时间轴刻度）→ `CAUSE_CHAIN`

### E. 引用/命名/聚焦（expressionTag=quote|concept|focus）
- 名言、著作、研究、媒体引用、用户评价、证言摘录 → `QUOTE_CITATION`
- 对“专业术语、概念、产品名、品牌关键词、功能名等”新名词进行解释→ `CONCEPT_CARD`
- 需要把注意力锁定到一个关键词/短语/关键细节/核心发现上 → `MAGNIFYING_GLASS`
  - 必须存在明确落点句（如“关键在于…”“核心是…”“结论是…”）
  - 需要后续可提取 1～2 个高价值锚点短语（否则不要选）

### F. 金句冲击（expressionTag=focus）
- 全片级短促强结论、无需配图 → `TEXT_FOCUS`

### G. 时间轴，先后关系（expressionTag=timeline）
- 明确时间先后/阶段演进（过去→现在→未来）→ `TIMELINE`

### G2. 收束清单（expressionTag≈conclusion|list）
- 收束、行动检查项、要点复诵，需要**逐项打勾显现**（非编号短步骤、非并列大图组）→ `CHECKLIST_REVEAL`

### H. 默认（expressionTag=neutral）
- 平缓叙述、单图即可、无上述结构 → `CENTER_FOCUS`

---

## ✅ 输出格式（严格 JSON，禁止包含 markdown 代码块）
{
  "items": [
    {
      "text": "逐字口播片段（必须来自原文，且拼接后覆盖原文）",
      "narrativeType": "HOOK | LOGIC | CASE | DATA | CONCLUSION | TRANSITION",
      "template": "必须来自可用模板列表",
      "expressionTag": "data | contrast | list | steps | method | beat | quote | concept | focus | timeline | neutral",
      "confidence": "low | medium | high",
      "reasoning": "一句话说明：该段的主表达结构是什么 → 为什么选该模板 → 若拆分/合并，理由是什么"
    }
  ]
}

===========================================================================================
---------------------------------------- RESPONSE ----------------------------------------
time: 2026-05-24 13:50:44
attempt: 1/3

[OUTPUT]
{
  "items": [
    {
      "text": "第三类：垃圾专利当炮灰。",
      "narrativeType": "TRANSITION",
      "template": "CONCEPT_CARD",
      "expressionTag": "concept",
      "confidence": "high",
      "reasoning": "独立概念标签，用于点明兜底分类，适合以概念卡片呈现，无需配图。"
    },
    {
      "text": "华为不是只会申请高大上的通信专利。还有工业化流水线一样的“凑数专利”。",
      "narrativeType": "LOGIC",
      "template": "COGNITIVE_SHIFT",
      "expressionTag": "contrast",
      "confidence": "high",
      "reasoning": "认知转变结构：“不是只A，也有B”，COGNITIVE_SHIFT可突显从旧印象到新认知的跳跃。"
    },
    {
      "text": "2016 年打三星，有些专利名字特别唬人，什么扩展物理下行链路控制信道。听起来像火箭发射。",
      "narrativeType": "CASE",
      "template": "BEAT_SEQUENCE",
      "expressionTag": "beat",
      "confidence": "medium",
      "reasoning": "节拍递进：唬人名称→像火箭发射，适合BEAT_SEQUENCE分步展示。因后续拆解内容较长，此处独立成段利于聚焦。"
    },
    {
      "text": "翻成白话，就是手机和基站之间，怎么安排通信资源的一段规则。专家一拆，技术含量极低。就是术语堆出来的纸老虎。",
      "narrativeType": "CASE",
      "template": "BEAT_SEQUENCE",
      "expressionTag": "beat",
      "confidence": "medium",
      "reasoning": "继续节拍递进：解释真相→专家诊断→结论纸老虎，形成三段式转折，BEAT_SEQUENCE让画面跟随节奏变化。"
    },
    {
      "text": "还有中国的实用新型。你可以把它理解成：低配版专利。主要看材料形式过不过关。不太深挖技术到底有多新。",
      "narrativeType": "LOGIC",
      "template": "CONCEPT_CARD",
      "expressionTag": "concept",
      "confidence": "high",
      "reasoning": "解释专业术语“实用新型”，比喻+关键特征，适合CONCEPT_CARD对术语进行图文注解。"
    },
    {
      "text": "所以下证快，成本低。华为体系里，这类东西不少。",
      "narrativeType": "CONCLUSION",
      "template": "BEAT_SEQUENCE",
      "expressionTag": "beat",
      "confidence": "medium",
      "reasoning": "逻辑收束：下证快成本低→华为存在不少，递进呈现小结论，BEAT_SEQUENCE强化跳跃感。"
    },
    {
      "text": "最出圈的是什么？赛力斯车载便器。座椅下面藏马桶，滑轨拉出来，用完推回去。网友都笑了：这也能叫专利？",
      "narrativeType": "CASE",
      "template": "CASE_BREAKDOWN",
      "expressionTag": "beat",
      "confidence": "high",
      "reasoning": "完整案例弧：提问引出一产品→细节还原→网友质疑收束，符合“个案→误判/推论→纠偏→收束”的叙事弧，选CASE_BREAKDOWN。"
    },
    {
      "text": "你问它对汽车工业有什么推动？没有。它唯一的作用，是帮专利总数再 +1。是谈判桌上多一张牌。是宣传稿里多一个“创新”数字。",
      "narrativeType": "LOGIC",
      "template": "PANEL_GRID",
      "expressionTag": "list",
      "confidence": "high",
      "reasoning": "三个等位并列作用，适合PANEL_GRID每个格子展示一个作用，视觉上形成并列举证。"
    },
    {
      "text": "一家天天讲 6G、AI（人工智能）、芯片的公司，武器库里混着这种货色。你还信“件件都是硬核科技”吗？",
      "narrativeType": "CONCLUSION",
      "template": "COGNITIVE_SHIFT",
      "expressionTag": "contrast",
      "confidence": "high",
      "reasoning": "从公司光环到混杂垃圾专利的认知翻转，用COGNITIVE_SHIFT突出对比，反问强化结论冲击。"
    }
  ]
}
-------------------------------------------------------------------------------------------

======================================== REQUEST ========================================
time: 2026-05-24 13:50:44
provider: deepseek
model: deepseek-v4-pro
retries: 3

[PROMPT]
你是「镜头分镜 + 动画模板选型」联合优化器。你的任务是在**不改写口播原文**的前提下，把场景原文切成更“原子化”的镜头item，并为每个镜头选择最合适的 `template`。

## 🎥 视频大背景
- **核心主题**：15万件专利的真相：你每抬一次脚，都可能踩中“地雷”
- **当前场景**：剖析·专利封锁

## 📄 场景原文（严禁修改、严禁漏字、严禁补字）
把这些手段叠在一起，就是专利丛林。

经济学早就证明：
电信、软件这种复杂行业，
专利越密，
小公司越不敢进场。
不是他们不想创新，
是他们请不起律师团。

华为在局部技术节点上，
织几百上千张重叠的网。
你想做兼容设备？
想改一点交互？
一脚踩雷。

---

## 可用模板（共 23 个：`template` 必须且仅能从中选一个）

BEAT_SEQUENCE, CASE_BREAKDOWN, CAUSE_CHAIN, CENTER_FOCUS, CHAT_BUBBLE, CHECKLIST_REVEAL, COGNITIVE_SHIFT, CONCEPT_CARD, DATA_TABLE, DOS_AND_DONTS, KPI_HERO, MAGNIFYING_GLASS, METHOD_STACK, PANEL_GRID, PEER_INDUCT, PROGRESS_RING, QUOTE_CITATION, SPLIT_COMPARE, STAT_COMPARE, STEP_LIST, TEXT_FOCUS, TIMELINE, TREE_DIAGRAM

选型规则以主提示词中的决策树与自检清单为准；参数结构不在此展开，后续步骤会按 Schema 生成 `param`。

---

## 🎯 总目标（必须同时满足）
1. **逐字一致**：每个 item 的 `text` 必须是原文的连续子串；所有 item 的 `text` 按顺序拼接后必须与原文完全一致（允许忽略空白差异，但不能改变任何非空白字符）。
2. **覆盖完整**：原文中每一个字符都必须且只能落在一个 item 里（不重叠、不遗漏）。
3. **表达原子化**：**一个 item 只允许一个主表达结构**（对比/命名/步骤/引用/数据/节拍递进/金句冲击/平铺叙述）。若同一段里混了两种结构，必须拆成多个 item。
4. **长度合理**：为了避免视觉疲劳，一个item中的text拼接后如果长于 50 字应该拆分成多个item。
5. 模板是为了更好的表达item中的text

---

## ✂️ 分镜原则

### Phase 1：时长锚点（量化判断基准）
- 正常语速约 **4~5 字/秒**，单个镜头的理想口播时长：**3~8 秒（约 12~40 字）**
- ⚠️ **< 12 字**的分段：除非是独立金句，否则**必须合并**到相邻镜头
- ⚠️ **> 50 字**的分段：意味着画面停留太久，观众注意力衰减，建议拆分，但拆分点本身仍需有叙事依据
- 在 `estimatedSeconds` 字段中标注预估秒数（字数 ÷ 4.5，保留一位小数）
- 除非模板使用TextFocus，否则不允许content中只有一个Text的情况

### Phase 2：切分信号强度模型
按叙事信号强度决定是否新建镜头，**而非按标点机械切分**：

**🔴 强信号（应新建镜头）**：
- 叙事角色彻底转换：说理/定义 → 举例/场景还原
- 叙事角色彻底转换：铺垫/铺陈 → 行动号召/结论
- 情绪段位跳变：平静分析 → 震惊转折 → 收束共情
- 视觉主体完全更换：讨论 A 话题 → 转到独立的 B 话题

**🟡 中等信号（倾向合并，但单段超过 40 字时可拆）**：
- 同一论点下的多个分点（第一、第二、第三……）
- 同一比喻的铺垫与揭示
- 同一因果链的前提与结论

**🟢 弱信号（严禁作为切分依据）**：
- 普通逗号、顿号、冒号后的补充说明
- 同一句话的前后半段
- "而且""此外""所以"等常见连接词（需配合叙事角色判断）

### Phase 3：合并检查
拆完后对所有 items 做全局合并检查：
- 相邻两个 items 若切分信号为"弱"且合并后总字数不超过 45 字 → **强制合并**
- 相邻两个 items 若叙事角色完全相同、画面视觉重心也相同 → **强制合并**

## 🧭 结构识别 → 模板选型（从上到下命中第一条）

### A. 数据/量化结论（expressionTag=data）
- 两项指标同框对比（涨跌、前后、A/B）→ `STAT_COMPARE`（必须能抽象出两个非负整数）
- 单指标完成度/占比/达成率 → `PROGRESS_RING`
- 单个核心数值/排名/增长率强调 → `KPI_HERO`

### B. 对错/强导向（expressionTag=contrast）
- 明确“别这样/要这样”“错误/正确” → `DOS_AND_DONTS`
- “不是…而是…” → `COGNITIVE_SHIFT`

### C. 多分点/清单/步骤（expressionTag=list|steps|method）
- 两方/两方案并列（更中立的 A vs B）→ `SPLIT_COMPARE`
- 当前 item 原文明确展开 **2～4** 个并列分点/并列例子，且每点需独立配图（宫格）→ `PANEL_GRID`
- 明确步骤序列/短清单，且【同一 item 内】可抽取出 2～6 条“短步骤”（如同时出现“第一/第二/第三…”或“1)/2)/3)”），并且每条步骤建议 ≤10 字、无长解释句 → `STEP_LIST`
  - 反例：只有“第一/第二”这一个标题句（单条）不要选 `STEP_LIST`（至少需要 2 条）
  - 反例：每条方法/步骤后面还跟较长解释、追问或补充句（例如任一解释段 >30 字）→ 不适合 `STEP_LIST`，应拆分 item，并优先用 `METHOD_STACK`（标题式核心 + 解释展开）或 `CENTER_FOCUS`
- “一个标题式核心（方法/建议/观点/卖点/亮点/推荐理由）+ 2～4 句解释展开” → `METHOD_STACK`
- 同一**案例/子话题**、**单主图**，口播 **4～6 句** 呈「个案→误判/推论→纠偏→收束」叙事弧 → `CASE_BREAKDOWN`（非「第一/第二」方法清单、非多图节拍时用本模板；方法要点式仍用 `METHOD_STACK`）

### D. 节拍递进（expressionTag=beat）
- 同一镜头内 2～4 段口播节拍递进（问→驳→收束；铺垫→转折→结论），希望画面跟着分段变化 → `BEAT_SEQUENCE`
  - **提示**：如果递进里还夹杂“强对照/命名”，通常应拆成多个 item，不要硬塞一个 `BEAT_SEQUENCE`。
- 同一镜头内 **因果链 / 机制传导**（因→果→再果，每环一图，无时间轴刻度）→ `CAUSE_CHAIN`

### E. 引用/命名/聚焦（expressionTag=quote|concept|focus）
- 名言、著作、研究、媒体引用、用户评价、证言摘录 → `QUOTE_CITATION`
- 对“专业术语、概念、产品名、品牌关键词、功能名等”新名词进行解释→ `CONCEPT_CARD`
- 需要把注意力锁定到一个关键词/短语/关键细节/核心发现上 → `MAGNIFYING_GLASS`
  - 必须存在明确落点句（如“关键在于…”“核心是…”“结论是…”）
  - 需要后续可提取 1～2 个高价值锚点短语（否则不要选）

### F. 金句冲击（expressionTag=focus）
- 全片级短促强结论、无需配图 → `TEXT_FOCUS`

### G. 时间轴，先后关系（expressionTag=timeline）
- 明确时间先后/阶段演进（过去→现在→未来）→ `TIMELINE`

### G2. 收束清单（expressionTag≈conclusion|list）
- 收束、行动检查项、要点复诵，需要**逐项打勾显现**（非编号短步骤、非并列大图组）→ `CHECKLIST_REVEAL`

### H. 默认（expressionTag=neutral）
- 平缓叙述、单图即可、无上述结构 → `CENTER_FOCUS`

---

## ✅ 输出格式（严格 JSON，禁止包含 markdown 代码块）
{
  "items": [
    {
      "text": "逐字口播片段（必须来自原文，且拼接后覆盖原文）",
      "narrativeType": "HOOK | LOGIC | CASE | DATA | CONCLUSION | TRANSITION",
      "template": "必须来自可用模板列表",
      "expressionTag": "data | contrast | list | steps | method | beat | quote | concept | focus | timeline | neutral",
      "confidence": "low | medium | high",
      "reasoning": "一句话说明：该段的主表达结构是什么 → 为什么选该模板 → 若拆分/合并，理由是什么"
    }
  ]
}

===========================================================================================
---------------------------------------- RESPONSE ----------------------------------------
time: 2026-05-24 13:51:57
attempt: 1/3

[OUTPUT]
{
  "items": [
    {
      "text": "把这些手段叠在一起，就是专利丛林。",
      "narrativeType": "TRANSITION",
      "template": "CONCEPT_CARD",
      "expressionTag": "concept",
      "confidence": "high",
      "reasoning": "引入新概念“专利丛林”，需要命名和解释，适合概念卡。"
    },
    {
      "text": "经济学早就证明：电信、软件这种复杂行业，专利越密，小公司越不敢进场。",
      "narrativeType": "LOGIC",
      "template": "CAUSE_CHAIN",
      "expressionTag": "beat",
      "confidence": "high",
      "reasoning": "因果链：复杂行业→专利越密→小公司不敢进场，用因果链模板逐环呈现。"
    },
    {
      "text": "不是他们不想创新，是他们请不起律师团。",
      "narrativeType": "LOGIC",
      "template": "COGNITIVE_SHIFT",
      "expressionTag": "contrast",
      "confidence": "high",
      "reasoning": "“不是…而是…”强认知转折，须用认知翻转模板突出对比。"
    },
    {
      "text": "华为在局部技术节点上，织几百上千张重叠的网。",
      "narrativeType": "CASE",
      "template": "CENTER_FOCUS",
      "expressionTag": "neutral",
      "confidence": "high",
      "reasoning": "平铺案例描述，单图信息即可，无需其他结构。"
    },
    {
      "text": "你想做兼容设备？想改一点交互？一脚踩雷。",
      "narrativeType": "CASE",
      "template": "BEAT_SEQUENCE",
      "expressionTag": "beat",
      "confidence": "high",
      "reasoning": "两个反问＋收束结论，三节拍递进，适合节拍序列让画面分段变化。"
    }
  ]
}
```
-------------------------------------------------------------------------------------------

======================================== REQUEST ========================================
time: 2026-05-24 13:51:57
provider: deepseek
model: deepseek-v4-pro
retries: 3

[PROMPT]
你是专业短视频编导，擅长镜头节奏设计。请将场景文案按「观众注意力节奏」拆解为独立镜头（Item），**本阶段只决定在哪里切分，不涉及任何模板**。

## 🎥 视频大背景
- **核心主题**：15万件专利的真相：你每抬一次脚，都可能踩中“地雷”
- **当前场景**：剖析·专利封锁

## 📄 场景原文（严禁修改、严禁漏字、严禁补字）
把这些手段叠在一起，就是专利丛林。

经济学早就证明：
电信、软件这种复杂行业，
专利越密，
小公司越不敢进场。
不是他们不想创新，
是他们请不起律师团。

华为在局部技术节点上，
织几百上千张重叠的网。
你想做兼容设备？
想改一点交互？
一脚踩雷。

---

## ✂️ 分镜原则

### Phase 1：时长锚点（量化判断基准）
- 正常语速约 **4~5 字/秒**，单个镜头的理想口播时长：**3~8 秒（约 12~40 字）**
- ⚠️ **< 12 字**的分段：除非是独立金句/强转折句，否则**必须合并**到相邻镜头
- ⚠️ **> 50 字**的分段：意味着画面停留太久，观众注意力衰减，建议拆分，但拆分点本身仍需有叙事依据
- 在 `estimatedSeconds` 字段中标注预估秒数（字数 ÷ 4.5，保留一位小数）

### Phase 2：切分信号强度模型
按叙事信号强度决定是否新建镜头，**而非按标点机械切分**：

**🔴 强信号（应新建镜头）**：
- 叙事角色彻底转换：说理/定义 → 举例/场景还原
- 叙事角色彻底转换：铺垫/铺陈 → 行动号召/结论
- 情绪段位跳变：平静分析 → 震惊转折 → 收束共情
- 视觉主体完全更换：讨论 A 话题 → 转到独立的 B 话题

**🟡 中等信号（倾向合并，但单段超过 40 字时可拆）**：
- 同一论点下的多个分点（第一、第二、第三……）
- 同一比喻的铺垫与揭示
- 同一因果链的前提与结论

**🟢 弱信号（严禁作为切分依据）**：
- 普通逗号、顿号、冒号后的补充说明
- 同一句话的前后半段
- "而且""此外""所以"等常见连接词（需配合叙事角色判断）

### Phase 3：合并检查
拆完后对所有 items 做全局合并检查：
- 相邻两个 items 若切分信号为"弱"且合并后总字数不超过 45 字 → **强制合并**
- 相邻两个 items 若叙事角色完全相同、画面视觉重心也相同 → **强制合并**
- 若单个建议/方法内部是 `标题 + 解释句 + 原因句/结果句`，默认**必须保留为一个 item**；不要把一个方法内部再切碎
- 不同建议 / 不同方法之间，若各自已经形成独立叙事动作或独立画面目标，**不要为了后续统一模板而强行合并**
- 若你决定拆开同一建议组，两个 item 的 `splitSignal` 必须为 `strong`，且 `reasoning` 中明确写出“视觉主体已更换”

## 📋 输出格式（严格 JSON，禁止包含 markdown 代码块）
{
  "items": [
    {
      "text": "分配给该镜头的完整口播原文片段（必须原封不动）",
      "narrativeRole": "hook | explain | example | contrast | data | conclude | transition",
      "visualFocus": "一句话描述该镜头的视觉重心（如：两人对话场景、数据图表、人物特写）",
      "emotionTone": "calm | rising | peak | resolving",
      "splitSignal": "strong | medium | weak（该镜头相对上一镜头的切分信号强度，第一个填 strong）",
      "estimatedSeconds": 5.0,
      "reasoning": "切分信号强度判断理由 -> 字数/预估秒数 -> 叙事角色 -> 与前后镜头关系"
    }
  ]
}

===========================================================================================
---------------------------------------- RESPONSE ----------------------------------------
time: 2026-05-24 13:53:01
attempt: 1/3

[OUTPUT]
{
  "items": [
    {
      "text": "把这些手段叠在一起，就是专利丛林。",
      "narrativeRole": "explain",
      "visualFocus": "视觉化的专利丛林概念",
      "emotionTone": "calm",
      "splitSignal": "strong",
      "estimatedSeconds": 2.7,
      "reasoning": "开场定义，总结前文，形成揭示性结论。字数12，预估2.7秒。叙事角色为定义性解释，视觉聚焦概念展示。与后文经济学证明形成从定义到说理的强信号转换。"
    },
    {
      "text": "经济学早就证明：电信、软件这种复杂行业，专利越密，小公司越不敢进场。不是他们不想创新，是他们请不起律师团。",
      "narrativeRole": "explain",
      "visualFocus": "数据图表展示专利密度和小公司困境",
      "emotionTone": "calm",
      "splitSignal": "strong",
      "estimatedSeconds": 8.0,
      "reasoning": "从定义转向经济学说理，叙事角色彻底转换。字数36，预估8.0秒。情绪平稳分析，视觉聚焦经济学数据。与后文华为举例形成强信号转换。"
    },
    {
      "text": "华为在局部技术节点上，织几百上千张重叠的网。",
      "narrativeRole": "example",
      "visualFocus": "华为专利网络示意图",
      "emotionTone": "rising",
      "splitSignal": "strong",
      "estimatedSeconds": 4.4,
      "reasoning": "由说理转入具体企业案例，字数20，预估4.4秒。叙事角色为举例，情绪开始上升。与后文场景还原形成强信号转换，因为从客观描述变为直接对话。"
    },
    {
      "text": "你想做兼容设备？想改一点交互？一脚踩雷。",
      "narrativeRole": "example",
      "visualFocus": "踩雷的瞬间画面或警示标志",
      "emotionTone": "peak",
      "splitSignal": "strong",
      "estimatedSeconds": 4.2,
      "reasoning": "场景还原，直接对观众发问，形成警示，字数19，预估4.2秒。情绪达到峰值，叙事角色为举例，视觉聚焦踩雷瞬间。与前文华为描述形成强信号转换。"
    }
  ]
}
-------------------------------------------------------------------------------------------

======================================== REQUEST ========================================
time: 2026-05-24 13:53:01
provider: deepseek
model: deepseek-v4-pro
retries: 3

[PROMPT]
你是动画模板选型专家。根据 **2A 分镜**产出的 items 元数据，为本场景的每个镜头选定最佳 `template`。

## 🎥 视频大背景
- **核心主题**：15万件专利的真相：你每抬一次脚，都可能踩中“地雷”
- **当前场景**：剖析·专利封锁

## 📋 已分镜的 Items（来自 2A，勿改其中字段；仅用于决策）
[
  {
    "text": "把这些手段叠在一起，就是专利丛林。",
    "narrativeRole": "explain",
    "visualFocus": "视觉化的专利丛林概念",
    "emotionTone": "calm",
    "splitSignal": "strong",
    "estimatedSeconds": 2.7,
    "reasoning": "开场定义，总结前文，形成揭示性结论。字数12，预估2.7秒。叙事角色为定义性解释，视觉聚焦概念展示。与后文经济学证明形成从定义到说理的强信号转换。"
  },
  {
    "text": "经济学早就证明：电信、软件这种复杂行业，专利越密，小公司越不敢进场。不是他们不想创新，是他们请不起律师团。",
    "narrativeRole": "explain",
    "visualFocus": "数据图表展示专利密度和小公司困境",
    "emotionTone": "calm",
    "splitSignal": "strong",
    "estimatedSeconds": 8.0,
    "reasoning": "从定义转向经济学说理，叙事角色彻底转换。字数36，预估8.0秒。情绪平稳分析，视觉聚焦经济学数据。与后文华为举例形成强信号转换。"
  },
  {
    "text": "华为在局部技术节点上，织几百上千张重叠的网。",
    "narrativeRole": "example",
    "visualFocus": "华为专利网络示意图",
    "emotionTone": "rising",
    "splitSignal": "strong",
    "estimatedSeconds": 4.4,
    "reasoning": "由说理转入具体企业案例，字数20，预估4.4秒。叙事角色为举例，情绪开始上升。与后文场景还原形成强信号转换，因为从客观描述变为直接对话。"
  },
  {
    "text": "你想做兼容设备？想改一点交互？一脚踩雷。",
    "narrativeRole": "example",
    "visualFocus": "踩雷的瞬间画面或警示标志",
    "emotionTone": "peak",
    "splitSignal": "strong",
    "estimatedSeconds": 4.2,
    "reasoning": "场景还原，直接对观众发问，形成警示，字数19，预估4.2秒。情绪达到峰值，叙事角色为举例，视觉聚焦踩雷瞬间。与前文华为描述形成强信号转换。"
  }
]

## 可用模板（共 23 个：`template` 必须且仅能从中选一个）

BEAT_SEQUENCE, CASE_BREAKDOWN, CAUSE_CHAIN, CENTER_FOCUS, CHAT_BUBBLE, CHECKLIST_REVEAL, COGNITIVE_SHIFT, CONCEPT_CARD, DATA_TABLE, DOS_AND_DONTS, KPI_HERO, MAGNIFYING_GLASS, METHOD_STACK, PANEL_GRID, PEER_INDUCT, PROGRESS_RING, QUOTE_CITATION, SPLIT_COMPARE, STAT_COMPARE, STEP_LIST, TEXT_FOCUS, TIMELINE, TREE_DIAGRAM

选型规则以主提示词中的决策树与自检清单为准；参数结构不在此展开，后续步骤会按 Schema 生成 `param`。

---

## 🎯 选型决策流程

对**每个待输出的 item**，分析text内容，寻找适合表达的画面模板，按以下顺序**自上向下**查找，**命中第一条即停止**。

### 决策树

**Step 1 — 数据型**（`narrativeRole` 为 data，或 `text` 含明确数值/百分比/倍率且强调量化结论）
- 两项指标同框对比（涨跌、前后、A/B）→ `STAT_COMPARE`（须能在口播中合理抽象出两个非负整数含义；若抽象勉强则勿选）
- 单指标完成度/占比结论 → `PROGRESS_RING`
- 单指标大字报（一个核心数）→ `KPI_HERO`

**Step 2 — 对错 / 双方案对立**
- 明确「别这样 vs 要这样」「错误做法 vs 正确做法」→ `DOS_AND_DONTS`
- **双方行为/立场对照**（你方 vs 他方/对方；讲道理 vs 甩链接；分号「；」两侧描述**对立**两方而非单纯并列举例）→ `SPLIT_COMPARE`  
  - 与并列多分点区分：**对仗用双分屏**；**同一论证下多个平级例子**用合并 + `PANEL_GRID`，不要强行 `SPLIT_COMPARE`。

**Step 3 — 结构化多分点 / 清单 / 节拍**
- **2～4 个可独立成画的并列主题**（宫格，每块一图），且**当前 item 的 `text` 里真实展开了多个分点**（非仅总起句）→ `PANEL_GRID`（`panels` 条数须与真实并列分点一致，且不超过 schema `maxItems`）
- **短步骤 / 强清单**（第一步…第二步… 或多条极短分点），无配图诉求 → `STEP_LIST`（**单条仅一个分点**不要用；**「标题 + 长解释」**不要用，见下）
- **同一案例/子话题、单主图讲透**，口播 **4～6 句** 呈「个案现象→常人推论或误判→纠偏（其实/你没看到等）→收束」等**故事化案例弧**，且希望用**阶段轨**随字幕下标推进 → `CASE_BREAKDOWN`（与 `METHOD_STACK` 区分：后者是**方法/观点标题 + 要点解释堆叠**；与 `BEAT_SEQUENCE` 区分：后者**多图**随节拍切换）
- **一个标题式核心（方法/建议/观点/卖点/亮点/结论） + 随后 2～4 句解释展开**（同一 item 内）→ `METHOD_STACK`
- **同一论证、同一镜头内 2～4 段口播节拍递进**（如问→驳→收束；图随分段切换）→ `BEAT_SEQUENCE`
- **因果链 / 机制传导**（因为…所以…导致…；同一 item 内 2～4 环，每环对应一句口播且**各环一图**，**非**年代/时间刻度演进）→ `CAUSE_CHAIN`（与 `TIMELINE` 区分：无「去年/阶段/年代」时间轴语义；与 `METHOD_STACK` 区分：非「一个标题 + 多句解释」）

**Step 4 — 引用 / 术语 / 聚焦强调**
- 名言、著作、研究引用 → `QUOTE_CITATION`
- 首次抛出需要“命名/标签化”的术语、概念、产品名、品牌关键词 → `CONCEPT_CARD`
- **需要把观众注意力“锁定在一个关键词/短语/关键细节/核心发现”上**，且你能预期后续可为分段 `content` 配置 **至少 1 个高价值锚点短语** → `MAGNIFYING_GLASS`；**拿不准则不要选**（后续参数阶段需非空 `anchors`）  
  - **必要条件（缺一不可）**：该 item 内必须存在 1～2 句“落点句”（如「关键在于 X」「核心卖点是 X」「真正重要的是 X」「结论是 X」「这一点决定了…」），并且其余口播主要是在围绕这个落点解释/展开。  
  - **禁止打包**：不要把“多个机制 + 多个例子 + 多个结论”全部塞进同一个 `MAGNIFYING_GLASS`（这类更适合 `BEAT_SEQUENCE` 分节拍，或拆成多个 item）。  
  - **与合并联动**：若你打算合并相邻条目来做 `MAGNIFYING_GLASS`，除非合并后仍满足合并硬限制（尤其 **≤ 60 字**）且仍只有一个清晰落点，否则禁止为此合并。

**Step 5 — 高情绪 / 金句**
- 「不是…而是…」强对立翻转（纠偏、观点翻转、定位重述均可）→ `COGNITIVE_SHIFT`
- 全片级金句、零图大字冲击 → `TEXT_FOCUS`（`narrativeRole=hook` **单独不足以**选本模板，须语气上真是短促强结论）；参数阶段大屏主文案用非空 `coreSentence`（string[]，每元素一行）；大屏高亮用 `coreSentenceAnchors`（每项 `coreSentenceAnchor` + 可选 `color`，子串须出现在各段 `coreSentence` 按顺序拼接后的全文内），**不要**填 `anchors` / `showFrom`

**Step 6 — 对话 / 发问 / 心声**
- 仅在满足以下 **强信号** 时才选 `CHAT_BUBBLE`（任一命中即可）：  
  - **显式对话格式**：出现 A：B：、多句互相回应、或“我：…/你：…”等对话回合；  
  - **显式弹幕/评论体**：出现“弹幕：/网友：/评论：/有人说：”等角色化心声（而非普通叙述）。  
- **反例（不要误选）**：仅有“你是不是也…”这类单句发问，后面紧跟场景举例/陈述来做开场共鸣时，通常应按 HOOK 处理，优先 `CENTER_FOCUS`（除非确实写成对话回合或弹幕体）。

**Step 7 — 时间轴**
- 有明确时间先后/阶段演进（去年→今年→未来 等）→ `TIMELINE`（2～3 个时间点/阶段）

**Step 7.5 — 收束清单**
- **收束段、行动检查项、要点复诵**：口播逐条对应清单行，需要**逐项显现 + 打勾**的闭环感，且**非**「第一/第二」编号短步骤体、**非**并列大图组 → `CHECKLIST_REVEAL`（与 `STEP_LIST` 区分：后者是步骤序号清单且无打勾语义；勿为用模板而碎镜）

**Step 8 — 默认**
- 平缓叙述、单图即可、无上述结构 → `CENTER_FOCUS`

---

## 🚨 选型避坑与自检清单（输出 JSON 前须过一遍）

1. **`CENTER_FOCUS` 禁令**：禁止「能合并却拆碎」后全选 `CENTER_FOCUS`。同一 scene 内**连续 2 个及以上** `CENTER_FOCUS`
2. **全场景 `CENTER_FOCUS` 比例**：若超过约 **60%**，视为异常，须重新检查是否遗漏结构化语义。
3. **`PANEL_GRID`**：口播里**真实并列分点/并列举例**的数量须与后续 param 的 **`panels` 条数**一致（**2～4 项**，且不超过 schema `maxItems`）。**禁止**把同一句内的多处逗号停顿误当成多个并列主体；**禁止**按「一行字幕 = 一宫格」设想（`content` 行数通常多于 `panels`）。每项 `showFrom` 须指向该分点对应的 **content 下标**，且规划上须**覆盖到该 item 口播最后一句**。总起句+后续分点应依赖 **Item 合并** 后再选。
4. **`STEP_LIST` 滥用**：单分点、「标题+长解释」须用 `METHOD_STACK` 或改分镜合并；全 scene 单分点 `STEP_LIST` 过多须重审 Step 3。
5. **`SPLIT_COMPARE` vs 并列举例**：把“同一观点下的多个平级例子/场景罗列”（如通勤/开会/健身等）误当成双方对立，是最常见误选；这类通常优先 `CENTER_FOCUS`（开场共鸣）或在确需并列展示时选 `PANEL_GRID`，不要强行 `SPLIT_COMPARE`。
6. **`MAGNIFYING_GLASS`**：没有明确“落点句/关键词/关键细节”就不要选；选则须在 `reasoning` 中说明锚点从哪句/哪类信息提取，并且必须存在清晰落点；禁止用它打包多个机制/多个例子/多个结论。
7. **相邻 `BEAT_SEQUENCE`**：考虑在选型阶段合并为一个 item（仍需满足合并硬限制，尤其字数 ≤ 60）。

---

## 📋 输出格式（严格 JSON，禁止包含 markdown 代码块）
{
  "items": [
    {
      "narrativeType": "HOOK | LOGIC | CASE | DATA | CONCLUSION | TRANSITION",
      "reasoning": "决策树：Step___ -> ...；自检：...",
      "template": "选定的模板名称（必须来自「可用模板」列表）",
      "text": "口播原文"
    }
  ]
}

===========================================================================================
---------------------------------------- RESPONSE ----------------------------------------
time: 2026-05-24 13:53:43
attempt: 1/3

[OUTPUT]
{
  "items": [
    {
      "narrativeType": "LOGIC",
      "reasoning": "决策树：Step 4 — 首次抛出需要命名/标签化的术语“专利丛林”，应用 CONCEPT_CARD；自检：无 CENTER_FOCUS 连续问题，比例可控。",
      "template": "CONCEPT_CARD",
      "text": "把这些手段叠在一起，就是专利丛林。"
    },
    {
      "narrativeType": "LOGIC",
      "reasoning": "决策树：Step 5 — 存在“不是…而是…”强对立翻转（不是不想创新，是请不起律师团），选 COGNITIVE_SHIFT；自检：符合条件，且未误用 SPLIT_COMPARE。",
      "template": "COGNITIVE_SHIFT",
      "text": "经济学早就证明：电信、软件这种复杂行业，专利越密，小公司越不敢进场。不是他们不想创新，是他们请不起律师团。"
    },
    {
      "narrativeType": "CASE",
      "reasoning": "决策树：未命中前序步骤，平缓叙述，单图即可展示华为专利网络，选 CENTER_FOCUS；自检：未连续超过 2 个 CENTER_FOCUS，整体比例不超 60%。",
      "template": "CENTER_FOCUS",
      "text": "华为在局部技术节点上，织几百上千张重叠的网。"
    },
    {
      "narrativeType": "CASE",
      "reasoning": "决策树：Step 8 默认 — 高潮发问+结论，无结构化语义，选 CENTER_FOCUS；自检：与上一 item 同为 CENTER_FOCUS，连续 2 个，仍在安全阈值内。",
      "template": "CENTER_FOCUS",
      "text": "你想做兼容设备？想改一点交互？一脚踩雷。"
    }
  ]
}
-------------------------------------------------------------------------------------------

======================================== REQUEST ========================================
time: 2026-05-24 13:53:43
provider: deepseek
model: deepseek-v4-pro
retries: 3

[PROMPT]
你是「镜头分镜 + 动画模板选型」联合优化器。你的任务是在**不改写口播原文**的前提下，把场景原文切成更“原子化”的镜头item，并为每个镜头选择最合适的 `template`。

## 🎥 视频大背景
- **核心主题**：15万件专利的真相：你每抬一次脚，都可能踩中“地雷”
- **当前场景**：反转·屠龙变恶龙

## 📄 场景原文（严禁修改、严禁漏字、严禁补字）
最后说最让人心寒的反转。

2013 年，华为还是受害者。
美国公司 IDC，
拿标准专利漫天要价，
还强行搭售。
华为告它反垄断，告赢了。
那时它是屠龙少年。

今天呢？
它手里攥着十六万件专利。
也开始用专利池，
向产业链收过路费。
芯片厂要谈。
路由器厂要谈。
整机厂也要谈。

它曾经恨过的那套玩法，
现在用得比谁都熟。

---

## 可用模板（共 23 个：`template` 必须且仅能从中选一个）

BEAT_SEQUENCE, CASE_BREAKDOWN, CAUSE_CHAIN, CENTER_FOCUS, CHAT_BUBBLE, CHECKLIST_REVEAL, COGNITIVE_SHIFT, CONCEPT_CARD, DATA_TABLE, DOS_AND_DONTS, KPI_HERO, MAGNIFYING_GLASS, METHOD_STACK, PANEL_GRID, PEER_INDUCT, PROGRESS_RING, QUOTE_CITATION, SPLIT_COMPARE, STAT_COMPARE, STEP_LIST, TEXT_FOCUS, TIMELINE, TREE_DIAGRAM

选型规则以主提示词中的决策树与自检清单为准；参数结构不在此展开，后续步骤会按 Schema 生成 `param`。

---

## 🎯 总目标（必须同时满足）
1. **逐字一致**：每个 item 的 `text` 必须是原文的连续子串；所有 item 的 `text` 按顺序拼接后必须与原文完全一致（允许忽略空白差异，但不能改变任何非空白字符）。
2. **覆盖完整**：原文中每一个字符都必须且只能落在一个 item 里（不重叠、不遗漏）。
3. **表达原子化**：**一个 item 只允许一个主表达结构**（对比/命名/步骤/引用/数据/节拍递进/金句冲击/平铺叙述）。若同一段里混了两种结构，必须拆成多个 item。
4. **长度合理**：为了避免视觉疲劳，一个item中的text拼接后如果长于 50 字应该拆分成多个item。
5. 模板是为了更好的表达item中的text

---

## ✂️ 分镜原则

### Phase 1：时长锚点（量化判断基准）
- 正常语速约 **4~5 字/秒**，单个镜头的理想口播时长：**3~8 秒（约 12~40 字）**
- ⚠️ **< 12 字**的分段：除非是独立金句，否则**必须合并**到相邻镜头
- ⚠️ **> 50 字**的分段：意味着画面停留太久，观众注意力衰减，建议拆分，但拆分点本身仍需有叙事依据
- 在 `estimatedSeconds` 字段中标注预估秒数（字数 ÷ 4.5，保留一位小数）
- 除非模板使用TextFocus，否则不允许content中只有一个Text的情况

### Phase 2：切分信号强度模型
按叙事信号强度决定是否新建镜头，**而非按标点机械切分**：

**🔴 强信号（应新建镜头）**：
- 叙事角色彻底转换：说理/定义 → 举例/场景还原
- 叙事角色彻底转换：铺垫/铺陈 → 行动号召/结论
- 情绪段位跳变：平静分析 → 震惊转折 → 收束共情
- 视觉主体完全更换：讨论 A 话题 → 转到独立的 B 话题

**🟡 中等信号（倾向合并，但单段超过 40 字时可拆）**：
- 同一论点下的多个分点（第一、第二、第三……）
- 同一比喻的铺垫与揭示
- 同一因果链的前提与结论

**🟢 弱信号（严禁作为切分依据）**：
- 普通逗号、顿号、冒号后的补充说明
- 同一句话的前后半段
- "而且""此外""所以"等常见连接词（需配合叙事角色判断）

### Phase 3：合并检查
拆完后对所有 items 做全局合并检查：
- 相邻两个 items 若切分信号为"弱"且合并后总字数不超过 45 字 → **强制合并**
- 相邻两个 items 若叙事角色完全相同、画面视觉重心也相同 → **强制合并**

## 🧭 结构识别 → 模板选型（从上到下命中第一条）

### A. 数据/量化结论（expressionTag=data）
- 两项指标同框对比（涨跌、前后、A/B）→ `STAT_COMPARE`（必须能抽象出两个非负整数）
- 单指标完成度/占比/达成率 → `PROGRESS_RING`
- 单个核心数值/排名/增长率强调 → `KPI_HERO`

### B. 对错/强导向（expressionTag=contrast）
- 明确“别这样/要这样”“错误/正确” → `DOS_AND_DONTS`
- “不是…而是…” → `COGNITIVE_SHIFT`

### C. 多分点/清单/步骤（expressionTag=list|steps|method）
- 两方/两方案并列（更中立的 A vs B）→ `SPLIT_COMPARE`
- 当前 item 原文明确展开 **2～4** 个并列分点/并列例子，且每点需独立配图（宫格）→ `PANEL_GRID`
- 明确步骤序列/短清单，且【同一 item 内】可抽取出 2～6 条“短步骤”（如同时出现“第一/第二/第三…”或“1)/2)/3)”），并且每条步骤建议 ≤10 字、无长解释句 → `STEP_LIST`
  - 反例：只有“第一/第二”这一个标题句（单条）不要选 `STEP_LIST`（至少需要 2 条）
  - 反例：每条方法/步骤后面还跟较长解释、追问或补充句（例如任一解释段 >30 字）→ 不适合 `STEP_LIST`，应拆分 item，并优先用 `METHOD_STACK`（标题式核心 + 解释展开）或 `CENTER_FOCUS`
- “一个标题式核心（方法/建议/观点/卖点/亮点/推荐理由）+ 2～4 句解释展开” → `METHOD_STACK`
- 同一**案例/子话题**、**单主图**，口播 **4～6 句** 呈「个案→误判/推论→纠偏→收束」叙事弧 → `CASE_BREAKDOWN`（非「第一/第二」方法清单、非多图节拍时用本模板；方法要点式仍用 `METHOD_STACK`）

### D. 节拍递进（expressionTag=beat）
- 同一镜头内 2～4 段口播节拍递进（问→驳→收束；铺垫→转折→结论），希望画面跟着分段变化 → `BEAT_SEQUENCE`
  - **提示**：如果递进里还夹杂“强对照/命名”，通常应拆成多个 item，不要硬塞一个 `BEAT_SEQUENCE`。
- 同一镜头内 **因果链 / 机制传导**（因→果→再果，每环一图，无时间轴刻度）→ `CAUSE_CHAIN`

### E. 引用/命名/聚焦（expressionTag=quote|concept|focus）
- 名言、著作、研究、媒体引用、用户评价、证言摘录 → `QUOTE_CITATION`
- 对“专业术语、概念、产品名、品牌关键词、功能名等”新名词进行解释→ `CONCEPT_CARD`
- 需要把注意力锁定到一个关键词/短语/关键细节/核心发现上 → `MAGNIFYING_GLASS`
  - 必须存在明确落点句（如“关键在于…”“核心是…”“结论是…”）
  - 需要后续可提取 1～2 个高价值锚点短语（否则不要选）

### F. 金句冲击（expressionTag=focus）
- 全片级短促强结论、无需配图 → `TEXT_FOCUS`

### G. 时间轴，先后关系（expressionTag=timeline）
- 明确时间先后/阶段演进（过去→现在→未来）→ `TIMELINE`

### G2. 收束清单（expressionTag≈conclusion|list）
- 收束、行动检查项、要点复诵，需要**逐项打勾显现**（非编号短步骤、非并列大图组）→ `CHECKLIST_REVEAL`

### H. 默认（expressionTag=neutral）
- 平缓叙述、单图即可、无上述结构 → `CENTER_FOCUS`

---

## ✅ 输出格式（严格 JSON，禁止包含 markdown 代码块）
{
  "items": [
    {
      "text": "逐字口播片段（必须来自原文，且拼接后覆盖原文）",
      "narrativeType": "HOOK | LOGIC | CASE | DATA | CONCLUSION | TRANSITION",
      "template": "必须来自可用模板列表",
      "expressionTag": "data | contrast | list | steps | method | beat | quote | concept | focus | timeline | neutral",
      "confidence": "low | medium | high",
      "reasoning": "一句话说明：该段的主表达结构是什么 → 为什么选该模板 → 若拆分/合并，理由是什么"
    }
  ]
}

===========================================================================================
---------------------------------------- RESPONSE ----------------------------------------
time: 2026-05-24 13:55:27
attempt: 1/3

[OUTPUT]
{
  "items": [
    {
      "text": "最后说最让人心寒的反转。2013 年，华为还是受害者。",
      "narrativeType": "TRANSITION",
      "template": "CENTER_FOCUS",
      "expressionTag": "neutral",
      "confidence": "high",
      "reasoning": "过渡句+背景引入，单一平缓叙事，无强烈结构，用 CENTER_FOCUS 保持中性过渡。短句与后续背景合并后满足长度要求。",
      "estimatedSeconds": 5.1
    },
    {
      "text": "美国公司 IDC，拿标准专利漫天要价，还强行搭售。华为告它反垄断，告赢了。那时它是屠龙少年。",
      "narrativeType": "CASE",
      "template": "BEAT_SEQUENCE",
      "expressionTag": "beat",
      "confidence": "high",
      "reasoning": "节拍递进：IDC 施压 → 华为反击获胜 → 身份评价，递进鲜明，适合用 BEAT_SEQUENCE 分三段展现因果演变。",
      "estimatedSeconds": 7.1
    },
    {
      "text": "今天呢？它手里攥着十六万件专利。也开始用专利池，向产业链收过路费。",
      "narrativeType": "LOGIC",
      "template": "BEAT_SEQUENCE",
      "expressionTag": "beat",
      "confidence": "high",
      "reasoning": "转折问句 + 现状揭示 + 行为延伸，构成递进关系，用 BEAT_SEQUENCE 将问、答、进一步三个节拍差异化呈现。",
      "estimatedSeconds": 6.0
    },
    {
      "text": "芯片厂要谈。路由器厂要谈。整机厂也要谈。",
      "narrativeType": "CASE",
      "template": "PANEL_GRID",
      "expressionTag": "list",
      "confidence": "high",
      "reasoning": "三个并列的例子，每点需独立配图展示收过路费的范围，适合 PANEL_GRID 宫格呈现。",
      "estimatedSeconds": 4.4
    },
    {
      "text": "它曾经恨过的那套玩法，现在用得比谁都熟。",
      "narrativeType": "CONCLUSION",
      "template": "SPLIT_COMPARE",
      "expressionTag": "contrast",
      "confidence": "high",
      "reasoning": "强对照：过去恨的玩法 vs 现在用得熟，用 SPLIT_COMPARE 分屏对比凸显屠龙变恶龙的反转。",
      "estimatedSeconds": 4.4
    }
  ]
}
-------------------------------------------------------------------------------------------

======================================== REQUEST ========================================
time: 2026-05-24 13:55:27
provider: deepseek
model: deepseek-v4-pro
retries: 3

[PROMPT]
你是「镜头分镜 + 动画模板选型」联合优化器。你的任务是在**不改写口播原文**的前提下，把场景原文切成更“原子化”的镜头item，并为每个镜头选择最合适的 `template`。

## 🎥 视频大背景
- **核心主题**：15万件专利的真相：你每抬一次脚，都可能踩中“地雷”
- **当前场景**：召唤·护创新还是护垄断

## 📄 场景原文（严禁修改、严禁漏字、严禁补字）
专利制度的本意，
是保护真正的发明，
让后来者能站在巨人肩上。

可当巨头把 KPI当信仰，
把分案当时光机，
把马桶当政绩，
把标准池当注水战场。

受伤的是谁？
是你多付的专利许可，

是那些被吓退的小团队。

是整个社会多出来的合规成本。

我们可以尊重华为在通信工程上的真贡献。
但必须拒绝把“专利数量”当成“技术良心”。

剥掉泡沫之后，
该问的不是谁专利多。
而是——
这些专利，到底是在护创新，
还是在护垄断？

## 可用模板（共 23 个：`template` 必须且仅能从中选一个）

BEAT_SEQUENCE, CASE_BREAKDOWN, CAUSE_CHAIN, CENTER_FOCUS, CHAT_BUBBLE, CHECKLIST_REVEAL, COGNITIVE_SHIFT, CONCEPT_CARD, DATA_TABLE, DOS_AND_DONTS, KPI_HERO, MAGNIFYING_GLASS, METHOD_STACK, PANEL_GRID, PEER_INDUCT, PROGRESS_RING, QUOTE_CITATION, SPLIT_COMPARE, STAT_COMPARE, STEP_LIST, TEXT_FOCUS, TIMELINE, TREE_DIAGRAM

选型规则以主提示词中的决策树与自检清单为准；参数结构不在此展开，后续步骤会按 Schema 生成 `param`。

---

## 🎯 总目标（必须同时满足）
1. **逐字一致**：每个 item 的 `text` 必须是原文的连续子串；所有 item 的 `text` 按顺序拼接后必须与原文完全一致（允许忽略空白差异，但不能改变任何非空白字符）。
2. **覆盖完整**：原文中每一个字符都必须且只能落在一个 item 里（不重叠、不遗漏）。
3. **表达原子化**：**一个 item 只允许一个主表达结构**（对比/命名/步骤/引用/数据/节拍递进/金句冲击/平铺叙述）。若同一段里混了两种结构，必须拆成多个 item。
4. **长度合理**：为了避免视觉疲劳，一个item中的text拼接后如果长于 50 字应该拆分成多个item。
5. 模板是为了更好的表达item中的text

---

## ✂️ 分镜原则

### Phase 1：时长锚点（量化判断基准）
- 正常语速约 **4~5 字/秒**，单个镜头的理想口播时长：**3~8 秒（约 12~40 字）**
- ⚠️ **< 12 字**的分段：除非是独立金句，否则**必须合并**到相邻镜头
- ⚠️ **> 50 字**的分段：意味着画面停留太久，观众注意力衰减，建议拆分，但拆分点本身仍需有叙事依据
- 在 `estimatedSeconds` 字段中标注预估秒数（字数 ÷ 4.5，保留一位小数）
- 除非模板使用TextFocus，否则不允许content中只有一个Text的情况

### Phase 2：切分信号强度模型
按叙事信号强度决定是否新建镜头，**而非按标点机械切分**：

**🔴 强信号（应新建镜头）**：
- 叙事角色彻底转换：说理/定义 → 举例/场景还原
- 叙事角色彻底转换：铺垫/铺陈 → 行动号召/结论
- 情绪段位跳变：平静分析 → 震惊转折 → 收束共情
- 视觉主体完全更换：讨论 A 话题 → 转到独立的 B 话题

**🟡 中等信号（倾向合并，但单段超过 40 字时可拆）**：
- 同一论点下的多个分点（第一、第二、第三……）
- 同一比喻的铺垫与揭示
- 同一因果链的前提与结论

**🟢 弱信号（严禁作为切分依据）**：
- 普通逗号、顿号、冒号后的补充说明
- 同一句话的前后半段
- "而且""此外""所以"等常见连接词（需配合叙事角色判断）

### Phase 3：合并检查
拆完后对所有 items 做全局合并检查：
- 相邻两个 items 若切分信号为"弱"且合并后总字数不超过 45 字 → **强制合并**
- 相邻两个 items 若叙事角色完全相同、画面视觉重心也相同 → **强制合并**

## 🧭 结构识别 → 模板选型（从上到下命中第一条）

### A. 数据/量化结论（expressionTag=data）
- 两项指标同框对比（涨跌、前后、A/B）→ `STAT_COMPARE`（必须能抽象出两个非负整数）
- 单指标完成度/占比/达成率 → `PROGRESS_RING`
- 单个核心数值/排名/增长率强调 → `KPI_HERO`

### B. 对错/强导向（expressionTag=contrast）
- 明确“别这样/要这样”“错误/正确” → `DOS_AND_DONTS`
- “不是…而是…” → `COGNITIVE_SHIFT`

### C. 多分点/清单/步骤（expressionTag=list|steps|method）
- 两方/两方案并列（更中立的 A vs B）→ `SPLIT_COMPARE`
- 当前 item 原文明确展开 **2～4** 个并列分点/并列例子，且每点需独立配图（宫格）→ `PANEL_GRID`
- 明确步骤序列/短清单，且【同一 item 内】可抽取出 2～6 条“短步骤”（如同时出现“第一/第二/第三…”或“1)/2)/3)”），并且每条步骤建议 ≤10 字、无长解释句 → `STEP_LIST`
  - 反例：只有“第一/第二”这一个标题句（单条）不要选 `STEP_LIST`（至少需要 2 条）
  - 反例：每条方法/步骤后面还跟较长解释、追问或补充句（例如任一解释段 >30 字）→ 不适合 `STEP_LIST`，应拆分 item，并优先用 `METHOD_STACK`（标题式核心 + 解释展开）或 `CENTER_FOCUS`
- “一个标题式核心（方法/建议/观点/卖点/亮点/推荐理由）+ 2～4 句解释展开” → `METHOD_STACK`
- 同一**案例/子话题**、**单主图**，口播 **4～6 句** 呈「个案→误判/推论→纠偏→收束」叙事弧 → `CASE_BREAKDOWN`（非「第一/第二」方法清单、非多图节拍时用本模板；方法要点式仍用 `METHOD_STACK`）

### D. 节拍递进（expressionTag=beat）
- 同一镜头内 2～4 段口播节拍递进（问→驳→收束；铺垫→转折→结论），希望画面跟着分段变化 → `BEAT_SEQUENCE`
  - **提示**：如果递进里还夹杂“强对照/命名”，通常应拆成多个 item，不要硬塞一个 `BEAT_SEQUENCE`。
- 同一镜头内 **因果链 / 机制传导**（因→果→再果，每环一图，无时间轴刻度）→ `CAUSE_CHAIN`

### E. 引用/命名/聚焦（expressionTag=quote|concept|focus）
- 名言、著作、研究、媒体引用、用户评价、证言摘录 → `QUOTE_CITATION`
- 对“专业术语、概念、产品名、品牌关键词、功能名等”新名词进行解释→ `CONCEPT_CARD`
- 需要把注意力锁定到一个关键词/短语/关键细节/核心发现上 → `MAGNIFYING_GLASS`
  - 必须存在明确落点句（如“关键在于…”“核心是…”“结论是…”）
  - 需要后续可提取 1～2 个高价值锚点短语（否则不要选）

### F. 金句冲击（expressionTag=focus）
- 全片级短促强结论、无需配图 → `TEXT_FOCUS`

### G. 时间轴，先后关系（expressionTag=timeline）
- 明确时间先后/阶段演进（过去→现在→未来）→ `TIMELINE`

### G2. 收束清单（expressionTag≈conclusion|list）
- 收束、行动检查项、要点复诵，需要**逐项打勾显现**（非编号短步骤、非并列大图组）→ `CHECKLIST_REVEAL`

### H. 默认（expressionTag=neutral）
- 平缓叙述、单图即可、无上述结构 → `CENTER_FOCUS`

---

## ✅ 输出格式（严格 JSON，禁止包含 markdown 代码块）
{
  "items": [
    {
      "text": "逐字口播片段（必须来自原文，且拼接后覆盖原文）",
      "narrativeType": "HOOK | LOGIC | CASE | DATA | CONCLUSION | TRANSITION",
      "template": "必须来自可用模板列表",
      "expressionTag": "data | contrast | list | steps | method | beat | quote | concept | focus | timeline | neutral",
      "confidence": "low | medium | high",
      "reasoning": "一句话说明：该段的主表达结构是什么 → 为什么选该模板 → 若拆分/合并，理由是什么"
    }
  ]
}

===========================================================================================
---------------------------------------- RESPONSE ----------------------------------------
time: 2026-05-24 13:57:16
attempt: 1/3

[OUTPUT]
{
  "items": [
    {
      "text": "专利制度的本意，\n是保护真正的发明，\n让后来者能站在巨人肩上。",
      "narrativeType": "LOGIC",
      "template": "CONCEPT_CARD",
      "expressionTag": "concept",
      "confidence": "high",
      "reasoning": "对“专利制度的本意”这一概念进行解释，适合概念卡片模板。"
    },
    {
      "text": "\n\n可当巨头把 KPI当信仰，\n把分案当时光机，\n把马桶当政绩，\n把标准池当注水战场。",
      "narrativeType": "CASE",
      "template": "PANEL_GRID",
      "expressionTag": "list",
      "confidence": "high",
      "reasoning": "并列四个讽刺比喻，每个‘把A当B’可独立配图，适合宫格展示。"
    },
    {
      "text": "\n\n受伤的是谁？\n是你多付的专利许可，\n\n是那些被吓退的小团队。\n\n是整个社会多出来的合规成本。",
      "narrativeType": "CASE",
      "template": "PANEL_GRID",
      "expressionTag": "list",
      "confidence": "high",
      "reasoning": "提问后列出三个受伤方，可分别用宫格配图。"
    },
    {
      "text": "\n\n我们可以尊重华为在通信工程上的真贡献。\n但必须拒绝把“专利数量”当成“技术良心”。",
      "narrativeType": "LOGIC",
      "template": "COGNITIVE_SHIFT",
      "expressionTag": "contrast",
      "confidence": "high",
      "reasoning": "通过‘可以…但必须拒绝…’形成认知转变对比，适合认知转变模板。"
    },
    {
      "text": "\n\n剥掉泡沫之后，\n该问的不是谁专利多。\n而是——\n这些专利，到底是在护创新，\n还是在护垄断？",
      "narrativeType": "CONCLUSION",
      "template": "COGNITIVE_SHIFT",
      "expressionTag": "contrast",
      "confidence": "high",
      "reasoning": "用‘不是…而是…’对比提问，适合认知转变模板。"
    }
  ]
}
-------------------------------------------------------------------------------------------

======================================== REQUEST ========================================
time: 2026-05-24 13:57:16
provider: deepseek
model: deepseek-v4-pro
retries: 3

[PROMPT]
你是短视频字幕与画面细节处理专家。请把指定台词细化为字模显示参数。


## 完整段落上下文（仅供理解整体语境，判断当前句子的重要性）
华为拥有全球专利数量超过15万件。
全球第一。
每年光收许可费，就六亿多美元。

你听到这些数字，第一反应是什么？
厉害？
民族骄傲？

我今天要告诉你另一件事。
这里面，有相当大一块，
不是技术，
是法律地雷。
名字就叫——专利丛林。

什么叫专利丛林？
打个比方。
你住的小区，本来一条路就能回家。
突然有人宣布：
你左脚踩的这块砖，归我。
你右脚踩的那块砖，也归我。
门槛三步，每一步都要交钱。
你不交？
告你侵权。

更恶心的是，
他们根本不想修路。
他们只想让你走不了。

---


## 🎯 待处理的目标文案
华为拥有全球专利数量超过15万件。

## 目标文案content的数组结构
生成模板参数时，format为content_index的字段依据此数组选择匹配的索引，用于决定相应内容出现在动画中的时机

[
  {
    "index": 0,
    "text": "华为拥有全球专利数量超过15万件。"
  }
]


## 选定模板及参数规范

模板名称：KPI_HERO

参数 Schema 说明：

{
  "type": "object",
  "properties": {
    "value": {
      "type": "number",
      "description": "单指标模式：滚动终值（整数或小数）；若提供 blocks 则可省略"
    },
    "prefix": {
      "type": "string",
      "description": "单指标：数字左侧"
    },
    "suffix": {
      "type": "string",
      "description": "单指标：数字右侧单位"
    },
    "label": {
      "type": "string",
      "description": "单指标：数字上方标签（与 blocks[].label 同视觉层级）"
    },
    "useGrouping": {
      "type": "boolean",
      "description": "单指标：千分位（小数时作用于整数部分）"
    },
    "decimalPlaces": {
      "type": "integer",
      "description": "单指标：小数位数，缺省按 value 自动推断"
    },
    "blocks": {
      "type": "array",
      "minItems": 1,
      "maxItems": 4,
      "description": "多指标：每项 value、showFrom（content 下标）；可选 prefix、suffix、label、useGrouping",
      "items": {
        "type": "object",
        "required": [
          "value",
          "showFrom"
        ],
        "properties": {
          "value": {
            "type": "number",
            "description": "终值，整数或小数（如 2.5 万人）"
          },
          "decimalPlaces": {
            "type": "integer",
            "description": "小数位数，缺省按 value 自动推断（如 2.5→1）"
          },
          "showFrom": {
            "type": "integer",
            "format": "content_index",
            "description": "该块出现时机：content 下标，取该条 startFrame"
          },
          "prefix": {
            "type": "string"
          },
          "suffix": {
            "type": "string"
          },
          "label": {
            "type": "string",
            "description": "数字上方标签（多列时字号已加大）"
          },
          "useGrouping": {
            "type": "boolean"
          }
        }
      }
    },
    "countDuration": {
      "type": "integer",
      "description": "数字从 0 滚到目标值的 spring 时长（帧），默认 28"
    }
  },
  "required": []
}


模板该项的示例供参考：

{
  "template": "KPI_HERO",
  "param": {
    "blocks": [
      {
        "value": 87,
        "suffix": "%",
        "label": "满意度",
        "showFrom": 0
      },
      {
        "value": 62,
        "suffix": "%",
        "label": "留存",
        "showFrom": 1
      }
    ]
  }
}


注意：如果该模板生成的参数包含图片视觉描述（如 imageSrc / leftSrc / rightSrc 等等），请只描述纯视觉场景与动作，绝不要包含任何文字、标语或注音。


## 其他通用说明
1. 锚点（Anchor）— 克制与高价值（适用于 SCHEMA 或上文允许出现锚点/高亮时）：
   - 多数句子应**无锚点**；拿不准就留空或 `[]`，避免满屏高亮。
   - 如果一定需要锚点，只选**整段里真正的高潮、反转或核心名词**（宜 2～4 字、有记忆点）；平庸词、铺垫句不要做成锚点。
   - 颜色建议：`#EF4444`（警示/反转/负面/结论）、`#000000`（事实/术语/数据）。动画 `anim`：`spring` | `slideUp` | `popIn` | `highlight`。
   - 音效可选(仅写在锚点对象上的 `audioEffect`)：`impact_thud` | `ping` | `woosh`

2. 视觉标题与字幕分离（仅当 SCHEMA 要求 `notText` / `butText` / `conceptName`、或 DOS_AND_DONTS 的 `left.label` / `right.label` 等时）：

   - 填**极简关键词（约 2～6 字）**，禁止把整句台词搬进标题字段。



## 输出格式（严格 JSON，不要 markdown 代码块）
补全当前模板的param,非数组：
{ "param": { ... } }

===========================================================================================
---------------------------------------- RESPONSE ----------------------------------------
time: 2026-05-24 13:57:32
attempt: 1/3

[OUTPUT]
{"param": {"blocks": [{"value": 150000, "suffix": "件", "label": "全球专利数量", "showFrom": 0, "useGrouping": true}], "countDuration": 28}}
-------------------------------------------------------------------------------------------

======================================== REQUEST ========================================
time: 2026-05-24 13:57:32
provider: deepseek
model: deepseek-v4-pro
retries: 3

[PROMPT]
你是短视频字幕与画面细节处理专家。请把指定台词细化为字模显示参数。


## 完整段落上下文（仅供理解整体语境，判断当前句子的重要性）
华为拥有全球专利数量超过15万件。
全球第一。
每年光收许可费，就六亿多美元。

你听到这些数字，第一反应是什么？
厉害？
民族骄傲？

我今天要告诉你另一件事。
这里面，有相当大一块，
不是技术，
是法律地雷。
名字就叫——专利丛林。

什么叫专利丛林？
打个比方。
你住的小区，本来一条路就能回家。
突然有人宣布：
你左脚踩的这块砖，归我。
你右脚踩的那块砖，也归我。
门槛三步，每一步都要交钱。
你不交？
告你侵权。

更恶心的是，
他们根本不想修路。
他们只想让你走不了。

---


## 🎯 待处理的目标文案
全球第一。

## 目标文案content的数组结构
生成模板参数时，format为content_index的字段依据此数组选择匹配的索引，用于决定相应内容出现在动画中的时机

[
  {
    "index": 0,
    "text": "全球第一。"
  }
]


## 选定模板及参数规范

模板名称：TEXT_FOCUS

参数 Schema 说明：

{
  "type": "object",
  "properties": {
    "coreSentence": {
      "type": "array",
      "minItems": 1,
      "description": "大屏核心文案，每元素一行：可为 string，或 { text, showFrom, endFrom? }；showFrom/endFrom 为 content 下标（0-based），非帧数：在该条 startFrame 显现；可选 endFrom 表示在该条播完（startFrame+durationFrames）后起淡出。纯 string 等价于 showFrom=0、无 endFrom。锚点校验时各段 text 按顺序直接拼接（无分隔符）。",
      "items": {
        "oneOf": [
          {
            "type": "string"
          },
          {
            "type": "object",
            "required": [
              "text",
              "showFrom"
            ],
            "properties": {
              "text": {
                "type": "string",
                "description": "该行大屏文案"
              },
              "showFrom": {
                "type": "integer",
                "format": "content_index",
                "description": "content 下标（0-based），非帧数"
              },
              "endFrom": {
                "type": "integer",
                "format": "content_index",
                "description": "可选；content 下标（0-based），非帧数；该行在对应条字幕结束帧（startFrame+durationFrames）起淡出"
              }
            }
          }
        ]
      }
    },
    "coreSentenceAnchors": {
      "type": "array",
      "description": "可选；在 coreSentence 各段拼接后的全文内按顺序高亮子串。每项 coreSentenceAnchor 须为该拼接串的子串，否则会被校验丢弃",
      "items": {
        "type": "object",
        "required": [
          "coreSentenceAnchor"
        ],
        "properties": {
          "coreSentenceAnchor": {
            "type": "string",
            "description": "要高亮的子串，须出现在各 coreSentence 段拼接后的全文内"
          },
          "color": {
            "type": "string",
            "description": "高亮颜色，省略时默认强调色"
          }
        }
      }
    }
  },
  "required": [
    "coreSentence"
  ]
}

// 口播条数（已由程序写入 CONTENT_STR，勿在 param 中输出 content）：口播分句至多 3 条（超出会被校验器告警）


模板该项的示例供参考：

{
  "template": "TEXT_FOCUS",
  "param": {
    "coreSentence": [
      {
        "text": "承认自己“可能错了”并不是一种软弱",
        "showFrom": 0,
        "endFrom": 0
      },
      {
        "text": "而是成长的开始",
        "showFrom": 1,
        "endFrom": 1
      }
    ],
    "coreSentenceAnchors": [
      {
        "coreSentenceAnchor": "可能错了",
        "color": "red"
      }
    ]
  }
}


注意：如果该模板生成的参数包含图片视觉描述（如 imageSrc / leftSrc / rightSrc 等等），请只描述纯视觉场景与动作，绝不要包含任何文字、标语或注音。


## 其他通用说明
1. 锚点（Anchor）— 克制与高价值（适用于 SCHEMA 或上文允许出现锚点/高亮时）：
   - 多数句子应**无锚点**；拿不准就留空或 `[]`，避免满屏高亮。
   - 如果一定需要锚点，只选**整段里真正的高潮、反转或核心名词**（宜 2～4 字、有记忆点）；平庸词、铺垫句不要做成锚点。
   - 颜色建议：`#EF4444`（警示/反转/负面/结论）、`#000000`（事实/术语/数据）。动画 `anim`：`spring` | `slideUp` | `popIn` | `highlight`。
   - 音效可选(仅写在锚点对象上的 `audioEffect`)：`impact_thud` | `ping` | `woosh`

2. 视觉标题与字幕分离（仅当 SCHEMA 要求 `notText` / `butText` / `conceptName`、或 DOS_AND_DONTS 的 `left.label` / `right.label` 等时）：

   - 填**极简关键词（约 2～6 字）**，禁止把整句台词搬进标题字段。



## 输出格式（严格 JSON，不要 markdown 代码块）
补全当前模板的param,非数组：
{ "param": { ... } }

===========================================================================================
---------------------------------------- RESPONSE ----------------------------------------
time: 2026-05-24 13:57:42
attempt: 1/3

[OUTPUT]
{
  "param": {
    "coreSentence": [
      {
        "text": "全球第一。",
        "showFrom": 0
      }
    ]
  }
}
-------------------------------------------------------------------------------------------

======================================== REQUEST ========================================
time: 2026-05-24 13:57:42
provider: deepseek
model: deepseek-v4-pro
retries: 3

[PROMPT]
你是短视频字幕与画面细节处理专家。请把指定台词细化为字模显示参数。


## 完整段落上下文（仅供理解整体语境，判断当前句子的重要性）
华为拥有全球专利数量超过15万件。
全球第一。
每年光收许可费，就六亿多美元。

你听到这些数字，第一反应是什么？
厉害？
民族骄傲？

我今天要告诉你另一件事。
这里面，有相当大一块，
不是技术，
是法律地雷。
名字就叫——专利丛林。

什么叫专利丛林？
打个比方。
你住的小区，本来一条路就能回家。
突然有人宣布：
你左脚踩的这块砖，归我。
你右脚踩的那块砖，也归我。
门槛三步，每一步都要交钱。
你不交？
告你侵权。

更恶心的是，
他们根本不想修路。
他们只想让你走不了。

---


## 🎯 待处理的目标文案
每年光收许可费，就六亿多美元。

## 目标文案content的数组结构
生成模板参数时，format为content_index的字段依据此数组选择匹配的索引，用于决定相应内容出现在动画中的时机

[
  {
    "index": 0,
    "text": "每年光收许可费，"
  },
  {
    "index": 1,
    "text": "就六亿多美元。"
  }
]


## 选定模板及参数规范

模板名称：KPI_HERO

参数 Schema 说明：

{
  "type": "object",
  "properties": {
    "value": {
      "type": "number",
      "description": "单指标模式：滚动终值（整数或小数）；若提供 blocks 则可省略"
    },
    "prefix": {
      "type": "string",
      "description": "单指标：数字左侧"
    },
    "suffix": {
      "type": "string",
      "description": "单指标：数字右侧单位"
    },
    "label": {
      "type": "string",
      "description": "单指标：数字上方标签（与 blocks[].label 同视觉层级）"
    },
    "useGrouping": {
      "type": "boolean",
      "description": "单指标：千分位（小数时作用于整数部分）"
    },
    "decimalPlaces": {
      "type": "integer",
      "description": "单指标：小数位数，缺省按 value 自动推断"
    },
    "blocks": {
      "type": "array",
      "minItems": 1,
      "maxItems": 4,
      "description": "多指标：每项 value、showFrom（content 下标）；可选 prefix、suffix、label、useGrouping",
      "items": {
        "type": "object",
        "required": [
          "value",
          "showFrom"
        ],
        "properties": {
          "value": {
            "type": "number",
            "description": "终值，整数或小数（如 2.5 万人）"
          },
          "decimalPlaces": {
            "type": "integer",
            "description": "小数位数，缺省按 value 自动推断（如 2.5→1）"
          },
          "showFrom": {
            "type": "integer",
            "format": "content_index",
            "description": "该块出现时机：content 下标，取该条 startFrame"
          },
          "prefix": {
            "type": "string"
          },
          "suffix": {
            "type": "string"
          },
          "label": {
            "type": "string",
            "description": "数字上方标签（多列时字号已加大）"
          },
          "useGrouping": {
            "type": "boolean"
          }
        }
      }
    },
    "countDuration": {
      "type": "integer",
      "description": "数字从 0 滚到目标值的 spring 时长（帧），默认 28"
    }
  },
  "required": []
}


模板该项的示例供参考：

{
  "template": "KPI_HERO",
  "param": {
    "blocks": [
      {
        "value": 87,
        "suffix": "%",
        "label": "满意度",
        "showFrom": 0
      },
      {
        "value": 62,
        "suffix": "%",
        "label": "留存",
        "showFrom": 1
      }
    ]
  }
}


注意：如果该模板生成的参数包含图片视觉描述（如 imageSrc / leftSrc / rightSrc 等等），请只描述纯视觉场景与动作，绝不要包含任何文字、标语或注音。


## 其他通用说明
1. 锚点（Anchor）— 克制与高价值（适用于 SCHEMA 或上文允许出现锚点/高亮时）：
   - 多数句子应**无锚点**；拿不准就留空或 `[]`，避免满屏高亮。
   - 如果一定需要锚点，只选**整段里真正的高潮、反转或核心名词**（宜 2～4 字、有记忆点）；平庸词、铺垫句不要做成锚点。
   - 颜色建议：`#EF4444`（警示/反转/负面/结论）、`#000000`（事实/术语/数据）。动画 `anim`：`spring` | `slideUp` | `popIn` | `highlight`。
   - 音效可选(仅写在锚点对象上的 `audioEffect`)：`impact_thud` | `ping` | `woosh`

2. 视觉标题与字幕分离（仅当 SCHEMA 要求 `notText` / `butText` / `conceptName`、或 DOS_AND_DONTS 的 `left.label` / `right.label` 等时）：

   - 填**极简关键词（约 2～6 字）**，禁止把整句台词搬进标题字段。



## 输出格式（严格 JSON，不要 markdown 代码块）
补全当前模板的param,非数组：
{ "param": { ... } }

===========================================================================================
---------------------------------------- RESPONSE ----------------------------------------
time: 2026-05-24 13:58:17
attempt: 1/3

[OUTPUT]
{"param": {"blocks": [{"value": 600000000, "suffix": " +美元", "label": "许可费", "useGrouping": true, "showFrom": 1}]}}
-------------------------------------------------------------------------------------------

======================================== REQUEST ========================================
time: 2026-05-24 13:58:17
provider: deepseek
model: deepseek-v4-pro
retries: 3

[PROMPT]
你是短视频字幕与画面细节处理专家。请把指定台词细化为字模显示参数。


## 完整段落上下文（仅供理解整体语境，判断当前句子的重要性）
华为拥有全球专利数量超过15万件。
全球第一。
每年光收许可费，就六亿多美元。

你听到这些数字，第一反应是什么？
厉害？
民族骄傲？

我今天要告诉你另一件事。
这里面，有相当大一块，
不是技术，
是法律地雷。
名字就叫——专利丛林。

什么叫专利丛林？
打个比方。
你住的小区，本来一条路就能回家。
突然有人宣布：
你左脚踩的这块砖，归我。
你右脚踩的那块砖，也归我。
门槛三步，每一步都要交钱。
你不交？
告你侵权。

更恶心的是，
他们根本不想修路。
他们只想让你走不了。

---


## 🎯 待处理的目标文案
你听到这些数字，第一反应是什么？厉害？民族骄傲？

## 目标文案content的数组结构
生成模板参数时，format为content_index的字段依据此数组选择匹配的索引，用于决定相应内容出现在动画中的时机

[
  {
    "index": 0,
    "text": "你听到这些数字，"
  },
  {
    "index": 1,
    "text": "第一反应是什么？"
  },
  {
    "index": 2,
    "text": "厉害？"
  },
  {
    "index": 3,
    "text": "民族骄傲？"
  }
]


## 选定模板及参数规范

模板名称：BEAT_SEQUENCE

参数 Schema 说明：

{
  "type": "object",
  "properties": {
    "stages": {
      "type": "array",
      "minItems": 2,
      "maxItems": 4,
      "description": "配图序列：每条 stage 一张图；imageSrc、enterEffect、可选 tone（calm|alert）、可选 showFrom（对齐镜头外层 content[] 下标）",
      "items": {
        "type": "object",
        "required": [
          "imageSrc"
        ],
        "properties": {
          "imageSrc": {
            "type": "string",
            "format": "image_prompt",
            "description": "该节拍配图提示词"
          },
          "enterEffect": {
            "type": "string",
            "enum": [
              "breathe",
              "slideLeft",
              "slideBottom",
              "zoomIn",
              "fadeIn"
            ],
            "default": "breathe",
            "description": "入场效果"
          },
          "tone": {
            "type": "string",
            "enum": [
              "calm",
              "alert"
            ],
            "description": "首条可 calm，其余默认可 alert"
          },
          "showFrom": {
            "type": "content_index",
            "minimum": 0,
            "description": "镜头 item 外层 content 数组（与 param 同级）的 0-based 下标；从该条 startFrame 起显示本图。省略则等于当前 stages 下标 i（与第 i 条口播同步）"
          }
        }
      }
    }
  },
  "required": [
    "stages"
  ]
}

// 口播条数（已由程序写入 CONTENT_STR，勿在 param 中输出 content）：口播分句（item.content）至少 2 条；口播分句至多 4 条（超出会被校验器告警）


模板该项的示例供参考：

{
  "template": "BEAT_SEQUENCE",
  "param": {
    "stages": [
      {
        "imageSrc": "问句配图简笔画",
        "enterEffect": "breathe"
      },
      {
        "imageSrc": "转折警示配图",
        "enterEffect": "slideBottom"
      },
      {
        "imageSrc": "结论冲击配图",
        "enterEffect": "slideBottom"
      }
    ]
  }
}


注意：如果该模板生成的参数包含图片视觉描述（如 imageSrc / leftSrc / rightSrc 等等），请只描述纯视觉场景与动作，绝不要包含任何文字、标语或注音。


## 其他通用说明
1. 锚点（Anchor）— 克制与高价值（适用于 SCHEMA 或上文允许出现锚点/高亮时）：
   - 多数句子应**无锚点**；拿不准就留空或 `[]`，避免满屏高亮。
   - 如果一定需要锚点，只选**整段里真正的高潮、反转或核心名词**（宜 2～4 字、有记忆点）；平庸词、铺垫句不要做成锚点。
   - 颜色建议：`#EF4444`（警示/反转/负面/结论）、`#000000`（事实/术语/数据）。动画 `anim`：`spring` | `slideUp` | `popIn` | `highlight`。
   - 音效可选(仅写在锚点对象上的 `audioEffect`)：`impact_thud` | `ping` | `woosh`

2. 视觉标题与字幕分离（仅当 SCHEMA 要求 `notText` / `butText` / `conceptName`、或 DOS_AND_DONTS 的 `left.label` / `right.label` 等时）：

   - 填**极简关键词（约 2～6 字）**，禁止把整句台词搬进标题字段。



## 输出格式（严格 JSON，不要 markdown 代码块）
补全当前模板的param,非数组：
{ "param": { ... } }

===========================================================================================
---------------------------------------- RESPONSE ----------------------------------------
time: 2026-05-24 13:58:46
attempt: 1/3

[OUTPUT]
{"param": {"stages": [{"imageSrc": "一只耳朵的剪影，周围有淡淡的数字波纹，安静的氛围", "enterEffect": "breathe", "tone": "calm"}, {"imageSrc": "一个大脑轮廓中间浮现巨大的问号形状，背景为渐变的深蓝向浅蓝，悬念感", "enterEffect": "slideBottom", "tone": "alert"}, {"imageSrc": "一只手竖起大拇指，但背景有细微的玻璃裂纹，暗示质疑", "enterEffect": "slideBottom", "tone": "alert"}, {"imageSrc": "远方红底黄星的旗帜在风中飘扬，一个人影仰头望着旗帜，表情复杂，光影略带阴云", "enterEffect": "slideBottom", "tone": "alert"}]}}
-------------------------------------------------------------------------------------------

======================================== REQUEST ========================================
time: 2026-05-24 13:58:46
provider: deepseek
model: deepseek-v4-pro
retries: 3

[PROMPT]
你是短视频字幕与画面细节处理专家。请把指定台词细化为字模显示参数。


## 完整段落上下文（仅供理解整体语境，判断当前句子的重要性）
华为拥有全球专利数量超过15万件。
全球第一。
每年光收许可费，就六亿多美元。

你听到这些数字，第一反应是什么？
厉害？
民族骄傲？

我今天要告诉你另一件事。
这里面，有相当大一块，
不是技术，
是法律地雷。
名字就叫——专利丛林。

什么叫专利丛林？
打个比方。
你住的小区，本来一条路就能回家。
突然有人宣布：
你左脚踩的这块砖，归我。
你右脚踩的那块砖，也归我。
门槛三步，每一步都要交钱。
你不交？
告你侵权。

更恶心的是，
他们根本不想修路。
他们只想让你走不了。

---


## 🎯 待处理的目标文案
我今天要告诉你另一件事。

## 目标文案content的数组结构
生成模板参数时，format为content_index的字段依据此数组选择匹配的索引，用于决定相应内容出现在动画中的时机

[
  {
    "index": 0,
    "text": "我今天要告诉你另一件事。"
  }
]


## 选定模板及参数规范

模板名称：CENTER_FOCUS

参数 Schema 说明：

{
  "type": "object",
  "properties": {
    "imageSrc": {
      "type": "string",
      "format": "image_prompt",
      "description": "主图描述"
    },
    "enterEffect": {
      "type": "string",
      "enum": [
        "fadeIn",
        "slideLeft",
        "slideBottom",
        "zoomIn"
      ],
      "default": "fadeIn",
      "description": "图片入场方式（breathe 呼吸效果始终常驻，无需指定）"
    },
    "anchors": {
      "type": "array",
      "description": "可选；用于锚点词展示（顶部依次出现并保留为列表），并绑定锚点出现时机的音效。showFrom 须落在当前 content 条数范围内。注意 **保持克制，尽量少设置锚点** 只提取整段里真正的高潮、反转或核心名词",
      "items": {
        "type": "object",
        "required": [
          "text",
          "showFrom"
        ],
        "properties": {
          "text": {
            "type": "string",
            "description": "要展示的锚点词"
          },
          "showFrom": {
            "type": "integer",
            "format": "content_index",
            "description": "content 数组下标（0-based），非帧数；合法范围 0～(content 条数-1)，超出会被校验丢弃"
          },
          "color": {
            "type": "string"
          },
          "anim": {
            "type": "string",
            "enum": [
              "spring",
              "slideUp",
              "popIn",
              "highlight"
            ]
          },
          "audioEffect": {
            "type": "string",
            "enum": [
              "impact_thud",
              "ping",
              "woosh"
            ]
          }
        }
      }
    }
  },
  "required": [
    "imageSrc"
  ]
}


模板该项的示例供参考：

{
  "template": "CENTER_FOCUS",
  "param": {
    "imageSrc": "上班族坐在电脑前的简笔画图标",
    "enterEffect": "fadeIn",
    "anchors": [
      {
        "text": "可得性启发",
        "showFrom": 0,
        "color": "red"
      }
    ]
  }
}


注意：如果该模板生成的参数包含图片视觉描述（如 imageSrc / leftSrc / rightSrc 等等），请只描述纯视觉场景与动作，绝不要包含任何文字、标语或注音。


## 其他通用说明
1. 锚点（Anchor）— 克制与高价值（适用于 SCHEMA 或上文允许出现锚点/高亮时）：
   - 多数句子应**无锚点**；拿不准就留空或 `[]`，避免满屏高亮。
   - 如果一定需要锚点，只选**整段里真正的高潮、反转或核心名词**（宜 2～4 字、有记忆点）；平庸词、铺垫句不要做成锚点。
   - 颜色建议：`#EF4444`（警示/反转/负面/结论）、`#000000`（事实/术语/数据）。动画 `anim`：`spring` | `slideUp` | `popIn` | `highlight`。
   - 音效可选(仅写在锚点对象上的 `audioEffect`)：`impact_thud` | `ping` | `woosh`

2. 视觉标题与字幕分离（仅当 SCHEMA 要求 `notText` / `butText` / `conceptName`、或 DOS_AND_DONTS 的 `left.label` / `right.label` 等时）：

   - 填**极简关键词（约 2～6 字）**，禁止把整句台词搬进标题字段。



## 输出格式（严格 JSON，不要 markdown 代码块）
补全当前模板的param,非数组：
{ "param": { ... } }

===========================================================================================
---------------------------------------- RESPONSE ----------------------------------------
time: 2026-05-24 13:58:53
attempt: 1/3

[OUTPUT]
{
  "param": {
    "imageSrc": "一位演讲者神情严肃地侧身面对镜头，手指指向观众，背景虚化，仿佛即将揭露某个重要事实",
    "enterEffect": "fadeIn",
    "anchors": []
  }
}
-------------------------------------------------------------------------------------------

======================================== REQUEST ========================================
time: 2026-05-24 13:58:53
provider: deepseek
model: deepseek-v4-pro
retries: 3

[PROMPT]
你是短视频字幕与画面细节处理专家。请把指定台词细化为字模显示参数。


## 完整段落上下文（仅供理解整体语境，判断当前句子的重要性）
华为拥有全球专利数量超过15万件。
全球第一。
每年光收许可费，就六亿多美元。

你听到这些数字，第一反应是什么？
厉害？
民族骄傲？

我今天要告诉你另一件事。
这里面，有相当大一块，
不是技术，
是法律地雷。
名字就叫——专利丛林。

什么叫专利丛林？
打个比方。
你住的小区，本来一条路就能回家。
突然有人宣布：
你左脚踩的这块砖，归我。
你右脚踩的那块砖，也归我。
门槛三步，每一步都要交钱。
你不交？
告你侵权。

更恶心的是，
他们根本不想修路。
他们只想让你走不了。

---


## 🎯 待处理的目标文案
这里面，有相当大一块，不是技术，是法律地雷。

## 目标文案content的数组结构
生成模板参数时，format为content_index的字段依据此数组选择匹配的索引，用于决定相应内容出现在动画中的时机

[
  {
    "index": 0,
    "text": "这里面，"
  },
  {
    "index": 1,
    "text": "有相当大一块，"
  },
  {
    "index": 2,
    "text": "不是技术，"
  },
  {
    "index": 3,
    "text": "是法律地雷。"
  }
]


## 选定模板及参数规范

模板名称：COGNITIVE_SHIFT

参数 Schema 说明：

{
  "type": "object",
  "properties": {
    "notText": {
      "type": "string",
      "description": "被否认知（‘不是’后面的内容）的精炼短句，不超过12个字，"
    },
    "butText": {
      "type": "string",
      "description": "真实认知（‘而是’后面的内容）的精炼短句，不超过12个字"
    },
    "butSrc": {
      "type": "string",
      "format": "image_prompt",
      "description": "真实认知的配图"
    },
    "notContentIndex": {
      "type": "integer",
      "format": "content_index",
      "description": "触发「不是」动画的字幕段索引（默认 0）"
    },
    "butContentIndex": {
      "type": "integer",
      "format": "content_index",
      "description": "触发「而是」动画的字幕段索引（默认 1）"
    }
  },
  "required": [
    "notText",
    "butText"
  ]
}


模板该项的示例供参考：

{
  "template": "COGNITIVE_SHIFT",
  "content": [
    "我们都不应该靠勤奋拼命",
    "我们都应该是靠认知和选择",
    "这样我才能成功"
  ],
  "param": {
    "notText": "靠勤奋拼命",
    "butText": "靠认知和选择",
    "butSrc": "站在高处看地图的思考者",
    "notContentIndex": 0,
    "butContentIndex": 1
  }
}


注意：如果该模板生成的参数包含图片视觉描述（如 imageSrc / leftSrc / rightSrc 等等），请只描述纯视觉场景与动作，绝不要包含任何文字、标语或注音。


## 其他通用说明
1. 锚点（Anchor）— 克制与高价值（适用于 SCHEMA 或上文允许出现锚点/高亮时）：
   - 多数句子应**无锚点**；拿不准就留空或 `[]`，避免满屏高亮。
   - 如果一定需要锚点，只选**整段里真正的高潮、反转或核心名词**（宜 2～4 字、有记忆点）；平庸词、铺垫句不要做成锚点。
   - 颜色建议：`#EF4444`（警示/反转/负面/结论）、`#000000`（事实/术语/数据）。动画 `anim`：`spring` | `slideUp` | `popIn` | `highlight`。
   - 音效可选(仅写在锚点对象上的 `audioEffect`)：`impact_thud` | `ping` | `woosh`

2. 视觉标题与字幕分离（仅当 SCHEMA 要求 `notText` / `butText` / `conceptName`、或 DOS_AND_DONTS 的 `left.label` / `right.label` 等时）：

   - 填**极简关键词（约 2～6 字）**，禁止把整句台词搬进标题字段。



## 输出格式（严格 JSON，不要 markdown 代码块）
补全当前模板的param,非数组：
{ "param": { ... } }

===========================================================================================
---------------------------------------- RESPONSE ----------------------------------------
time: 2026-05-24 13:59:05
attempt: 1/3

[OUTPUT]
{"param":{"notText":"技术","butText":"法律地雷","butSrc":"昏暗丛林地面密布隐蔽的金属捕兽夹与绊雷，表面泛着冷光，落叶下半掩着引信，远处迷雾中隐约闪烁红色警示微光","notContentIndex":2,"butContentIndex":3}}
-------------------------------------------------------------------------------------------

======================================== REQUEST ========================================
time: 2026-05-24 13:59:05
provider: deepseek
model: deepseek-v4-pro
retries: 3

[PROMPT]
你是短视频字幕与画面细节处理专家。请把指定台词细化为字模显示参数。


## 完整段落上下文（仅供理解整体语境，判断当前句子的重要性）
华为拥有全球专利数量超过15万件。
全球第一。
每年光收许可费，就六亿多美元。

你听到这些数字，第一反应是什么？
厉害？
民族骄傲？

我今天要告诉你另一件事。
这里面，有相当大一块，
不是技术，
是法律地雷。
名字就叫——专利丛林。

什么叫专利丛林？
打个比方。
你住的小区，本来一条路就能回家。
突然有人宣布：
你左脚踩的这块砖，归我。
你右脚踩的那块砖，也归我。
门槛三步，每一步都要交钱。
你不交？
告你侵权。

更恶心的是，
他们根本不想修路。
他们只想让你走不了。

---


## 🎯 待处理的目标文案
名字就叫——专利丛林。

## 目标文案content的数组结构
生成模板参数时，format为content_index的字段依据此数组选择匹配的索引，用于决定相应内容出现在动画中的时机

[
  {
    "index": 0,
    "text": "名字就叫—"
  },
  {
    "index": 1,
    "text": "—"
  },
  {
    "index": 2,
    "text": "专利丛林。"
  }
]


## 选定模板及参数规范

模板名称：CONCEPT_CARD

参数 Schema 说明：

{
  "type": "object",
  "properties": {
    "imageSrc": {
      "type": "string",
      "format": "image_prompt",
      "description": "概念图标描述"
    },
    "conceptName": {
      "type": "string",
      "description": "概念名称"
    }
  },
  "required": [
    "imageSrc",
    "conceptName"
  ]
}


模板该项的示例供参考：

{
  "template": "CONCEPT_CARD",
  "param": {
    "imageSrc": "过滤器/筛网简笔画图标",
    "conceptName": "幸存者偏差"
  }
}


注意：如果该模板生成的参数包含图片视觉描述（如 imageSrc / leftSrc / rightSrc 等等），请只描述纯视觉场景与动作，绝不要包含任何文字、标语或注音。


## 其他通用说明
1. 锚点（Anchor）— 克制与高价值（适用于 SCHEMA 或上文允许出现锚点/高亮时）：
   - 多数句子应**无锚点**；拿不准就留空或 `[]`，避免满屏高亮。
   - 如果一定需要锚点，只选**整段里真正的高潮、反转或核心名词**（宜 2～4 字、有记忆点）；平庸词、铺垫句不要做成锚点。
   - 颜色建议：`#EF4444`（警示/反转/负面/结论）、`#000000`（事实/术语/数据）。动画 `anim`：`spring` | `slideUp` | `popIn` | `highlight`。
   - 音效可选(仅写在锚点对象上的 `audioEffect`)：`impact_thud` | `ping` | `woosh`

2. 视觉标题与字幕分离（仅当 SCHEMA 要求 `notText` / `butText` / `conceptName`、或 DOS_AND_DONTS 的 `left.label` / `right.label` 等时）：

   - 填**极简关键词（约 2～6 字）**，禁止把整句台词搬进标题字段。



## 输出格式（严格 JSON，不要 markdown 代码块）
补全当前模板的param,非数组：
{ "param": { ... } }

===========================================================================================
---------------------------------------- RESPONSE ----------------------------------------
time: 2026-05-24 13:59:11
attempt: 1/3

[OUTPUT]
{
  "param": {
    "imageSrc": "一片简笔画风格的丛林剪影，树木交错形成密集障碍，中央隐约有文件纸张或警示标识的轮廓，整体呈现陷阱或法律风险的感觉",
    "conceptName": "专利丛林"
  }
}
-------------------------------------------------------------------------------------------

======================================== REQUEST ========================================
time: 2026-05-24 13:59:11
provider: deepseek
model: deepseek-v4-pro
retries: 3

[PROMPT]
你是短视频字幕与画面细节处理专家。请把指定台词细化为字模显示参数。


## 完整段落上下文（仅供理解整体语境，判断当前句子的重要性）
华为拥有全球专利数量超过15万件。
全球第一。
每年光收许可费，就六亿多美元。

你听到这些数字，第一反应是什么？
厉害？
民族骄傲？

我今天要告诉你另一件事。
这里面，有相当大一块，
不是技术，
是法律地雷。
名字就叫——专利丛林。

什么叫专利丛林？
打个比方。
你住的小区，本来一条路就能回家。
突然有人宣布：
你左脚踩的这块砖，归我。
你右脚踩的那块砖，也归我。
门槛三步，每一步都要交钱。
你不交？
告你侵权。

更恶心的是，
他们根本不想修路。
他们只想让你走不了。

---


## 🎯 待处理的目标文案
什么叫专利丛林？打个比方。

## 目标文案content的数组结构
生成模板参数时，format为content_index的字段依据此数组选择匹配的索引，用于决定相应内容出现在动画中的时机

[
  {
    "index": 0,
    "text": "什么叫专利丛林？"
  },
  {
    "index": 1,
    "text": "打个比方。"
  }
]


## 选定模板及参数规范

模板名称：CENTER_FOCUS

参数 Schema 说明：

{
  "type": "object",
  "properties": {
    "imageSrc": {
      "type": "string",
      "format": "image_prompt",
      "description": "主图描述"
    },
    "enterEffect": {
      "type": "string",
      "enum": [
        "fadeIn",
        "slideLeft",
        "slideBottom",
        "zoomIn"
      ],
      "default": "fadeIn",
      "description": "图片入场方式（breathe 呼吸效果始终常驻，无需指定）"
    },
    "anchors": {
      "type": "array",
      "description": "可选；用于锚点词展示（顶部依次出现并保留为列表），并绑定锚点出现时机的音效。showFrom 须落在当前 content 条数范围内。注意 **保持克制，尽量少设置锚点** 只提取整段里真正的高潮、反转或核心名词",
      "items": {
        "type": "object",
        "required": [
          "text",
          "showFrom"
        ],
        "properties": {
          "text": {
            "type": "string",
            "description": "要展示的锚点词"
          },
          "showFrom": {
            "type": "integer",
            "format": "content_index",
            "description": "content 数组下标（0-based），非帧数；合法范围 0～(content 条数-1)，超出会被校验丢弃"
          },
          "color": {
            "type": "string"
          },
          "anim": {
            "type": "string",
            "enum": [
              "spring",
              "slideUp",
              "popIn",
              "highlight"
            ]
          },
          "audioEffect": {
            "type": "string",
            "enum": [
              "impact_thud",
              "ping",
              "woosh"
            ]
          }
        }
      }
    }
  },
  "required": [
    "imageSrc"
  ]
}


模板该项的示例供参考：

{
  "template": "CENTER_FOCUS",
  "param": {
    "imageSrc": "上班族坐在电脑前的简笔画图标",
    "enterEffect": "fadeIn",
    "anchors": [
      {
        "text": "可得性启发",
        "showFrom": 0,
        "color": "red"
      }
    ]
  }
}


注意：如果该模板生成的参数包含图片视觉描述（如 imageSrc / leftSrc / rightSrc 等等），请只描述纯视觉场景与动作，绝不要包含任何文字、标语或注音。


## 其他通用说明
1. 锚点（Anchor）— 克制与高价值（适用于 SCHEMA 或上文允许出现锚点/高亮时）：
   - 多数句子应**无锚点**；拿不准就留空或 `[]`，避免满屏高亮。
   - 如果一定需要锚点，只选**整段里真正的高潮、反转或核心名词**（宜 2～4 字、有记忆点）；平庸词、铺垫句不要做成锚点。
   - 颜色建议：`#EF4444`（警示/反转/负面/结论）、`#000000`（事实/术语/数据）。动画 `anim`：`spring` | `slideUp` | `popIn` | `highlight`。
   - 音效可选(仅写在锚点对象上的 `audioEffect`)：`impact_thud` | `ping` | `woosh`

2. 视觉标题与字幕分离（仅当 SCHEMA 要求 `notText` / `butText` / `conceptName`、或 DOS_AND_DONTS 的 `left.label` / `right.label` 等时）：

   - 填**极简关键词（约 2～6 字）**，禁止把整句台词搬进标题字段。



## 输出格式（严格 JSON，不要 markdown 代码块）
补全当前模板的param,非数组：
{ "param": { ... } }

===========================================================================================
---------------------------------------- RESPONSE ----------------------------------------
time: 2026-05-24 13:59:20
attempt: 1/3

[OUTPUT]
{
  "param": {
    "imageSrc": "一片幽暗的丛林，树木密集交缠，树干上布满齿轮与锁链符号，地面隐约可见封锁的道路与障碍，营造出法律陷阱的氛围",
    "enterEffect": "fadeIn",
    "anchors": [
      {
        "text": "专利丛林",
        "showFrom": 0,
        "color": "#000000",
        "anim": "spring"
      }
    ]
  }
}
-------------------------------------------------------------------------------------------

======================================== REQUEST ========================================
time: 2026-05-24 13:59:20
provider: deepseek
model: deepseek-v4-pro
retries: 3

[PROMPT]
你是短视频字幕与画面细节处理专家。请把指定台词细化为字模显示参数。


## 完整段落上下文（仅供理解整体语境，判断当前句子的重要性）
华为拥有全球专利数量超过15万件。
全球第一。
每年光收许可费，就六亿多美元。

你听到这些数字，第一反应是什么？
厉害？
民族骄傲？

我今天要告诉你另一件事。
这里面，有相当大一块，
不是技术，
是法律地雷。
名字就叫——专利丛林。

什么叫专利丛林？
打个比方。
你住的小区，本来一条路就能回家。
突然有人宣布：
你左脚踩的这块砖，归我。
你右脚踩的那块砖，也归我。
门槛三步，每一步都要交钱。
你不交？
告你侵权。

更恶心的是，
他们根本不想修路。
他们只想让你走不了。

---


## 🎯 待处理的目标文案
你住的小区，本来一条路就能回家。突然有人宣布：你左脚踩的这块砖，归我。你右脚踩的那块砖，也归我。

## 目标文案content的数组结构
生成模板参数时，format为content_index的字段依据此数组选择匹配的索引，用于决定相应内容出现在动画中的时机

[
  {
    "index": 0,
    "text": "你住的小区，"
  },
  {
    "index": 1,
    "text": "本来一条路就能回家。"
  },
  {
    "index": 2,
    "text": "突然有人宣布："
  },
  {
    "index": 3,
    "text": "你左脚踩的这块砖，"
  },
  {
    "index": 4,
    "text": "归我。"
  },
  {
    "index": 5,
    "text": "你右脚踩的那块砖，"
  },
  {
    "index": 6,
    "text": "也归我。"
  }
]


## 选定模板及参数规范

模板名称：BEAT_SEQUENCE

参数 Schema 说明：

{
  "type": "object",
  "properties": {
    "stages": {
      "type": "array",
      "minItems": 2,
      "maxItems": 4,
      "description": "配图序列：每条 stage 一张图；imageSrc、enterEffect、可选 tone（calm|alert）、可选 showFrom（对齐镜头外层 content[] 下标）",
      "items": {
        "type": "object",
        "required": [
          "imageSrc"
        ],
        "properties": {
          "imageSrc": {
            "type": "string",
            "format": "image_prompt",
            "description": "该节拍配图提示词"
          },
          "enterEffect": {
            "type": "string",
            "enum": [
              "breathe",
              "slideLeft",
              "slideBottom",
              "zoomIn",
              "fadeIn"
            ],
            "default": "breathe",
            "description": "入场效果"
          },
          "tone": {
            "type": "string",
            "enum": [
              "calm",
              "alert"
            ],
            "description": "首条可 calm，其余默认可 alert"
          },
          "showFrom": {
            "type": "content_index",
            "minimum": 0,
            "description": "镜头 item 外层 content 数组（与 param 同级）的 0-based 下标；从该条 startFrame 起显示本图。省略则等于当前 stages 下标 i（与第 i 条口播同步）"
          }
        }
      }
    }
  },
  "required": [
    "stages"
  ]
}

// 口播条数（已由程序写入 CONTENT_STR，勿在 param 中输出 content）：口播分句（item.content）至少 2 条；口播分句至多 4 条（超出会被校验器告警）


模板该项的示例供参考：

{
  "template": "BEAT_SEQUENCE",
  "param": {
    "stages": [
      {
        "imageSrc": "问句配图简笔画",
        "enterEffect": "breathe"
      },
      {
        "imageSrc": "转折警示配图",
        "enterEffect": "slideBottom"
      },
      {
        "imageSrc": "结论冲击配图",
        "enterEffect": "slideBottom"
      }
    ]
  }
}


注意：如果该模板生成的参数包含图片视觉描述（如 imageSrc / leftSrc / rightSrc 等等），请只描述纯视觉场景与动作，绝不要包含任何文字、标语或注音。


## 其他通用说明
1. 锚点（Anchor）— 克制与高价值（适用于 SCHEMA 或上文允许出现锚点/高亮时）：
   - 多数句子应**无锚点**；拿不准就留空或 `[]`，避免满屏高亮。
   - 如果一定需要锚点，只选**整段里真正的高潮、反转或核心名词**（宜 2～4 字、有记忆点）；平庸词、铺垫句不要做成锚点。
   - 颜色建议：`#EF4444`（警示/反转/负面/结论）、`#000000`（事实/术语/数据）。动画 `anim`：`spring` | `slideUp` | `popIn` | `highlight`。
   - 音效可选(仅写在锚点对象上的 `audioEffect`)：`impact_thud` | `ping` | `woosh`

2. 视觉标题与字幕分离（仅当 SCHEMA 要求 `notText` / `butText` / `conceptName`、或 DOS_AND_DONTS 的 `left.label` / `right.label` 等时）：

   - 填**极简关键词（约 2～6 字）**，禁止把整句台词搬进标题字段。



## 输出格式（严格 JSON，不要 markdown 代码块）
补全当前模板的param,非数组：
{ "param": { ... } }

===========================================================================================
---------------------------------------- RESPONSE ----------------------------------------
time: 2026-05-24 13:59:44
attempt: 1/3

[OUTPUT]
{
  "param": {
    "stages": [
      {
        "imageSrc": "一条通往小区的普通道路，阳光和煦，画面平静日常",
        "enterEffect": "breathe",
        "tone": "calm",
        "showFrom": 0
      },
      {
        "imageSrc": "一只手突然伸出拦住去路，手势像是宣布什么，背景同一条路，光线微暗",
        "enterEffect": "slideBottom",
        "tone": "alert",
        "showFrom": 2
      },
      {
        "imageSrc": "特写一只左脚踩在一小块地砖上，地砖边缘被红色圆圈或虚线框住，强调这块砖被独占",
        "enterEffect": "zoomIn",
        "tone": "alert",
        "showFrom": 3
      },
      {
        "imageSrc": "特写一只右脚踩在相邻的另一块地砖上，同样被红色圈框标记，暗示同样被占有",
        "enterEffect": "slideBottom",
        "tone": "alert",
        "showFrom": 5
      }
    ]
  }
}
-------------------------------------------------------------------------------------------

======================================== REQUEST ========================================
time: 2026-05-24 13:59:44
provider: deepseek
model: deepseek-v4-pro
retries: 3

[PROMPT]
你是短视频字幕与画面细节处理专家。请把指定台词细化为字模显示参数。


## 完整段落上下文（仅供理解整体语境，判断当前句子的重要性）
华为拥有全球专利数量超过15万件。
全球第一。
每年光收许可费，就六亿多美元。

你听到这些数字，第一反应是什么？
厉害？
民族骄傲？

我今天要告诉你另一件事。
这里面，有相当大一块，
不是技术，
是法律地雷。
名字就叫——专利丛林。

什么叫专利丛林？
打个比方。
你住的小区，本来一条路就能回家。
突然有人宣布：
你左脚踩的这块砖，归我。
你右脚踩的那块砖，也归我。
门槛三步，每一步都要交钱。
你不交？
告你侵权。

更恶心的是，
他们根本不想修路。
他们只想让你走不了。

---


## 🎯 待处理的目标文案
门槛三步，每一步都要交钱。你不交？告你侵权。

## 目标文案content的数组结构
生成模板参数时，format为content_index的字段依据此数组选择匹配的索引，用于决定相应内容出现在动画中的时机

[
  {
    "index": 0,
    "text": "门槛三步，"
  },
  {
    "index": 1,
    "text": "每一步都要交钱。"
  },
  {
    "index": 2,
    "text": "你不交？"
  },
  {
    "index": 3,
    "text": "告你侵权。"
  }
]


## 选定模板及参数规范

模板名称：BEAT_SEQUENCE

参数 Schema 说明：

{
  "type": "object",
  "properties": {
    "stages": {
      "type": "array",
      "minItems": 2,
      "maxItems": 4,
      "description": "配图序列：每条 stage 一张图；imageSrc、enterEffect、可选 tone（calm|alert）、可选 showFrom（对齐镜头外层 content[] 下标）",
      "items": {
        "type": "object",
        "required": [
          "imageSrc"
        ],
        "properties": {
          "imageSrc": {
            "type": "string",
            "format": "image_prompt",
            "description": "该节拍配图提示词"
          },
          "enterEffect": {
            "type": "string",
            "enum": [
              "breathe",
              "slideLeft",
              "slideBottom",
              "zoomIn",
              "fadeIn"
            ],
            "default": "breathe",
            "description": "入场效果"
          },
          "tone": {
            "type": "string",
            "enum": [
              "calm",
              "alert"
            ],
            "description": "首条可 calm，其余默认可 alert"
          },
          "showFrom": {
            "type": "content_index",
            "minimum": 0,
            "description": "镜头 item 外层 content 数组（与 param 同级）的 0-based 下标；从该条 startFrame 起显示本图。省略则等于当前 stages 下标 i（与第 i 条口播同步）"
          }
        }
      }
    }
  },
  "required": [
    "stages"
  ]
}

// 口播条数（已由程序写入 CONTENT_STR，勿在 param 中输出 content）：口播分句（item.content）至少 2 条；口播分句至多 4 条（超出会被校验器告警）


模板该项的示例供参考：

{
  "template": "BEAT_SEQUENCE",
  "param": {
    "stages": [
      {
        "imageSrc": "问句配图简笔画",
        "enterEffect": "breathe"
      },
      {
        "imageSrc": "转折警示配图",
        "enterEffect": "slideBottom"
      },
      {
        "imageSrc": "结论冲击配图",
        "enterEffect": "slideBottom"
      }
    ]
  }
}


注意：如果该模板生成的参数包含图片视觉描述（如 imageSrc / leftSrc / rightSrc 等等），请只描述纯视觉场景与动作，绝不要包含任何文字、标语或注音。


## 其他通用说明
1. 锚点（Anchor）— 克制与高价值（适用于 SCHEMA 或上文允许出现锚点/高亮时）：
   - 多数句子应**无锚点**；拿不准就留空或 `[]`，避免满屏高亮。
   - 如果一定需要锚点，只选**整段里真正的高潮、反转或核心名词**（宜 2～4 字、有记忆点）；平庸词、铺垫句不要做成锚点。
   - 颜色建议：`#EF4444`（警示/反转/负面/结论）、`#000000`（事实/术语/数据）。动画 `anim`：`spring` | `slideUp` | `popIn` | `highlight`。
   - 音效可选(仅写在锚点对象上的 `audioEffect`)：`impact_thud` | `ping` | `woosh`

2. 视觉标题与字幕分离（仅当 SCHEMA 要求 `notText` / `butText` / `conceptName`、或 DOS_AND_DONTS 的 `left.label` / `right.label` 等时）：

   - 填**极简关键词（约 2～6 字）**，禁止把整句台词搬进标题字段。



## 输出格式（严格 JSON，不要 markdown 代码块）
补全当前模板的param,非数组：
{ "param": { ... } }

===========================================================================================
---------------------------------------- RESPONSE ----------------------------------------
time: 2026-05-24 14:00:06
attempt: 1/3

[OUTPUT]
{
  "param": {
    "stages": [
      {
        "imageSrc": "简笔画风格，一条小路，前方有一个门槛，一只手掌从侧面伸出，掌心向上，做出讨要手势。",
        "enterEffect": "breathe",
        "tone": "calm"
      },
      {
        "imageSrc": "简笔画风格，三个连续的门槛，每道门槛旁都有一只手掌伸出示意交钱。",
        "enterEffect": "slideBottom",
        "tone": "alert"
      },
      {
        "imageSrc": "简笔画风格，一个人站在第三个门槛前，两手空空，表情犹豫，脚下有“?”，上方出现红色问号光晕。",
        "enterEffect": "slideBottom",
        "tone": "alert"
      },
      {
        "imageSrc": "简笔画风格，红色警告标志，一把法官锤敲下，锤旁闪现禁止通行符号，整体色调变暗。",
        "enterEffect": "slideBottom",
        "tone": "alert"
      }
    ]
  }
}
-------------------------------------------------------------------------------------------

======================================== REQUEST ========================================
time: 2026-05-24 14:00:06
provider: deepseek
model: deepseek-v4-pro
retries: 3

[PROMPT]
你是短视频字幕与画面细节处理专家。请把指定台词细化为字模显示参数。


## 完整段落上下文（仅供理解整体语境，判断当前句子的重要性）
华为拥有全球专利数量超过15万件。
全球第一。
每年光收许可费，就六亿多美元。

你听到这些数字，第一反应是什么？
厉害？
民族骄傲？

我今天要告诉你另一件事。
这里面，有相当大一块，
不是技术，
是法律地雷。
名字就叫——专利丛林。

什么叫专利丛林？
打个比方。
你住的小区，本来一条路就能回家。
突然有人宣布：
你左脚踩的这块砖，归我。
你右脚踩的那块砖，也归我。
门槛三步，每一步都要交钱。
你不交？
告你侵权。

更恶心的是，
他们根本不想修路。
他们只想让你走不了。

---


## 🎯 待处理的目标文案
更恶心的是，他们根本不想修路。他们只想让你走不了。

## 目标文案content的数组结构
生成模板参数时，format为content_index的字段依据此数组选择匹配的索引，用于决定相应内容出现在动画中的时机

[
  {
    "index": 0,
    "text": "更恶心的是，"
  },
  {
    "index": 1,
    "text": "他们根本不想修路。"
  },
  {
    "index": 2,
    "text": "他们只想让你走不了。"
  }
]


## 选定模板及参数规范

模板名称：BEAT_SEQUENCE

参数 Schema 说明：

{
  "type": "object",
  "properties": {
    "stages": {
      "type": "array",
      "minItems": 2,
      "maxItems": 4,
      "description": "配图序列：每条 stage 一张图；imageSrc、enterEffect、可选 tone（calm|alert）、可选 showFrom（对齐镜头外层 content[] 下标）",
      "items": {
        "type": "object",
        "required": [
          "imageSrc"
        ],
        "properties": {
          "imageSrc": {
            "type": "string",
            "format": "image_prompt",
            "description": "该节拍配图提示词"
          },
          "enterEffect": {
            "type": "string",
            "enum": [
              "breathe",
              "slideLeft",
              "slideBottom",
              "zoomIn",
              "fadeIn"
            ],
            "default": "breathe",
            "description": "入场效果"
          },
          "tone": {
            "type": "string",
            "enum": [
              "calm",
              "alert"
            ],
            "description": "首条可 calm，其余默认可 alert"
          },
          "showFrom": {
            "type": "content_index",
            "minimum": 0,
            "description": "镜头 item 外层 content 数组（与 param 同级）的 0-based 下标；从该条 startFrame 起显示本图。省略则等于当前 stages 下标 i（与第 i 条口播同步）"
          }
        }
      }
    }
  },
  "required": [
    "stages"
  ]
}

// 口播条数（已由程序写入 CONTENT_STR，勿在 param 中输出 content）：口播分句（item.content）至少 2 条；口播分句至多 4 条（超出会被校验器告警）


模板该项的示例供参考：

{
  "template": "BEAT_SEQUENCE",
  "param": {
    "stages": [
      {
        "imageSrc": "问句配图简笔画",
        "enterEffect": "breathe"
      },
      {
        "imageSrc": "转折警示配图",
        "enterEffect": "slideBottom"
      },
      {
        "imageSrc": "结论冲击配图",
        "enterEffect": "slideBottom"
      }
    ]
  }
}


注意：如果该模板生成的参数包含图片视觉描述（如 imageSrc / leftSrc / rightSrc 等等），请只描述纯视觉场景与动作，绝不要包含任何文字、标语或注音。


## 其他通用说明
1. 锚点（Anchor）— 克制与高价值（适用于 SCHEMA 或上文允许出现锚点/高亮时）：
   - 多数句子应**无锚点**；拿不准就留空或 `[]`，避免满屏高亮。
   - 如果一定需要锚点，只选**整段里真正的高潮、反转或核心名词**（宜 2～4 字、有记忆点）；平庸词、铺垫句不要做成锚点。
   - 颜色建议：`#EF4444`（警示/反转/负面/结论）、`#000000`（事实/术语/数据）。动画 `anim`：`spring` | `slideUp` | `popIn` | `highlight`。
   - 音效可选(仅写在锚点对象上的 `audioEffect`)：`impact_thud` | `ping` | `woosh`

2. 视觉标题与字幕分离（仅当 SCHEMA 要求 `notText` / `butText` / `conceptName`、或 DOS_AND_DONTS 的 `left.label` / `right.label` 等时）：

   - 填**极简关键词（约 2～6 字）**，禁止把整句台词搬进标题字段。



## 输出格式（严格 JSON，不要 markdown 代码块）
补全当前模板的param,非数组：
{ "param": { ... } }

===========================================================================================
---------------------------------------- RESPONSE ----------------------------------------
time: 2026-05-24 14:00:30
attempt: 1/3

[OUTPUT]
{
  "param": {
    "stages": [
      {
        "imageSrc": "简笔画风格，一个行人站在小区道路上，表情厌恶，前方道路被许多砖块分散堵住，每块砖上蹲着卡通小怪物伸出要钱的手，色调阴沉",
        "enterEffect": "breathe"
      },
      {
        "imageSrc": "同场景，道路旁两个穿着西装的人正带着坏笑往路上投放更多砖块，完全无视行人的存在，冷漠感",
        "enterEffect": "slideBottom",
        "tone": "alert"
      },
      {
        "imageSrc": "行人被彻底包围，面前堆起了一座砖墙，头顶上方一只巨大的手影笼罩下来，绝望氛围，红色危险色调",
        "enterEffect": "slideBottom",
        "tone": "alert"
      }
    ]
  }
}
-------------------------------------------------------------------------------------------

======================================== REQUEST ========================================
time: 2026-05-24 14:00:30
provider: deepseek
model: deepseek-v4-pro
retries: 3

[PROMPT]
你是短视频字幕与画面细节处理专家。请把指定台词细化为字模显示参数。


## 完整段落上下文（仅供理解整体语境，判断当前句子的重要性）
先说最不要脸的一类：把常识当发明。

你打开手机，图标会动吧？
会放大、会淡入淡出吧？
这在程序员眼里，
有专业名字。
分层渲染。
透明度渐变。
翻成白话就是：
把图片分几层动，
让它慢慢变亮、变暗。
这是十年前的入门课。

可华为偏要把这些拆开申请专利。
图标前景放大一层，算一件。
背景再放大一层，又是一件。
淡入淡出，再一件。
弹簧动画，再一件。
手机上的开机动画，一件。
车载多屏拼接放同一段动画，又一件。

同一个“开机画面”，
硬拆成几十上百个专利。
就像有人，把“推门”申请成独家技术。
把“抬脚”申请成独家技术。
你回家进门，
理论上要交三次钱。

这是在创新吗？这是在注水。

---


## 🎯 待处理的目标文案
先说最不要脸的一类：把常识当发明。

## 目标文案content的数组结构
生成模板参数时，format为content_index的字段依据此数组选择匹配的索引，用于决定相应内容出现在动画中的时机

[
  {
    "index": 0,
    "text": "先说最不要脸的一类："
  },
  {
    "index": 1,
    "text": "把常识当发明。"
  }
]


## 选定模板及参数规范

模板名称：CENTER_FOCUS

参数 Schema 说明：

{
  "type": "object",
  "properties": {
    "imageSrc": {
      "type": "string",
      "format": "image_prompt",
      "description": "主图描述"
    },
    "enterEffect": {
      "type": "string",
      "enum": [
        "fadeIn",
        "slideLeft",
        "slideBottom",
        "zoomIn"
      ],
      "default": "fadeIn",
      "description": "图片入场方式（breathe 呼吸效果始终常驻，无需指定）"
    },
    "anchors": {
      "type": "array",
      "description": "可选；用于锚点词展示（顶部依次出现并保留为列表），并绑定锚点出现时机的音效。showFrom 须落在当前 content 条数范围内。注意 **保持克制，尽量少设置锚点** 只提取整段里真正的高潮、反转或核心名词",
      "items": {
        "type": "object",
        "required": [
          "text",
          "showFrom"
        ],
        "properties": {
          "text": {
            "type": "string",
            "description": "要展示的锚点词"
          },
          "showFrom": {
            "type": "integer",
            "format": "content_index",
            "description": "content 数组下标（0-based），非帧数；合法范围 0～(content 条数-1)，超出会被校验丢弃"
          },
          "color": {
            "type": "string"
          },
          "anim": {
            "type": "string",
            "enum": [
              "spring",
              "slideUp",
              "popIn",
              "highlight"
            ]
          },
          "audioEffect": {
            "type": "string",
            "enum": [
              "impact_thud",
              "ping",
              "woosh"
            ]
          }
        }
      }
    }
  },
  "required": [
    "imageSrc"
  ]
}


模板该项的示例供参考：

{
  "template": "CENTER_FOCUS",
  "param": {
    "imageSrc": "上班族坐在电脑前的简笔画图标",
    "enterEffect": "fadeIn",
    "anchors": [
      {
        "text": "可得性启发",
        "showFrom": 0,
        "color": "red"
      }
    ]
  }
}


注意：如果该模板生成的参数包含图片视觉描述（如 imageSrc / leftSrc / rightSrc 等等），请只描述纯视觉场景与动作，绝不要包含任何文字、标语或注音。


## 其他通用说明
1. 锚点（Anchor）— 克制与高价值（适用于 SCHEMA 或上文允许出现锚点/高亮时）：
   - 多数句子应**无锚点**；拿不准就留空或 `[]`，避免满屏高亮。
   - 如果一定需要锚点，只选**整段里真正的高潮、反转或核心名词**（宜 2～4 字、有记忆点）；平庸词、铺垫句不要做成锚点。
   - 颜色建议：`#EF4444`（警示/反转/负面/结论）、`#000000`（事实/术语/数据）。动画 `anim`：`spring` | `slideUp` | `popIn` | `highlight`。
   - 音效可选(仅写在锚点对象上的 `audioEffect`)：`impact_thud` | `ping` | `woosh`

2. 视觉标题与字幕分离（仅当 SCHEMA 要求 `notText` / `butText` / `conceptName`、或 DOS_AND_DONTS 的 `left.label` / `right.label` 等时）：

   - 填**极简关键词（约 2～6 字）**，禁止把整句台词搬进标题字段。



## 输出格式（严格 JSON，不要 markdown 代码块）
补全当前模板的param,非数组：
{ "param": { ... } }

===========================================================================================
---------------------------------------- RESPONSE ----------------------------------------
time: 2026-05-24 14:00:44
attempt: 1/3

[OUTPUT]
{
  "param": {
    "imageSrc": "一个卡通人物站在办公桌前，桌上堆满专利证书，墙上投影着门、脚等日常动作的简笔画",
    "enterEffect": "fadeIn",
    "anchors": [
      {
        "text": "常识当发明",
        "showFrom": 1,
        "color": "#EF4444",
        "anim": "spring",
        "audioEffect": "impact_thud"
      }
    ]
  }
}
-------------------------------------------------------------------------------------------

======================================== REQUEST ========================================
time: 2026-05-24 14:00:44
provider: deepseek
model: deepseek-v4-pro
retries: 3

[PROMPT]
你是短视频字幕与画面细节处理专家。请把指定台词细化为字模显示参数。


## 完整段落上下文（仅供理解整体语境，判断当前句子的重要性）
先说最不要脸的一类：把常识当发明。

你打开手机，图标会动吧？
会放大、会淡入淡出吧？
这在程序员眼里，
有专业名字。
分层渲染。
透明度渐变。
翻成白话就是：
把图片分几层动，
让它慢慢变亮、变暗。
这是十年前的入门课。

可华为偏要把这些拆开申请专利。
图标前景放大一层，算一件。
背景再放大一层，又是一件。
淡入淡出，再一件。
弹簧动画，再一件。
手机上的开机动画，一件。
车载多屏拼接放同一段动画，又一件。

同一个“开机画面”，
硬拆成几十上百个专利。
就像有人，把“推门”申请成独家技术。
把“抬脚”申请成独家技术。
你回家进门，
理论上要交三次钱。

这是在创新吗？这是在注水。

---


## 🎯 待处理的目标文案
你打开手机，图标会动吧？会放大、会淡入淡出吧？这在程序员眼里，有专业名字。

## 目标文案content的数组结构
生成模板参数时，format为content_index的字段依据此数组选择匹配的索引，用于决定相应内容出现在动画中的时机

[
  {
    "index": 0,
    "text": "你打开手机，"
  },
  {
    "index": 1,
    "text": "图标会动吧？"
  },
  {
    "index": 2,
    "text": "会放大、"
  },
  {
    "index": 3,
    "text": "会淡入淡出吧？"
  },
  {
    "index": 4,
    "text": "这在程序员眼里，"
  },
  {
    "index": 5,
    "text": "有专业名字。"
  }
]


## 选定模板及参数规范

模板名称：BEAT_SEQUENCE

参数 Schema 说明：

{
  "type": "object",
  "properties": {
    "stages": {
      "type": "array",
      "minItems": 2,
      "maxItems": 4,
      "description": "配图序列：每条 stage 一张图；imageSrc、enterEffect、可选 tone（calm|alert）、可选 showFrom（对齐镜头外层 content[] 下标）",
      "items": {
        "type": "object",
        "required": [
          "imageSrc"
        ],
        "properties": {
          "imageSrc": {
            "type": "string",
            "format": "image_prompt",
            "description": "该节拍配图提示词"
          },
          "enterEffect": {
            "type": "string",
            "enum": [
              "breathe",
              "slideLeft",
              "slideBottom",
              "zoomIn",
              "fadeIn"
            ],
            "default": "breathe",
            "description": "入场效果"
          },
          "tone": {
            "type": "string",
            "enum": [
              "calm",
              "alert"
            ],
            "description": "首条可 calm，其余默认可 alert"
          },
          "showFrom": {
            "type": "content_index",
            "minimum": 0,
            "description": "镜头 item 外层 content 数组（与 param 同级）的 0-based 下标；从该条 startFrame 起显示本图。省略则等于当前 stages 下标 i（与第 i 条口播同步）"
          }
        }
      }
    }
  },
  "required": [
    "stages"
  ]
}

// 口播条数（已由程序写入 CONTENT_STR，勿在 param 中输出 content）：口播分句（item.content）至少 2 条；口播分句至多 4 条（超出会被校验器告警）


模板该项的示例供参考：

{
  "template": "BEAT_SEQUENCE",
  "param": {
    "stages": [
      {
        "imageSrc": "问句配图简笔画",
        "enterEffect": "breathe"
      },
      {
        "imageSrc": "转折警示配图",
        "enterEffect": "slideBottom"
      },
      {
        "imageSrc": "结论冲击配图",
        "enterEffect": "slideBottom"
      }
    ]
  }
}


注意：如果该模板生成的参数包含图片视觉描述（如 imageSrc / leftSrc / rightSrc 等等），请只描述纯视觉场景与动作，绝不要包含任何文字、标语或注音。


## 其他通用说明
1. 锚点（Anchor）— 克制与高价值（适用于 SCHEMA 或上文允许出现锚点/高亮时）：
   - 多数句子应**无锚点**；拿不准就留空或 `[]`，避免满屏高亮。
   - 如果一定需要锚点，只选**整段里真正的高潮、反转或核心名词**（宜 2～4 字、有记忆点）；平庸词、铺垫句不要做成锚点。
   - 颜色建议：`#EF4444`（警示/反转/负面/结论）、`#000000`（事实/术语/数据）。动画 `anim`：`spring` | `slideUp` | `popIn` | `highlight`。
   - 音效可选(仅写在锚点对象上的 `audioEffect`)：`impact_thud` | `ping` | `woosh`

2. 视觉标题与字幕分离（仅当 SCHEMA 要求 `notText` / `butText` / `conceptName`、或 DOS_AND_DONTS 的 `left.label` / `right.label` 等时）：

   - 填**极简关键词（约 2～6 字）**，禁止把整句台词搬进标题字段。



## 输出格式（严格 JSON，不要 markdown 代码块）
补全当前模板的param,非数组：
{ "param": { ... } }

===========================================================================================
---------------------------------------- RESPONSE ----------------------------------------
time: 2026-05-24 14:01:10
attempt: 1/3

[OUTPUT]
{
  "param": {
    "stages": [
      {
        "imageSrc": "一个智能手机屏幕特写，屏幕上几个应用图标正在进行流畅的缩放和淡入淡出动态效果",
        "enterEffect": "zoomIn",
        "tone": "calm",
        "showFrom": 0
      },
      {
        "imageSrc": "一个程序员戴着眼镜专注地盯着电脑屏幕，背景有模糊的代码行",
        "enterEffect": "slideLeft",
        "tone": "calm",
        "showFrom": 4
      },
      {
        "imageSrc": "一个发光的抽象问号符号悬浮在空中，周围有高亮光晕，暗示专业术语的揭秘感",
        "enterEffect": "slideBottom",
        "tone": "alert",
        "showFrom": 5
      }
    ]
  }
}
-------------------------------------------------------------------------------------------

======================================== REQUEST ========================================
time: 2026-05-24 14:01:10
provider: deepseek
model: deepseek-v4-pro
retries: 3

[PROMPT]
你是短视频字幕与画面细节处理专家。请把指定台词细化为字模显示参数。


## 完整段落上下文（仅供理解整体语境，判断当前句子的重要性）
先说最不要脸的一类：把常识当发明。

你打开手机，图标会动吧？
会放大、会淡入淡出吧？
这在程序员眼里，
有专业名字。
分层渲染。
透明度渐变。
翻成白话就是：
把图片分几层动，
让它慢慢变亮、变暗。
这是十年前的入门课。

可华为偏要把这些拆开申请专利。
图标前景放大一层，算一件。
背景再放大一层，又是一件。
淡入淡出，再一件。
弹簧动画，再一件。
手机上的开机动画，一件。
车载多屏拼接放同一段动画，又一件。

同一个“开机画面”，
硬拆成几十上百个专利。
就像有人，把“推门”申请成独家技术。
把“抬脚”申请成独家技术。
你回家进门，
理论上要交三次钱。

这是在创新吗？这是在注水。

---


## 🎯 待处理的目标文案
分层渲染。透明度渐变。

## 目标文案content的数组结构
生成模板参数时，format为content_index的字段依据此数组选择匹配的索引，用于决定相应内容出现在动画中的时机

[
  {
    "index": 0,
    "text": "分层渲染。"
  },
  {
    "index": 1,
    "text": "透明度渐变。"
  }
]


## 选定模板及参数规范

模板名称：PANEL_GRID

参数 Schema 说明：

{
  "type": "object",
  "properties": {
    "panels": {
      "type": "array",
      "minItems": 2,
      "maxItems": 6,
      "description": "宫格配图；showFrom 为 content 下标（0-based），在该条 startFrame 显现",
      "items": {
        "type": "object",
        "required": [
          "src",
          "showFrom"
        ],
        "properties": {
          "src": {
            "type": "string",
            "format": "image_prompt",
            "description": "该宫格配图提示词"
          },
          "showFrom": {
            "type": "integer",
            "format": "content_index",
            "description": "content 下标（0-based），非帧数"
          },
          "position": {
            "type": "string",
            "enum": [
              "center",
              "left",
              "right",
              "top",
              "bottom"
            ],
            "description": "可选；弱提示，布局以宫格为准"
          },
          "enterEffect": {
            "type": "string",
            "enum": [
              "breathe",
              "slideLeft",
              "slideBottom",
              "zoomIn",
              "fadeIn"
            ],
            "default": "fadeIn"
          }
        }
      }
    }
  },
  "required": [
    "panels"
  ]
}

// 口播条数（已由程序写入 CONTENT_STR，勿在 param 中输出 content）：口播分句（item.content）至少 2 条；口播分句至多 8 条（超出会被校验器告警）


模板该项的示例供参考：

{
  "template": "PANEL_GRID",
  "param": {
    "panels": [
      {
        "src": "问号堵住去路的简笔画",
        "showFrom": 0,
        "enterEffect": "zoomIn"
      },
      {
        "src": "放大镜只看一角的简笔画",
        "showFrom": 1
      },
      {
        "src": "两人各执一词的简笔画",
        "showFrom": 2
      }
    ]
  }
}


注意：如果该模板生成的参数包含图片视觉描述（如 imageSrc / leftSrc / rightSrc 等等），请只描述纯视觉场景与动作，绝不要包含任何文字、标语或注音。


## 其他通用说明
1. 锚点（Anchor）— 克制与高价值（适用于 SCHEMA 或上文允许出现锚点/高亮时）：
   - 多数句子应**无锚点**；拿不准就留空或 `[]`，避免满屏高亮。
   - 如果一定需要锚点，只选**整段里真正的高潮、反转或核心名词**（宜 2～4 字、有记忆点）；平庸词、铺垫句不要做成锚点。
   - 颜色建议：`#EF4444`（警示/反转/负面/结论）、`#000000`（事实/术语/数据）。动画 `anim`：`spring` | `slideUp` | `popIn` | `highlight`。
   - 音效可选(仅写在锚点对象上的 `audioEffect`)：`impact_thud` | `ping` | `woosh`

2. 视觉标题与字幕分离（仅当 SCHEMA 要求 `notText` / `butText` / `conceptName`、或 DOS_AND_DONTS 的 `left.label` / `right.label` 等时）：

   - 填**极简关键词（约 2～6 字）**，禁止把整句台词搬进标题字段。



## 输出格式（严格 JSON，不要 markdown 代码块）
补全当前模板的param,非数组：
{ "param": { ... } }

===========================================================================================
---------------------------------------- RESPONSE ----------------------------------------
time: 2026-05-24 14:01:21
attempt: 1/3

[OUTPUT]
{ "param": { "panels": [ { "src": "一个彩色圆形被分割成多个半透明图层，各层以不同方向轻微移动", "showFrom": 0, "enterEffect": "fadeIn" }, { "src": "一个半透明的方块从完全不透明逐渐变为完全透明，背景纹理透出", "showFrom": 1, "enterEffect": "fadeIn" } ] } }
-------------------------------------------------------------------------------------------

======================================== REQUEST ========================================
time: 2026-05-24 14:01:21
provider: deepseek
model: deepseek-v4-pro
retries: 3

[PROMPT]
你是短视频字幕与画面细节处理专家。请把指定台词细化为字模显示参数。


## 完整段落上下文（仅供理解整体语境，判断当前句子的重要性）
先说最不要脸的一类：把常识当发明。

你打开手机，图标会动吧？
会放大、会淡入淡出吧？
这在程序员眼里，
有专业名字。
分层渲染。
透明度渐变。
翻成白话就是：
把图片分几层动，
让它慢慢变亮、变暗。
这是十年前的入门课。

可华为偏要把这些拆开申请专利。
图标前景放大一层，算一件。
背景再放大一层，又是一件。
淡入淡出，再一件。
弹簧动画，再一件。
手机上的开机动画，一件。
车载多屏拼接放同一段动画，又一件。

同一个“开机画面”，
硬拆成几十上百个专利。
就像有人，把“推门”申请成独家技术。
把“抬脚”申请成独家技术。
你回家进门，
理论上要交三次钱。

这是在创新吗？这是在注水。

---


## 🎯 待处理的目标文案
翻成白话就是：把图片分几层动，让它慢慢变亮、变暗。

## 目标文案content的数组结构
生成模板参数时，format为content_index的字段依据此数组选择匹配的索引，用于决定相应内容出现在动画中的时机

[
  {
    "index": 0,
    "text": "翻成白话就是："
  },
  {
    "index": 1,
    "text": "把图片分几层动，"
  },
  {
    "index": 2,
    "text": "让它慢慢变亮、"
  },
  {
    "index": 3,
    "text": "变暗。"
  }
]


## 选定模板及参数规范

模板名称：CENTER_FOCUS

参数 Schema 说明：

{
  "type": "object",
  "properties": {
    "imageSrc": {
      "type": "string",
      "format": "image_prompt",
      "description": "主图描述"
    },
    "enterEffect": {
      "type": "string",
      "enum": [
        "fadeIn",
        "slideLeft",
        "slideBottom",
        "zoomIn"
      ],
      "default": "fadeIn",
      "description": "图片入场方式（breathe 呼吸效果始终常驻，无需指定）"
    },
    "anchors": {
      "type": "array",
      "description": "可选；用于锚点词展示（顶部依次出现并保留为列表），并绑定锚点出现时机的音效。showFrom 须落在当前 content 条数范围内。注意 **保持克制，尽量少设置锚点** 只提取整段里真正的高潮、反转或核心名词",
      "items": {
        "type": "object",
        "required": [
          "text",
          "showFrom"
        ],
        "properties": {
          "text": {
            "type": "string",
            "description": "要展示的锚点词"
          },
          "showFrom": {
            "type": "integer",
            "format": "content_index",
            "description": "content 数组下标（0-based），非帧数；合法范围 0～(content 条数-1)，超出会被校验丢弃"
          },
          "color": {
            "type": "string"
          },
          "anim": {
            "type": "string",
            "enum": [
              "spring",
              "slideUp",
              "popIn",
              "highlight"
            ]
          },
          "audioEffect": {
            "type": "string",
            "enum": [
              "impact_thud",
              "ping",
              "woosh"
            ]
          }
        }
      }
    }
  },
  "required": [
    "imageSrc"
  ]
}


模板该项的示例供参考：

{
  "template": "CENTER_FOCUS",
  "param": {
    "imageSrc": "上班族坐在电脑前的简笔画图标",
    "enterEffect": "fadeIn",
    "anchors": [
      {
        "text": "可得性启发",
        "showFrom": 0,
        "color": "red"
      }
    ]
  }
}


注意：如果该模板生成的参数包含图片视觉描述（如 imageSrc / leftSrc / rightSrc 等等），请只描述纯视觉场景与动作，绝不要包含任何文字、标语或注音。


## 其他通用说明
1. 锚点（Anchor）— 克制与高价值（适用于 SCHEMA 或上文允许出现锚点/高亮时）：
   - 多数句子应**无锚点**；拿不准就留空或 `[]`，避免满屏高亮。
   - 如果一定需要锚点，只选**整段里真正的高潮、反转或核心名词**（宜 2～4 字、有记忆点）；平庸词、铺垫句不要做成锚点。
   - 颜色建议：`#EF4444`（警示/反转/负面/结论）、`#000000`（事实/术语/数据）。动画 `anim`：`spring` | `slideUp` | `popIn` | `highlight`。
   - 音效可选(仅写在锚点对象上的 `audioEffect`)：`impact_thud` | `ping` | `woosh`

2. 视觉标题与字幕分离（仅当 SCHEMA 要求 `notText` / `butText` / `conceptName`、或 DOS_AND_DONTS 的 `left.label` / `right.label` 等时）：

   - 填**极简关键词（约 2～6 字）**，禁止把整句台词搬进标题字段。



## 输出格式（严格 JSON，不要 markdown 代码块）
补全当前模板的param,非数组：
{ "param": { ... } }

===========================================================================================
---------------------------------------- RESPONSE ----------------------------------------
time: 2026-05-24 14:01:33
attempt: 1/3

[OUTPUT]
{ "param": { "imageSrc": "手机屏幕上，多个图标的图层分离，图标逐渐放大并淡入淡出", "enterEffect": "fadeIn" } }
-------------------------------------------------------------------------------------------

======================================== REQUEST ========================================
time: 2026-05-24 14:01:33
provider: deepseek
model: deepseek-v4-pro
retries: 3

[PROMPT]
你是短视频字幕与画面细节处理专家。请把指定台词细化为字模显示参数。


## 完整段落上下文（仅供理解整体语境，判断当前句子的重要性）
先说最不要脸的一类：把常识当发明。

你打开手机，图标会动吧？
会放大、会淡入淡出吧？
这在程序员眼里，
有专业名字。
分层渲染。
透明度渐变。
翻成白话就是：
把图片分几层动，
让它慢慢变亮、变暗。
这是十年前的入门课。

可华为偏要把这些拆开申请专利。
图标前景放大一层，算一件。
背景再放大一层，又是一件。
淡入淡出，再一件。
弹簧动画，再一件。
手机上的开机动画，一件。
车载多屏拼接放同一段动画，又一件。

同一个“开机画面”，
硬拆成几十上百个专利。
就像有人，把“推门”申请成独家技术。
把“抬脚”申请成独家技术。
你回家进门，
理论上要交三次钱。

这是在创新吗？这是在注水。

---


## 🎯 待处理的目标文案
这是十年前的入门课。

## 目标文案content的数组结构
生成模板参数时，format为content_index的字段依据此数组选择匹配的索引，用于决定相应内容出现在动画中的时机

[
  {
    "index": 0,
    "text": "这是十年前的入门课。"
  }
]


## 选定模板及参数规范

模板名称：TEXT_FOCUS

参数 Schema 说明：

{
  "type": "object",
  "properties": {
    "coreSentence": {
      "type": "array",
      "minItems": 1,
      "description": "大屏核心文案，每元素一行：可为 string，或 { text, showFrom, endFrom? }；showFrom/endFrom 为 content 下标（0-based），非帧数：在该条 startFrame 显现；可选 endFrom 表示在该条播完（startFrame+durationFrames）后起淡出。纯 string 等价于 showFrom=0、无 endFrom。锚点校验时各段 text 按顺序直接拼接（无分隔符）。",
      "items": {
        "oneOf": [
          {
            "type": "string"
          },
          {
            "type": "object",
            "required": [
              "text",
              "showFrom"
            ],
            "properties": {
              "text": {
                "type": "string",
                "description": "该行大屏文案"
              },
              "showFrom": {
                "type": "integer",
                "format": "content_index",
                "description": "content 下标（0-based），非帧数"
              },
              "endFrom": {
                "type": "integer",
                "format": "content_index",
                "description": "可选；content 下标（0-based），非帧数；该行在对应条字幕结束帧（startFrame+durationFrames）起淡出"
              }
            }
          }
        ]
      }
    },
    "coreSentenceAnchors": {
      "type": "array",
      "description": "可选；在 coreSentence 各段拼接后的全文内按顺序高亮子串。每项 coreSentenceAnchor 须为该拼接串的子串，否则会被校验丢弃",
      "items": {
        "type": "object",
        "required": [
          "coreSentenceAnchor"
        ],
        "properties": {
          "coreSentenceAnchor": {
            "type": "string",
            "description": "要高亮的子串，须出现在各 coreSentence 段拼接后的全文内"
          },
          "color": {
            "type": "string",
            "description": "高亮颜色，省略时默认强调色"
          }
        }
      }
    }
  },
  "required": [
    "coreSentence"
  ]
}

// 口播条数（已由程序写入 CONTENT_STR，勿在 param 中输出 content）：口播分句至多 3 条（超出会被校验器告警）


模板该项的示例供参考：

{
  "template": "TEXT_FOCUS",
  "param": {
    "coreSentence": [
      {
        "text": "承认自己“可能错了”并不是一种软弱",
        "showFrom": 0,
        "endFrom": 0
      },
      {
        "text": "而是成长的开始",
        "showFrom": 1,
        "endFrom": 1
      }
    ],
    "coreSentenceAnchors": [
      {
        "coreSentenceAnchor": "可能错了",
        "color": "red"
      }
    ]
  }
}


注意：如果该模板生成的参数包含图片视觉描述（如 imageSrc / leftSrc / rightSrc 等等），请只描述纯视觉场景与动作，绝不要包含任何文字、标语或注音。


## 其他通用说明
1. 锚点（Anchor）— 克制与高价值（适用于 SCHEMA 或上文允许出现锚点/高亮时）：
   - 多数句子应**无锚点**；拿不准就留空或 `[]`，避免满屏高亮。
   - 如果一定需要锚点，只选**整段里真正的高潮、反转或核心名词**（宜 2～4 字、有记忆点）；平庸词、铺垫句不要做成锚点。
   - 颜色建议：`#EF4444`（警示/反转/负面/结论）、`#000000`（事实/术语/数据）。动画 `anim`：`spring` | `slideUp` | `popIn` | `highlight`。
   - 音效可选(仅写在锚点对象上的 `audioEffect`)：`impact_thud` | `ping` | `woosh`

2. 视觉标题与字幕分离（仅当 SCHEMA 要求 `notText` / `butText` / `conceptName`、或 DOS_AND_DONTS 的 `left.label` / `right.label` 等时）：

   - 填**极简关键词（约 2～6 字）**，禁止把整句台词搬进标题字段。



## 输出格式（严格 JSON，不要 markdown 代码块）
补全当前模板的param,非数组：
{ "param": { ... } }

===========================================================================================
---------------------------------------- RESPONSE ----------------------------------------
time: 2026-05-24 14:01:44
attempt: 1/3

[OUTPUT]
{"param":{"coreSentence":["这是十年前的入门课。"],"coreSentenceAnchors":[]}}
-------------------------------------------------------------------------------------------

======================================== REQUEST ========================================
time: 2026-05-24 14:01:44
provider: deepseek
model: deepseek-v4-pro
retries: 3

[PROMPT]
你是短视频字幕与画面细节处理专家。请把指定台词细化为字模显示参数。


## 完整段落上下文（仅供理解整体语境，判断当前句子的重要性）
先说最不要脸的一类：把常识当发明。

你打开手机，图标会动吧？
会放大、会淡入淡出吧？
这在程序员眼里，
有专业名字。
分层渲染。
透明度渐变。
翻成白话就是：
把图片分几层动，
让它慢慢变亮、变暗。
这是十年前的入门课。

可华为偏要把这些拆开申请专利。
图标前景放大一层，算一件。
背景再放大一层，又是一件。
淡入淡出，再一件。
弹簧动画，再一件。
手机上的开机动画，一件。
车载多屏拼接放同一段动画，又一件。

同一个“开机画面”，
硬拆成几十上百个专利。
就像有人，把“推门”申请成独家技术。
把“抬脚”申请成独家技术。
你回家进门，
理论上要交三次钱。

这是在创新吗？这是在注水。

---


## 🎯 待处理的目标文案
可华为偏要把这些拆开申请专利。

## 目标文案content的数组结构
生成模板参数时，format为content_index的字段依据此数组选择匹配的索引，用于决定相应内容出现在动画中的时机

[
  {
    "index": 0,
    "text": "可华为偏要把这些拆开申请专利。"
  }
]


## 选定模板及参数规范

模板名称：CENTER_FOCUS

参数 Schema 说明：

{
  "type": "object",
  "properties": {
    "imageSrc": {
      "type": "string",
      "format": "image_prompt",
      "description": "主图描述"
    },
    "enterEffect": {
      "type": "string",
      "enum": [
        "fadeIn",
        "slideLeft",
        "slideBottom",
        "zoomIn"
      ],
      "default": "fadeIn",
      "description": "图片入场方式（breathe 呼吸效果始终常驻，无需指定）"
    },
    "anchors": {
      "type": "array",
      "description": "可选；用于锚点词展示（顶部依次出现并保留为列表），并绑定锚点出现时机的音效。showFrom 须落在当前 content 条数范围内。注意 **保持克制，尽量少设置锚点** 只提取整段里真正的高潮、反转或核心名词",
      "items": {
        "type": "object",
        "required": [
          "text",
          "showFrom"
        ],
        "properties": {
          "text": {
            "type": "string",
            "description": "要展示的锚点词"
          },
          "showFrom": {
            "type": "integer",
            "format": "content_index",
            "description": "content 数组下标（0-based），非帧数；合法范围 0～(content 条数-1)，超出会被校验丢弃"
          },
          "color": {
            "type": "string"
          },
          "anim": {
            "type": "string",
            "enum": [
              "spring",
              "slideUp",
              "popIn",
              "highlight"
            ]
          },
          "audioEffect": {
            "type": "string",
            "enum": [
              "impact_thud",
              "ping",
              "woosh"
            ]
          }
        }
      }
    }
  },
  "required": [
    "imageSrc"
  ]
}


模板该项的示例供参考：

{
  "template": "CENTER_FOCUS",
  "param": {
    "imageSrc": "上班族坐在电脑前的简笔画图标",
    "enterEffect": "fadeIn",
    "anchors": [
      {
        "text": "可得性启发",
        "showFrom": 0,
        "color": "red"
      }
    ]
  }
}


注意：如果该模板生成的参数包含图片视觉描述（如 imageSrc / leftSrc / rightSrc 等等），请只描述纯视觉场景与动作，绝不要包含任何文字、标语或注音。


## 其他通用说明
1. 锚点（Anchor）— 克制与高价值（适用于 SCHEMA 或上文允许出现锚点/高亮时）：
   - 多数句子应**无锚点**；拿不准就留空或 `[]`，避免满屏高亮。
   - 如果一定需要锚点，只选**整段里真正的高潮、反转或核心名词**（宜 2～4 字、有记忆点）；平庸词、铺垫句不要做成锚点。
   - 颜色建议：`#EF4444`（警示/反转/负面/结论）、`#000000`（事实/术语/数据）。动画 `anim`：`spring` | `slideUp` | `popIn` | `highlight`。
   - 音效可选(仅写在锚点对象上的 `audioEffect`)：`impact_thud` | `ping` | `woosh`

2. 视觉标题与字幕分离（仅当 SCHEMA 要求 `notText` / `butText` / `conceptName`、或 DOS_AND_DONTS 的 `left.label` / `right.label` 等时）：

   - 填**极简关键词（约 2～6 字）**，禁止把整句台词搬进标题字段。



## 输出格式（严格 JSON，不要 markdown 代码块）
补全当前模板的param,非数组：
{ "param": { ... } }

===========================================================================================
---------------------------------------- RESPONSE ----------------------------------------
time: 2026-05-24 14:01:59
attempt: 1/3

[OUTPUT]
{
  "param": {
    "imageSrc": "华为标志被拆分成许多个拼图碎片的简笔画",
    "enterEffect": "fadeIn",
    "anchors": [
      {
        "text": "拆开",
        "showFrom": 0,
        "color": "#EF4444",
        "anim": "spring"
      }
    ]
  }
}
-------------------------------------------------------------------------------------------

======================================== REQUEST ========================================
time: 2026-05-24 14:01:59
provider: deepseek
model: deepseek-v4-pro
retries: 3

[PROMPT]
你是短视频字幕与画面细节处理专家。请把指定台词细化为字模显示参数。


## 完整段落上下文（仅供理解整体语境，判断当前句子的重要性）
先说最不要脸的一类：把常识当发明。

你打开手机，图标会动吧？
会放大、会淡入淡出吧？
这在程序员眼里，
有专业名字。
分层渲染。
透明度渐变。
翻成白话就是：
把图片分几层动，
让它慢慢变亮、变暗。
这是十年前的入门课。

可华为偏要把这些拆开申请专利。
图标前景放大一层，算一件。
背景再放大一层，又是一件。
淡入淡出，再一件。
弹簧动画，再一件。
手机上的开机动画，一件。
车载多屏拼接放同一段动画，又一件。

同一个“开机画面”，
硬拆成几十上百个专利。
就像有人，把“推门”申请成独家技术。
把“抬脚”申请成独家技术。
你回家进门，
理论上要交三次钱。

这是在创新吗？这是在注水。

---


## 🎯 待处理的目标文案
图标前景放大一层，算一件。背景再放大一层，又是一件。淡入淡出，再一件。

## 目标文案content的数组结构
生成模板参数时，format为content_index的字段依据此数组选择匹配的索引，用于决定相应内容出现在动画中的时机

[
  {
    "index": 0,
    "text": "图标前景放大一层，"
  },
  {
    "index": 1,
    "text": "算一件。"
  },
  {
    "index": 2,
    "text": "背景再放大一层，"
  },
  {
    "index": 3,
    "text": "又是一件。"
  },
  {
    "index": 4,
    "text": "淡入淡出，"
  },
  {
    "index": 5,
    "text": "再一件。"
  }
]


## 选定模板及参数规范

模板名称：PANEL_GRID

参数 Schema 说明：

{
  "type": "object",
  "properties": {
    "panels": {
      "type": "array",
      "minItems": 2,
      "maxItems": 6,
      "description": "宫格配图；showFrom 为 content 下标（0-based），在该条 startFrame 显现",
      "items": {
        "type": "object",
        "required": [
          "src",
          "showFrom"
        ],
        "properties": {
          "src": {
            "type": "string",
            "format": "image_prompt",
            "description": "该宫格配图提示词"
          },
          "showFrom": {
            "type": "integer",
            "format": "content_index",
            "description": "content 下标（0-based），非帧数"
          },
          "position": {
            "type": "string",
            "enum": [
              "center",
              "left",
              "right",
              "top",
              "bottom"
            ],
            "description": "可选；弱提示，布局以宫格为准"
          },
          "enterEffect": {
            "type": "string",
            "enum": [
              "breathe",
              "slideLeft",
              "slideBottom",
              "zoomIn",
              "fadeIn"
            ],
            "default": "fadeIn"
          }
        }
      }
    }
  },
  "required": [
    "panels"
  ]
}

// 口播条数（已由程序写入 CONTENT_STR，勿在 param 中输出 content）：口播分句（item.content）至少 2 条；口播分句至多 8 条（超出会被校验器告警）


模板该项的示例供参考：

{
  "template": "PANEL_GRID",
  "param": {
    "panels": [
      {
        "src": "问号堵住去路的简笔画",
        "showFrom": 0,
        "enterEffect": "zoomIn"
      },
      {
        "src": "放大镜只看一角的简笔画",
        "showFrom": 1
      },
      {
        "src": "两人各执一词的简笔画",
        "showFrom": 2
      }
    ]
  }
}


注意：如果该模板生成的参数包含图片视觉描述（如 imageSrc / leftSrc / rightSrc 等等），请只描述纯视觉场景与动作，绝不要包含任何文字、标语或注音。


## 其他通用说明
1. 锚点（Anchor）— 克制与高价值（适用于 SCHEMA 或上文允许出现锚点/高亮时）：
   - 多数句子应**无锚点**；拿不准就留空或 `[]`，避免满屏高亮。
   - 如果一定需要锚点，只选**整段里真正的高潮、反转或核心名词**（宜 2～4 字、有记忆点）；平庸词、铺垫句不要做成锚点。
   - 颜色建议：`#EF4444`（警示/反转/负面/结论）、`#000000`（事实/术语/数据）。动画 `anim`：`spring` | `slideUp` | `popIn` | `highlight`。
   - 音效可选(仅写在锚点对象上的 `audioEffect`)：`impact_thud` | `ping` | `woosh`

2. 视觉标题与字幕分离（仅当 SCHEMA 要求 `notText` / `butText` / `conceptName`、或 DOS_AND_DONTS 的 `left.label` / `right.label` 等时）：

   - 填**极简关键词（约 2～6 字）**，禁止把整句台词搬进标题字段。



## 输出格式（严格 JSON，不要 markdown 代码块）
补全当前模板的param,非数组：
{ "param": { ... } }

===========================================================================================
---------------------------------------- RESPONSE ----------------------------------------
time: 2026-05-24 14:02:34
attempt: 1/3

[OUTPUT]
{
  "param": {
    "panels": [
      {
        "src": "手机屏幕上，一个应用图标正在放大，仅前景层",
        "showFrom": 0,
        "enterEffect": "zoomIn"
      },
      {
        "src": "一张专利证书，盖着红戳，浮现",
        "showFrom": 1,
        "enterEffect": "slideBottom"
      },
      {
        "src": "同一个图标，但背景壁纸层也跟着单独放大",
        "showFrom": 2,
        "enterEffect": "zoomIn"
      },
      {
        "src": "两张专利证书堆叠，红戳清晰",
        "showFrom": 3,
        "enterEffect": "slideBottom"
      },
      {
        "src": "一个简单的圆形，在半透明与不透明之间渐变",
        "showFrom": 4,
        "enterEffect": "fadeIn"
      },
      {
        "src": "三张带红戳的专利证书摞在一起",
        "showFrom": 5,
        "enterEffect": "slideBottom"
      }
    ]
  }
}
-------------------------------------------------------------------------------------------

======================================== REQUEST ========================================
time: 2026-05-24 14:02:34
provider: deepseek
model: deepseek-v4-pro
retries: 3

[PROMPT]
你是短视频字幕与画面细节处理专家。请把指定台词细化为字模显示参数。


## 完整段落上下文（仅供理解整体语境，判断当前句子的重要性）
先说最不要脸的一类：把常识当发明。

你打开手机，图标会动吧？
会放大、会淡入淡出吧？
这在程序员眼里，
有专业名字。
分层渲染。
透明度渐变。
翻成白话就是：
把图片分几层动，
让它慢慢变亮、变暗。
这是十年前的入门课。

可华为偏要把这些拆开申请专利。
图标前景放大一层，算一件。
背景再放大一层，又是一件。
淡入淡出，再一件。
弹簧动画，再一件。
手机上的开机动画，一件。
车载多屏拼接放同一段动画，又一件。

同一个“开机画面”，
硬拆成几十上百个专利。
就像有人，把“推门”申请成独家技术。
把“抬脚”申请成独家技术。
你回家进门，
理论上要交三次钱。

这是在创新吗？这是在注水。

---


## 🎯 待处理的目标文案
弹簧动画，再一件。手机上的开机动画，一件。车载多屏拼接放同一段动画，又一件。

## 目标文案content的数组结构
生成模板参数时，format为content_index的字段依据此数组选择匹配的索引，用于决定相应内容出现在动画中的时机

[
  {
    "index": 0,
    "text": "弹簧动画，"
  },
  {
    "index": 1,
    "text": "再一件。"
  },
  {
    "index": 2,
    "text": "手机上的开机动画，"
  },
  {
    "index": 3,
    "text": "一件。"
  },
  {
    "index": 4,
    "text": "车载多屏拼接放同一段动画，"
  },
  {
    "index": 5,
    "text": "又一件。"
  }
]


## 选定模板及参数规范

模板名称：PANEL_GRID

参数 Schema 说明：

{
  "type": "object",
  "properties": {
    "panels": {
      "type": "array",
      "minItems": 2,
      "maxItems": 6,
      "description": "宫格配图；showFrom 为 content 下标（0-based），在该条 startFrame 显现",
      "items": {
        "type": "object",
        "required": [
          "src",
          "showFrom"
        ],
        "properties": {
          "src": {
            "type": "string",
            "format": "image_prompt",
            "description": "该宫格配图提示词"
          },
          "showFrom": {
            "type": "integer",
            "format": "content_index",
            "description": "content 下标（0-based），非帧数"
          },
          "position": {
            "type": "string",
            "enum": [
              "center",
              "left",
              "right",
              "top",
              "bottom"
            ],
            "description": "可选；弱提示，布局以宫格为准"
          },
          "enterEffect": {
            "type": "string",
            "enum": [
              "breathe",
              "slideLeft",
              "slideBottom",
              "zoomIn",
              "fadeIn"
            ],
            "default": "fadeIn"
          }
        }
      }
    }
  },
  "required": [
    "panels"
  ]
}

// 口播条数（已由程序写入 CONTENT_STR，勿在 param 中输出 content）：口播分句（item.content）至少 2 条；口播分句至多 8 条（超出会被校验器告警）


模板该项的示例供参考：

{
  "template": "PANEL_GRID",
  "param": {
    "panels": [
      {
        "src": "问号堵住去路的简笔画",
        "showFrom": 0,
        "enterEffect": "zoomIn"
      },
      {
        "src": "放大镜只看一角的简笔画",
        "showFrom": 1
      },
      {
        "src": "两人各执一词的简笔画",
        "showFrom": 2
      }
    ]
  }
}


注意：如果该模板生成的参数包含图片视觉描述（如 imageSrc / leftSrc / rightSrc 等等），请只描述纯视觉场景与动作，绝不要包含任何文字、标语或注音。


## 其他通用说明
1. 锚点（Anchor）— 克制与高价值（适用于 SCHEMA 或上文允许出现锚点/高亮时）：
   - 多数句子应**无锚点**；拿不准就留空或 `[]`，避免满屏高亮。
   - 如果一定需要锚点，只选**整段里真正的高潮、反转或核心名词**（宜 2～4 字、有记忆点）；平庸词、铺垫句不要做成锚点。
   - 颜色建议：`#EF4444`（警示/反转/负面/结论）、`#000000`（事实/术语/数据）。动画 `anim`：`spring` | `slideUp` | `popIn` | `highlight`。
   - 音效可选(仅写在锚点对象上的 `audioEffect`)：`impact_thud` | `ping` | `woosh`

2. 视觉标题与字幕分离（仅当 SCHEMA 要求 `notText` / `butText` / `conceptName`、或 DOS_AND_DONTS 的 `left.label` / `right.label` 等时）：

   - 填**极简关键词（约 2～6 字）**，禁止把整句台词搬进标题字段。



## 输出格式（严格 JSON，不要 markdown 代码块）
补全当前模板的param,非数组：
{ "param": { ... } }

===========================================================================================
---------------------------------------- RESPONSE ----------------------------------------
time: 2026-05-24 14:02:51
attempt: 1/3

[OUTPUT]
{"param":{"panels":[{"src":"弹簧在弹跳的简笔画","showFrom":0,"enterEffect":"zoomIn"},{"src":"手机屏幕播放开机动画的简笔画","showFrom":2,"enterEffect":"fadeIn"},{"src":"多块屏幕拼接播放同一段动画的简笔画","showFrom":4,"enterEffect":"fadeIn"}]}}
-------------------------------------------------------------------------------------------

======================================== REQUEST ========================================
time: 2026-05-24 14:02:51
provider: deepseek
model: deepseek-v4-pro
retries: 3

[PROMPT]
你是短视频字幕与画面细节处理专家。请把指定台词细化为字模显示参数。


## 完整段落上下文（仅供理解整体语境，判断当前句子的重要性）
先说最不要脸的一类：把常识当发明。

你打开手机，图标会动吧？
会放大、会淡入淡出吧？
这在程序员眼里，
有专业名字。
分层渲染。
透明度渐变。
翻成白话就是：
把图片分几层动，
让它慢慢变亮、变暗。
这是十年前的入门课。

可华为偏要把这些拆开申请专利。
图标前景放大一层，算一件。
背景再放大一层，又是一件。
淡入淡出，再一件。
弹簧动画，再一件。
手机上的开机动画，一件。
车载多屏拼接放同一段动画，又一件。

同一个“开机画面”，
硬拆成几十上百个专利。
就像有人，把“推门”申请成独家技术。
把“抬脚”申请成独家技术。
你回家进门，
理论上要交三次钱。

这是在创新吗？这是在注水。

---


## 🎯 待处理的目标文案
同一个“开机画面”，硬拆成几十上百个专利。

## 目标文案content的数组结构
生成模板参数时，format为content_index的字段依据此数组选择匹配的索引，用于决定相应内容出现在动画中的时机

[
  {
    "index": 0,
    "text": "同一个“开机画面”，"
  },
  {
    "index": 1,
    "text": "硬拆成几十上百个专利。"
  }
]


## 选定模板及参数规范

模板名称：MAGNIFYING_GLASS

参数 Schema 说明：

{
  "type": "object",
  "properties": {
    "anchors": {
      "type": "array",
      "minItems": 1,
      "maxItems": 3,
      "description": "必填且非空（建议 1～2 个高价值锚点）；每项通过 showFrom 对齐 content 分句。锚点应落在“揭示性落点句”或其核心关键词上，不要把整段说明塞满锚点",
      "items": {
        "type": "object",
        "required": [
          "text",
          "showFrom"
        ],
        "properties": {
          "text": {
            "type": "string",
            "description": "要聚焦的关键词/短语"
          },
          "showFrom": {
            "type": "integer",
            "format": "content_index",
            "description": "content 数组下标（0-based），非帧数；合法范围 0～(content 条数-1)，超出会被校验丢弃"
          },
          "color": {
            "type": "string"
          },
          "anim": {
            "type": "string",
            "enum": [
              "spring",
              "slideUp",
              "popIn",
              "highlight"
            ]
          },
          "audioEffect": {
            "type": "string",
            "enum": [
              "impact_thud",
              "ping",
              "woosh"
            ]
          }
        }
      }
    }
  },
  "required": [
    "anchors"
  ]
}


模板该项的示例供参考：

{
  "template": "MAGNIFYING_GLASS",
  "param": {
    "anchors": [
      {
        "text": "忽略了基础",
        "showFrom": 0,
        "color": "#111111",
        "anim": "popIn",
        "audioEffect": "ping"
      }
    ]
  }
}


注意：如果该模板生成的参数包含图片视觉描述（如 imageSrc / leftSrc / rightSrc 等等），请只描述纯视觉场景与动作，绝不要包含任何文字、标语或注音。


## 其他通用说明
1. 锚点（Anchor）— 克制与高价值（适用于 SCHEMA 或上文允许出现锚点/高亮时）：
   - 多数句子应**无锚点**；拿不准就留空或 `[]`，避免满屏高亮。
   - 如果一定需要锚点，只选**整段里真正的高潮、反转或核心名词**（宜 2～4 字、有记忆点）；平庸词、铺垫句不要做成锚点。
   - 颜色建议：`#EF4444`（警示/反转/负面/结论）、`#000000`（事实/术语/数据）。动画 `anim`：`spring` | `slideUp` | `popIn` | `highlight`。
   - 音效可选(仅写在锚点对象上的 `audioEffect`)：`impact_thud` | `ping` | `woosh`

2. 视觉标题与字幕分离（仅当 SCHEMA 要求 `notText` / `butText` / `conceptName`、或 DOS_AND_DONTS 的 `left.label` / `right.label` 等时）：

   - 填**极简关键词（约 2～6 字）**，禁止把整句台词搬进标题字段。



## 输出格式（严格 JSON，不要 markdown 代码块）
补全当前模板的param,非数组：
{ "param": { ... } }

===========================================================================================
---------------------------------------- RESPONSE ----------------------------------------
time: 2026-05-24 14:03:04
attempt: 1/3

[OUTPUT]
{"param": {"anchors": [{"text": "几十上百个专利", "showFrom": 1, "color": "#EF4444", "anim": "spring", "audioEffect": "impact_thud"}]}}
-------------------------------------------------------------------------------------------

======================================== REQUEST ========================================
time: 2026-05-24 14:03:04
provider: deepseek
model: deepseek-v4-pro
retries: 3

[PROMPT]
你是短视频字幕与画面细节处理专家。请把指定台词细化为字模显示参数。


## 完整段落上下文（仅供理解整体语境，判断当前句子的重要性）
先说最不要脸的一类：把常识当发明。

你打开手机，图标会动吧？
会放大、会淡入淡出吧？
这在程序员眼里，
有专业名字。
分层渲染。
透明度渐变。
翻成白话就是：
把图片分几层动，
让它慢慢变亮、变暗。
这是十年前的入门课。

可华为偏要把这些拆开申请专利。
图标前景放大一层，算一件。
背景再放大一层，又是一件。
淡入淡出，再一件。
弹簧动画，再一件。
手机上的开机动画，一件。
车载多屏拼接放同一段动画，又一件。

同一个“开机画面”，
硬拆成几十上百个专利。
就像有人，把“推门”申请成独家技术。
把“抬脚”申请成独家技术。
你回家进门，
理论上要交三次钱。

这是在创新吗？这是在注水。

---


## 🎯 待处理的目标文案
就像有人，把“推门”申请成独家技术。把“抬脚”申请成独家技术。

## 目标文案content的数组结构
生成模板参数时，format为content_index的字段依据此数组选择匹配的索引，用于决定相应内容出现在动画中的时机

[
  {
    "index": 0,
    "text": "就像有人，"
  },
  {
    "index": 1,
    "text": "把“推门”申请成独家技术。"
  },
  {
    "index": 2,
    "text": "把“抬脚”申请成独家技术。"
  }
]


## 选定模板及参数规范

模板名称：PANEL_GRID

参数 Schema 说明：

{
  "type": "object",
  "properties": {
    "panels": {
      "type": "array",
      "minItems": 2,
      "maxItems": 6,
      "description": "宫格配图；showFrom 为 content 下标（0-based），在该条 startFrame 显现",
      "items": {
        "type": "object",
        "required": [
          "src",
          "showFrom"
        ],
        "properties": {
          "src": {
            "type": "string",
            "format": "image_prompt",
            "description": "该宫格配图提示词"
          },
          "showFrom": {
            "type": "integer",
            "format": "content_index",
            "description": "content 下标（0-based），非帧数"
          },
          "position": {
            "type": "string",
            "enum": [
              "center",
              "left",
              "right",
              "top",
              "bottom"
            ],
            "description": "可选；弱提示，布局以宫格为准"
          },
          "enterEffect": {
            "type": "string",
            "enum": [
              "breathe",
              "slideLeft",
              "slideBottom",
              "zoomIn",
              "fadeIn"
            ],
            "default": "fadeIn"
          }
        }
      }
    }
  },
  "required": [
    "panels"
  ]
}

// 口播条数（已由程序写入 CONTENT_STR，勿在 param 中输出 content）：口播分句（item.content）至少 2 条；口播分句至多 8 条（超出会被校验器告警）


模板该项的示例供参考：

{
  "template": "PANEL_GRID",
  "param": {
    "panels": [
      {
        "src": "问号堵住去路的简笔画",
        "showFrom": 0,
        "enterEffect": "zoomIn"
      },
      {
        "src": "放大镜只看一角的简笔画",
        "showFrom": 1
      },
      {
        "src": "两人各执一词的简笔画",
        "showFrom": 2
      }
    ]
  }
}


注意：如果该模板生成的参数包含图片视觉描述（如 imageSrc / leftSrc / rightSrc 等等），请只描述纯视觉场景与动作，绝不要包含任何文字、标语或注音。


## 其他通用说明
1. 锚点（Anchor）— 克制与高价值（适用于 SCHEMA 或上文允许出现锚点/高亮时）：
   - 多数句子应**无锚点**；拿不准就留空或 `[]`，避免满屏高亮。
   - 如果一定需要锚点，只选**整段里真正的高潮、反转或核心名词**（宜 2～4 字、有记忆点）；平庸词、铺垫句不要做成锚点。
   - 颜色建议：`#EF4444`（警示/反转/负面/结论）、`#000000`（事实/术语/数据）。动画 `anim`：`spring` | `slideUp` | `popIn` | `highlight`。
   - 音效可选(仅写在锚点对象上的 `audioEffect`)：`impact_thud` | `ping` | `woosh`

2. 视觉标题与字幕分离（仅当 SCHEMA 要求 `notText` / `butText` / `conceptName`、或 DOS_AND_DONTS 的 `left.label` / `right.label` 等时）：

   - 填**极简关键词（约 2～6 字）**，禁止把整句台词搬进标题字段。



## 输出格式（严格 JSON，不要 markdown 代码块）
补全当前模板的param,非数组：
{ "param": { ... } }

===========================================================================================
---------------------------------------- RESPONSE ----------------------------------------
time: 2026-05-24 14:03:28
attempt: 1/3

[OUTPUT]
{
  "param": {
    "panels": [
      {
        "src": "一只手推着一扇厚重的木门，门上挂着一个夸张的金色专利标志锁，锁上带链条，背景是普通的家居入口",
        "showFrom": 1,
        "enterEffect": "fadeIn"
      },
      {
        "src": "同一个人站在门槛上，抬起一只脚准备跨步，脚踝上系着醒目的红色专利标签，背景是家门口地垫",
        "showFrom": 2,
        "enterEffect": "fadeIn"
      }
    ]
  }
}
-------------------------------------------------------------------------------------------

======================================== REQUEST ========================================
time: 2026-05-24 14:03:28
provider: deepseek
model: deepseek-v4-pro
retries: 3

[PROMPT]
你是短视频字幕与画面细节处理专家。请把指定台词细化为字模显示参数。


## 完整段落上下文（仅供理解整体语境，判断当前句子的重要性）
先说最不要脸的一类：把常识当发明。

你打开手机，图标会动吧？
会放大、会淡入淡出吧？
这在程序员眼里，
有专业名字。
分层渲染。
透明度渐变。
翻成白话就是：
把图片分几层动，
让它慢慢变亮、变暗。
这是十年前的入门课。

可华为偏要把这些拆开申请专利。
图标前景放大一层，算一件。
背景再放大一层，又是一件。
淡入淡出，再一件。
弹簧动画，再一件。
手机上的开机动画，一件。
车载多屏拼接放同一段动画，又一件。

同一个“开机画面”，
硬拆成几十上百个专利。
就像有人，把“推门”申请成独家技术。
把“抬脚”申请成独家技术。
你回家进门，
理论上要交三次钱。

这是在创新吗？这是在注水。

---


## 🎯 待处理的目标文案
你回家进门，理论上要交三次钱。

## 目标文案content的数组结构
生成模板参数时，format为content_index的字段依据此数组选择匹配的索引，用于决定相应内容出现在动画中的时机

[
  {
    "index": 0,
    "text": "你回家进门，"
  },
  {
    "index": 1,
    "text": "理论上要交三次钱。"
  }
]


## 选定模板及参数规范

模板名称：TEXT_FOCUS

参数 Schema 说明：

{
  "type": "object",
  "properties": {
    "coreSentence": {
      "type": "array",
      "minItems": 1,
      "description": "大屏核心文案，每元素一行：可为 string，或 { text, showFrom, endFrom? }；showFrom/endFrom 为 content 下标（0-based），非帧数：在该条 startFrame 显现；可选 endFrom 表示在该条播完（startFrame+durationFrames）后起淡出。纯 string 等价于 showFrom=0、无 endFrom。锚点校验时各段 text 按顺序直接拼接（无分隔符）。",
      "items": {
        "oneOf": [
          {
            "type": "string"
          },
          {
            "type": "object",
            "required": [
              "text",
              "showFrom"
            ],
            "properties": {
              "text": {
                "type": "string",
                "description": "该行大屏文案"
              },
              "showFrom": {
                "type": "integer",
                "format": "content_index",
                "description": "content 下标（0-based），非帧数"
              },
              "endFrom": {
                "type": "integer",
                "format": "content_index",
                "description": "可选；content 下标（0-based），非帧数；该行在对应条字幕结束帧（startFrame+durationFrames）起淡出"
              }
            }
          }
        ]
      }
    },
    "coreSentenceAnchors": {
      "type": "array",
      "description": "可选；在 coreSentence 各段拼接后的全文内按顺序高亮子串。每项 coreSentenceAnchor 须为该拼接串的子串，否则会被校验丢弃",
      "items": {
        "type": "object",
        "required": [
          "coreSentenceAnchor"
        ],
        "properties": {
          "coreSentenceAnchor": {
            "type": "string",
            "description": "要高亮的子串，须出现在各 coreSentence 段拼接后的全文内"
          },
          "color": {
            "type": "string",
            "description": "高亮颜色，省略时默认强调色"
          }
        }
      }
    }
  },
  "required": [
    "coreSentence"
  ]
}

// 口播条数（已由程序写入 CONTENT_STR，勿在 param 中输出 content）：口播分句至多 3 条（超出会被校验器告警）


模板该项的示例供参考：

{
  "template": "TEXT_FOCUS",
  "param": {
    "coreSentence": [
      {
        "text": "承认自己“可能错了”并不是一种软弱",
        "showFrom": 0,
        "endFrom": 0
      },
      {
        "text": "而是成长的开始",
        "showFrom": 1,
        "endFrom": 1
      }
    ],
    "coreSentenceAnchors": [
      {
        "coreSentenceAnchor": "可能错了",
        "color": "red"
      }
    ]
  }
}


注意：如果该模板生成的参数包含图片视觉描述（如 imageSrc / leftSrc / rightSrc 等等），请只描述纯视觉场景与动作，绝不要包含任何文字、标语或注音。


## 其他通用说明
1. 锚点（Anchor）— 克制与高价值（适用于 SCHEMA 或上文允许出现锚点/高亮时）：
   - 多数句子应**无锚点**；拿不准就留空或 `[]`，避免满屏高亮。
   - 如果一定需要锚点，只选**整段里真正的高潮、反转或核心名词**（宜 2～4 字、有记忆点）；平庸词、铺垫句不要做成锚点。
   - 颜色建议：`#EF4444`（警示/反转/负面/结论）、`#000000`（事实/术语/数据）。动画 `anim`：`spring` | `slideUp` | `popIn` | `highlight`。
   - 音效可选(仅写在锚点对象上的 `audioEffect`)：`impact_thud` | `ping` | `woosh`

2. 视觉标题与字幕分离（仅当 SCHEMA 要求 `notText` / `butText` / `conceptName`、或 DOS_AND_DONTS 的 `left.label` / `right.label` 等时）：

   - 填**极简关键词（约 2～6 字）**，禁止把整句台词搬进标题字段。



## 输出格式（严格 JSON，不要 markdown 代码块）
补全当前模板的param,非数组：
{ "param": { ... } }

===========================================================================================
---------------------------------------- RESPONSE ----------------------------------------
time: 2026-05-24 14:03:41
attempt: 1/3

[OUTPUT]
{
  "param": {
    "coreSentence": [
      {
        "text": "你回家进门，",
        "showFrom": 0,
        "endFrom": 0
      },
      {
        "text": "理论上要交三次钱。",
        "showFrom": 1
      }
    ],
    "coreSentenceAnchors": [
      {
        "coreSentenceAnchor": "交三次钱",
        "color": "#EF4444"
      }
    ]
  }
}
-------------------------------------------------------------------------------------------

======================================== REQUEST ========================================
time: 2026-05-24 14:03:41
provider: deepseek
model: deepseek-v4-pro
retries: 3

[PROMPT]
你是短视频字幕与画面细节处理专家。请把指定台词细化为字模显示参数。


## 完整段落上下文（仅供理解整体语境，判断当前句子的重要性）
先说最不要脸的一类：把常识当发明。

你打开手机，图标会动吧？
会放大、会淡入淡出吧？
这在程序员眼里，
有专业名字。
分层渲染。
透明度渐变。
翻成白话就是：
把图片分几层动，
让它慢慢变亮、变暗。
这是十年前的入门课。

可华为偏要把这些拆开申请专利。
图标前景放大一层，算一件。
背景再放大一层，又是一件。
淡入淡出，再一件。
弹簧动画，再一件。
手机上的开机动画，一件。
车载多屏拼接放同一段动画，又一件。

同一个“开机画面”，
硬拆成几十上百个专利。
就像有人，把“推门”申请成独家技术。
把“抬脚”申请成独家技术。
你回家进门，
理论上要交三次钱。

这是在创新吗？这是在注水。

---


## 🎯 待处理的目标文案
这是在创新吗？这是在注水。

## 目标文案content的数组结构
生成模板参数时，format为content_index的字段依据此数组选择匹配的索引，用于决定相应内容出现在动画中的时机

[
  {
    "index": 0,
    "text": "这是在创新吗？"
  },
  {
    "index": 1,
    "text": "这是在注水。"
  }
]


## 选定模板及参数规范

模板名称：COGNITIVE_SHIFT

参数 Schema 说明：

{
  "type": "object",
  "properties": {
    "notText": {
      "type": "string",
      "description": "被否认知（‘不是’后面的内容）的精炼短句，不超过12个字，"
    },
    "butText": {
      "type": "string",
      "description": "真实认知（‘而是’后面的内容）的精炼短句，不超过12个字"
    },
    "butSrc": {
      "type": "string",
      "format": "image_prompt",
      "description": "真实认知的配图"
    },
    "notContentIndex": {
      "type": "integer",
      "format": "content_index",
      "description": "触发「不是」动画的字幕段索引（默认 0）"
    },
    "butContentIndex": {
      "type": "integer",
      "format": "content_index",
      "description": "触发「而是」动画的字幕段索引（默认 1）"
    }
  },
  "required": [
    "notText",
    "butText"
  ]
}


模板该项的示例供参考：

{
  "template": "COGNITIVE_SHIFT",
  "content": [
    "我们都不应该靠勤奋拼命",
    "我们都应该是靠认知和选择",
    "这样我才能成功"
  ],
  "param": {
    "notText": "靠勤奋拼命",
    "butText": "靠认知和选择",
    "butSrc": "站在高处看地图的思考者",
    "notContentIndex": 0,
    "butContentIndex": 1
  }
}


注意：如果该模板生成的参数包含图片视觉描述（如 imageSrc / leftSrc / rightSrc 等等），请只描述纯视觉场景与动作，绝不要包含任何文字、标语或注音。


## 其他通用说明
1. 锚点（Anchor）— 克制与高价值（适用于 SCHEMA 或上文允许出现锚点/高亮时）：
   - 多数句子应**无锚点**；拿不准就留空或 `[]`，避免满屏高亮。
   - 如果一定需要锚点，只选**整段里真正的高潮、反转或核心名词**（宜 2～4 字、有记忆点）；平庸词、铺垫句不要做成锚点。
   - 颜色建议：`#EF4444`（警示/反转/负面/结论）、`#000000`（事实/术语/数据）。动画 `anim`：`spring` | `slideUp` | `popIn` | `highlight`。
   - 音效可选(仅写在锚点对象上的 `audioEffect`)：`impact_thud` | `ping` | `woosh`

2. 视觉标题与字幕分离（仅当 SCHEMA 要求 `notText` / `butText` / `conceptName`、或 DOS_AND_DONTS 的 `left.label` / `right.label` 等时）：

   - 填**极简关键词（约 2～6 字）**，禁止把整句台词搬进标题字段。



## 输出格式（严格 JSON，不要 markdown 代码块）
补全当前模板的param,非数组：
{ "param": { ... } }

===========================================================================================
---------------------------------------- RESPONSE ----------------------------------------
time: 2026-05-24 14:04:00
attempt: 1/3

[OUTPUT]
{"param":{"notText":"创新","butText":"注水","butSrc":"不断往满杯中倒水，水花四溅","notContentIndex":0,"butContentIndex":1}}
-------------------------------------------------------------------------------------------

======================================== REQUEST ========================================
time: 2026-05-24 14:04:00
provider: deepseek
model: deepseek-v4-pro
retries: 3

[PROMPT]
你是短视频字幕与画面细节处理专家。请把指定台词细化为字模显示参数。


## 完整段落上下文（仅供理解整体语境，判断当前句子的重要性）
第二类，最冷血的：时光倒流式狙击。

专利申请中有一种叫做分案申请，本来是好事。
意思是：
一份专利申请里，
如果塞了两个不相关发明，
拆开来审，各算各的。
合理。

可华为把它玩成了时光机。

说个实案。
2024 年，华为起诉联发科。
核心专利之一，2011 年才提交。
但它不是新东西。
它是从 2007 年那份老申请里，
拆出来的“分身”。

什么意思？
先在 2007 年占一个坑。
这份老申请，叫母案。
后面拆出来的新申请，
叫分案。

分案的厉害之处在于：
它看起来是后来提交的，
却能往前借用母案的时间。

于是玩法就变了。
先把坑占住。
等联发科、三星把芯片做出来。
等行业标准定下来。
等产品上市。
再调整专利保护范围。
也就是修改权利要求。

最后发生什么？
你已经公开的产品，
突然被它精准套住。

这就像你 2007 年签了一份模糊租房合同。
房东说没事，先放着。
你花十年把房子装修好、生意做起来了。
2024 年他拿出补充条款：
你阳台面积算我的，月租翻倍。
你不签？
法院见。

这不是保护研发成果。
这是事后碰瓷。

---


## 🎯 待处理的目标文案
第二类，最冷血的：时光倒流式狙击。

## 目标文案content的数组结构
生成模板参数时，format为content_index的字段依据此数组选择匹配的索引，用于决定相应内容出现在动画中的时机

[
  {
    "index": 0,
    "text": "第二类，"
  },
  {
    "index": 1,
    "text": "最冷血的："
  },
  {
    "index": 2,
    "text": "时光倒流式狙击。"
  }
]


## 选定模板及参数规范

模板名称：CONCEPT_CARD

参数 Schema 说明：

{
  "type": "object",
  "properties": {
    "imageSrc": {
      "type": "string",
      "format": "image_prompt",
      "description": "概念图标描述"
    },
    "conceptName": {
      "type": "string",
      "description": "概念名称"
    }
  },
  "required": [
    "imageSrc",
    "conceptName"
  ]
}


模板该项的示例供参考：

{
  "template": "CONCEPT_CARD",
  "param": {
    "imageSrc": "过滤器/筛网简笔画图标",
    "conceptName": "幸存者偏差"
  }
}


注意：如果该模板生成的参数包含图片视觉描述（如 imageSrc / leftSrc / rightSrc 等等），请只描述纯视觉场景与动作，绝不要包含任何文字、标语或注音。


## 其他通用说明
1. 锚点（Anchor）— 克制与高价值（适用于 SCHEMA 或上文允许出现锚点/高亮时）：
   - 多数句子应**无锚点**；拿不准就留空或 `[]`，避免满屏高亮。
   - 如果一定需要锚点，只选**整段里真正的高潮、反转或核心名词**（宜 2～4 字、有记忆点）；平庸词、铺垫句不要做成锚点。
   - 颜色建议：`#EF4444`（警示/反转/负面/结论）、`#000000`（事实/术语/数据）。动画 `anim`：`spring` | `slideUp` | `popIn` | `highlight`。
   - 音效可选(仅写在锚点对象上的 `audioEffect`)：`impact_thud` | `ping` | `woosh`

2. 视觉标题与字幕分离（仅当 SCHEMA 要求 `notText` / `butText` / `conceptName`、或 DOS_AND_DONTS 的 `left.label` / `right.label` 等时）：

   - 填**极简关键词（约 2～6 字）**，禁止把整句台词搬进标题字段。



## 输出格式（严格 JSON，不要 markdown 代码块）
补全当前模板的param,非数组：
{ "param": { ... } }

===========================================================================================
---------------------------------------- RESPONSE ----------------------------------------
time: 2026-05-24 14:04:10
attempt: 1/3

[OUTPUT]
{
  "param": {
    "imageSrc": "一支狙击步枪的瞄准镜十字准星，中心重叠一个逆时针旋转的时钟，背景有子弹沿弹道回退的虚线轨迹",
    "conceptName": "时光倒流式狙击"
  }
}
-------------------------------------------------------------------------------------------

======================================== REQUEST ========================================
time: 2026-05-24 14:04:10
provider: deepseek
model: deepseek-v4-pro
retries: 3

[PROMPT]
你是短视频字幕与画面细节处理专家。请把指定台词细化为字模显示参数。


## 完整段落上下文（仅供理解整体语境，判断当前句子的重要性）
第二类，最冷血的：时光倒流式狙击。

专利申请中有一种叫做分案申请，本来是好事。
意思是：
一份专利申请里，
如果塞了两个不相关发明，
拆开来审，各算各的。
合理。

可华为把它玩成了时光机。

说个实案。
2024 年，华为起诉联发科。
核心专利之一，2011 年才提交。
但它不是新东西。
它是从 2007 年那份老申请里，
拆出来的“分身”。

什么意思？
先在 2007 年占一个坑。
这份老申请，叫母案。
后面拆出来的新申请，
叫分案。

分案的厉害之处在于：
它看起来是后来提交的，
却能往前借用母案的时间。

于是玩法就变了。
先把坑占住。
等联发科、三星把芯片做出来。
等行业标准定下来。
等产品上市。
再调整专利保护范围。
也就是修改权利要求。

最后发生什么？
你已经公开的产品，
突然被它精准套住。

这就像你 2007 年签了一份模糊租房合同。
房东说没事，先放着。
你花十年把房子装修好、生意做起来了。
2024 年他拿出补充条款：
你阳台面积算我的，月租翻倍。
你不签？
法院见。

这不是保护研发成果。
这是事后碰瓷。

---


## 🎯 待处理的目标文案
专利申请中有一种叫做分案申请，本来是好事。意思是：一份专利申请里，如果塞了两个不相关发明，拆开来审，各算各的。合理。

## 目标文案content的数组结构
生成模板参数时，format为content_index的字段依据此数组选择匹配的索引，用于决定相应内容出现在动画中的时机

[
  {
    "index": 0,
    "text": "专利申请中有一种叫做分案申请，"
  },
  {
    "index": 1,
    "text": "本来是好事。"
  },
  {
    "index": 2,
    "text": "意思是："
  },
  {
    "index": 3,
    "text": "一份专利申请里，"
  },
  {
    "index": 4,
    "text": "如果塞了两个不相关发明，"
  },
  {
    "index": 5,
    "text": "拆开来审，"
  },
  {
    "index": 6,
    "text": "各算各的。"
  },
  {
    "index": 7,
    "text": "合理。"
  }
]


## 选定模板及参数规范

模板名称：CONCEPT_CARD

参数 Schema 说明：

{
  "type": "object",
  "properties": {
    "imageSrc": {
      "type": "string",
      "format": "image_prompt",
      "description": "概念图标描述"
    },
    "conceptName": {
      "type": "string",
      "description": "概念名称"
    }
  },
  "required": [
    "imageSrc",
    "conceptName"
  ]
}


模板该项的示例供参考：

{
  "template": "CONCEPT_CARD",
  "param": {
    "imageSrc": "过滤器/筛网简笔画图标",
    "conceptName": "幸存者偏差"
  }
}


注意：如果该模板生成的参数包含图片视觉描述（如 imageSrc / leftSrc / rightSrc 等等），请只描述纯视觉场景与动作，绝不要包含任何文字、标语或注音。


## 其他通用说明
1. 锚点（Anchor）— 克制与高价值（适用于 SCHEMA 或上文允许出现锚点/高亮时）：
   - 多数句子应**无锚点**；拿不准就留空或 `[]`，避免满屏高亮。
   - 如果一定需要锚点，只选**整段里真正的高潮、反转或核心名词**（宜 2～4 字、有记忆点）；平庸词、铺垫句不要做成锚点。
   - 颜色建议：`#EF4444`（警示/反转/负面/结论）、`#000000`（事实/术语/数据）。动画 `anim`：`spring` | `slideUp` | `popIn` | `highlight`。
   - 音效可选(仅写在锚点对象上的 `audioEffect`)：`impact_thud` | `ping` | `woosh`

2. 视觉标题与字幕分离（仅当 SCHEMA 要求 `notText` / `butText` / `conceptName`、或 DOS_AND_DONTS 的 `left.label` / `right.label` 等时）：

   - 填**极简关键词（约 2～6 字）**，禁止把整句台词搬进标题字段。



## 输出格式（严格 JSON，不要 markdown 代码块）
补全当前模板的param,非数组：
{ "param": { ... } }

===========================================================================================
---------------------------------------- RESPONSE ----------------------------------------
time: 2026-05-24 14:04:16
attempt: 1/3

[OUTPUT]
{"param": {"imageSrc": "一份专利文件分裂成两份独立的文件图标，代表原申请中分离出新的申请", "conceptName": "分案申请"}}
-------------------------------------------------------------------------------------------

======================================== REQUEST ========================================
time: 2026-05-24 14:04:16
provider: deepseek
model: deepseek-v4-pro
retries: 3

[PROMPT]
你是短视频字幕与画面细节处理专家。请把指定台词细化为字模显示参数。


## 完整段落上下文（仅供理解整体语境，判断当前句子的重要性）
第二类，最冷血的：时光倒流式狙击。

专利申请中有一种叫做分案申请，本来是好事。
意思是：
一份专利申请里，
如果塞了两个不相关发明，
拆开来审，各算各的。
合理。

可华为把它玩成了时光机。

说个实案。
2024 年，华为起诉联发科。
核心专利之一，2011 年才提交。
但它不是新东西。
它是从 2007 年那份老申请里，
拆出来的“分身”。

什么意思？
先在 2007 年占一个坑。
这份老申请，叫母案。
后面拆出来的新申请，
叫分案。

分案的厉害之处在于：
它看起来是后来提交的，
却能往前借用母案的时间。

于是玩法就变了。
先把坑占住。
等联发科、三星把芯片做出来。
等行业标准定下来。
等产品上市。
再调整专利保护范围。
也就是修改权利要求。

最后发生什么？
你已经公开的产品，
突然被它精准套住。

这就像你 2007 年签了一份模糊租房合同。
房东说没事，先放着。
你花十年把房子装修好、生意做起来了。
2024 年他拿出补充条款：
你阳台面积算我的，月租翻倍。
你不签？
法院见。

这不是保护研发成果。
这是事后碰瓷。

---


## 🎯 待处理的目标文案
可华为把它玩成了时光机。

## 目标文案content的数组结构
生成模板参数时，format为content_index的字段依据此数组选择匹配的索引，用于决定相应内容出现在动画中的时机

[
  {
    "index": 0,
    "text": "可华为把它玩成了时光机。"
  }
]


## 选定模板及参数规范

模板名称：TEXT_FOCUS

参数 Schema 说明：

{
  "type": "object",
  "properties": {
    "coreSentence": {
      "type": "array",
      "minItems": 1,
      "description": "大屏核心文案，每元素一行：可为 string，或 { text, showFrom, endFrom? }；showFrom/endFrom 为 content 下标（0-based），非帧数：在该条 startFrame 显现；可选 endFrom 表示在该条播完（startFrame+durationFrames）后起淡出。纯 string 等价于 showFrom=0、无 endFrom。锚点校验时各段 text 按顺序直接拼接（无分隔符）。",
      "items": {
        "oneOf": [
          {
            "type": "string"
          },
          {
            "type": "object",
            "required": [
              "text",
              "showFrom"
            ],
            "properties": {
              "text": {
                "type": "string",
                "description": "该行大屏文案"
              },
              "showFrom": {
                "type": "integer",
                "format": "content_index",
                "description": "content 下标（0-based），非帧数"
              },
              "endFrom": {
                "type": "integer",
                "format": "content_index",
                "description": "可选；content 下标（0-based），非帧数；该行在对应条字幕结束帧（startFrame+durationFrames）起淡出"
              }
            }
          }
        ]
      }
    },
    "coreSentenceAnchors": {
      "type": "array",
      "description": "可选；在 coreSentence 各段拼接后的全文内按顺序高亮子串。每项 coreSentenceAnchor 须为该拼接串的子串，否则会被校验丢弃",
      "items": {
        "type": "object",
        "required": [
          "coreSentenceAnchor"
        ],
        "properties": {
          "coreSentenceAnchor": {
            "type": "string",
            "description": "要高亮的子串，须出现在各 coreSentence 段拼接后的全文内"
          },
          "color": {
            "type": "string",
            "description": "高亮颜色，省略时默认强调色"
          }
        }
      }
    }
  },
  "required": [
    "coreSentence"
  ]
}

// 口播条数（已由程序写入 CONTENT_STR，勿在 param 中输出 content）：口播分句至多 3 条（超出会被校验器告警）


模板该项的示例供参考：

{
  "template": "TEXT_FOCUS",
  "param": {
    "coreSentence": [
      {
        "text": "承认自己“可能错了”并不是一种软弱",
        "showFrom": 0,
        "endFrom": 0
      },
      {
        "text": "而是成长的开始",
        "showFrom": 1,
        "endFrom": 1
      }
    ],
    "coreSentenceAnchors": [
      {
        "coreSentenceAnchor": "可能错了",
        "color": "red"
      }
    ]
  }
}


注意：如果该模板生成的参数包含图片视觉描述（如 imageSrc / leftSrc / rightSrc 等等），请只描述纯视觉场景与动作，绝不要包含任何文字、标语或注音。


## 其他通用说明
1. 锚点（Anchor）— 克制与高价值（适用于 SCHEMA 或上文允许出现锚点/高亮时）：
   - 多数句子应**无锚点**；拿不准就留空或 `[]`，避免满屏高亮。
   - 如果一定需要锚点，只选**整段里真正的高潮、反转或核心名词**（宜 2～4 字、有记忆点）；平庸词、铺垫句不要做成锚点。
   - 颜色建议：`#EF4444`（警示/反转/负面/结论）、`#000000`（事实/术语/数据）。动画 `anim`：`spring` | `slideUp` | `popIn` | `highlight`。
   - 音效可选(仅写在锚点对象上的 `audioEffect`)：`impact_thud` | `ping` | `woosh`

2. 视觉标题与字幕分离（仅当 SCHEMA 要求 `notText` / `butText` / `conceptName`、或 DOS_AND_DONTS 的 `left.label` / `right.label` 等时）：

   - 填**极简关键词（约 2～6 字）**，禁止把整句台词搬进标题字段。



## 输出格式（严格 JSON，不要 markdown 代码块）
补全当前模板的param,非数组：
{ "param": { ... } }

===========================================================================================
---------------------------------------- RESPONSE ----------------------------------------
time: 2026-05-24 14:04:28
attempt: 1/3

[OUTPUT]
{
  "param": {
    "coreSentence": [
      {
        "text": "可华为把它玩成了时光机。",
        "showFrom": 0,
        "endFrom": 0
      }
    ],
    "coreSentenceAnchors": [
      {
        "coreSentenceAnchor": "时光机",
        "color": "#EF4444"
      }
    ]
  }
}
-------------------------------------------------------------------------------------------

======================================== REQUEST ========================================
time: 2026-05-24 14:04:28
provider: deepseek
model: deepseek-v4-pro
retries: 3

[PROMPT]
你是短视频字幕与画面细节处理专家。请把指定台词细化为字模显示参数。


## 完整段落上下文（仅供理解整体语境，判断当前句子的重要性）
第二类，最冷血的：时光倒流式狙击。

专利申请中有一种叫做分案申请，本来是好事。
意思是：
一份专利申请里，
如果塞了两个不相关发明，
拆开来审，各算各的。
合理。

可华为把它玩成了时光机。

说个实案。
2024 年，华为起诉联发科。
核心专利之一，2011 年才提交。
但它不是新东西。
它是从 2007 年那份老申请里，
拆出来的“分身”。

什么意思？
先在 2007 年占一个坑。
这份老申请，叫母案。
后面拆出来的新申请，
叫分案。

分案的厉害之处在于：
它看起来是后来提交的，
却能往前借用母案的时间。

于是玩法就变了。
先把坑占住。
等联发科、三星把芯片做出来。
等行业标准定下来。
等产品上市。
再调整专利保护范围。
也就是修改权利要求。

最后发生什么？
你已经公开的产品，
突然被它精准套住。

这就像你 2007 年签了一份模糊租房合同。
房东说没事，先放着。
你花十年把房子装修好、生意做起来了。
2024 年他拿出补充条款：
你阳台面积算我的，月租翻倍。
你不签？
法院见。

这不是保护研发成果。
这是事后碰瓷。

---


## 🎯 待处理的目标文案
说个实案。2024 年，华为起诉联发科。核心专利之一，2011 年才提交。但它不是新东西。它是从 2007 年那份老申请里，拆出来的“分身”。

## 目标文案content的数组结构
生成模板参数时，format为content_index的字段依据此数组选择匹配的索引，用于决定相应内容出现在动画中的时机

[
  {
    "index": 0,
    "text": "说个实案。"
  },
  {
    "index": 1,
    "text": "2024 年，"
  },
  {
    "index": 2,
    "text": "华为起诉联发科。"
  },
  {
    "index": 3,
    "text": "核心专利之一，"
  },
  {
    "index": 4,
    "text": "2011 年才提交。"
  },
  {
    "index": 5,
    "text": "但它不是新东西。"
  },
  {
    "index": 6,
    "text": "它是从 2007 年那份老申请里，"
  },
  {
    "index": 7,
    "text": "拆出来的“分身”。"
  }
]


## 选定模板及参数规范

模板名称：CASE_BREAKDOWN

参数 Schema 说明：

{
  "type": "object",
  "properties": {
    "title": {
      "type": "string",
      "description": "案例短标题，建议 4～12 字"
    },
    "imageSrc": {
      "type": "string",
      "format": "image_prompt",
      "description": "单张主图描述，贯穿本案例讲解"
    },
    "phases": {
      "type": "array",
      "minItems": 2,
      "maxItems": 4,
      "description": "叙事阶段；每项含 phaseLabel 与 showFrom；showFrom 为 content 下标（0-based，非帧数），须在 0～(content 条数-1) 内",
      "items": {
        "type": "object",
        "required": [
          "phaseLabel",
          "showFrom"
        ],
        "properties": {
          "phaseLabel": {
            "type": "string",
            "description": "阶段名，如表面个案、误判、真相、收束"
          },
          "showFrom": {
            "type": "integer",
            "format": "content_index",
            "description": "content 数组下标（0-based），非帧数；合法范围 0～(content 条数-1)，超出会被校验丢弃"
          }
        }
      }
    }
  },
  "required": [
    "title",
    "imageSrc",
    "phases"
  ]
}

// 口播条数（已由程序写入 CONTENT_STR，勿在 param 中输出 content）：口播分句（item.content）至少 4 条；口播分句至多 8 条（超出会被校验器告警）


模板该项的示例供参考：

{
  "template": "CASE_BREAKDOWN",
  "param": {
    "title": "长寿悖论",
    "imageSrc": "一位面带微笑的百岁老人正在抽烟，旁边放着一杯酒",
    "phases": [
      {
        "phaseLabel": "表面个案",
        "showFrom": 0
      },
      {
        "phaseLabel": "常见推论",
        "showFrom": 1
      },
      {
        "phaseLabel": "真相",
        "showFrom": 2
      },
      {
        "phaseLabel": "收束",
        "showFrom": 3
      }
    ]
  }
}


注意：如果该模板生成的参数包含图片视觉描述（如 imageSrc / leftSrc / rightSrc 等等），请只描述纯视觉场景与动作，绝不要包含任何文字、标语或注音。


## 其他通用说明
1. 锚点（Anchor）— 克制与高价值（适用于 SCHEMA 或上文允许出现锚点/高亮时）：
   - 多数句子应**无锚点**；拿不准就留空或 `[]`，避免满屏高亮。
   - 如果一定需要锚点，只选**整段里真正的高潮、反转或核心名词**（宜 2～4 字、有记忆点）；平庸词、铺垫句不要做成锚点。
   - 颜色建议：`#EF4444`（警示/反转/负面/结论）、`#000000`（事实/术语/数据）。动画 `anim`：`spring` | `slideUp` | `popIn` | `highlight`。
   - 音效可选(仅写在锚点对象上的 `audioEffect`)：`impact_thud` | `ping` | `woosh`

2. 视觉标题与字幕分离（仅当 SCHEMA 要求 `notText` / `butText` / `conceptName`、或 DOS_AND_DONTS 的 `left.label` / `right.label` 等时）：

   - 填**极简关键词（约 2～6 字）**，禁止把整句台词搬进标题字段。



## 输出格式（严格 JSON，不要 markdown 代码块）
补全当前模板的param,非数组：
{ "param": { ... } }

===========================================================================================
---------------------------------------- RESPONSE ----------------------------------------
time: 2026-05-24 14:04:50
attempt: 1/3

[OUTPUT]
{
  "param": {
    "title": "专利分身术",
    "imageSrc": "一份泛黄的旧专利申请文件在桌面打开，从文件中复制生成一份较新的申请文件，两份文件之间有一条发光虚线连接，背景隐约有日历从2007年翻到2011年，整体带有时光倒流的视觉效果",
    "phases": [
      {
        "phaseLabel": "引出案例",
        "showFrom": 0
      },
      {
        "phaseLabel": "表面时间线",
        "showFrom": 1
      },
      {
        "phaseLabel": "真相揭露",
        "showFrom": 5
      },
      {
        "phaseLabel": "分身概念",
        "showFrom": 7
      }
    ]
  }
}
-------------------------------------------------------------------------------------------

======================================== REQUEST ========================================
time: 2026-05-24 14:04:50
provider: deepseek
model: deepseek-v4-pro
retries: 3

[PROMPT]
你是短视频字幕与画面细节处理专家。请把指定台词细化为字模显示参数。


## 完整段落上下文（仅供理解整体语境，判断当前句子的重要性）
第二类，最冷血的：时光倒流式狙击。

专利申请中有一种叫做分案申请，本来是好事。
意思是：
一份专利申请里，
如果塞了两个不相关发明，
拆开来审，各算各的。
合理。

可华为把它玩成了时光机。

说个实案。
2024 年，华为起诉联发科。
核心专利之一，2011 年才提交。
但它不是新东西。
它是从 2007 年那份老申请里，
拆出来的“分身”。

什么意思？
先在 2007 年占一个坑。
这份老申请，叫母案。
后面拆出来的新申请，
叫分案。

分案的厉害之处在于：
它看起来是后来提交的，
却能往前借用母案的时间。

于是玩法就变了。
先把坑占住。
等联发科、三星把芯片做出来。
等行业标准定下来。
等产品上市。
再调整专利保护范围。
也就是修改权利要求。

最后发生什么？
你已经公开的产品，
突然被它精准套住。

这就像你 2007 年签了一份模糊租房合同。
房东说没事，先放着。
你花十年把房子装修好、生意做起来了。
2024 年他拿出补充条款：
你阳台面积算我的，月租翻倍。
你不签？
法院见。

这不是保护研发成果。
这是事后碰瓷。

---


## 🎯 待处理的目标文案
什么意思？先在 2007 年占一个坑。这份老申请，叫母案。后面拆出来的新申请，叫分案。分案的厉害之处在于：它看起来是后来提交的，却能往前借用母案的时间。

## 目标文案content的数组结构
生成模板参数时，format为content_index的字段依据此数组选择匹配的索引，用于决定相应内容出现在动画中的时机

[
  {
    "index": 0,
    "text": "什么意思？"
  },
  {
    "index": 1,
    "text": "先在 2007 年占一个坑。"
  },
  {
    "index": 2,
    "text": "这份老申请，"
  },
  {
    "index": 3,
    "text": "叫母案。"
  },
  {
    "index": 4,
    "text": "后面拆出来的新申请，"
  },
  {
    "index": 5,
    "text": "叫分案。"
  },
  {
    "index": 6,
    "text": "分案的厉害之处在于："
  },
  {
    "index": 7,
    "text": "它看起来是后来提交的，"
  },
  {
    "index": 8,
    "text": "却能往前借用母案的时间。"
  }
]


## 选定模板及参数规范

模板名称：CONCEPT_CARD

参数 Schema 说明：

{
  "type": "object",
  "properties": {
    "imageSrc": {
      "type": "string",
      "format": "image_prompt",
      "description": "概念图标描述"
    },
    "conceptName": {
      "type": "string",
      "description": "概念名称"
    }
  },
  "required": [
    "imageSrc",
    "conceptName"
  ]
}


模板该项的示例供参考：

{
  "template": "CONCEPT_CARD",
  "param": {
    "imageSrc": "过滤器/筛网简笔画图标",
    "conceptName": "幸存者偏差"
  }
}


注意：如果该模板生成的参数包含图片视觉描述（如 imageSrc / leftSrc / rightSrc 等等），请只描述纯视觉场景与动作，绝不要包含任何文字、标语或注音。


## 其他通用说明
1. 锚点（Anchor）— 克制与高价值（适用于 SCHEMA 或上文允许出现锚点/高亮时）：
   - 多数句子应**无锚点**；拿不准就留空或 `[]`，避免满屏高亮。
   - 如果一定需要锚点，只选**整段里真正的高潮、反转或核心名词**（宜 2～4 字、有记忆点）；平庸词、铺垫句不要做成锚点。
   - 颜色建议：`#EF4444`（警示/反转/负面/结论）、`#000000`（事实/术语/数据）。动画 `anim`：`spring` | `slideUp` | `popIn` | `highlight`。
   - 音效可选(仅写在锚点对象上的 `audioEffect`)：`impact_thud` | `ping` | `woosh`

2. 视觉标题与字幕分离（仅当 SCHEMA 要求 `notText` / `butText` / `conceptName`、或 DOS_AND_DONTS 的 `left.label` / `right.label` 等时）：

   - 填**极简关键词（约 2～6 字）**，禁止把整句台词搬进标题字段。



## 输出格式（严格 JSON，不要 markdown 代码块）
补全当前模板的param,非数组：
{ "param": { ... } }

===========================================================================================
---------------------------------------- RESPONSE ----------------------------------------
time: 2026-05-24 14:05:01
attempt: 1/3

[OUTPUT]
{
  "param": {
    "imageSrc": "一个发光的时钟指针逆时针转动，从2024年倒回2007年，同时一份文件从老档案中分离出新的副本",
    "conceptName": "分案时间回溯"
  }
}
-------------------------------------------------------------------------------------------

======================================== REQUEST ========================================
time: 2026-05-24 14:05:01
provider: deepseek
model: deepseek-v4-pro
retries: 3

[PROMPT]
你是短视频字幕与画面细节处理专家。请把指定台词细化为字模显示参数。


## 完整段落上下文（仅供理解整体语境，判断当前句子的重要性）
第二类，最冷血的：时光倒流式狙击。

专利申请中有一种叫做分案申请，本来是好事。
意思是：
一份专利申请里，
如果塞了两个不相关发明，
拆开来审，各算各的。
合理。

可华为把它玩成了时光机。

说个实案。
2024 年，华为起诉联发科。
核心专利之一，2011 年才提交。
但它不是新东西。
它是从 2007 年那份老申请里，
拆出来的“分身”。

什么意思？
先在 2007 年占一个坑。
这份老申请，叫母案。
后面拆出来的新申请，
叫分案。

分案的厉害之处在于：
它看起来是后来提交的，
却能往前借用母案的时间。

于是玩法就变了。
先把坑占住。
等联发科、三星把芯片做出来。
等行业标准定下来。
等产品上市。
再调整专利保护范围。
也就是修改权利要求。

最后发生什么？
你已经公开的产品，
突然被它精准套住。

这就像你 2007 年签了一份模糊租房合同。
房东说没事，先放着。
你花十年把房子装修好、生意做起来了。
2024 年他拿出补充条款：
你阳台面积算我的，月租翻倍。
你不签？
法院见。

这不是保护研发成果。
这是事后碰瓷。

---


## 🎯 待处理的目标文案
于是玩法就变了。先把坑占住。等联发科、三星把芯片做出来。等行业标准定下来。等产品上市。再调整专利保护范围。也就是修改权利要求。

## 目标文案content的数组结构
生成模板参数时，format为content_index的字段依据此数组选择匹配的索引，用于决定相应内容出现在动画中的时机

[
  {
    "index": 0,
    "text": "于是玩法就变了。"
  },
  {
    "index": 1,
    "text": "先把坑占住。"
  },
  {
    "index": 2,
    "text": "等联发科、"
  },
  {
    "index": 3,
    "text": "三星把芯片做出来。"
  },
  {
    "index": 4,
    "text": "等行业标准定下来。"
  },
  {
    "index": 5,
    "text": "等产品上市。"
  },
  {
    "index": 6,
    "text": "再调整专利保护范围。"
  },
  {
    "index": 7,
    "text": "也就是修改权利要求。"
  }
]


## 选定模板及参数规范

模板名称：STEP_LIST

参数 Schema 说明：

{
  "type": "object",
  "properties": {
    "title": {
      "type": "string",
      "description": "可选；步骤列表上方标题，建议 4～14 字"
    },
    "steps": {
      "type": "array",
      "items": {
        "oneOf": [
          {
            "type": "string"
          },
          {
            "type": "object",
            "properties": {
              "text": {
                "type": "string"
              },
              "showFrom": {
                "type": "integer",
                "minimum": 0,
                "description": "对应 content 数组的下标（0-based）；该步在 content[showFrom].startFrame 帧开始入场。不传则按 staggerDelay 与序号顺延。"
              }
            },
            "required": [
              "text"
            ]
          }
        ]
      },
      "minItems": 2,
      "maxItems": 6,
      "description": "步骤（可选）。可为字符串，或 { text, showFrom? }（showFrom=content 下标）；不传则从 content 提取。每条 text 建议不超过 10 字。"
    }
  },
  "required": []
}

// 口播条数（已由程序写入 CONTENT_STR，勿在 param 中输出 content）：口播分句（item.content）至少 2 条；口播分句至多 6 条（超出会被校验器告警）


模板该项的示例供参考：

{
  "template": "STEP_LIST",
  "param": {
    "title": "流程概览",
    "steps": [
      {
        "text": "第一步",
        "showFrom": 0
      },
      {
        "text": "第二步",
        "showFrom": 1
      },
      {
        "text": "第三步",
        "showFrom": 2
      }
    ]
  }
}


注意：如果该模板生成的参数包含图片视觉描述（如 imageSrc / leftSrc / rightSrc 等等），请只描述纯视觉场景与动作，绝不要包含任何文字、标语或注音。


## 其他通用说明
1. 锚点（Anchor）— 克制与高价值（适用于 SCHEMA 或上文允许出现锚点/高亮时）：
   - 多数句子应**无锚点**；拿不准就留空或 `[]`，避免满屏高亮。
   - 如果一定需要锚点，只选**整段里真正的高潮、反转或核心名词**（宜 2～4 字、有记忆点）；平庸词、铺垫句不要做成锚点。
   - 颜色建议：`#EF4444`（警示/反转/负面/结论）、`#000000`（事实/术语/数据）。动画 `anim`：`spring` | `slideUp` | `popIn` | `highlight`。
   - 音效可选(仅写在锚点对象上的 `audioEffect`)：`impact_thud` | `ping` | `woosh`

2. 视觉标题与字幕分离（仅当 SCHEMA 要求 `notText` / `butText` / `conceptName`、或 DOS_AND_DONTS 的 `left.label` / `right.label` 等时）：

   - 填**极简关键词（约 2～6 字）**，禁止把整句台词搬进标题字段。



## 输出格式（严格 JSON，不要 markdown 代码块）
补全当前模板的param,非数组：
{ "param": { ... } }

===========================================================================================
---------------------------------------- RESPONSE ----------------------------------------
time: 2026-05-24 14:05:22
attempt: 1/3

[OUTPUT]
{"param": {"title": "专利陷阱四步走", "steps": [{"text": "玩法变了", "showFrom": 0}, {"text": "先占坑", "showFrom": 1}, {"text": "等芯片量产", "showFrom": 3}, {"text": "等标准落地", "showFrom": 4}, {"text": "等产品上市", "showFrom": 5}, {"text": "调整保护范围", "showFrom": 6}]}}
-------------------------------------------------------------------------------------------

======================================== REQUEST ========================================
time: 2026-05-24 14:05:22
provider: deepseek
model: deepseek-v4-pro
retries: 3

[PROMPT]
你是短视频字幕与画面细节处理专家。请把指定台词细化为字模显示参数。


## 完整段落上下文（仅供理解整体语境，判断当前句子的重要性）
第二类，最冷血的：时光倒流式狙击。

专利申请中有一种叫做分案申请，本来是好事。
意思是：
一份专利申请里，
如果塞了两个不相关发明，
拆开来审，各算各的。
合理。

可华为把它玩成了时光机。

说个实案。
2024 年，华为起诉联发科。
核心专利之一，2011 年才提交。
但它不是新东西。
它是从 2007 年那份老申请里，
拆出来的“分身”。

什么意思？
先在 2007 年占一个坑。
这份老申请，叫母案。
后面拆出来的新申请，
叫分案。

分案的厉害之处在于：
它看起来是后来提交的，
却能往前借用母案的时间。

于是玩法就变了。
先把坑占住。
等联发科、三星把芯片做出来。
等行业标准定下来。
等产品上市。
再调整专利保护范围。
也就是修改权利要求。

最后发生什么？
你已经公开的产品，
突然被它精准套住。

这就像你 2007 年签了一份模糊租房合同。
房东说没事，先放着。
你花十年把房子装修好、生意做起来了。
2024 年他拿出补充条款：
你阳台面积算我的，月租翻倍。
你不签？
法院见。

这不是保护研发成果。
这是事后碰瓷。

---


## 🎯 待处理的目标文案
最后发生什么？你已经公开的产品，突然被它精准套住。

## 目标文案content的数组结构
生成模板参数时，format为content_index的字段依据此数组选择匹配的索引，用于决定相应内容出现在动画中的时机

[
  {
    "index": 0,
    "text": "最后发生什么？"
  },
  {
    "index": 1,
    "text": "你已经公开的产品，"
  },
  {
    "index": 2,
    "text": "突然被它精准套住。"
  }
]


## 选定模板及参数规范

模板名称：CENTER_FOCUS

参数 Schema 说明：

{
  "type": "object",
  "properties": {
    "imageSrc": {
      "type": "string",
      "format": "image_prompt",
      "description": "主图描述"
    },
    "enterEffect": {
      "type": "string",
      "enum": [
        "fadeIn",
        "slideLeft",
        "slideBottom",
        "zoomIn"
      ],
      "default": "fadeIn",
      "description": "图片入场方式（breathe 呼吸效果始终常驻，无需指定）"
    },
    "anchors": {
      "type": "array",
      "description": "可选；用于锚点词展示（顶部依次出现并保留为列表），并绑定锚点出现时机的音效。showFrom 须落在当前 content 条数范围内。注意 **保持克制，尽量少设置锚点** 只提取整段里真正的高潮、反转或核心名词",
      "items": {
        "type": "object",
        "required": [
          "text",
          "showFrom"
        ],
        "properties": {
          "text": {
            "type": "string",
            "description": "要展示的锚点词"
          },
          "showFrom": {
            "type": "integer",
            "format": "content_index",
            "description": "content 数组下标（0-based），非帧数；合法范围 0～(content 条数-1)，超出会被校验丢弃"
          },
          "color": {
            "type": "string"
          },
          "anim": {
            "type": "string",
            "enum": [
              "spring",
              "slideUp",
              "popIn",
              "highlight"
            ]
          },
          "audioEffect": {
            "type": "string",
            "enum": [
              "impact_thud",
              "ping",
              "woosh"
            ]
          }
        }
      }
    }
  },
  "required": [
    "imageSrc"
  ]
}


模板该项的示例供参考：

{
  "template": "CENTER_FOCUS",
  "param": {
    "imageSrc": "上班族坐在电脑前的简笔画图标",
    "enterEffect": "fadeIn",
    "anchors": [
      {
        "text": "可得性启发",
        "showFrom": 0,
        "color": "red"
      }
    ]
  }
}


注意：如果该模板生成的参数包含图片视觉描述（如 imageSrc / leftSrc / rightSrc 等等），请只描述纯视觉场景与动作，绝不要包含任何文字、标语或注音。


## 其他通用说明
1. 锚点（Anchor）— 克制与高价值（适用于 SCHEMA 或上文允许出现锚点/高亮时）：
   - 多数句子应**无锚点**；拿不准就留空或 `[]`，避免满屏高亮。
   - 如果一定需要锚点，只选**整段里真正的高潮、反转或核心名词**（宜 2～4 字、有记忆点）；平庸词、铺垫句不要做成锚点。
   - 颜色建议：`#EF4444`（警示/反转/负面/结论）、`#000000`（事实/术语/数据）。动画 `anim`：`spring` | `slideUp` | `popIn` | `highlight`。
   - 音效可选(仅写在锚点对象上的 `audioEffect`)：`impact_thud` | `ping` | `woosh`

2. 视觉标题与字幕分离（仅当 SCHEMA 要求 `notText` / `butText` / `conceptName`、或 DOS_AND_DONTS 的 `left.label` / `right.label` 等时）：

   - 填**极简关键词（约 2～6 字）**，禁止把整句台词搬进标题字段。



## 输出格式（严格 JSON，不要 markdown 代码块）
补全当前模板的param,非数组：
{ "param": { ... } }

===========================================================================================
---------------------------------------- RESPONSE ----------------------------------------
time: 2026-05-24 14:05:35
attempt: 1/3

[OUTPUT]
{
  "param": {
    "imageSrc": "一把发光的激光锁精准套住电路板上的一枚芯片，芯片四周有细密的回路图案，背景黑暗",
    "enterEffect": "zoomIn",
    "anchors": [
      {
        "text": "精准套住",
        "showFrom": 2,
        "color": "#EF4444",
        "anim": "popIn",
        "audioEffect": "impact_thud"
      }
    ]
  }
}
-------------------------------------------------------------------------------------------

======================================== REQUEST ========================================
time: 2026-05-24 14:05:35
provider: deepseek
model: deepseek-v4-pro
retries: 3

[PROMPT]
你是短视频字幕与画面细节处理专家。请把指定台词细化为字模显示参数。


## 完整段落上下文（仅供理解整体语境，判断当前句子的重要性）
第二类，最冷血的：时光倒流式狙击。

专利申请中有一种叫做分案申请，本来是好事。
意思是：
一份专利申请里，
如果塞了两个不相关发明，
拆开来审，各算各的。
合理。

可华为把它玩成了时光机。

说个实案。
2024 年，华为起诉联发科。
核心专利之一，2011 年才提交。
但它不是新东西。
它是从 2007 年那份老申请里，
拆出来的“分身”。

什么意思？
先在 2007 年占一个坑。
这份老申请，叫母案。
后面拆出来的新申请，
叫分案。

分案的厉害之处在于：
它看起来是后来提交的，
却能往前借用母案的时间。

于是玩法就变了。
先把坑占住。
等联发科、三星把芯片做出来。
等行业标准定下来。
等产品上市。
再调整专利保护范围。
也就是修改权利要求。

最后发生什么？
你已经公开的产品，
突然被它精准套住。

这就像你 2007 年签了一份模糊租房合同。
房东说没事，先放着。
你花十年把房子装修好、生意做起来了。
2024 年他拿出补充条款：
你阳台面积算我的，月租翻倍。
你不签？
法院见。

这不是保护研发成果。
这是事后碰瓷。

---


## 🎯 待处理的目标文案
这就像你 2007 年签了一份模糊租房合同。房东说没事，先放着。你花十年把房子装修好、生意做起来了。

## 目标文案content的数组结构
生成模板参数时，format为content_index的字段依据此数组选择匹配的索引，用于决定相应内容出现在动画中的时机

[
  {
    "index": 0,
    "text": "这就像你 2007 年签了一份模糊租房合同。"
  },
  {
    "index": 1,
    "text": "房东说没事，"
  },
  {
    "index": 2,
    "text": "先放着。"
  },
  {
    "index": 3,
    "text": "你花十年把房子装修好、"
  },
  {
    "index": 4,
    "text": "生意做起来了。"
  }
]


## 选定模板及参数规范

模板名称：CENTER_FOCUS

参数 Schema 说明：

{
  "type": "object",
  "properties": {
    "imageSrc": {
      "type": "string",
      "format": "image_prompt",
      "description": "主图描述"
    },
    "enterEffect": {
      "type": "string",
      "enum": [
        "fadeIn",
        "slideLeft",
        "slideBottom",
        "zoomIn"
      ],
      "default": "fadeIn",
      "description": "图片入场方式（breathe 呼吸效果始终常驻，无需指定）"
    },
    "anchors": {
      "type": "array",
      "description": "可选；用于锚点词展示（顶部依次出现并保留为列表），并绑定锚点出现时机的音效。showFrom 须落在当前 content 条数范围内。注意 **保持克制，尽量少设置锚点** 只提取整段里真正的高潮、反转或核心名词",
      "items": {
        "type": "object",
        "required": [
          "text",
          "showFrom"
        ],
        "properties": {
          "text": {
            "type": "string",
            "description": "要展示的锚点词"
          },
          "showFrom": {
            "type": "integer",
            "format": "content_index",
            "description": "content 数组下标（0-based），非帧数；合法范围 0～(content 条数-1)，超出会被校验丢弃"
          },
          "color": {
            "type": "string"
          },
          "anim": {
            "type": "string",
            "enum": [
              "spring",
              "slideUp",
              "popIn",
              "highlight"
            ]
          },
          "audioEffect": {
            "type": "string",
            "enum": [
              "impact_thud",
              "ping",
              "woosh"
            ]
          }
        }
      }
    }
  },
  "required": [
    "imageSrc"
  ]
}


模板该项的示例供参考：

{
  "template": "CENTER_FOCUS",
  "param": {
    "imageSrc": "上班族坐在电脑前的简笔画图标",
    "enterEffect": "fadeIn",
    "anchors": [
      {
        "text": "可得性启发",
        "showFrom": 0,
        "color": "red"
      }
    ]
  }
}


注意：如果该模板生成的参数包含图片视觉描述（如 imageSrc / leftSrc / rightSrc 等等），请只描述纯视觉场景与动作，绝不要包含任何文字、标语或注音。


## 其他通用说明
1. 锚点（Anchor）— 克制与高价值（适用于 SCHEMA 或上文允许出现锚点/高亮时）：
   - 多数句子应**无锚点**；拿不准就留空或 `[]`，避免满屏高亮。
   - 如果一定需要锚点，只选**整段里真正的高潮、反转或核心名词**（宜 2～4 字、有记忆点）；平庸词、铺垫句不要做成锚点。
   - 颜色建议：`#EF4444`（警示/反转/负面/结论）、`#000000`（事实/术语/数据）。动画 `anim`：`spring` | `slideUp` | `popIn` | `highlight`。
   - 音效可选(仅写在锚点对象上的 `audioEffect`)：`impact_thud` | `ping` | `woosh`

2. 视觉标题与字幕分离（仅当 SCHEMA 要求 `notText` / `butText` / `conceptName`、或 DOS_AND_DONTS 的 `left.label` / `right.label` 等时）：

   - 填**极简关键词（约 2～6 字）**，禁止把整句台词搬进标题字段。



## 输出格式（严格 JSON，不要 markdown 代码块）
补全当前模板的param,非数组：
{ "param": { ... } }

===========================================================================================
---------------------------------------- RESPONSE ----------------------------------------
time: 2026-05-24 14:05:47
attempt: 1/3

[OUTPUT]
{"param": {"imageSrc": "一份模糊不清的租房合同特写，笔尖悬在签名处", "enterEffect": "fadeIn", "anchors": []}}
-------------------------------------------------------------------------------------------

======================================== REQUEST ========================================
time: 2026-05-24 14:05:47
provider: deepseek
model: deepseek-v4-pro
retries: 3

[PROMPT]
你是短视频字幕与画面细节处理专家。请把指定台词细化为字模显示参数。


## 完整段落上下文（仅供理解整体语境，判断当前句子的重要性）
第二类，最冷血的：时光倒流式狙击。

专利申请中有一种叫做分案申请，本来是好事。
意思是：
一份专利申请里，
如果塞了两个不相关发明，
拆开来审，各算各的。
合理。

可华为把它玩成了时光机。

说个实案。
2024 年，华为起诉联发科。
核心专利之一，2011 年才提交。
但它不是新东西。
它是从 2007 年那份老申请里，
拆出来的“分身”。

什么意思？
先在 2007 年占一个坑。
这份老申请，叫母案。
后面拆出来的新申请，
叫分案。

分案的厉害之处在于：
它看起来是后来提交的，
却能往前借用母案的时间。

于是玩法就变了。
先把坑占住。
等联发科、三星把芯片做出来。
等行业标准定下来。
等产品上市。
再调整专利保护范围。
也就是修改权利要求。

最后发生什么？
你已经公开的产品，
突然被它精准套住。

这就像你 2007 年签了一份模糊租房合同。
房东说没事，先放着。
你花十年把房子装修好、生意做起来了。
2024 年他拿出补充条款：
你阳台面积算我的，月租翻倍。
你不签？
法院见。

这不是保护研发成果。
这是事后碰瓷。

---


## 🎯 待处理的目标文案
2024 年他拿出补充条款：你阳台面积算我的，月租翻倍。你不签？法院见。

## 目标文案content的数组结构
生成模板参数时，format为content_index的字段依据此数组选择匹配的索引，用于决定相应内容出现在动画中的时机

[
  {
    "index": 0,
    "text": "2024 年他拿出补充条款："
  },
  {
    "index": 1,
    "text": "你阳台面积算我的，"
  },
  {
    "index": 2,
    "text": "月租翻倍。"
  },
  {
    "index": 3,
    "text": "你不签？"
  },
  {
    "index": 4,
    "text": "法院见。"
  }
]


## 选定模板及参数规范

模板名称：TEXT_FOCUS

参数 Schema 说明：

{
  "type": "object",
  "properties": {
    "coreSentence": {
      "type": "array",
      "minItems": 1,
      "description": "大屏核心文案，每元素一行：可为 string，或 { text, showFrom, endFrom? }；showFrom/endFrom 为 content 下标（0-based），非帧数：在该条 startFrame 显现；可选 endFrom 表示在该条播完（startFrame+durationFrames）后起淡出。纯 string 等价于 showFrom=0、无 endFrom。锚点校验时各段 text 按顺序直接拼接（无分隔符）。",
      "items": {
        "oneOf": [
          {
            "type": "string"
          },
          {
            "type": "object",
            "required": [
              "text",
              "showFrom"
            ],
            "properties": {
              "text": {
                "type": "string",
                "description": "该行大屏文案"
              },
              "showFrom": {
                "type": "integer",
                "format": "content_index",
                "description": "content 下标（0-based），非帧数"
              },
              "endFrom": {
                "type": "integer",
                "format": "content_index",
                "description": "可选；content 下标（0-based），非帧数；该行在对应条字幕结束帧（startFrame+durationFrames）起淡出"
              }
            }
          }
        ]
      }
    },
    "coreSentenceAnchors": {
      "type": "array",
      "description": "可选；在 coreSentence 各段拼接后的全文内按顺序高亮子串。每项 coreSentenceAnchor 须为该拼接串的子串，否则会被校验丢弃",
      "items": {
        "type": "object",
        "required": [
          "coreSentenceAnchor"
        ],
        "properties": {
          "coreSentenceAnchor": {
            "type": "string",
            "description": "要高亮的子串，须出现在各 coreSentence 段拼接后的全文内"
          },
          "color": {
            "type": "string",
            "description": "高亮颜色，省略时默认强调色"
          }
        }
      }
    }
  },
  "required": [
    "coreSentence"
  ]
}

// 口播条数（已由程序写入 CONTENT_STR，勿在 param 中输出 content）：口播分句至多 3 条（超出会被校验器告警）


模板该项的示例供参考：

{
  "template": "TEXT_FOCUS",
  "param": {
    "coreSentence": [
      {
        "text": "承认自己“可能错了”并不是一种软弱",
        "showFrom": 0,
        "endFrom": 0
      },
      {
        "text": "而是成长的开始",
        "showFrom": 1,
        "endFrom": 1
      }
    ],
    "coreSentenceAnchors": [
      {
        "coreSentenceAnchor": "可能错了",
        "color": "red"
      }
    ]
  }
}


注意：如果该模板生成的参数包含图片视觉描述（如 imageSrc / leftSrc / rightSrc 等等），请只描述纯视觉场景与动作，绝不要包含任何文字、标语或注音。


## 其他通用说明
1. 锚点（Anchor）— 克制与高价值（适用于 SCHEMA 或上文允许出现锚点/高亮时）：
   - 多数句子应**无锚点**；拿不准就留空或 `[]`，避免满屏高亮。
   - 如果一定需要锚点，只选**整段里真正的高潮、反转或核心名词**（宜 2～4 字、有记忆点）；平庸词、铺垫句不要做成锚点。
   - 颜色建议：`#EF4444`（警示/反转/负面/结论）、`#000000`（事实/术语/数据）。动画 `anim`：`spring` | `slideUp` | `popIn` | `highlight`。
   - 音效可选(仅写在锚点对象上的 `audioEffect`)：`impact_thud` | `ping` | `woosh`

2. 视觉标题与字幕分离（仅当 SCHEMA 要求 `notText` / `butText` / `conceptName`、或 DOS_AND_DONTS 的 `left.label` / `right.label` 等时）：

   - 填**极简关键词（约 2～6 字）**，禁止把整句台词搬进标题字段。



## 输出格式（严格 JSON，不要 markdown 代码块）
补全当前模板的param,非数组：
{ "param": { ... } }

===========================================================================================
---------------------------------------- RESPONSE ----------------------------------------
time: 2026-05-24 14:06:35
attempt: 1/3

[OUTPUT]
{
  "param": {
    "coreSentence": [
      "2024 年他拿出补充条款：你阳台面积算我的，月租翻倍。你不签？法院见。"
    ],
    "coreSentenceAnchors": [
      {
        "coreSentenceAnchor": "月租翻倍",
        "color": "#EF4444"
      },
      {
        "coreSentenceAnchor": "法院见",
        "color": "#EF4444"
      }
    ]
  }
}
-------------------------------------------------------------------------------------------

======================================== REQUEST ========================================
time: 2026-05-24 14:06:35
provider: deepseek
model: deepseek-v4-pro
retries: 3

[PROMPT]
你是短视频字幕与画面细节处理专家。请把指定台词细化为字模显示参数。


## 完整段落上下文（仅供理解整体语境，判断当前句子的重要性）
第二类，最冷血的：时光倒流式狙击。

专利申请中有一种叫做分案申请，本来是好事。
意思是：
一份专利申请里，
如果塞了两个不相关发明，
拆开来审，各算各的。
合理。

可华为把它玩成了时光机。

说个实案。
2024 年，华为起诉联发科。
核心专利之一，2011 年才提交。
但它不是新东西。
它是从 2007 年那份老申请里，
拆出来的“分身”。

什么意思？
先在 2007 年占一个坑。
这份老申请，叫母案。
后面拆出来的新申请，
叫分案。

分案的厉害之处在于：
它看起来是后来提交的，
却能往前借用母案的时间。

于是玩法就变了。
先把坑占住。
等联发科、三星把芯片做出来。
等行业标准定下来。
等产品上市。
再调整专利保护范围。
也就是修改权利要求。

最后发生什么？
你已经公开的产品，
突然被它精准套住。

这就像你 2007 年签了一份模糊租房合同。
房东说没事，先放着。
你花十年把房子装修好、生意做起来了。
2024 年他拿出补充条款：
你阳台面积算我的，月租翻倍。
你不签？
法院见。

这不是保护研发成果。
这是事后碰瓷。

---


## 🎯 待处理的目标文案
这不是保护研发成果。这是事后碰瓷。

## 目标文案content的数组结构
生成模板参数时，format为content_index的字段依据此数组选择匹配的索引，用于决定相应内容出现在动画中的时机

[
  {
    "index": 0,
    "text": "这不是保护研发成果。"
  },
  {
    "index": 1,
    "text": "这是事后碰瓷。"
  }
]


## 选定模板及参数规范

模板名称：COGNITIVE_SHIFT

参数 Schema 说明：

{
  "type": "object",
  "properties": {
    "notText": {
      "type": "string",
      "description": "被否认知（‘不是’后面的内容）的精炼短句，不超过12个字，"
    },
    "butText": {
      "type": "string",
      "description": "真实认知（‘而是’后面的内容）的精炼短句，不超过12个字"
    },
    "butSrc": {
      "type": "string",
      "format": "image_prompt",
      "description": "真实认知的配图"
    },
    "notContentIndex": {
      "type": "integer",
      "format": "content_index",
      "description": "触发「不是」动画的字幕段索引（默认 0）"
    },
    "butContentIndex": {
      "type": "integer",
      "format": "content_index",
      "description": "触发「而是」动画的字幕段索引（默认 1）"
    }
  },
  "required": [
    "notText",
    "butText"
  ]
}


模板该项的示例供参考：

{
  "template": "COGNITIVE_SHIFT",
  "content": [
    "我们都不应该靠勤奋拼命",
    "我们都应该是靠认知和选择",
    "这样我才能成功"
  ],
  "param": {
    "notText": "靠勤奋拼命",
    "butText": "靠认知和选择",
    "butSrc": "站在高处看地图的思考者",
    "notContentIndex": 0,
    "butContentIndex": 1
  }
}


注意：如果该模板生成的参数包含图片视觉描述（如 imageSrc / leftSrc / rightSrc 等等），请只描述纯视觉场景与动作，绝不要包含任何文字、标语或注音。


## 其他通用说明
1. 锚点（Anchor）— 克制与高价值（适用于 SCHEMA 或上文允许出现锚点/高亮时）：
   - 多数句子应**无锚点**；拿不准就留空或 `[]`，避免满屏高亮。
   - 如果一定需要锚点，只选**整段里真正的高潮、反转或核心名词**（宜 2～4 字、有记忆点）；平庸词、铺垫句不要做成锚点。
   - 颜色建议：`#EF4444`（警示/反转/负面/结论）、`#000000`（事实/术语/数据）。动画 `anim`：`spring` | `slideUp` | `popIn` | `highlight`。
   - 音效可选(仅写在锚点对象上的 `audioEffect`)：`impact_thud` | `ping` | `woosh`

2. 视觉标题与字幕分离（仅当 SCHEMA 要求 `notText` / `butText` / `conceptName`、或 DOS_AND_DONTS 的 `left.label` / `right.label` 等时）：

   - 填**极简关键词（约 2～6 字）**，禁止把整句台词搬进标题字段。



## 输出格式（严格 JSON，不要 markdown 代码块）
补全当前模板的param,非数组：
{ "param": { ... } }

===========================================================================================
---------------------------------------- RESPONSE ----------------------------------------
time: 2026-05-24 14:06:48
attempt: 1/3

[OUTPUT]
{"param": {"notText": "保护研发成果", "butText": "事后碰瓷", "butSrc": "一个人故意躺倒在缓缓行驶的汽车前，夸张地装作被撞", "notContentIndex": 0, "butContentIndex": 1}}
-------------------------------------------------------------------------------------------

======================================== REQUEST ========================================
time: 2026-05-24 14:06:48
provider: deepseek
model: deepseek-v4-pro
retries: 3

[PROMPT]
你是短视频字幕与画面细节处理专家。请把指定台词细化为字模显示参数。


## 完整段落上下文（仅供理解整体语境，判断当前句子的重要性）
第三类：垃圾专利当炮灰。

华为不是只会申请高大上的通信专利。
还有工业化流水线一样的“凑数专利”。

2016 年打三星，
有些专利名字特别唬人，
什么扩展物理下行链路控制信道。
听起来像火箭发射。
翻成白话，
就是手机和基站之间，
怎么安排通信资源的一段规则。
专家一拆，
技术含量极低。
就是术语堆出来的纸老虎。

还有中国的实用新型。
你可以把它理解成：
低配版专利。
主要看材料形式过不过关。
不太深挖技术到底有多新。
所以下证快，成本低。
华为体系里，这类东西不少。

最出圈的是什么？
赛力斯车载便器。
座椅下面藏马桶，
滑轨拉出来，用完推回去。
网友都笑了：
这也能叫专利？

你问它对汽车工业有什么推动？
没有。
它唯一的作用，
是帮专利总数再 +1。
是谈判桌上多一张牌。
是宣传稿里多一个“创新”数字。

一家天天讲 6G、AI（人工智能）、芯片的公司，
武器库里混着这种货色。
你还信“件件都是硬核科技”吗？

---


## 🎯 待处理的目标文案
第三类：垃圾专利当炮灰。

## 目标文案content的数组结构
生成模板参数时，format为content_index的字段依据此数组选择匹配的索引，用于决定相应内容出现在动画中的时机

[
  {
    "index": 0,
    "text": "第三类："
  },
  {
    "index": 1,
    "text": "垃圾专利当炮灰。"
  }
]


## 选定模板及参数规范

模板名称：CONCEPT_CARD

参数 Schema 说明：

{
  "type": "object",
  "properties": {
    "imageSrc": {
      "type": "string",
      "format": "image_prompt",
      "description": "概念图标描述"
    },
    "conceptName": {
      "type": "string",
      "description": "概念名称"
    }
  },
  "required": [
    "imageSrc",
    "conceptName"
  ]
}


模板该项的示例供参考：

{
  "template": "CONCEPT_CARD",
  "param": {
    "imageSrc": "过滤器/筛网简笔画图标",
    "conceptName": "幸存者偏差"
  }
}


注意：如果该模板生成的参数包含图片视觉描述（如 imageSrc / leftSrc / rightSrc 等等），请只描述纯视觉场景与动作，绝不要包含任何文字、标语或注音。


## 其他通用说明
1. 锚点（Anchor）— 克制与高价值（适用于 SCHEMA 或上文允许出现锚点/高亮时）：
   - 多数句子应**无锚点**；拿不准就留空或 `[]`，避免满屏高亮。
   - 如果一定需要锚点，只选**整段里真正的高潮、反转或核心名词**（宜 2～4 字、有记忆点）；平庸词、铺垫句不要做成锚点。
   - 颜色建议：`#EF4444`（警示/反转/负面/结论）、`#000000`（事实/术语/数据）。动画 `anim`：`spring` | `slideUp` | `popIn` | `highlight`。
   - 音效可选(仅写在锚点对象上的 `audioEffect`)：`impact_thud` | `ping` | `woosh`

2. 视觉标题与字幕分离（仅当 SCHEMA 要求 `notText` / `butText` / `conceptName`、或 DOS_AND_DONTS 的 `left.label` / `right.label` 等时）：

   - 填**极简关键词（约 2～6 字）**，禁止把整句台词搬进标题字段。



## 输出格式（严格 JSON，不要 markdown 代码块）
补全当前模板的param,非数组：
{ "param": { ... } }

===========================================================================================
---------------------------------------- RESPONSE ----------------------------------------
time: 2026-05-24 14:07:01
attempt: 1/3

[OUTPUT]
{
  "param": {
    "imageSrc": "金属炮筒炮口飞出破碎的专利证书纸张和灰烬，灰色调背景",
    "conceptName": "垃圾专利"
  }
}
-------------------------------------------------------------------------------------------

======================================== REQUEST ========================================
time: 2026-05-24 14:07:01
provider: deepseek
model: deepseek-v4-pro
retries: 3

[PROMPT]
你是短视频字幕与画面细节处理专家。请把指定台词细化为字模显示参数。


## 完整段落上下文（仅供理解整体语境，判断当前句子的重要性）
第三类：垃圾专利当炮灰。

华为不是只会申请高大上的通信专利。
还有工业化流水线一样的“凑数专利”。

2016 年打三星，
有些专利名字特别唬人，
什么扩展物理下行链路控制信道。
听起来像火箭发射。
翻成白话，
就是手机和基站之间，
怎么安排通信资源的一段规则。
专家一拆，
技术含量极低。
就是术语堆出来的纸老虎。

还有中国的实用新型。
你可以把它理解成：
低配版专利。
主要看材料形式过不过关。
不太深挖技术到底有多新。
所以下证快，成本低。
华为体系里，这类东西不少。

最出圈的是什么？
赛力斯车载便器。
座椅下面藏马桶，
滑轨拉出来，用完推回去。
网友都笑了：
这也能叫专利？

你问它对汽车工业有什么推动？
没有。
它唯一的作用，
是帮专利总数再 +1。
是谈判桌上多一张牌。
是宣传稿里多一个“创新”数字。

一家天天讲 6G、AI（人工智能）、芯片的公司，
武器库里混着这种货色。
你还信“件件都是硬核科技”吗？

---


## 🎯 待处理的目标文案
华为不是只会申请高大上的通信专利。还有工业化流水线一样的“凑数专利”。

## 目标文案content的数组结构
生成模板参数时，format为content_index的字段依据此数组选择匹配的索引，用于决定相应内容出现在动画中的时机

[
  {
    "index": 0,
    "text": "华为不是只会申请高大上的通信专利。"
  },
  {
    "index": 1,
    "text": "还有工业化流水线一样的“凑数专利”。"
  }
]


## 选定模板及参数规范

模板名称：COGNITIVE_SHIFT

参数 Schema 说明：

{
  "type": "object",
  "properties": {
    "notText": {
      "type": "string",
      "description": "被否认知（‘不是’后面的内容）的精炼短句，不超过12个字，"
    },
    "butText": {
      "type": "string",
      "description": "真实认知（‘而是’后面的内容）的精炼短句，不超过12个字"
    },
    "butSrc": {
      "type": "string",
      "format": "image_prompt",
      "description": "真实认知的配图"
    },
    "notContentIndex": {
      "type": "integer",
      "format": "content_index",
      "description": "触发「不是」动画的字幕段索引（默认 0）"
    },
    "butContentIndex": {
      "type": "integer",
      "format": "content_index",
      "description": "触发「而是」动画的字幕段索引（默认 1）"
    }
  },
  "required": [
    "notText",
    "butText"
  ]
}


模板该项的示例供参考：

{
  "template": "COGNITIVE_SHIFT",
  "content": [
    "我们都不应该靠勤奋拼命",
    "我们都应该是靠认知和选择",
    "这样我才能成功"
  ],
  "param": {
    "notText": "靠勤奋拼命",
    "butText": "靠认知和选择",
    "butSrc": "站在高处看地图的思考者",
    "notContentIndex": 0,
    "butContentIndex": 1
  }
}


注意：如果该模板生成的参数包含图片视觉描述（如 imageSrc / leftSrc / rightSrc 等等），请只描述纯视觉场景与动作，绝不要包含任何文字、标语或注音。


## 其他通用说明
1. 锚点（Anchor）— 克制与高价值（适用于 SCHEMA 或上文允许出现锚点/高亮时）：
   - 多数句子应**无锚点**；拿不准就留空或 `[]`，避免满屏高亮。
   - 如果一定需要锚点，只选**整段里真正的高潮、反转或核心名词**（宜 2～4 字、有记忆点）；平庸词、铺垫句不要做成锚点。
   - 颜色建议：`#EF4444`（警示/反转/负面/结论）、`#000000`（事实/术语/数据）。动画 `anim`：`spring` | `slideUp` | `popIn` | `highlight`。
   - 音效可选(仅写在锚点对象上的 `audioEffect`)：`impact_thud` | `ping` | `woosh`

2. 视觉标题与字幕分离（仅当 SCHEMA 要求 `notText` / `butText` / `conceptName`、或 DOS_AND_DONTS 的 `left.label` / `right.label` 等时）：

   - 填**极简关键词（约 2～6 字）**，禁止把整句台词搬进标题字段。



## 输出格式（严格 JSON，不要 markdown 代码块）
补全当前模板的param,非数组：
{ "param": { ... } }

===========================================================================================
---------------------------------------- RESPONSE ----------------------------------------
time: 2026-05-24 14:07:27
attempt: 1/3

[OUTPUT]
{ "param": { "notText": "只会高大上通信专利", "butText": "流水线凑数专利", "butSrc": "一条自动化生产线上，无数相同的专利证书像商品一样被机械臂不停地抓取和堆叠", "notContentIndex": 0, "butContentIndex": 1 } }
-------------------------------------------------------------------------------------------

======================================== REQUEST ========================================
time: 2026-05-24 14:07:27
provider: deepseek
model: deepseek-v4-pro
retries: 3

[PROMPT]
你是短视频字幕与画面细节处理专家。请把指定台词细化为字模显示参数。


## 完整段落上下文（仅供理解整体语境，判断当前句子的重要性）
第三类：垃圾专利当炮灰。

华为不是只会申请高大上的通信专利。
还有工业化流水线一样的“凑数专利”。

2016 年打三星，
有些专利名字特别唬人，
什么扩展物理下行链路控制信道。
听起来像火箭发射。
翻成白话，
就是手机和基站之间，
怎么安排通信资源的一段规则。
专家一拆，
技术含量极低。
就是术语堆出来的纸老虎。

还有中国的实用新型。
你可以把它理解成：
低配版专利。
主要看材料形式过不过关。
不太深挖技术到底有多新。
所以下证快，成本低。
华为体系里，这类东西不少。

最出圈的是什么？
赛力斯车载便器。
座椅下面藏马桶，
滑轨拉出来，用完推回去。
网友都笑了：
这也能叫专利？

你问它对汽车工业有什么推动？
没有。
它唯一的作用，
是帮专利总数再 +1。
是谈判桌上多一张牌。
是宣传稿里多一个“创新”数字。

一家天天讲 6G、AI（人工智能）、芯片的公司，
武器库里混着这种货色。
你还信“件件都是硬核科技”吗？

---


## 🎯 待处理的目标文案
2016 年打三星，有些专利名字特别唬人，什么扩展物理下行链路控制信道。听起来像火箭发射。

## 目标文案content的数组结构
生成模板参数时，format为content_index的字段依据此数组选择匹配的索引，用于决定相应内容出现在动画中的时机

[
  {
    "index": 0,
    "text": "2016 年打三星，"
  },
  {
    "index": 1,
    "text": "有些专利名字特别唬人，"
  },
  {
    "index": 2,
    "text": "什么扩展物理下行链路控制信道。"
  },
  {
    "index": 3,
    "text": "听起来像火箭发射。"
  }
]


## 选定模板及参数规范

模板名称：BEAT_SEQUENCE

参数 Schema 说明：

{
  "type": "object",
  "properties": {
    "stages": {
      "type": "array",
      "minItems": 2,
      "maxItems": 4,
      "description": "配图序列：每条 stage 一张图；imageSrc、enterEffect、可选 tone（calm|alert）、可选 showFrom（对齐镜头外层 content[] 下标）",
      "items": {
        "type": "object",
        "required": [
          "imageSrc"
        ],
        "properties": {
          "imageSrc": {
            "type": "string",
            "format": "image_prompt",
            "description": "该节拍配图提示词"
          },
          "enterEffect": {
            "type": "string",
            "enum": [
              "breathe",
              "slideLeft",
              "slideBottom",
              "zoomIn",
              "fadeIn"
            ],
            "default": "breathe",
            "description": "入场效果"
          },
          "tone": {
            "type": "string",
            "enum": [
              "calm",
              "alert"
            ],
            "description": "首条可 calm，其余默认可 alert"
          },
          "showFrom": {
            "type": "content_index",
            "minimum": 0,
            "description": "镜头 item 外层 content 数组（与 param 同级）的 0-based 下标；从该条 startFrame 起显示本图。省略则等于当前 stages 下标 i（与第 i 条口播同步）"
          }
        }
      }
    }
  },
  "required": [
    "stages"
  ]
}

// 口播条数（已由程序写入 CONTENT_STR，勿在 param 中输出 content）：口播分句（item.content）至少 2 条；口播分句至多 4 条（超出会被校验器告警）


模板该项的示例供参考：

{
  "template": "BEAT_SEQUENCE",
  "param": {
    "stages": [
      {
        "imageSrc": "问句配图简笔画",
        "enterEffect": "breathe"
      },
      {
        "imageSrc": "转折警示配图",
        "enterEffect": "slideBottom"
      },
      {
        "imageSrc": "结论冲击配图",
        "enterEffect": "slideBottom"
      }
    ]
  }
}


注意：如果该模板生成的参数包含图片视觉描述（如 imageSrc / leftSrc / rightSrc 等等），请只描述纯视觉场景与动作，绝不要包含任何文字、标语或注音。


## 其他通用说明
1. 锚点（Anchor）— 克制与高价值（适用于 SCHEMA 或上文允许出现锚点/高亮时）：
   - 多数句子应**无锚点**；拿不准就留空或 `[]`，避免满屏高亮。
   - 如果一定需要锚点，只选**整段里真正的高潮、反转或核心名词**（宜 2～4 字、有记忆点）；平庸词、铺垫句不要做成锚点。
   - 颜色建议：`#EF4444`（警示/反转/负面/结论）、`#000000`（事实/术语/数据）。动画 `anim`：`spring` | `slideUp` | `popIn` | `highlight`。
   - 音效可选(仅写在锚点对象上的 `audioEffect`)：`impact_thud` | `ping` | `woosh`

2. 视觉标题与字幕分离（仅当 SCHEMA 要求 `notText` / `butText` / `conceptName`、或 DOS_AND_DONTS 的 `left.label` / `right.label` 等时）：

   - 填**极简关键词（约 2～6 字）**，禁止把整句台词搬进标题字段。



## 输出格式（严格 JSON，不要 markdown 代码块）
补全当前模板的param,非数组：
{ "param": { ... } }

===========================================================================================
---------------------------------------- RESPONSE ----------------------------------------
time: 2026-05-24 14:07:54
attempt: 1/3

[OUTPUT]
{
  "param": {
    "stages": [
      {
        "imageSrc": "抽象对峙场景：两个巨大剪影代表华为与三星，在法庭木槌与文件堆中形成对抗，氛围紧张，无文字",
        "enterEffect": "breathe",
        "tone": "calm"
      },
      {
        "imageSrc": "一张特大号专利证书上，投射出夸张的怪兽阴影，暗示唬人的名称，神秘而荒诞，无文字",
        "enterEffect": "slideBottom",
        "tone": "alert"
      },
      {
        "imageSrc": "杂乱无章的技术示意图：抽象波形、几何线条与网络节点堆砌，显得复杂却空洞，无文字",
        "enterEffect": "fadeIn",
        "tone": "alert"
      },
      {
        "imageSrc": "一枚火箭从繁杂的电路图纸中喷火升空，剪影分明，视觉冲击强烈，无文字",
        "enterEffect": "zoomIn",
        "tone": "alert"
      }
    ]
  }
}
-------------------------------------------------------------------------------------------

======================================== REQUEST ========================================
time: 2026-05-24 14:07:54
provider: deepseek
model: deepseek-v4-pro
retries: 3

[PROMPT]
你是短视频字幕与画面细节处理专家。请把指定台词细化为字模显示参数。


## 完整段落上下文（仅供理解整体语境，判断当前句子的重要性）
第三类：垃圾专利当炮灰。

华为不是只会申请高大上的通信专利。
还有工业化流水线一样的“凑数专利”。

2016 年打三星，
有些专利名字特别唬人，
什么扩展物理下行链路控制信道。
听起来像火箭发射。
翻成白话，
就是手机和基站之间，
怎么安排通信资源的一段规则。
专家一拆，
技术含量极低。
就是术语堆出来的纸老虎。

还有中国的实用新型。
你可以把它理解成：
低配版专利。
主要看材料形式过不过关。
不太深挖技术到底有多新。
所以下证快，成本低。
华为体系里，这类东西不少。

最出圈的是什么？
赛力斯车载便器。
座椅下面藏马桶，
滑轨拉出来，用完推回去。
网友都笑了：
这也能叫专利？

你问它对汽车工业有什么推动？
没有。
它唯一的作用，
是帮专利总数再 +1。
是谈判桌上多一张牌。
是宣传稿里多一个“创新”数字。

一家天天讲 6G、AI（人工智能）、芯片的公司，
武器库里混着这种货色。
你还信“件件都是硬核科技”吗？

---


## 🎯 待处理的目标文案
翻成白话，就是手机和基站之间，怎么安排通信资源的一段规则。专家一拆，技术含量极低。就是术语堆出来的纸老虎。

## 目标文案content的数组结构
生成模板参数时，format为content_index的字段依据此数组选择匹配的索引，用于决定相应内容出现在动画中的时机

[
  {
    "index": 0,
    "text": "翻成白话，"
  },
  {
    "index": 1,
    "text": "就是手机和基站之间，"
  },
  {
    "index": 2,
    "text": "怎么安排通信资源的一段规则。"
  },
  {
    "index": 3,
    "text": "专家一拆，"
  },
  {
    "index": 4,
    "text": "技术含量极低。"
  },
  {
    "index": 5,
    "text": "就是术语堆出来的纸老虎。"
  }
]


## 选定模板及参数规范

模板名称：BEAT_SEQUENCE

参数 Schema 说明：

{
  "type": "object",
  "properties": {
    "stages": {
      "type": "array",
      "minItems": 2,
      "maxItems": 4,
      "description": "配图序列：每条 stage 一张图；imageSrc、enterEffect、可选 tone（calm|alert）、可选 showFrom（对齐镜头外层 content[] 下标）",
      "items": {
        "type": "object",
        "required": [
          "imageSrc"
        ],
        "properties": {
          "imageSrc": {
            "type": "string",
            "format": "image_prompt",
            "description": "该节拍配图提示词"
          },
          "enterEffect": {
            "type": "string",
            "enum": [
              "breathe",
              "slideLeft",
              "slideBottom",
              "zoomIn",
              "fadeIn"
            ],
            "default": "breathe",
            "description": "入场效果"
          },
          "tone": {
            "type": "string",
            "enum": [
              "calm",
              "alert"
            ],
            "description": "首条可 calm，其余默认可 alert"
          },
          "showFrom": {
            "type": "content_index",
            "minimum": 0,
            "description": "镜头 item 外层 content 数组（与 param 同级）的 0-based 下标；从该条 startFrame 起显示本图。省略则等于当前 stages 下标 i（与第 i 条口播同步）"
          }
        }
      }
    }
  },
  "required": [
    "stages"
  ]
}

// 口播条数（已由程序写入 CONTENT_STR，勿在 param 中输出 content）：口播分句（item.content）至少 2 条；口播分句至多 4 条（超出会被校验器告警）


模板该项的示例供参考：

{
  "template": "BEAT_SEQUENCE",
  "param": {
    "stages": [
      {
        "imageSrc": "问句配图简笔画",
        "enterEffect": "breathe"
      },
      {
        "imageSrc": "转折警示配图",
        "enterEffect": "slideBottom"
      },
      {
        "imageSrc": "结论冲击配图",
        "enterEffect": "slideBottom"
      }
    ]
  }
}


注意：如果该模板生成的参数包含图片视觉描述（如 imageSrc / leftSrc / rightSrc 等等），请只描述纯视觉场景与动作，绝不要包含任何文字、标语或注音。


## 其他通用说明
1. 锚点（Anchor）— 克制与高价值（适用于 SCHEMA 或上文允许出现锚点/高亮时）：
   - 多数句子应**无锚点**；拿不准就留空或 `[]`，避免满屏高亮。
   - 如果一定需要锚点，只选**整段里真正的高潮、反转或核心名词**（宜 2～4 字、有记忆点）；平庸词、铺垫句不要做成锚点。
   - 颜色建议：`#EF4444`（警示/反转/负面/结论）、`#000000`（事实/术语/数据）。动画 `anim`：`spring` | `slideUp` | `popIn` | `highlight`。
   - 音效可选(仅写在锚点对象上的 `audioEffect`)：`impact_thud` | `ping` | `woosh`

2. 视觉标题与字幕分离（仅当 SCHEMA 要求 `notText` / `butText` / `conceptName`、或 DOS_AND_DONTS 的 `left.label` / `right.label` 等时）：

   - 填**极简关键词（约 2～6 字）**，禁止把整句台词搬进标题字段。



## 输出格式（严格 JSON，不要 markdown 代码块）
补全当前模板的param,非数组：
{ "param": { ... } }

===========================================================================================
---------------------------------------- RESPONSE ----------------------------------------
time: 2026-05-24 14:08:30
attempt: 1/3

[OUTPUT]
{
  "param": {
    "stages": [
      {
        "imageSrc": "手机与基站之间用箭头连接表示通信资源调度的简笔画",
        "enterEffect": "fadeIn",
        "tone": "calm",
        "showFrom": 0
      },
      {
        "imageSrc": "放大镜观察复杂立体结构，内部空洞，象征技术含量低",
        "enterEffect": "slideBottom",
        "tone": "alert",
        "showFrom": 3
      },
      {
        "imageSrc": "一只纸折的老虎，表面威猛实则脆弱",
        "enterEffect": "slideBottom",
        "tone": "alert",
        "showFrom": 5
      }
    ]
  }
}
-------------------------------------------------------------------------------------------

======================================== REQUEST ========================================
time: 2026-05-24 14:08:30
provider: deepseek
model: deepseek-v4-pro
retries: 3

[PROMPT]
你是短视频字幕与画面细节处理专家。请把指定台词细化为字模显示参数。


## 完整段落上下文（仅供理解整体语境，判断当前句子的重要性）
第三类：垃圾专利当炮灰。

华为不是只会申请高大上的通信专利。
还有工业化流水线一样的“凑数专利”。

2016 年打三星，
有些专利名字特别唬人，
什么扩展物理下行链路控制信道。
听起来像火箭发射。
翻成白话，
就是手机和基站之间，
怎么安排通信资源的一段规则。
专家一拆，
技术含量极低。
就是术语堆出来的纸老虎。

还有中国的实用新型。
你可以把它理解成：
低配版专利。
主要看材料形式过不过关。
不太深挖技术到底有多新。
所以下证快，成本低。
华为体系里，这类东西不少。

最出圈的是什么？
赛力斯车载便器。
座椅下面藏马桶，
滑轨拉出来，用完推回去。
网友都笑了：
这也能叫专利？

你问它对汽车工业有什么推动？
没有。
它唯一的作用，
是帮专利总数再 +1。
是谈判桌上多一张牌。
是宣传稿里多一个“创新”数字。

一家天天讲 6G、AI（人工智能）、芯片的公司，
武器库里混着这种货色。
你还信“件件都是硬核科技”吗？

---


## 🎯 待处理的目标文案
还有中国的实用新型。你可以把它理解成：低配版专利。主要看材料形式过不过关。不太深挖技术到底有多新。

## 目标文案content的数组结构
生成模板参数时，format为content_index的字段依据此数组选择匹配的索引，用于决定相应内容出现在动画中的时机

[
  {
    "index": 0,
    "text": "还有中国的实用新型。"
  },
  {
    "index": 1,
    "text": "你可以把它理解成："
  },
  {
    "index": 2,
    "text": "低配版专利。"
  },
  {
    "index": 3,
    "text": "主要看材料形式过不过关。"
  },
  {
    "index": 4,
    "text": "不太深挖技术到底有多新。"
  }
]


## 选定模板及参数规范

模板名称：CONCEPT_CARD

参数 Schema 说明：

{
  "type": "object",
  "properties": {
    "imageSrc": {
      "type": "string",
      "format": "image_prompt",
      "description": "概念图标描述"
    },
    "conceptName": {
      "type": "string",
      "description": "概念名称"
    }
  },
  "required": [
    "imageSrc",
    "conceptName"
  ]
}


模板该项的示例供参考：

{
  "template": "CONCEPT_CARD",
  "param": {
    "imageSrc": "过滤器/筛网简笔画图标",
    "conceptName": "幸存者偏差"
  }
}


注意：如果该模板生成的参数包含图片视觉描述（如 imageSrc / leftSrc / rightSrc 等等），请只描述纯视觉场景与动作，绝不要包含任何文字、标语或注音。


## 其他通用说明
1. 锚点（Anchor）— 克制与高价值（适用于 SCHEMA 或上文允许出现锚点/高亮时）：
   - 多数句子应**无锚点**；拿不准就留空或 `[]`，避免满屏高亮。
   - 如果一定需要锚点，只选**整段里真正的高潮、反转或核心名词**（宜 2～4 字、有记忆点）；平庸词、铺垫句不要做成锚点。
   - 颜色建议：`#EF4444`（警示/反转/负面/结论）、`#000000`（事实/术语/数据）。动画 `anim`：`spring` | `slideUp` | `popIn` | `highlight`。
   - 音效可选(仅写在锚点对象上的 `audioEffect`)：`impact_thud` | `ping` | `woosh`

2. 视觉标题与字幕分离（仅当 SCHEMA 要求 `notText` / `butText` / `conceptName`、或 DOS_AND_DONTS 的 `left.label` / `right.label` 等时）：

   - 填**极简关键词（约 2～6 字）**，禁止把整句台词搬进标题字段。



## 输出格式（严格 JSON，不要 markdown 代码块）
补全当前模板的param,非数组：
{ "param": { ... } }

===========================================================================================
---------------------------------------- RESPONSE ----------------------------------------
time: 2026-05-24 14:08:42
attempt: 1/3

[OUTPUT]
{ "param": { "imageSrc": "一个简化的专利证书图标，右上方有小号向下的箭头或减号符号，象征低配版本，背景素净，无任何文字", "conceptName": "实用新型" } }
-------------------------------------------------------------------------------------------

======================================== REQUEST ========================================
time: 2026-05-24 14:08:42
provider: deepseek
model: deepseek-v4-pro
retries: 3

[PROMPT]
你是短视频字幕与画面细节处理专家。请把指定台词细化为字模显示参数。


## 完整段落上下文（仅供理解整体语境，判断当前句子的重要性）
第三类：垃圾专利当炮灰。

华为不是只会申请高大上的通信专利。
还有工业化流水线一样的“凑数专利”。

2016 年打三星，
有些专利名字特别唬人，
什么扩展物理下行链路控制信道。
听起来像火箭发射。
翻成白话，
就是手机和基站之间，
怎么安排通信资源的一段规则。
专家一拆，
技术含量极低。
就是术语堆出来的纸老虎。

还有中国的实用新型。
你可以把它理解成：
低配版专利。
主要看材料形式过不过关。
不太深挖技术到底有多新。
所以下证快，成本低。
华为体系里，这类东西不少。

最出圈的是什么？
赛力斯车载便器。
座椅下面藏马桶，
滑轨拉出来，用完推回去。
网友都笑了：
这也能叫专利？

你问它对汽车工业有什么推动？
没有。
它唯一的作用，
是帮专利总数再 +1。
是谈判桌上多一张牌。
是宣传稿里多一个“创新”数字。

一家天天讲 6G、AI（人工智能）、芯片的公司，
武器库里混着这种货色。
你还信“件件都是硬核科技”吗？

---


## 🎯 待处理的目标文案
所以下证快，成本低。华为体系里，这类东西不少。

## 目标文案content的数组结构
生成模板参数时，format为content_index的字段依据此数组选择匹配的索引，用于决定相应内容出现在动画中的时机

[
  {
    "index": 0,
    "text": "所以下证快，"
  },
  {
    "index": 1,
    "text": "成本低。"
  },
  {
    "index": 2,
    "text": "华为体系里，"
  },
  {
    "index": 3,
    "text": "这类东西不少。"
  }
]


## 选定模板及参数规范

模板名称：BEAT_SEQUENCE

参数 Schema 说明：

{
  "type": "object",
  "properties": {
    "stages": {
      "type": "array",
      "minItems": 2,
      "maxItems": 4,
      "description": "配图序列：每条 stage 一张图；imageSrc、enterEffect、可选 tone（calm|alert）、可选 showFrom（对齐镜头外层 content[] 下标）",
      "items": {
        "type": "object",
        "required": [
          "imageSrc"
        ],
        "properties": {
          "imageSrc": {
            "type": "string",
            "format": "image_prompt",
            "description": "该节拍配图提示词"
          },
          "enterEffect": {
            "type": "string",
            "enum": [
              "breathe",
              "slideLeft",
              "slideBottom",
              "zoomIn",
              "fadeIn"
            ],
            "default": "breathe",
            "description": "入场效果"
          },
          "tone": {
            "type": "string",
            "enum": [
              "calm",
              "alert"
            ],
            "description": "首条可 calm，其余默认可 alert"
          },
          "showFrom": {
            "type": "content_index",
            "minimum": 0,
            "description": "镜头 item 外层 content 数组（与 param 同级）的 0-based 下标；从该条 startFrame 起显示本图。省略则等于当前 stages 下标 i（与第 i 条口播同步）"
          }
        }
      }
    }
  },
  "required": [
    "stages"
  ]
}

// 口播条数（已由程序写入 CONTENT_STR，勿在 param 中输出 content）：口播分句（item.content）至少 2 条；口播分句至多 4 条（超出会被校验器告警）


模板该项的示例供参考：

{
  "template": "BEAT_SEQUENCE",
  "param": {
    "stages": [
      {
        "imageSrc": "问句配图简笔画",
        "enterEffect": "breathe"
      },
      {
        "imageSrc": "转折警示配图",
        "enterEffect": "slideBottom"
      },
      {
        "imageSrc": "结论冲击配图",
        "enterEffect": "slideBottom"
      }
    ]
  }
}


注意：如果该模板生成的参数包含图片视觉描述（如 imageSrc / leftSrc / rightSrc 等等），请只描述纯视觉场景与动作，绝不要包含任何文字、标语或注音。


## 其他通用说明
1. 锚点（Anchor）— 克制与高价值（适用于 SCHEMA 或上文允许出现锚点/高亮时）：
   - 多数句子应**无锚点**；拿不准就留空或 `[]`，避免满屏高亮。
   - 如果一定需要锚点，只选**整段里真正的高潮、反转或核心名词**（宜 2～4 字、有记忆点）；平庸词、铺垫句不要做成锚点。
   - 颜色建议：`#EF4444`（警示/反转/负面/结论）、`#000000`（事实/术语/数据）。动画 `anim`：`spring` | `slideUp` | `popIn` | `highlight`。
   - 音效可选(仅写在锚点对象上的 `audioEffect`)：`impact_thud` | `ping` | `woosh`

2. 视觉标题与字幕分离（仅当 SCHEMA 要求 `notText` / `butText` / `conceptName`、或 DOS_AND_DONTS 的 `left.label` / `right.label` 等时）：

   - 填**极简关键词（约 2～6 字）**，禁止把整句台词搬进标题字段。



## 输出格式（严格 JSON，不要 markdown 代码块）
补全当前模板的param,非数组：
{ "param": { ... } }

===========================================================================================
---------------------------------------- RESPONSE ----------------------------------------
time: 2026-05-24 14:09:21
attempt: 1/3

[OUTPUT]
{"param":{"stages":[{"imageSrc":"自动盖章机高速在文件上盖章，旁边有廉价硬币堆叠，象征快速低廉","enterEffect":"breathe","tone":"calm","showFrom":0},{"imageSrc":"华为总部大楼的简约线条插画，笼罩一层灰色阴影，暗示内部体系","enterEffect":"slideBottom","tone":"alert","showFrom":2},{"imageSrc":"杂乱的专利文件堆积如山，计数屏幕数字疯狂跳动，溢出屏幕","enterEffect":"slideBottom","tone":"alert","showFrom":3}]}}
-------------------------------------------------------------------------------------------

======================================== REQUEST ========================================
time: 2026-05-24 14:09:21
provider: deepseek
model: deepseek-v4-pro
retries: 3

[PROMPT]
你是短视频字幕与画面细节处理专家。请把指定台词细化为字模显示参数。


## 完整段落上下文（仅供理解整体语境，判断当前句子的重要性）
第三类：垃圾专利当炮灰。

华为不是只会申请高大上的通信专利。
还有工业化流水线一样的“凑数专利”。

2016 年打三星，
有些专利名字特别唬人，
什么扩展物理下行链路控制信道。
听起来像火箭发射。
翻成白话，
就是手机和基站之间，
怎么安排通信资源的一段规则。
专家一拆，
技术含量极低。
就是术语堆出来的纸老虎。

还有中国的实用新型。
你可以把它理解成：
低配版专利。
主要看材料形式过不过关。
不太深挖技术到底有多新。
所以下证快，成本低。
华为体系里，这类东西不少。

最出圈的是什么？
赛力斯车载便器。
座椅下面藏马桶，
滑轨拉出来，用完推回去。
网友都笑了：
这也能叫专利？

你问它对汽车工业有什么推动？
没有。
它唯一的作用，
是帮专利总数再 +1。
是谈判桌上多一张牌。
是宣传稿里多一个“创新”数字。

一家天天讲 6G、AI（人工智能）、芯片的公司，
武器库里混着这种货色。
你还信“件件都是硬核科技”吗？

---


## 🎯 待处理的目标文案
最出圈的是什么？赛力斯车载便器。座椅下面藏马桶，滑轨拉出来，用完推回去。网友都笑了：这也能叫专利？

## 目标文案content的数组结构
生成模板参数时，format为content_index的字段依据此数组选择匹配的索引，用于决定相应内容出现在动画中的时机

[
  {
    "index": 0,
    "text": "最出圈的是什么？"
  },
  {
    "index": 1,
    "text": "赛力斯车载便器。"
  },
  {
    "index": 2,
    "text": "座椅下面藏马桶，"
  },
  {
    "index": 3,
    "text": "滑轨拉出来，"
  },
  {
    "index": 4,
    "text": "用完推回去。"
  },
  {
    "index": 5,
    "text": "网友都笑了："
  },
  {
    "index": 6,
    "text": "这也能叫专利？"
  }
]


## 选定模板及参数规范

模板名称：CASE_BREAKDOWN

参数 Schema 说明：

{
  "type": "object",
  "properties": {
    "title": {
      "type": "string",
      "description": "案例短标题，建议 4～12 字"
    },
    "imageSrc": {
      "type": "string",
      "format": "image_prompt",
      "description": "单张主图描述，贯穿本案例讲解"
    },
    "phases": {
      "type": "array",
      "minItems": 2,
      "maxItems": 4,
      "description": "叙事阶段；每项含 phaseLabel 与 showFrom；showFrom 为 content 下标（0-based，非帧数），须在 0～(content 条数-1) 内",
      "items": {
        "type": "object",
        "required": [
          "phaseLabel",
          "showFrom"
        ],
        "properties": {
          "phaseLabel": {
            "type": "string",
            "description": "阶段名，如表面个案、误判、真相、收束"
          },
          "showFrom": {
            "type": "integer",
            "format": "content_index",
            "description": "content 数组下标（0-based），非帧数；合法范围 0～(content 条数-1)，超出会被校验丢弃"
          }
        }
      }
    }
  },
  "required": [
    "title",
    "imageSrc",
    "phases"
  ]
}

// 口播条数（已由程序写入 CONTENT_STR，勿在 param 中输出 content）：口播分句（item.content）至少 4 条；口播分句至多 8 条（超出会被校验器告警）


模板该项的示例供参考：

{
  "template": "CASE_BREAKDOWN",
  "param": {
    "title": "长寿悖论",
    "imageSrc": "一位面带微笑的百岁老人正在抽烟，旁边放着一杯酒",
    "phases": [
      {
        "phaseLabel": "表面个案",
        "showFrom": 0
      },
      {
        "phaseLabel": "常见推论",
        "showFrom": 1
      },
      {
        "phaseLabel": "真相",
        "showFrom": 2
      },
      {
        "phaseLabel": "收束",
        "showFrom": 3
      }
    ]
  }
}


注意：如果该模板生成的参数包含图片视觉描述（如 imageSrc / leftSrc / rightSrc 等等），请只描述纯视觉场景与动作，绝不要包含任何文字、标语或注音。


## 其他通用说明
1. 锚点（Anchor）— 克制与高价值（适用于 SCHEMA 或上文允许出现锚点/高亮时）：
   - 多数句子应**无锚点**；拿不准就留空或 `[]`，避免满屏高亮。
   - 如果一定需要锚点，只选**整段里真正的高潮、反转或核心名词**（宜 2～4 字、有记忆点）；平庸词、铺垫句不要做成锚点。
   - 颜色建议：`#EF4444`（警示/反转/负面/结论）、`#000000`（事实/术语/数据）。动画 `anim`：`spring` | `slideUp` | `popIn` | `highlight`。
   - 音效可选(仅写在锚点对象上的 `audioEffect`)：`impact_thud` | `ping` | `woosh`

2. 视觉标题与字幕分离（仅当 SCHEMA 要求 `notText` / `butText` / `conceptName`、或 DOS_AND_DONTS 的 `left.label` / `right.label` 等时）：

   - 填**极简关键词（约 2～6 字）**，禁止把整句台词搬进标题字段。



## 输出格式（严格 JSON，不要 markdown 代码块）
补全当前模板的param,非数组：
{ "param": { ... } }

===========================================================================================
---------------------------------------- RESPONSE ----------------------------------------
time: 2026-05-24 14:09:42
attempt: 1/3

[OUTPUT]
{
  "param": {
    "title": "赛力斯车载便器",
    "imageSrc": "一辆汽车内部，驾驶员座椅下方滑出一个白色马桶，马桶通过金属滑轨连接，周围是车厢环境，光线明亮，带讽刺意味",
    "phases": [
      {
        "phaseLabel": "出圈之问",
        "showFrom": 0
      },
      {
        "phaseLabel": "荒诞真相",
        "showFrom": 1
      },
      {
        "phaseLabel": "网友群嘲",
        "showFrom": 5
      },
      {
        "phaseLabel": "质疑收束",
        "showFrom": 6
      }
    ]
  }
}
-------------------------------------------------------------------------------------------

======================================== REQUEST ========================================
time: 2026-05-24 14:09:42
provider: deepseek
model: deepseek-v4-pro
retries: 3

[PROMPT]
你是短视频字幕与画面细节处理专家。请把指定台词细化为字模显示参数。


## 完整段落上下文（仅供理解整体语境，判断当前句子的重要性）
第三类：垃圾专利当炮灰。

华为不是只会申请高大上的通信专利。
还有工业化流水线一样的“凑数专利”。

2016 年打三星，
有些专利名字特别唬人，
什么扩展物理下行链路控制信道。
听起来像火箭发射。
翻成白话，
就是手机和基站之间，
怎么安排通信资源的一段规则。
专家一拆，
技术含量极低。
就是术语堆出来的纸老虎。

还有中国的实用新型。
你可以把它理解成：
低配版专利。
主要看材料形式过不过关。
不太深挖技术到底有多新。
所以下证快，成本低。
华为体系里，这类东西不少。

最出圈的是什么？
赛力斯车载便器。
座椅下面藏马桶，
滑轨拉出来，用完推回去。
网友都笑了：
这也能叫专利？

你问它对汽车工业有什么推动？
没有。
它唯一的作用，
是帮专利总数再 +1。
是谈判桌上多一张牌。
是宣传稿里多一个“创新”数字。

一家天天讲 6G、AI（人工智能）、芯片的公司，
武器库里混着这种货色。
你还信“件件都是硬核科技”吗？

---


## 🎯 待处理的目标文案
你问它对汽车工业有什么推动？没有。它唯一的作用，是帮专利总数再 +1。是谈判桌上多一张牌。是宣传稿里多一个“创新”数字。

## 目标文案content的数组结构
生成模板参数时，format为content_index的字段依据此数组选择匹配的索引，用于决定相应内容出现在动画中的时机

[
  {
    "index": 0,
    "text": "你问它对汽车工业有什么推动？"
  },
  {
    "index": 1,
    "text": "没有。"
  },
  {
    "index": 2,
    "text": "它唯一的作用，"
  },
  {
    "index": 3,
    "text": "是帮专利总数再 +1。"
  },
  {
    "index": 4,
    "text": "是谈判桌上多一张牌。"
  },
  {
    "index": 5,
    "text": "是宣传稿里多一个“创新”数字。"
  }
]


## 选定模板及参数规范

模板名称：PANEL_GRID

参数 Schema 说明：

{
  "type": "object",
  "properties": {
    "panels": {
      "type": "array",
      "minItems": 2,
      "maxItems": 6,
      "description": "宫格配图；showFrom 为 content 下标（0-based），在该条 startFrame 显现",
      "items": {
        "type": "object",
        "required": [
          "src",
          "showFrom"
        ],
        "properties": {
          "src": {
            "type": "string",
            "format": "image_prompt",
            "description": "该宫格配图提示词"
          },
          "showFrom": {
            "type": "integer",
            "format": "content_index",
            "description": "content 下标（0-based），非帧数"
          },
          "position": {
            "type": "string",
            "enum": [
              "center",
              "left",
              "right",
              "top",
              "bottom"
            ],
            "description": "可选；弱提示，布局以宫格为准"
          },
          "enterEffect": {
            "type": "string",
            "enum": [
              "breathe",
              "slideLeft",
              "slideBottom",
              "zoomIn",
              "fadeIn"
            ],
            "default": "fadeIn"
          }
        }
      }
    }
  },
  "required": [
    "panels"
  ]
}

// 口播条数（已由程序写入 CONTENT_STR，勿在 param 中输出 content）：口播分句（item.content）至少 2 条；口播分句至多 8 条（超出会被校验器告警）


模板该项的示例供参考：

{
  "template": "PANEL_GRID",
  "param": {
    "panels": [
      {
        "src": "问号堵住去路的简笔画",
        "showFrom": 0,
        "enterEffect": "zoomIn"
      },
      {
        "src": "放大镜只看一角的简笔画",
        "showFrom": 1
      },
      {
        "src": "两人各执一词的简笔画",
        "showFrom": 2
      }
    ]
  }
}


注意：如果该模板生成的参数包含图片视觉描述（如 imageSrc / leftSrc / rightSrc 等等），请只描述纯视觉场景与动作，绝不要包含任何文字、标语或注音。


## 其他通用说明
1. 锚点（Anchor）— 克制与高价值（适用于 SCHEMA 或上文允许出现锚点/高亮时）：
   - 多数句子应**无锚点**；拿不准就留空或 `[]`，避免满屏高亮。
   - 如果一定需要锚点，只选**整段里真正的高潮、反转或核心名词**（宜 2～4 字、有记忆点）；平庸词、铺垫句不要做成锚点。
   - 颜色建议：`#EF4444`（警示/反转/负面/结论）、`#000000`（事实/术语/数据）。动画 `anim`：`spring` | `slideUp` | `popIn` | `highlight`。
   - 音效可选(仅写在锚点对象上的 `audioEffect`)：`impact_thud` | `ping` | `woosh`

2. 视觉标题与字幕分离（仅当 SCHEMA 要求 `notText` / `butText` / `conceptName`、或 DOS_AND_DONTS 的 `left.label` / `right.label` 等时）：

   - 填**极简关键词（约 2～6 字）**，禁止把整句台词搬进标题字段。



## 输出格式（严格 JSON，不要 markdown 代码块）
补全当前模板的param,非数组：
{ "param": { ... } }

===========================================================================================
---------------------------------------- RESPONSE ----------------------------------------
time: 2026-05-24 14:10:16
attempt: 1/3

[OUTPUT]
{
  "param": {
    "panels": [
      {
        "src": "一个人站在汽车前，头顶浮现巨大的问号，表示质疑",
        "showFrom": 0,
        "enterEffect": "zoomIn"
      },
      {
        "src": "一道粗体的红色禁止符号覆盖在一辆汽车蓝图上",
        "showFrom": 1,
        "enterEffect": "slideLeft"
      },
      {
        "src": "一只手伸出食指，指向一个正在跳动的数字计数器，数字从0跳成1",
        "showFrom": 2
      },
      {
        "src": "一块巨大的记分牌，上面的专利数字正在滚动增加，最终定格在增加1",
        "showFrom": 3
      },
      {
        "src": "一张印有专利徽章的扑克牌被放到堆满文件的谈判桌上",
        "showFrom": 4
      },
      {
        "src": "一份宣传册展开，上面的一个数字被放大镜放大，周围有闪光和星星点缀",
        "showFrom": 5
      }
    ]
  }
}
-------------------------------------------------------------------------------------------

======================================== REQUEST ========================================
time: 2026-05-24 14:10:16
provider: deepseek
model: deepseek-v4-pro
retries: 3

[PROMPT]
你是短视频字幕与画面细节处理专家。请把指定台词细化为字模显示参数。


## 完整段落上下文（仅供理解整体语境，判断当前句子的重要性）
第三类：垃圾专利当炮灰。

华为不是只会申请高大上的通信专利。
还有工业化流水线一样的“凑数专利”。

2016 年打三星，
有些专利名字特别唬人，
什么扩展物理下行链路控制信道。
听起来像火箭发射。
翻成白话，
就是手机和基站之间，
怎么安排通信资源的一段规则。
专家一拆，
技术含量极低。
就是术语堆出来的纸老虎。

还有中国的实用新型。
你可以把它理解成：
低配版专利。
主要看材料形式过不过关。
不太深挖技术到底有多新。
所以下证快，成本低。
华为体系里，这类东西不少。

最出圈的是什么？
赛力斯车载便器。
座椅下面藏马桶，
滑轨拉出来，用完推回去。
网友都笑了：
这也能叫专利？

你问它对汽车工业有什么推动？
没有。
它唯一的作用，
是帮专利总数再 +1。
是谈判桌上多一张牌。
是宣传稿里多一个“创新”数字。

一家天天讲 6G、AI（人工智能）、芯片的公司，
武器库里混着这种货色。
你还信“件件都是硬核科技”吗？

---


## 🎯 待处理的目标文案
一家天天讲 6G、AI（人工智能）、芯片的公司，武器库里混着这种货色。你还信“件件都是硬核科技”吗？

## 目标文案content的数组结构
生成模板参数时，format为content_index的字段依据此数组选择匹配的索引，用于决定相应内容出现在动画中的时机

[
  {
    "index": 0,
    "text": "一家天天讲 6G、"
  },
  {
    "index": 1,
    "text": "AI（人工智能）、"
  },
  {
    "index": 2,
    "text": "芯片的公司，"
  },
  {
    "index": 3,
    "text": "武器库里混着这种货色。"
  },
  {
    "index": 4,
    "text": "你还信“件件都是硬核科技”吗？"
  }
]


## 选定模板及参数规范

模板名称：COGNITIVE_SHIFT

参数 Schema 说明：

{
  "type": "object",
  "properties": {
    "notText": {
      "type": "string",
      "description": "被否认知（‘不是’后面的内容）的精炼短句，不超过12个字，"
    },
    "butText": {
      "type": "string",
      "description": "真实认知（‘而是’后面的内容）的精炼短句，不超过12个字"
    },
    "butSrc": {
      "type": "string",
      "format": "image_prompt",
      "description": "真实认知的配图"
    },
    "notContentIndex": {
      "type": "integer",
      "format": "content_index",
      "description": "触发「不是」动画的字幕段索引（默认 0）"
    },
    "butContentIndex": {
      "type": "integer",
      "format": "content_index",
      "description": "触发「而是」动画的字幕段索引（默认 1）"
    }
  },
  "required": [
    "notText",
    "butText"
  ]
}


模板该项的示例供参考：

{
  "template": "COGNITIVE_SHIFT",
  "content": [
    "我们都不应该靠勤奋拼命",
    "我们都应该是靠认知和选择",
    "这样我才能成功"
  ],
  "param": {
    "notText": "靠勤奋拼命",
    "butText": "靠认知和选择",
    "butSrc": "站在高处看地图的思考者",
    "notContentIndex": 0,
    "butContentIndex": 1
  }
}


注意：如果该模板生成的参数包含图片视觉描述（如 imageSrc / leftSrc / rightSrc 等等），请只描述纯视觉场景与动作，绝不要包含任何文字、标语或注音。


## 其他通用说明
1. 锚点（Anchor）— 克制与高价值（适用于 SCHEMA 或上文允许出现锚点/高亮时）：
   - 多数句子应**无锚点**；拿不准就留空或 `[]`，避免满屏高亮。
   - 如果一定需要锚点，只选**整段里真正的高潮、反转或核心名词**（宜 2～4 字、有记忆点）；平庸词、铺垫句不要做成锚点。
   - 颜色建议：`#EF4444`（警示/反转/负面/结论）、`#000000`（事实/术语/数据）。动画 `anim`：`spring` | `slideUp` | `popIn` | `highlight`。
   - 音效可选(仅写在锚点对象上的 `audioEffect`)：`impact_thud` | `ping` | `woosh`

2. 视觉标题与字幕分离（仅当 SCHEMA 要求 `notText` / `butText` / `conceptName`、或 DOS_AND_DONTS 的 `left.label` / `right.label` 等时）：

   - 填**极简关键词（约 2～6 字）**，禁止把整句台词搬进标题字段。



## 输出格式（严格 JSON，不要 markdown 代码块）
补全当前模板的param,非数组：
{ "param": { ... } }

===========================================================================================
---------------------------------------- RESPONSE ----------------------------------------
time: 2026-05-24 14:10:48
attempt: 1/3

[OUTPUT]
{
  "param": {
    "notText": "件件硬核科技",
    "butText": "混着凑数专利",
    "butSrc": "充满未来科技感的武器库，发光芯片和6G概念模型陈列其中，但角落突兀地放着一个马桶装置",
    "notContentIndex": 3,
    "butContentIndex": 4
  }
}
-------------------------------------------------------------------------------------------

======================================== REQUEST ========================================
time: 2026-05-24 14:10:48
provider: deepseek
model: deepseek-v4-pro
retries: 3

[PROMPT]
你是短视频字幕与画面细节处理专家。请把指定台词细化为字模显示参数。


## 完整段落上下文（仅供理解整体语境，判断当前句子的重要性）
把这些手段叠在一起，就是专利丛林。

经济学早就证明：
电信、软件这种复杂行业，
专利越密，
小公司越不敢进场。
不是他们不想创新，
是他们请不起律师团。

华为在局部技术节点上，
织几百上千张重叠的网。
你想做兼容设备？
想改一点交互？
一脚踩雷。

---


## 🎯 待处理的目标文案
把这些手段叠在一起，就是专利丛林。

## 目标文案content的数组结构
生成模板参数时，format为content_index的字段依据此数组选择匹配的索引，用于决定相应内容出现在动画中的时机

[
  {
    "index": 0,
    "text": "把这些手段叠在一起，"
  },
  {
    "index": 1,
    "text": "就是专利丛林。"
  }
]


## 选定模板及参数规范

模板名称：CONCEPT_CARD

参数 Schema 说明：

{
  "type": "object",
  "properties": {
    "imageSrc": {
      "type": "string",
      "format": "image_prompt",
      "description": "概念图标描述"
    },
    "conceptName": {
      "type": "string",
      "description": "概念名称"
    }
  },
  "required": [
    "imageSrc",
    "conceptName"
  ]
}


模板该项的示例供参考：

{
  "template": "CONCEPT_CARD",
  "param": {
    "imageSrc": "过滤器/筛网简笔画图标",
    "conceptName": "幸存者偏差"
  }
}


注意：如果该模板生成的参数包含图片视觉描述（如 imageSrc / leftSrc / rightSrc 等等），请只描述纯视觉场景与动作，绝不要包含任何文字、标语或注音。


## 其他通用说明
1. 锚点（Anchor）— 克制与高价值（适用于 SCHEMA 或上文允许出现锚点/高亮时）：
   - 多数句子应**无锚点**；拿不准就留空或 `[]`，避免满屏高亮。
   - 如果一定需要锚点，只选**整段里真正的高潮、反转或核心名词**（宜 2～4 字、有记忆点）；平庸词、铺垫句不要做成锚点。
   - 颜色建议：`#EF4444`（警示/反转/负面/结论）、`#000000`（事实/术语/数据）。动画 `anim`：`spring` | `slideUp` | `popIn` | `highlight`。
   - 音效可选(仅写在锚点对象上的 `audioEffect`)：`impact_thud` | `ping` | `woosh`

2. 视觉标题与字幕分离（仅当 SCHEMA 要求 `notText` / `butText` / `conceptName`、或 DOS_AND_DONTS 的 `left.label` / `right.label` 等时）：

   - 填**极简关键词（约 2～6 字）**，禁止把整句台词搬进标题字段。



## 输出格式（严格 JSON，不要 markdown 代码块）
补全当前模板的param,非数组：
{ "param": { ... } }

===========================================================================================
---------------------------------------- RESPONSE ----------------------------------------
time: 2026-05-24 14:10:52
attempt: 1/3

[OUTPUT]
{
  "param": {
    "imageSrc": "密集交错的荆棘丛，带尖刺的枝条互相缠绕形成障碍墙",
    "conceptName": "专利丛林"
  }
}
-------------------------------------------------------------------------------------------

======================================== REQUEST ========================================
time: 2026-05-24 14:10:52
provider: deepseek
model: deepseek-v4-pro
retries: 3

[PROMPT]
你是短视频字幕与画面细节处理专家。请把指定台词细化为字模显示参数。


## 完整段落上下文（仅供理解整体语境，判断当前句子的重要性）
把这些手段叠在一起，就是专利丛林。

经济学早就证明：
电信、软件这种复杂行业，
专利越密，
小公司越不敢进场。
不是他们不想创新，
是他们请不起律师团。

华为在局部技术节点上，
织几百上千张重叠的网。
你想做兼容设备？
想改一点交互？
一脚踩雷。

---


## 🎯 待处理的目标文案
经济学早就证明：电信、软件这种复杂行业，专利越密，小公司越不敢进场。不是他们不想创新，是他们请不起律师团。

## 目标文案content的数组结构
生成模板参数时，format为content_index的字段依据此数组选择匹配的索引，用于决定相应内容出现在动画中的时机

[
  {
    "index": 0,
    "text": "经济学早就证明："
  },
  {
    "index": 1,
    "text": "电信、"
  },
  {
    "index": 2,
    "text": "软件这种复杂行业，"
  },
  {
    "index": 3,
    "text": "专利越密，"
  },
  {
    "index": 4,
    "text": "小公司越不敢进场。"
  },
  {
    "index": 5,
    "text": "不是他们不想创新，"
  },
  {
    "index": 6,
    "text": "是他们请不起律师团。"
  }
]


## 选定模板及参数规范

模板名称：COGNITIVE_SHIFT

参数 Schema 说明：

{
  "type": "object",
  "properties": {
    "notText": {
      "type": "string",
      "description": "被否认知（‘不是’后面的内容）的精炼短句，不超过12个字，"
    },
    "butText": {
      "type": "string",
      "description": "真实认知（‘而是’后面的内容）的精炼短句，不超过12个字"
    },
    "butSrc": {
      "type": "string",
      "format": "image_prompt",
      "description": "真实认知的配图"
    },
    "notContentIndex": {
      "type": "integer",
      "format": "content_index",
      "description": "触发「不是」动画的字幕段索引（默认 0）"
    },
    "butContentIndex": {
      "type": "integer",
      "format": "content_index",
      "description": "触发「而是」动画的字幕段索引（默认 1）"
    }
  },
  "required": [
    "notText",
    "butText"
  ]
}


模板该项的示例供参考：

{
  "template": "COGNITIVE_SHIFT",
  "content": [
    "我们都不应该靠勤奋拼命",
    "我们都应该是靠认知和选择",
    "这样我才能成功"
  ],
  "param": {
    "notText": "靠勤奋拼命",
    "butText": "靠认知和选择",
    "butSrc": "站在高处看地图的思考者",
    "notContentIndex": 0,
    "butContentIndex": 1
  }
}


注意：如果该模板生成的参数包含图片视觉描述（如 imageSrc / leftSrc / rightSrc 等等），请只描述纯视觉场景与动作，绝不要包含任何文字、标语或注音。


## 其他通用说明
1. 锚点（Anchor）— 克制与高价值（适用于 SCHEMA 或上文允许出现锚点/高亮时）：
   - 多数句子应**无锚点**；拿不准就留空或 `[]`，避免满屏高亮。
   - 如果一定需要锚点，只选**整段里真正的高潮、反转或核心名词**（宜 2～4 字、有记忆点）；平庸词、铺垫句不要做成锚点。
   - 颜色建议：`#EF4444`（警示/反转/负面/结论）、`#000000`（事实/术语/数据）。动画 `anim`：`spring` | `slideUp` | `popIn` | `highlight`。
   - 音效可选(仅写在锚点对象上的 `audioEffect`)：`impact_thud` | `ping` | `woosh`

2. 视觉标题与字幕分离（仅当 SCHEMA 要求 `notText` / `butText` / `conceptName`、或 DOS_AND_DONTS 的 `left.label` / `right.label` 等时）：

   - 填**极简关键词（约 2～6 字）**，禁止把整句台词搬进标题字段。



## 输出格式（严格 JSON，不要 markdown 代码块）
补全当前模板的param,非数组：
{ "param": { ... } }

===========================================================================================
---------------------------------------- RESPONSE ----------------------------------------
time: 2026-05-24 14:11:08
attempt: 1/3

[OUTPUT]
{ "param": { "notText": "不想创新", "butText": "请不起律师团", "butSrc": "小企业主面对堆积的法律文件和昂贵的律师团队，面露难色", "notContentIndex": 5, "butContentIndex": 6 } }
-------------------------------------------------------------------------------------------

======================================== REQUEST ========================================
time: 2026-05-24 14:11:08
provider: deepseek
model: deepseek-v4-pro
retries: 3

[PROMPT]
你是短视频字幕与画面细节处理专家。请把指定台词细化为字模显示参数。


## 完整段落上下文（仅供理解整体语境，判断当前句子的重要性）
把这些手段叠在一起，就是专利丛林。

经济学早就证明：
电信、软件这种复杂行业，
专利越密，
小公司越不敢进场。
不是他们不想创新，
是他们请不起律师团。

华为在局部技术节点上，
织几百上千张重叠的网。
你想做兼容设备？
想改一点交互？
一脚踩雷。

---


## 🎯 待处理的目标文案
华为在局部技术节点上，织几百上千张重叠的网。

## 目标文案content的数组结构
生成模板参数时，format为content_index的字段依据此数组选择匹配的索引，用于决定相应内容出现在动画中的时机

[
  {
    "index": 0,
    "text": "华为在局部技术节点上，"
  },
  {
    "index": 1,
    "text": "织几百上千张重叠的网。"
  }
]


## 选定模板及参数规范

模板名称：CENTER_FOCUS

参数 Schema 说明：

{
  "type": "object",
  "properties": {
    "imageSrc": {
      "type": "string",
      "format": "image_prompt",
      "description": "主图描述"
    },
    "enterEffect": {
      "type": "string",
      "enum": [
        "fadeIn",
        "slideLeft",
        "slideBottom",
        "zoomIn"
      ],
      "default": "fadeIn",
      "description": "图片入场方式（breathe 呼吸效果始终常驻，无需指定）"
    },
    "anchors": {
      "type": "array",
      "description": "可选；用于锚点词展示（顶部依次出现并保留为列表），并绑定锚点出现时机的音效。showFrom 须落在当前 content 条数范围内。注意 **保持克制，尽量少设置锚点** 只提取整段里真正的高潮、反转或核心名词",
      "items": {
        "type": "object",
        "required": [
          "text",
          "showFrom"
        ],
        "properties": {
          "text": {
            "type": "string",
            "description": "要展示的锚点词"
          },
          "showFrom": {
            "type": "integer",
            "format": "content_index",
            "description": "content 数组下标（0-based），非帧数；合法范围 0～(content 条数-1)，超出会被校验丢弃"
          },
          "color": {
            "type": "string"
          },
          "anim": {
            "type": "string",
            "enum": [
              "spring",
              "slideUp",
              "popIn",
              "highlight"
            ]
          },
          "audioEffect": {
            "type": "string",
            "enum": [
              "impact_thud",
              "ping",
              "woosh"
            ]
          }
        }
      }
    }
  },
  "required": [
    "imageSrc"
  ]
}


模板该项的示例供参考：

{
  "template": "CENTER_FOCUS",
  "param": {
    "imageSrc": "上班族坐在电脑前的简笔画图标",
    "enterEffect": "fadeIn",
    "anchors": [
      {
        "text": "可得性启发",
        "showFrom": 0,
        "color": "red"
      }
    ]
  }
}


注意：如果该模板生成的参数包含图片视觉描述（如 imageSrc / leftSrc / rightSrc 等等），请只描述纯视觉场景与动作，绝不要包含任何文字、标语或注音。


## 其他通用说明
1. 锚点（Anchor）— 克制与高价值（适用于 SCHEMA 或上文允许出现锚点/高亮时）：
   - 多数句子应**无锚点**；拿不准就留空或 `[]`，避免满屏高亮。
   - 如果一定需要锚点，只选**整段里真正的高潮、反转或核心名词**（宜 2～4 字、有记忆点）；平庸词、铺垫句不要做成锚点。
   - 颜色建议：`#EF4444`（警示/反转/负面/结论）、`#000000`（事实/术语/数据）。动画 `anim`：`spring` | `slideUp` | `popIn` | `highlight`。
   - 音效可选(仅写在锚点对象上的 `audioEffect`)：`impact_thud` | `ping` | `woosh`

2. 视觉标题与字幕分离（仅当 SCHEMA 要求 `notText` / `butText` / `conceptName`、或 DOS_AND_DONTS 的 `left.label` / `right.label` 等时）：

   - 填**极简关键词（约 2～6 字）**，禁止把整句台词搬进标题字段。



## 输出格式（严格 JSON，不要 markdown 代码块）
补全当前模板的param,非数组：
{ "param": { ... } }

===========================================================================================
---------------------------------------- RESPONSE ----------------------------------------
time: 2026-05-24 14:11:16
attempt: 1/3

[OUTPUT]
{
  "param": {
    "imageSrc": "一张复杂重叠的蜘蛛网在微观科技节点上交织延伸",
    "enterEffect": "fadeIn"
  }
}
-------------------------------------------------------------------------------------------

======================================== REQUEST ========================================
time: 2026-05-24 14:11:16
provider: deepseek
model: deepseek-v4-pro
retries: 3

[PROMPT]
你是短视频字幕与画面细节处理专家。请把指定台词细化为字模显示参数。


## 完整段落上下文（仅供理解整体语境，判断当前句子的重要性）
把这些手段叠在一起，就是专利丛林。

经济学早就证明：
电信、软件这种复杂行业，
专利越密，
小公司越不敢进场。
不是他们不想创新，
是他们请不起律师团。

华为在局部技术节点上，
织几百上千张重叠的网。
你想做兼容设备？
想改一点交互？
一脚踩雷。

---


## 🎯 待处理的目标文案
你想做兼容设备？想改一点交互？一脚踩雷。

## 目标文案content的数组结构
生成模板参数时，format为content_index的字段依据此数组选择匹配的索引，用于决定相应内容出现在动画中的时机

[
  {
    "index": 0,
    "text": "你想做兼容设备？"
  },
  {
    "index": 1,
    "text": "想改一点交互？"
  },
  {
    "index": 2,
    "text": "一脚踩雷。"
  }
]


## 选定模板及参数规范

模板名称：CENTER_FOCUS

参数 Schema 说明：

{
  "type": "object",
  "properties": {
    "imageSrc": {
      "type": "string",
      "format": "image_prompt",
      "description": "主图描述"
    },
    "enterEffect": {
      "type": "string",
      "enum": [
        "fadeIn",
        "slideLeft",
        "slideBottom",
        "zoomIn"
      ],
      "default": "fadeIn",
      "description": "图片入场方式（breathe 呼吸效果始终常驻，无需指定）"
    },
    "anchors": {
      "type": "array",
      "description": "可选；用于锚点词展示（顶部依次出现并保留为列表），并绑定锚点出现时机的音效。showFrom 须落在当前 content 条数范围内。注意 **保持克制，尽量少设置锚点** 只提取整段里真正的高潮、反转或核心名词",
      "items": {
        "type": "object",
        "required": [
          "text",
          "showFrom"
        ],
        "properties": {
          "text": {
            "type": "string",
            "description": "要展示的锚点词"
          },
          "showFrom": {
            "type": "integer",
            "format": "content_index",
            "description": "content 数组下标（0-based），非帧数；合法范围 0～(content 条数-1)，超出会被校验丢弃"
          },
          "color": {
            "type": "string"
          },
          "anim": {
            "type": "string",
            "enum": [
              "spring",
              "slideUp",
              "popIn",
              "highlight"
            ]
          },
          "audioEffect": {
            "type": "string",
            "enum": [
              "impact_thud",
              "ping",
              "woosh"
            ]
          }
        }
      }
    }
  },
  "required": [
    "imageSrc"
  ]
}


模板该项的示例供参考：

{
  "template": "CENTER_FOCUS",
  "param": {
    "imageSrc": "上班族坐在电脑前的简笔画图标",
    "enterEffect": "fadeIn",
    "anchors": [
      {
        "text": "可得性启发",
        "showFrom": 0,
        "color": "red"
      }
    ]
  }
}


注意：如果该模板生成的参数包含图片视觉描述（如 imageSrc / leftSrc / rightSrc 等等），请只描述纯视觉场景与动作，绝不要包含任何文字、标语或注音。


## 其他通用说明
1. 锚点（Anchor）— 克制与高价值（适用于 SCHEMA 或上文允许出现锚点/高亮时）：
   - 多数句子应**无锚点**；拿不准就留空或 `[]`，避免满屏高亮。
   - 如果一定需要锚点，只选**整段里真正的高潮、反转或核心名词**（宜 2～4 字、有记忆点）；平庸词、铺垫句不要做成锚点。
   - 颜色建议：`#EF4444`（警示/反转/负面/结论）、`#000000`（事实/术语/数据）。动画 `anim`：`spring` | `slideUp` | `popIn` | `highlight`。
   - 音效可选(仅写在锚点对象上的 `audioEffect`)：`impact_thud` | `ping` | `woosh`

2. 视觉标题与字幕分离（仅当 SCHEMA 要求 `notText` / `butText` / `conceptName`、或 DOS_AND_DONTS 的 `left.label` / `right.label` 等时）：

   - 填**极简关键词（约 2～6 字）**，禁止把整句台词搬进标题字段。



## 输出格式（严格 JSON，不要 markdown 代码块）
补全当前模板的param,非数组：
{ "param": { ... } }

===========================================================================================
---------------------------------------- RESPONSE ----------------------------------------
time: 2026-05-24 14:11:28
attempt: 1/3

[OUTPUT]
{"param":{"imageSrc":"浓密的专利丛林，地面布满地雷，一只脚即将踩到地雷，紧张氛围","enterEffect":"fadeIn","anchors":[{"text":"踩雷","showFrom":2,"color":"#EF4444","anim":"popIn","audioEffect":"impact_thud"}]}}
-------------------------------------------------------------------------------------------

======================================== REQUEST ========================================
time: 2026-05-24 14:11:28
provider: deepseek
model: deepseek-v4-pro
retries: 3

[PROMPT]
你是短视频字幕与画面细节处理专家。请把指定台词细化为字模显示参数。


## 完整段落上下文（仅供理解整体语境，判断当前句子的重要性）
最后说最让人心寒的反转。

2013 年，华为还是受害者。
美国公司 IDC，
拿标准专利漫天要价，
还强行搭售。
华为告它反垄断，告赢了。
那时它是屠龙少年。

今天呢？
它手里攥着十六万件专利。
也开始用专利池，
向产业链收过路费。
芯片厂要谈。
路由器厂要谈。
整机厂也要谈。

它曾经恨过的那套玩法，
现在用得比谁都熟。

---


## 🎯 待处理的目标文案
最后说最让人心寒的反转。2013 年，华为还是受害者。

## 目标文案content的数组结构
生成模板参数时，format为content_index的字段依据此数组选择匹配的索引，用于决定相应内容出现在动画中的时机

[
  {
    "index": 0,
    "text": "最后说最让人心寒的反转。"
  },
  {
    "index": 1,
    "text": "2013 年，"
  },
  {
    "index": 2,
    "text": "华为还是受害者。"
  }
]


## 选定模板及参数规范

模板名称：CENTER_FOCUS

参数 Schema 说明：

{
  "type": "object",
  "properties": {
    "imageSrc": {
      "type": "string",
      "format": "image_prompt",
      "description": "主图描述"
    },
    "enterEffect": {
      "type": "string",
      "enum": [
        "fadeIn",
        "slideLeft",
        "slideBottom",
        "zoomIn"
      ],
      "default": "fadeIn",
      "description": "图片入场方式（breathe 呼吸效果始终常驻，无需指定）"
    },
    "anchors": {
      "type": "array",
      "description": "可选；用于锚点词展示（顶部依次出现并保留为列表），并绑定锚点出现时机的音效。showFrom 须落在当前 content 条数范围内。注意 **保持克制，尽量少设置锚点** 只提取整段里真正的高潮、反转或核心名词",
      "items": {
        "type": "object",
        "required": [
          "text",
          "showFrom"
        ],
        "properties": {
          "text": {
            "type": "string",
            "description": "要展示的锚点词"
          },
          "showFrom": {
            "type": "integer",
            "format": "content_index",
            "description": "content 数组下标（0-based），非帧数；合法范围 0～(content 条数-1)，超出会被校验丢弃"
          },
          "color": {
            "type": "string"
          },
          "anim": {
            "type": "string",
            "enum": [
              "spring",
              "slideUp",
              "popIn",
              "highlight"
            ]
          },
          "audioEffect": {
            "type": "string",
            "enum": [
              "impact_thud",
              "ping",
              "woosh"
            ]
          }
        }
      }
    }
  },
  "required": [
    "imageSrc"
  ]
}


模板该项的示例供参考：

{
  "template": "CENTER_FOCUS",
  "param": {
    "imageSrc": "上班族坐在电脑前的简笔画图标",
    "enterEffect": "fadeIn",
    "anchors": [
      {
        "text": "可得性启发",
        "showFrom": 0,
        "color": "red"
      }
    ]
  }
}


注意：如果该模板生成的参数包含图片视觉描述（如 imageSrc / leftSrc / rightSrc 等等），请只描述纯视觉场景与动作，绝不要包含任何文字、标语或注音。


## 其他通用说明
1. 锚点（Anchor）— 克制与高价值（适用于 SCHEMA 或上文允许出现锚点/高亮时）：
   - 多数句子应**无锚点**；拿不准就留空或 `[]`，避免满屏高亮。
   - 如果一定需要锚点，只选**整段里真正的高潮、反转或核心名词**（宜 2～4 字、有记忆点）；平庸词、铺垫句不要做成锚点。
   - 颜色建议：`#EF4444`（警示/反转/负面/结论）、`#000000`（事实/术语/数据）。动画 `anim`：`spring` | `slideUp` | `popIn` | `highlight`。
   - 音效可选(仅写在锚点对象上的 `audioEffect`)：`impact_thud` | `ping` | `woosh`

2. 视觉标题与字幕分离（仅当 SCHEMA 要求 `notText` / `butText` / `conceptName`、或 DOS_AND_DONTS 的 `left.label` / `right.label` 等时）：

   - 填**极简关键词（约 2～6 字）**，禁止把整句台词搬进标题字段。



## 输出格式（严格 JSON，不要 markdown 代码块）
补全当前模板的param,非数组：
{ "param": { ... } }

===========================================================================================
---------------------------------------- RESPONSE ----------------------------------------
time: 2026-05-24 14:11:45
attempt: 1/3

[OUTPUT]
{
  "param": {
    "imageSrc": "一个少年站在山顶，手握利剑，但脚下的影子却是一条恶龙",
    "enterEffect": "fadeIn",
    "anchors": [
      {
        "text": "反转",
        "showFrom": 0,
        "color": "#EF4444",
        "anim": "popIn",
        "audioEffect": "impact_thud"
      }
    ]
  }
}
-------------------------------------------------------------------------------------------

======================================== REQUEST ========================================
time: 2026-05-24 14:11:45
provider: deepseek
model: deepseek-v4-pro
retries: 3

[PROMPT]
你是短视频字幕与画面细节处理专家。请把指定台词细化为字模显示参数。


## 完整段落上下文（仅供理解整体语境，判断当前句子的重要性）
最后说最让人心寒的反转。

2013 年，华为还是受害者。
美国公司 IDC，
拿标准专利漫天要价，
还强行搭售。
华为告它反垄断，告赢了。
那时它是屠龙少年。

今天呢？
它手里攥着十六万件专利。
也开始用专利池，
向产业链收过路费。
芯片厂要谈。
路由器厂要谈。
整机厂也要谈。

它曾经恨过的那套玩法，
现在用得比谁都熟。

---


## 🎯 待处理的目标文案
美国公司 IDC，拿标准专利漫天要价，还强行搭售。华为告它反垄断，告赢了。那时它是屠龙少年。

## 目标文案content的数组结构
生成模板参数时，format为content_index的字段依据此数组选择匹配的索引，用于决定相应内容出现在动画中的时机

[
  {
    "index": 0,
    "text": "美国公司 IDC，"
  },
  {
    "index": 1,
    "text": "拿标准专利漫天要价，"
  },
  {
    "index": 2,
    "text": "还强行搭售。"
  },
  {
    "index": 3,
    "text": "华为告它反垄断，"
  },
  {
    "index": 4,
    "text": "告赢了。"
  },
  {
    "index": 5,
    "text": "那时它是屠龙少年。"
  }
]


## 选定模板及参数规范

模板名称：BEAT_SEQUENCE

参数 Schema 说明：

{
  "type": "object",
  "properties": {
    "stages": {
      "type": "array",
      "minItems": 2,
      "maxItems": 4,
      "description": "配图序列：每条 stage 一张图；imageSrc、enterEffect、可选 tone（calm|alert）、可选 showFrom（对齐镜头外层 content[] 下标）",
      "items": {
        "type": "object",
        "required": [
          "imageSrc"
        ],
        "properties": {
          "imageSrc": {
            "type": "string",
            "format": "image_prompt",
            "description": "该节拍配图提示词"
          },
          "enterEffect": {
            "type": "string",
            "enum": [
              "breathe",
              "slideLeft",
              "slideBottom",
              "zoomIn",
              "fadeIn"
            ],
            "default": "breathe",
            "description": "入场效果"
          },
          "tone": {
            "type": "string",
            "enum": [
              "calm",
              "alert"
            ],
            "description": "首条可 calm，其余默认可 alert"
          },
          "showFrom": {
            "type": "content_index",
            "minimum": 0,
            "description": "镜头 item 外层 content 数组（与 param 同级）的 0-based 下标；从该条 startFrame 起显示本图。省略则等于当前 stages 下标 i（与第 i 条口播同步）"
          }
        }
      }
    }
  },
  "required": [
    "stages"
  ]
}

// 口播条数（已由程序写入 CONTENT_STR，勿在 param 中输出 content）：口播分句（item.content）至少 2 条；口播分句至多 4 条（超出会被校验器告警）


模板该项的示例供参考：

{
  "template": "BEAT_SEQUENCE",
  "param": {
    "stages": [
      {
        "imageSrc": "问句配图简笔画",
        "enterEffect": "breathe"
      },
      {
        "imageSrc": "转折警示配图",
        "enterEffect": "slideBottom"
      },
      {
        "imageSrc": "结论冲击配图",
        "enterEffect": "slideBottom"
      }
    ]
  }
}


注意：如果该模板生成的参数包含图片视觉描述（如 imageSrc / leftSrc / rightSrc 等等），请只描述纯视觉场景与动作，绝不要包含任何文字、标语或注音。


## 其他通用说明
1. 锚点（Anchor）— 克制与高价值（适用于 SCHEMA 或上文允许出现锚点/高亮时）：
   - 多数句子应**无锚点**；拿不准就留空或 `[]`，避免满屏高亮。
   - 如果一定需要锚点，只选**整段里真正的高潮、反转或核心名词**（宜 2～4 字、有记忆点）；平庸词、铺垫句不要做成锚点。
   - 颜色建议：`#EF4444`（警示/反转/负面/结论）、`#000000`（事实/术语/数据）。动画 `anim`：`spring` | `slideUp` | `popIn` | `highlight`。
   - 音效可选(仅写在锚点对象上的 `audioEffect`)：`impact_thud` | `ping` | `woosh`

2. 视觉标题与字幕分离（仅当 SCHEMA 要求 `notText` / `butText` / `conceptName`、或 DOS_AND_DONTS 的 `left.label` / `right.label` 等时）：

   - 填**极简关键词（约 2～6 字）**，禁止把整句台词搬进标题字段。



## 输出格式（严格 JSON，不要 markdown 代码块）
补全当前模板的param,非数组：
{ "param": { ... } }

===========================================================================================
---------------------------------------- RESPONSE ----------------------------------------
time: 2026-05-24 14:12:19
attempt: 1/3

[OUTPUT]
{
  "param": {
    "stages": [
      {
        "imageSrc": "A menacing corporate building with a logo of IDC, dollar signs floating around, a handshake with a hidden ball and chain, symbolizing forced tying and exorbitant patent fees",
        "enterEffect": "breathe",
        "tone": "alert",
        "showFrom": 0
      },
      {
        "imageSrc": "A courtroom scene, Huawei's legal team presenting evidence, a gavel banging down with a bright light of victory, symbolizing antitrust triumph",
        "enterEffect": "slideBottom",
        "tone": "calm",
        "showFrom": 3
      },
      {
        "imageSrc": "A heroic silhouette of a young warrior holding a sword, facing a dying dragon in harsh, dramatic sunlight, symbolizing the dragon-slaying youth",
        "enterEffect": "zoomIn",
        "tone": "alert",
        "showFrom": 5
      }
    ]
  }
}
-------------------------------------------------------------------------------------------

======================================== REQUEST ========================================
time: 2026-05-24 14:12:19
provider: deepseek
model: deepseek-v4-pro
retries: 3

[PROMPT]
你是短视频字幕与画面细节处理专家。请把指定台词细化为字模显示参数。


## 完整段落上下文（仅供理解整体语境，判断当前句子的重要性）
最后说最让人心寒的反转。

2013 年，华为还是受害者。
美国公司 IDC，
拿标准专利漫天要价，
还强行搭售。
华为告它反垄断，告赢了。
那时它是屠龙少年。

今天呢？
它手里攥着十六万件专利。
也开始用专利池，
向产业链收过路费。
芯片厂要谈。
路由器厂要谈。
整机厂也要谈。

它曾经恨过的那套玩法，
现在用得比谁都熟。

---


## 🎯 待处理的目标文案
今天呢？它手里攥着十六万件专利。也开始用专利池，向产业链收过路费。

## 目标文案content的数组结构
生成模板参数时，format为content_index的字段依据此数组选择匹配的索引，用于决定相应内容出现在动画中的时机

[
  {
    "index": 0,
    "text": "今天呢？"
  },
  {
    "index": 1,
    "text": "它手里攥着十六万件专利。"
  },
  {
    "index": 2,
    "text": "也开始用专利池，"
  },
  {
    "index": 3,
    "text": "向产业链收过路费。"
  }
]


## 选定模板及参数规范

模板名称：BEAT_SEQUENCE

参数 Schema 说明：

{
  "type": "object",
  "properties": {
    "stages": {
      "type": "array",
      "minItems": 2,
      "maxItems": 4,
      "description": "配图序列：每条 stage 一张图；imageSrc、enterEffect、可选 tone（calm|alert）、可选 showFrom（对齐镜头外层 content[] 下标）",
      "items": {
        "type": "object",
        "required": [
          "imageSrc"
        ],
        "properties": {
          "imageSrc": {
            "type": "string",
            "format": "image_prompt",
            "description": "该节拍配图提示词"
          },
          "enterEffect": {
            "type": "string",
            "enum": [
              "breathe",
              "slideLeft",
              "slideBottom",
              "zoomIn",
              "fadeIn"
            ],
            "default": "breathe",
            "description": "入场效果"
          },
          "tone": {
            "type": "string",
            "enum": [
              "calm",
              "alert"
            ],
            "description": "首条可 calm，其余默认可 alert"
          },
          "showFrom": {
            "type": "content_index",
            "minimum": 0,
            "description": "镜头 item 外层 content 数组（与 param 同级）的 0-based 下标；从该条 startFrame 起显示本图。省略则等于当前 stages 下标 i（与第 i 条口播同步）"
          }
        }
      }
    }
  },
  "required": [
    "stages"
  ]
}

// 口播条数（已由程序写入 CONTENT_STR，勿在 param 中输出 content）：口播分句（item.content）至少 2 条；口播分句至多 4 条（超出会被校验器告警）


模板该项的示例供参考：

{
  "template": "BEAT_SEQUENCE",
  "param": {
    "stages": [
      {
        "imageSrc": "问句配图简笔画",
        "enterEffect": "breathe"
      },
      {
        "imageSrc": "转折警示配图",
        "enterEffect": "slideBottom"
      },
      {
        "imageSrc": "结论冲击配图",
        "enterEffect": "slideBottom"
      }
    ]
  }
}


注意：如果该模板生成的参数包含图片视觉描述（如 imageSrc / leftSrc / rightSrc 等等），请只描述纯视觉场景与动作，绝不要包含任何文字、标语或注音。


## 其他通用说明
1. 锚点（Anchor）— 克制与高价值（适用于 SCHEMA 或上文允许出现锚点/高亮时）：
   - 多数句子应**无锚点**；拿不准就留空或 `[]`，避免满屏高亮。
   - 如果一定需要锚点，只选**整段里真正的高潮、反转或核心名词**（宜 2～4 字、有记忆点）；平庸词、铺垫句不要做成锚点。
   - 颜色建议：`#EF4444`（警示/反转/负面/结论）、`#000000`（事实/术语/数据）。动画 `anim`：`spring` | `slideUp` | `popIn` | `highlight`。
   - 音效可选(仅写在锚点对象上的 `audioEffect`)：`impact_thud` | `ping` | `woosh`

2. 视觉标题与字幕分离（仅当 SCHEMA 要求 `notText` / `butText` / `conceptName`、或 DOS_AND_DONTS 的 `left.label` / `right.label` 等时）：

   - 填**极简关键词（约 2～6 字）**，禁止把整句台词搬进标题字段。



## 输出格式（严格 JSON，不要 markdown 代码块）
补全当前模板的param,非数组：
{ "param": { ... } }

===========================================================================================
---------------------------------------- RESPONSE ----------------------------------------
time: 2026-05-24 14:12:48
attempt: 1/3

[OUTPUT]
{"param":{"stages":[{"imageSrc":"一只手指向今日日历的特写，背景有模糊的问号云朵","enterEffect":"breathe","tone":"calm"},{"imageSrc":"一只紧握的拳头，指缝间露出层层叠叠的发光文件纸，纸上反射冷光","enterEffect":"slideLeft","tone":"alert"},{"imageSrc":"一个发光的方形水池，池中漂浮着许多立体小方块，每个方块表面有抽象电路或科技图案","enterEffect":"slideBottom","tone":"alert"},{"imageSrc":"一条工业传送带，上面设有一个机械关卡，机械手臂伸向经过的产品，象征收取过路费，背景为模糊的工厂","enterEffect":"zoomIn","tone":"alert"}]}}
-------------------------------------------------------------------------------------------

======================================== REQUEST ========================================
time: 2026-05-24 14:12:48
provider: deepseek
model: deepseek-v4-pro
retries: 3

[PROMPT]
你是短视频字幕与画面细节处理专家。请把指定台词细化为字模显示参数。


## 完整段落上下文（仅供理解整体语境，判断当前句子的重要性）
最后说最让人心寒的反转。

2013 年，华为还是受害者。
美国公司 IDC，
拿标准专利漫天要价，
还强行搭售。
华为告它反垄断，告赢了。
那时它是屠龙少年。

今天呢？
它手里攥着十六万件专利。
也开始用专利池，
向产业链收过路费。
芯片厂要谈。
路由器厂要谈。
整机厂也要谈。

它曾经恨过的那套玩法，
现在用得比谁都熟。

---


## 🎯 待处理的目标文案
芯片厂要谈。路由器厂要谈。整机厂也要谈。

## 目标文案content的数组结构
生成模板参数时，format为content_index的字段依据此数组选择匹配的索引，用于决定相应内容出现在动画中的时机

[
  {
    "index": 0,
    "text": "芯片厂要谈。"
  },
  {
    "index": 1,
    "text": "路由器厂要谈。"
  },
  {
    "index": 2,
    "text": "整机厂也要谈。"
  }
]


## 选定模板及参数规范

模板名称：PANEL_GRID

参数 Schema 说明：

{
  "type": "object",
  "properties": {
    "panels": {
      "type": "array",
      "minItems": 2,
      "maxItems": 6,
      "description": "宫格配图；showFrom 为 content 下标（0-based），在该条 startFrame 显现",
      "items": {
        "type": "object",
        "required": [
          "src",
          "showFrom"
        ],
        "properties": {
          "src": {
            "type": "string",
            "format": "image_prompt",
            "description": "该宫格配图提示词"
          },
          "showFrom": {
            "type": "integer",
            "format": "content_index",
            "description": "content 下标（0-based），非帧数"
          },
          "position": {
            "type": "string",
            "enum": [
              "center",
              "left",
              "right",
              "top",
              "bottom"
            ],
            "description": "可选；弱提示，布局以宫格为准"
          },
          "enterEffect": {
            "type": "string",
            "enum": [
              "breathe",
              "slideLeft",
              "slideBottom",
              "zoomIn",
              "fadeIn"
            ],
            "default": "fadeIn"
          }
        }
      }
    }
  },
  "required": [
    "panels"
  ]
}

// 口播条数（已由程序写入 CONTENT_STR，勿在 param 中输出 content）：口播分句（item.content）至少 2 条；口播分句至多 8 条（超出会被校验器告警）


模板该项的示例供参考：

{
  "template": "PANEL_GRID",
  "param": {
    "panels": [
      {
        "src": "问号堵住去路的简笔画",
        "showFrom": 0,
        "enterEffect": "zoomIn"
      },
      {
        "src": "放大镜只看一角的简笔画",
        "showFrom": 1
      },
      {
        "src": "两人各执一词的简笔画",
        "showFrom": 2
      }
    ]
  }
}


注意：如果该模板生成的参数包含图片视觉描述（如 imageSrc / leftSrc / rightSrc 等等），请只描述纯视觉场景与动作，绝不要包含任何文字、标语或注音。


## 其他通用说明
1. 锚点（Anchor）— 克制与高价值（适用于 SCHEMA 或上文允许出现锚点/高亮时）：
   - 多数句子应**无锚点**；拿不准就留空或 `[]`，避免满屏高亮。
   - 如果一定需要锚点，只选**整段里真正的高潮、反转或核心名词**（宜 2～4 字、有记忆点）；平庸词、铺垫句不要做成锚点。
   - 颜色建议：`#EF4444`（警示/反转/负面/结论）、`#000000`（事实/术语/数据）。动画 `anim`：`spring` | `slideUp` | `popIn` | `highlight`。
   - 音效可选(仅写在锚点对象上的 `audioEffect`)：`impact_thud` | `ping` | `woosh`

2. 视觉标题与字幕分离（仅当 SCHEMA 要求 `notText` / `butText` / `conceptName`、或 DOS_AND_DONTS 的 `left.label` / `right.label` 等时）：

   - 填**极简关键词（约 2～6 字）**，禁止把整句台词搬进标题字段。



## 输出格式（严格 JSON，不要 markdown 代码块）
补全当前模板的param,非数组：
{ "param": { ... } }

===========================================================================================
---------------------------------------- RESPONSE ----------------------------------------
time: 2026-05-24 14:12:59
attempt: 1/3

[OUTPUT]
{
  "param": {
    "panels": [
      {
        "src": "芯片工厂轮廓在谈判桌前，微芯片符号悬浮",
        "showFrom": 0,
        "enterEffect": "zoomIn"
      },
      {
        "src": "路由器形状的剪影站在谈判桌旁，网络信号波纹围绕",
        "showFrom": 1,
        "enterEffect": "fadeIn"
      },
      {
        "src": "整机（智能手机/笔记本）轮廓被放在谈判桌上，合同纸张一角可见",
        "showFrom": 2,
        "enterEffect": "slideBottom"
      }
    ]
  }
}
-------------------------------------------------------------------------------------------

======================================== REQUEST ========================================
time: 2026-05-24 14:12:59
provider: deepseek
model: deepseek-v4-pro
retries: 3

[PROMPT]
你是短视频字幕与画面细节处理专家。请把指定台词细化为字模显示参数。


## 完整段落上下文（仅供理解整体语境，判断当前句子的重要性）
最后说最让人心寒的反转。

2013 年，华为还是受害者。
美国公司 IDC，
拿标准专利漫天要价，
还强行搭售。
华为告它反垄断，告赢了。
那时它是屠龙少年。

今天呢？
它手里攥着十六万件专利。
也开始用专利池，
向产业链收过路费。
芯片厂要谈。
路由器厂要谈。
整机厂也要谈。

它曾经恨过的那套玩法，
现在用得比谁都熟。

---


## 🎯 待处理的目标文案
它曾经恨过的那套玩法，现在用得比谁都熟。

## 目标文案content的数组结构
生成模板参数时，format为content_index的字段依据此数组选择匹配的索引，用于决定相应内容出现在动画中的时机

[
  {
    "index": 0,
    "text": "它曾经恨过的那套玩法，"
  },
  {
    "index": 1,
    "text": "现在用得比谁都熟。"
  }
]


## 选定模板及参数规范

模板名称：SPLIT_COMPARE

参数 Schema 说明：

{
  "type": "object",
  "properties": {
    "leftSrc": {
      "type": "string",
      "format": "image_prompt",
      "description": "左侧图片描述"
    },
    "rightSrc": {
      "type": "string",
      "format": "image_prompt",
      "description": "右侧图片描述"
    },
    "leftLabel": {
      "type": "string",
      "description": "左侧标签（2～6 字为宜）"
    },
    "rightLabel": {
      "type": "string",
      "description": "右侧标签（2～6 字为宜）"
    },
    "leftShowFrom": {
      "type": "integer",
      "format": "content_index",
      "description": "左侧图与标签出现的时刻：取 content 数组下标（0-based），入场帧为该条的 startFrame；省略或越界则从 0 帧起"
    },
    "rightShowFrom": {
      "type": "integer",
      "format": "content_index",
      "description": "右侧图与标签出现的时刻：取 content 数组下标（0-based），入场帧为该条的 startFrame；省略或越界则从 0 帧起"
    }
  },
  "required": [
    "leftSrc",
    "rightSrc",
    "leftLabel",
    "rightLabel"
  ]
}


模板该项的示例供参考：

{
  "template": "SPLIT_COMPARE",
  "param": {
    "leftSrc": "传统低效工作图标",
    "rightSrc": "高效数字工具图标",
    "leftLabel": "旧方法",
    "rightLabel": "新方法"
  }
}


注意：如果该模板生成的参数包含图片视觉描述（如 imageSrc / leftSrc / rightSrc 等等），请只描述纯视觉场景与动作，绝不要包含任何文字、标语或注音。


## 其他通用说明
1. 锚点（Anchor）— 克制与高价值（适用于 SCHEMA 或上文允许出现锚点/高亮时）：
   - 多数句子应**无锚点**；拿不准就留空或 `[]`，避免满屏高亮。
   - 如果一定需要锚点，只选**整段里真正的高潮、反转或核心名词**（宜 2～4 字、有记忆点）；平庸词、铺垫句不要做成锚点。
   - 颜色建议：`#EF4444`（警示/反转/负面/结论）、`#000000`（事实/术语/数据）。动画 `anim`：`spring` | `slideUp` | `popIn` | `highlight`。
   - 音效可选(仅写在锚点对象上的 `audioEffect`)：`impact_thud` | `ping` | `woosh`

2. 视觉标题与字幕分离（仅当 SCHEMA 要求 `notText` / `butText` / `conceptName`、或 DOS_AND_DONTS 的 `left.label` / `right.label` 等时）：

   - 填**极简关键词（约 2～6 字）**，禁止把整句台词搬进标题字段。



## 输出格式（严格 JSON，不要 markdown 代码块）
补全当前模板的param,非数组：
{ "param": { ... } }

===========================================================================================
---------------------------------------- RESPONSE ----------------------------------------
time: 2026-05-24 14:13:29
attempt: 1/3

[OUTPUT]
{ "param": { "leftSrc": "一位年轻骑士高举宝剑，将一条巨龙斩杀倒地，阳光从背后照下", "rightSrc": "同一位骑士如今坐在龙骨堆上，身披龙鳞铠甲，伸手向下方的小型工厂和路由器设备索要金币", "leftLabel": "屠龙少年", "rightLabel": "恶龙", "leftShowFrom": 0, "rightShowFrom": 1 } }
-------------------------------------------------------------------------------------------

======================================== REQUEST ========================================
time: 2026-05-24 14:13:29
provider: deepseek
model: deepseek-v4-pro
retries: 3

[PROMPT]
你是短视频字幕与画面细节处理专家。请把指定台词细化为字模显示参数。


## 完整段落上下文（仅供理解整体语境，判断当前句子的重要性）
专利制度的本意，
是保护真正的发明，
让后来者能站在巨人肩上。

可当巨头把 KPI当信仰，
把分案当时光机，
把马桶当政绩，
把标准池当注水战场。

受伤的是谁？
是你多付的专利许可，

是那些被吓退的小团队。

是整个社会多出来的合规成本。

我们可以尊重华为在通信工程上的真贡献。
但必须拒绝把“专利数量”当成“技术良心”。

剥掉泡沫之后，
该问的不是谁专利多。
而是——
这些专利，到底是在护创新，
还是在护垄断？


## 🎯 待处理的目标文案
专利制度的本意，
是保护真正的发明，
让后来者能站在巨人肩上。

## 目标文案content的数组结构
生成模板参数时，format为content_index的字段依据此数组选择匹配的索引，用于决定相应内容出现在动画中的时机

[
  {
    "index": 0,
    "text": "专利制度的本意，"
  },
  {
    "index": 1,
    "text": "\n是保护真正的发明，"
  },
  {
    "index": 2,
    "text": "\n让后来者能站在巨人肩上。"
  }
]


## 选定模板及参数规范

模板名称：CONCEPT_CARD

参数 Schema 说明：

{
  "type": "object",
  "properties": {
    "imageSrc": {
      "type": "string",
      "format": "image_prompt",
      "description": "概念图标描述"
    },
    "conceptName": {
      "type": "string",
      "description": "概念名称"
    }
  },
  "required": [
    "imageSrc",
    "conceptName"
  ]
}


模板该项的示例供参考：

{
  "template": "CONCEPT_CARD",
  "param": {
    "imageSrc": "过滤器/筛网简笔画图标",
    "conceptName": "幸存者偏差"
  }
}


注意：如果该模板生成的参数包含图片视觉描述（如 imageSrc / leftSrc / rightSrc 等等），请只描述纯视觉场景与动作，绝不要包含任何文字、标语或注音。


## 其他通用说明
1. 锚点（Anchor）— 克制与高价值（适用于 SCHEMA 或上文允许出现锚点/高亮时）：
   - 多数句子应**无锚点**；拿不准就留空或 `[]`，避免满屏高亮。
   - 如果一定需要锚点，只选**整段里真正的高潮、反转或核心名词**（宜 2～4 字、有记忆点）；平庸词、铺垫句不要做成锚点。
   - 颜色建议：`#EF4444`（警示/反转/负面/结论）、`#000000`（事实/术语/数据）。动画 `anim`：`spring` | `slideUp` | `popIn` | `highlight`。
   - 音效可选(仅写在锚点对象上的 `audioEffect`)：`impact_thud` | `ping` | `woosh`

2. 视觉标题与字幕分离（仅当 SCHEMA 要求 `notText` / `butText` / `conceptName`、或 DOS_AND_DONTS 的 `left.label` / `right.label` 等时）：

   - 填**极简关键词（约 2～6 字）**，禁止把整句台词搬进标题字段。



## 输出格式（严格 JSON，不要 markdown 代码块）
补全当前模板的param,非数组：
{ "param": { ... } }

===========================================================================================
---------------------------------------- RESPONSE ----------------------------------------
time: 2026-05-24 14:13:38
attempt: 1/3

[OUTPUT]
{"param":{"imageSrc":"一个人站在巨人肩膀上的简笔画图标，背景有知识光芒","conceptName":"专利制度"}}
-------------------------------------------------------------------------------------------

======================================== REQUEST ========================================
time: 2026-05-24 14:13:38
provider: deepseek
model: deepseek-v4-pro
retries: 3

[PROMPT]
你是短视频字幕与画面细节处理专家。请把指定台词细化为字模显示参数。


## 完整段落上下文（仅供理解整体语境，判断当前句子的重要性）
专利制度的本意，
是保护真正的发明，
让后来者能站在巨人肩上。

可当巨头把 KPI当信仰，
把分案当时光机，
把马桶当政绩，
把标准池当注水战场。

受伤的是谁？
是你多付的专利许可，

是那些被吓退的小团队。

是整个社会多出来的合规成本。

我们可以尊重华为在通信工程上的真贡献。
但必须拒绝把“专利数量”当成“技术良心”。

剥掉泡沫之后，
该问的不是谁专利多。
而是——
这些专利，到底是在护创新，
还是在护垄断？


## 🎯 待处理的目标文案


可当巨头把 KPI当信仰，
把分案当时光机，
把马桶当政绩，
把标准池当注水战场。

## 目标文案content的数组结构
生成模板参数时，format为content_index的字段依据此数组选择匹配的索引，用于决定相应内容出现在动画中的时机

[
  {
    "index": 0,
    "text": "\n\n可当巨头把 KPI当信仰，"
  },
  {
    "index": 1,
    "text": "\n把分案当时光机，"
  },
  {
    "index": 2,
    "text": "\n把马桶当政绩，"
  },
  {
    "index": 3,
    "text": "\n把标准池当注水战场。"
  }
]


## 选定模板及参数规范

模板名称：PANEL_GRID

参数 Schema 说明：

{
  "type": "object",
  "properties": {
    "panels": {
      "type": "array",
      "minItems": 2,
      "maxItems": 6,
      "description": "宫格配图；showFrom 为 content 下标（0-based），在该条 startFrame 显现",
      "items": {
        "type": "object",
        "required": [
          "src",
          "showFrom"
        ],
        "properties": {
          "src": {
            "type": "string",
            "format": "image_prompt",
            "description": "该宫格配图提示词"
          },
          "showFrom": {
            "type": "integer",
            "format": "content_index",
            "description": "content 下标（0-based），非帧数"
          },
          "position": {
            "type": "string",
            "enum": [
              "center",
              "left",
              "right",
              "top",
              "bottom"
            ],
            "description": "可选；弱提示，布局以宫格为准"
          },
          "enterEffect": {
            "type": "string",
            "enum": [
              "breathe",
              "slideLeft",
              "slideBottom",
              "zoomIn",
              "fadeIn"
            ],
            "default": "fadeIn"
          }
        }
      }
    }
  },
  "required": [
    "panels"
  ]
}

// 口播条数（已由程序写入 CONTENT_STR，勿在 param 中输出 content）：口播分句（item.content）至少 2 条；口播分句至多 8 条（超出会被校验器告警）


模板该项的示例供参考：

{
  "template": "PANEL_GRID",
  "param": {
    "panels": [
      {
        "src": "问号堵住去路的简笔画",
        "showFrom": 0,
        "enterEffect": "zoomIn"
      },
      {
        "src": "放大镜只看一角的简笔画",
        "showFrom": 1
      },
      {
        "src": "两人各执一词的简笔画",
        "showFrom": 2
      }
    ]
  }
}


注意：如果该模板生成的参数包含图片视觉描述（如 imageSrc / leftSrc / rightSrc 等等），请只描述纯视觉场景与动作，绝不要包含任何文字、标语或注音。


## 其他通用说明
1. 锚点（Anchor）— 克制与高价值（适用于 SCHEMA 或上文允许出现锚点/高亮时）：
   - 多数句子应**无锚点**；拿不准就留空或 `[]`，避免满屏高亮。
   - 如果一定需要锚点，只选**整段里真正的高潮、反转或核心名词**（宜 2～4 字、有记忆点）；平庸词、铺垫句不要做成锚点。
   - 颜色建议：`#EF4444`（警示/反转/负面/结论）、`#000000`（事实/术语/数据）。动画 `anim`：`spring` | `slideUp` | `popIn` | `highlight`。
   - 音效可选(仅写在锚点对象上的 `audioEffect`)：`impact_thud` | `ping` | `woosh`

2. 视觉标题与字幕分离（仅当 SCHEMA 要求 `notText` / `butText` / `conceptName`、或 DOS_AND_DONTS 的 `left.label` / `right.label` 等时）：

   - 填**极简关键词（约 2～6 字）**，禁止把整句台词搬进标题字段。



## 输出格式（严格 JSON，不要 markdown 代码块）
补全当前模板的param,非数组：
{ "param": { ... } }

===========================================================================================
---------------------------------------- RESPONSE ----------------------------------------
time: 2026-05-24 14:13:58
attempt: 1/3

[OUTPUT]
{
  "param": {
    "panels": [
      {
        "src": "一个西装革履的人虔诚地跪在地上，双手合十，头顶上方悬浮着一个巨大的上升曲线箭头，箭头散发着金光，背景是极简办公室",
        "showFrom": 0,
        "enterEffect": "fadeIn"
      },
      {
        "src": "复古的金属时光机舱门打开，一个戴着眼镜的工程师手里拿着一叠厚厚的文件，正迈步走进时光机，机器上的表盘指针逆时针旋转",
        "showFrom": 1,
        "enterEffect": "slideBottom"
      },
      {
        "src": "政府大楼前，一位官员笑容满面地双手举着一个崭新的白色马桶，马桶上系着红色绸带，旁边地上散落着奖杯和证书",
        "showFrom": 2,
        "enterEffect": "zoomIn"
      },
      {
        "src": "一个巨大的标准游泳池内，水花四溅，无数人站在池边或趴在充气玩具上，同时用桶和管子往池子里倾倒蓝色液体，泳池边立着“标准池”的标牌但无文字",
        "showFrom": 3,
        "enterEffect": "slideLeft"
      }
    ]
  }
}
-------------------------------------------------------------------------------------------

======================================== REQUEST ========================================
time: 2026-05-24 14:13:58
provider: deepseek
model: deepseek-v4-pro
retries: 3

[PROMPT]
你是短视频字幕与画面细节处理专家。请把指定台词细化为字模显示参数。


## 完整段落上下文（仅供理解整体语境，判断当前句子的重要性）
专利制度的本意，
是保护真正的发明，
让后来者能站在巨人肩上。

可当巨头把 KPI当信仰，
把分案当时光机，
把马桶当政绩，
把标准池当注水战场。

受伤的是谁？
是你多付的专利许可，

是那些被吓退的小团队。

是整个社会多出来的合规成本。

我们可以尊重华为在通信工程上的真贡献。
但必须拒绝把“专利数量”当成“技术良心”。

剥掉泡沫之后，
该问的不是谁专利多。
而是——
这些专利，到底是在护创新，
还是在护垄断？


## 🎯 待处理的目标文案


受伤的是谁？
是你多付的专利许可，

是那些被吓退的小团队。

是整个社会多出来的合规成本。

## 目标文案content的数组结构
生成模板参数时，format为content_index的字段依据此数组选择匹配的索引，用于决定相应内容出现在动画中的时机

[
  {
    "index": 0,
    "text": "\n\n受伤的是谁？"
  },
  {
    "index": 1,
    "text": "\n是你多付的专利许可，"
  },
  {
    "index": 2,
    "text": "\n\n是那些被吓退的小团队。"
  },
  {
    "index": 3,
    "text": "\n\n是整个社会多出来的合规成本。"
  }
]


## 选定模板及参数规范

模板名称：PANEL_GRID

参数 Schema 说明：

{
  "type": "object",
  "properties": {
    "panels": {
      "type": "array",
      "minItems": 2,
      "maxItems": 6,
      "description": "宫格配图；showFrom 为 content 下标（0-based），在该条 startFrame 显现",
      "items": {
        "type": "object",
        "required": [
          "src",
          "showFrom"
        ],
        "properties": {
          "src": {
            "type": "string",
            "format": "image_prompt",
            "description": "该宫格配图提示词"
          },
          "showFrom": {
            "type": "integer",
            "format": "content_index",
            "description": "content 下标（0-based），非帧数"
          },
          "position": {
            "type": "string",
            "enum": [
              "center",
              "left",
              "right",
              "top",
              "bottom"
            ],
            "description": "可选；弱提示，布局以宫格为准"
          },
          "enterEffect": {
            "type": "string",
            "enum": [
              "breathe",
              "slideLeft",
              "slideBottom",
              "zoomIn",
              "fadeIn"
            ],
            "default": "fadeIn"
          }
        }
      }
    }
  },
  "required": [
    "panels"
  ]
}

// 口播条数（已由程序写入 CONTENT_STR，勿在 param 中输出 content）：口播分句（item.content）至少 2 条；口播分句至多 8 条（超出会被校验器告警）


模板该项的示例供参考：

{
  "template": "PANEL_GRID",
  "param": {
    "panels": [
      {
        "src": "问号堵住去路的简笔画",
        "showFrom": 0,
        "enterEffect": "zoomIn"
      },
      {
        "src": "放大镜只看一角的简笔画",
        "showFrom": 1
      },
      {
        "src": "两人各执一词的简笔画",
        "showFrom": 2
      }
    ]
  }
}


注意：如果该模板生成的参数包含图片视觉描述（如 imageSrc / leftSrc / rightSrc 等等），请只描述纯视觉场景与动作，绝不要包含任何文字、标语或注音。


## 其他通用说明
1. 锚点（Anchor）— 克制与高价值（适用于 SCHEMA 或上文允许出现锚点/高亮时）：
   - 多数句子应**无锚点**；拿不准就留空或 `[]`，避免满屏高亮。
   - 如果一定需要锚点，只选**整段里真正的高潮、反转或核心名词**（宜 2～4 字、有记忆点）；平庸词、铺垫句不要做成锚点。
   - 颜色建议：`#EF4444`（警示/反转/负面/结论）、`#000000`（事实/术语/数据）。动画 `anim`：`spring` | `slideUp` | `popIn` | `highlight`。
   - 音效可选(仅写在锚点对象上的 `audioEffect`)：`impact_thud` | `ping` | `woosh`

2. 视觉标题与字幕分离（仅当 SCHEMA 要求 `notText` / `butText` / `conceptName`、或 DOS_AND_DONTS 的 `left.label` / `right.label` 等时）：

   - 填**极简关键词（约 2～6 字）**，禁止把整句台词搬进标题字段。



## 输出格式（严格 JSON，不要 markdown 代码块）
补全当前模板的param,非数组：
{ "param": { ... } }

===========================================================================================
---------------------------------------- RESPONSE ----------------------------------------
time: 2026-05-24 14:14:12
attempt: 1/3

[OUTPUT]
{
  "param": {
    "panels": [
      {
        "src": "一个巨大的红色问号从天而降，砸在空旷的路面上，地面出现裂纹",
        "showFrom": 0,
        "enterEffect": "zoomIn"
      },
      {
        "src": "一双普通人的手摊开，掌心里不断向外蹦出金币和钞票，表情无奈",
        "showFrom": 1,
        "enterEffect": "slideLeft"
      },
      {
        "src": "几个小人物的剪影背着行李和工具，转身朝画面深处跑走，身后留下掉落的图纸",
        "showFrom": 2,
        "enterEffect": "fadeIn"
      },
      {
        "src": "一座被无数文件、印章和链条包裹的城市轮廓，齿轮缓慢转动，沉重地压在地面上",
        "showFrom": 3,
        "enterEffect": "slideBottom"
      }
    ]
  }
}
-------------------------------------------------------------------------------------------

======================================== REQUEST ========================================
time: 2026-05-24 14:14:12
provider: deepseek
model: deepseek-v4-pro
retries: 3

[PROMPT]
你是短视频字幕与画面细节处理专家。请把指定台词细化为字模显示参数。


## 完整段落上下文（仅供理解整体语境，判断当前句子的重要性）
专利制度的本意，
是保护真正的发明，
让后来者能站在巨人肩上。

可当巨头把 KPI当信仰，
把分案当时光机，
把马桶当政绩，
把标准池当注水战场。

受伤的是谁？
是你多付的专利许可，

是那些被吓退的小团队。

是整个社会多出来的合规成本。

我们可以尊重华为在通信工程上的真贡献。
但必须拒绝把“专利数量”当成“技术良心”。

剥掉泡沫之后，
该问的不是谁专利多。
而是——
这些专利，到底是在护创新，
还是在护垄断？


## 🎯 待处理的目标文案


我们可以尊重华为在通信工程上的真贡献。
但必须拒绝把“专利数量”当成“技术良心”。

## 目标文案content的数组结构
生成模板参数时，format为content_index的字段依据此数组选择匹配的索引，用于决定相应内容出现在动画中的时机

[
  {
    "index": 0,
    "text": "\n\n我们可以尊重华为在通信工程上的真贡献。"
  },
  {
    "index": 1,
    "text": "\n但必须拒绝把“专利数量”当成“技术良心”。"
  }
]


## 选定模板及参数规范

模板名称：COGNITIVE_SHIFT

参数 Schema 说明：

{
  "type": "object",
  "properties": {
    "notText": {
      "type": "string",
      "description": "被否认知（‘不是’后面的内容）的精炼短句，不超过12个字，"
    },
    "butText": {
      "type": "string",
      "description": "真实认知（‘而是’后面的内容）的精炼短句，不超过12个字"
    },
    "butSrc": {
      "type": "string",
      "format": "image_prompt",
      "description": "真实认知的配图"
    },
    "notContentIndex": {
      "type": "integer",
      "format": "content_index",
      "description": "触发「不是」动画的字幕段索引（默认 0）"
    },
    "butContentIndex": {
      "type": "integer",
      "format": "content_index",
      "description": "触发「而是」动画的字幕段索引（默认 1）"
    }
  },
  "required": [
    "notText",
    "butText"
  ]
}


模板该项的示例供参考：

{
  "template": "COGNITIVE_SHIFT",
  "content": [
    "我们都不应该靠勤奋拼命",
    "我们都应该是靠认知和选择",
    "这样我才能成功"
  ],
  "param": {
    "notText": "靠勤奋拼命",
    "butText": "靠认知和选择",
    "butSrc": "站在高处看地图的思考者",
    "notContentIndex": 0,
    "butContentIndex": 1
  }
}


注意：如果该模板生成的参数包含图片视觉描述（如 imageSrc / leftSrc / rightSrc 等等），请只描述纯视觉场景与动作，绝不要包含任何文字、标语或注音。


## 其他通用说明
1. 锚点（Anchor）— 克制与高价值（适用于 SCHEMA 或上文允许出现锚点/高亮时）：
   - 多数句子应**无锚点**；拿不准就留空或 `[]`，避免满屏高亮。
   - 如果一定需要锚点，只选**整段里真正的高潮、反转或核心名词**（宜 2～4 字、有记忆点）；平庸词、铺垫句不要做成锚点。
   - 颜色建议：`#EF4444`（警示/反转/负面/结论）、`#000000`（事实/术语/数据）。动画 `anim`：`spring` | `slideUp` | `popIn` | `highlight`。
   - 音效可选(仅写在锚点对象上的 `audioEffect`)：`impact_thud` | `ping` | `woosh`

2. 视觉标题与字幕分离（仅当 SCHEMA 要求 `notText` / `butText` / `conceptName`、或 DOS_AND_DONTS 的 `left.label` / `right.label` 等时）：

   - 填**极简关键词（约 2～6 字）**，禁止把整句台词搬进标题字段。



## 输出格式（严格 JSON，不要 markdown 代码块）
补全当前模板的param,非数组：
{ "param": { ... } }

===========================================================================================
---------------------------------------- RESPONSE ----------------------------------------
time: 2026-05-24 14:14:27
attempt: 1/3

[OUTPUT]
{ "param": { "notText": "专利数量即良心", "butText": "尊重真贡献", "butSrc": "参天大树根系深入大地，枝叶繁茂，背景是宁静的天空", "notContentIndex": 0, "butContentIndex": 1 } }
-------------------------------------------------------------------------------------------

======================================== REQUEST ========================================
time: 2026-05-24 14:14:27
provider: deepseek
model: deepseek-v4-pro
retries: 3

[PROMPT]
你是短视频字幕与画面细节处理专家。请把指定台词细化为字模显示参数。


## 完整段落上下文（仅供理解整体语境，判断当前句子的重要性）
专利制度的本意，
是保护真正的发明，
让后来者能站在巨人肩上。

可当巨头把 KPI当信仰，
把分案当时光机，
把马桶当政绩，
把标准池当注水战场。

受伤的是谁？
是你多付的专利许可，

是那些被吓退的小团队。

是整个社会多出来的合规成本。

我们可以尊重华为在通信工程上的真贡献。
但必须拒绝把“专利数量”当成“技术良心”。

剥掉泡沫之后，
该问的不是谁专利多。
而是——
这些专利，到底是在护创新，
还是在护垄断？


## 🎯 待处理的目标文案


剥掉泡沫之后，
该问的不是谁专利多。
而是——
这些专利，到底是在护创新，
还是在护垄断？

## 目标文案content的数组结构
生成模板参数时，format为content_index的字段依据此数组选择匹配的索引，用于决定相应内容出现在动画中的时机

[
  {
    "index": 0,
    "text": "\n\n剥掉泡沫之后，"
  },
  {
    "index": 1,
    "text": "\n该问的不是谁专利多。"
  },
  {
    "index": 2,
    "text": "\n而是—"
  },
  {
    "index": 3,
    "text": "—"
  },
  {
    "index": 4,
    "text": "\n这些专利，"
  },
  {
    "index": 5,
    "text": "到底是在护创新，"
  },
  {
    "index": 6,
    "text": "\n还是在护垄断？"
  }
]


## 选定模板及参数规范

模板名称：COGNITIVE_SHIFT

参数 Schema 说明：

{
  "type": "object",
  "properties": {
    "notText": {
      "type": "string",
      "description": "被否认知（‘不是’后面的内容）的精炼短句，不超过12个字，"
    },
    "butText": {
      "type": "string",
      "description": "真实认知（‘而是’后面的内容）的精炼短句，不超过12个字"
    },
    "butSrc": {
      "type": "string",
      "format": "image_prompt",
      "description": "真实认知的配图"
    },
    "notContentIndex": {
      "type": "integer",
      "format": "content_index",
      "description": "触发「不是」动画的字幕段索引（默认 0）"
    },
    "butContentIndex": {
      "type": "integer",
      "format": "content_index",
      "description": "触发「而是」动画的字幕段索引（默认 1）"
    }
  },
  "required": [
    "notText",
    "butText"
  ]
}


模板该项的示例供参考：

{
  "template": "COGNITIVE_SHIFT",
  "content": [
    "我们都不应该靠勤奋拼命",
    "我们都应该是靠认知和选择",
    "这样我才能成功"
  ],
  "param": {
    "notText": "靠勤奋拼命",
    "butText": "靠认知和选择",
    "butSrc": "站在高处看地图的思考者",
    "notContentIndex": 0,
    "butContentIndex": 1
  }
}


注意：如果该模板生成的参数包含图片视觉描述（如 imageSrc / leftSrc / rightSrc 等等），请只描述纯视觉场景与动作，绝不要包含任何文字、标语或注音。


## 其他通用说明
1. 锚点（Anchor）— 克制与高价值（适用于 SCHEMA 或上文允许出现锚点/高亮时）：
   - 多数句子应**无锚点**；拿不准就留空或 `[]`，避免满屏高亮。
   - 如果一定需要锚点，只选**整段里真正的高潮、反转或核心名词**（宜 2～4 字、有记忆点）；平庸词、铺垫句不要做成锚点。
   - 颜色建议：`#EF4444`（警示/反转/负面/结论）、`#000000`（事实/术语/数据）。动画 `anim`：`spring` | `slideUp` | `popIn` | `highlight`。
   - 音效可选(仅写在锚点对象上的 `audioEffect`)：`impact_thud` | `ping` | `woosh`

2. 视觉标题与字幕分离（仅当 SCHEMA 要求 `notText` / `butText` / `conceptName`、或 DOS_AND_DONTS 的 `left.label` / `right.label` 等时）：

   - 填**极简关键词（约 2～6 字）**，禁止把整句台词搬进标题字段。



## 输出格式（严格 JSON，不要 markdown 代码块）
补全当前模板的param,非数组：
{ "param": { ... } }

===========================================================================================
---------------------------------------- RESPONSE ----------------------------------------
time: 2026-05-24 14:14:58
attempt: 1/3

[OUTPUT]
{
  "param": {
    "notText": "谁专利多",
    "butText": "护创新还是护垄断",
    "butSrc": "泡沫破裂散尽后，一杆倾斜的天平出现在画面中央，一端悬浮着散发微光的齿轮，另一端被生锈的锁链拉扯下坠",
    "notContentIndex": 1,
    "butContentIndex": 2
  }
}
-------------------------------------------------------------------------------------------
