
======================================== REQUEST ========================================
time: 2026-06-07 00:43:31
provider: deepseek
model: deepseek-v4-pro
retries: 3

[PROMPT]
你是「镜头分镜 + 动画模板选型」联合优化器。你的任务是在**不改写口播原文**的前提下，把场景原文切成更“原子化”的镜头item，并为每个镜头选择最合适的 `template`。

## 🎥 视频大背景
- **核心主题**：华为‘定律’包装术：把厨房收纳，说成物理革命
- **当前场景**：剖析：定律本非新物理

## 📄 场景原文（严禁修改、严禁漏字、严禁补字）
华为韬定律，最不要脸的地方在于，它把普通工程题，包装成了科学神话。

很多人一听定律，就肃然起敬。牛顿有定律。摩尔有定律。现在华为也有定律？

问题来了：它到底发现了新物理？还是换了个高级名字？

我们先用生活话讲。你家厨房太小。你做饭很慢。正常办法是什么？换更大的厨房。买更好的灶。优化动线。

现在有人说，不用。我发明了一个厨房时间压缩定律。把锅叠起来。把碗挂起来。把灶台分层。

听起来很高级。但本质是什么？还是厨房收纳。还是动线优化。不是新物理。不是新定律。

## 可用模板（共 23 个：`template` 必须且仅能从中选一个）

BEAT_SEQUENCE, CASE_BREAKDOWN, CAUSE_CHAIN, CENTER_FOCUS, CHAT_BUBBLE, CHECKLIST_REVEAL, COGNITIVE_SHIFT, CONCEPT_CARD, DATA_TABLE, DOS_AND_DONTS, KPI_HERO, MAGNIFYING_GLASS, METHOD_STACK, PANEL_GRID, PEER_INDUCT, PROGRESS_RING, QUOTE_CITATION, SPLIT_COMPARE, STAT_COMPARE, STEP_LIST, TEXT_FOCUS, TIMELINE, TREE_DIAGRAM

选型规则以主提示词中的决策树与自检清单为准；参数结构不在此展开，后续步骤会按 Schema 生成 `param`。

---

## 🎯 总目标（必须同时满足）
1. **逐字一致**：每个 item 的 `text` 必须是原文的连续子串；所有 item 的 `text` 按顺序拼接后必须与原文完全一致（允许忽略空白差异，但不能改变任何非空白字符）。
2. **覆盖完整**：原文中每一个字符都必须且只能落在一个 item 里（不重叠、不遗漏）。
3. **表达原子化**：**一个 item 只允许一个主表达结构**（对比/命名/步骤/引用/数据/节拍递进/金句冲击/平铺叙述）。若同一段里混了两种结构，必须拆成多个 item。
4. **长度合理**：为了避免视觉疲劳，一个item中的text拼接后如果长于 50 字应该拆分成多个item。
5. 模板是为了更好的表达item中的text

---

## ✂️ 分镜原则

### Phase 1：时长锚点（量化判断基准）
- 正常语速约 **4~5 字/秒**，单个镜头的理想口播时长：**3~8 秒（约 12~40 字）**
- ⚠️ **< 12 字**的分段：除非是独立金句，否则**必须合并**到相邻镜头
- ⚠️ **> 50 字**的分段：意味着画面停留太久，观众注意力衰减，建议拆分，但拆分点本身仍需有叙事依据
- 在 `estimatedSeconds` 字段中标注预估秒数（字数 ÷ 4.5，保留一位小数）
- 除非模板使用TextFocus，否则不允许content中只有一个Text的情况

### Phase 2：切分信号强度模型
按叙事信号强度决定是否新建镜头，**而非按标点机械切分**：

**🔴 强信号（应新建镜头）**：
- 叙事角色彻底转换：说理/定义 → 举例/场景还原
- 叙事角色彻底转换：铺垫/铺陈 → 行动号召/结论
- 情绪段位跳变：平静分析 → 震惊转折 → 收束共情
- 视觉主体完全更换：讨论 A 话题 → 转到独立的 B 话题

**🟡 中等信号（倾向合并，但单段超过 40 字时可拆）**：
- 同一论点下的多个分点（第一、第二、第三……）
- 同一比喻的铺垫与揭示
- 同一因果链的前提与结论

**🟢 弱信号（严禁作为切分依据）**：
- 普通逗号、顿号、冒号后的补充说明
- 同一句话的前后半段
- "而且""此外""所以"等常见连接词（需配合叙事角色判断）

### Phase 3：合并检查
拆完后对所有 items 做全局合并检查：
- 相邻两个 items 若切分信号为"弱"且合并后总字数不超过 45 字 → **强制合并**
- 相邻两个 items 若叙事角色完全相同、画面视觉重心也相同 → **强制合并**

## 🧭 结构识别 → 模板选型（从上到下命中第一条）

### A. 数据/量化结论（expressionTag=data）
- 两项指标同框对比（涨跌、前后、A/B）→ `STAT_COMPARE`（必须能抽象出两个非负整数）
- 单指标完成度/占比/达成率 → `PROGRESS_RING`
- 单个核心数值/排名/增长率强调 → `KPI_HERO`

### B. 对错/强导向（expressionTag=contrast）
- 明确“别这样/要这样”“错误/正确” → `DOS_AND_DONTS`
- “不是…而是…” → `COGNITIVE_SHIFT`

### C. 多分点/清单/步骤（expressionTag=list|steps|method）
- 两方/两方案并列（更中立的 A vs B）→ `SPLIT_COMPARE`
- 当前 item 原文明确展开 **2～4** 个并列分点/并列例子，且每点需独立配图（宫格）→ `PANEL_GRID`
- 明确步骤序列/短清单，且【同一 item 内】可抽取出 2～6 条“短步骤”（如同时出现“第一/第二/第三…”或“1)/2)/3)”），并且每条步骤建议 ≤10 字、无长解释句 → `STEP_LIST`
  - 反例：只有“第一/第二”这一个标题句（单条）不要选 `STEP_LIST`（至少需要 2 条）
  - 反例：每条方法/步骤后面还跟较长解释、追问或补充句（例如任一解释段 >30 字）→ 不适合 `STEP_LIST`，应拆分 item，并优先用 `METHOD_STACK`（标题式核心 + 解释展开）或 `CENTER_FOCUS`
- “一个标题式核心（方法/建议/观点/卖点/亮点/推荐理由）+ 2～4 句解释展开” → `METHOD_STACK`
- 同一**案例/子话题**、**单主图**，口播 **4～6 句** 呈「个案→误判/推论→纠偏→收束」叙事弧 → `CASE_BREAKDOWN`（非「第一/第二」方法清单、非多图节拍时用本模板；方法要点式仍用 `METHOD_STACK`）

### D. 节拍递进（expressionTag=beat）
- 同一镜头内 2～4 段口播节拍递进（问→驳→收束；铺垫→转折→结论），希望画面跟着分段变化 → `BEAT_SEQUENCE`
  - **提示**：如果递进里还夹杂“强对照/命名”，通常应拆成多个 item，不要硬塞一个 `BEAT_SEQUENCE`。
- 同一镜头内 **因果链 / 机制传导**（因→果→再果，每环一图，无时间轴刻度）→ `CAUSE_CHAIN`

### E. 引用/命名/聚焦（expressionTag=quote|concept|focus）
- 名言、著作、研究、媒体引用、用户评价、证言摘录 → `QUOTE_CITATION`
- 对“专业术语、概念、产品名、品牌关键词、功能名等”新名词进行解释→ `CONCEPT_CARD`
- 需要把注意力锁定到一个关键词/短语/关键细节/核心发现上 → `MAGNIFYING_GLASS`
  - 必须存在明确落点句（如“关键在于…”“核心是…”“结论是…”）
  - 需要后续可提取 1～2 个高价值锚点短语（否则不要选）

### F. 金句冲击（expressionTag=focus）
- 全片级短促强结论、无需配图 → `TEXT_FOCUS`

### G. 时间轴，先后关系（expressionTag=timeline）
- 明确时间先后/阶段演进（过去→现在→未来）→ `TIMELINE`

### G2. 收束清单（expressionTag≈conclusion|list）
- 收束、行动检查项、要点复诵，需要**逐项打勾显现**（非编号短步骤、非并列大图组）→ `CHECKLIST_REVEAL`

### H. 默认（expressionTag=neutral）
- 平缓叙述、单图即可、无上述结构 → `CENTER_FOCUS`

---

## ✅ 输出格式（严格 JSON，禁止包含 markdown 代码块）
{
  "items": [
    {
      "text": "逐字口播片段（必须来自原文，且拼接后覆盖原文）",
      "narrativeType": "HOOK | LOGIC | CASE | DATA | CONCLUSION | TRANSITION",
      "template": "必须来自可用模板列表",
      "expressionTag": "data | contrast | list | steps | method | beat | quote | concept | focus | timeline | neutral",
      "confidence": "low | medium | high",
      "reasoning": "一句话说明：该段的主表达结构是什么 → 为什么选该模板 → 若拆分/合并，理由是什么"
    }
  ]
}

===========================================================================================
---------------------------------------- RESPONSE ----------------------------------------
time: 2026-06-07 00:46:10
attempt: 1/3

[OUTPUT]
{
  "items": [
    {
      "text": "华为韬定律，最不要脸的地方在于，它把普通工程题，包装成了科学神话。",
      "narrativeType": "HOOK",
      "template": "CONCEPT_CARD",
      "expressionTag": "concept",
      "confidence": "medium",
      "reasoning": "该段揭露华为韬定律的本质，是对一个概念的重新解释，因此选用CONCEPT_CARD呈现其包装术的核心。",
      "estimatedSeconds": 7.3
    },
    {
      "text": "很多人一听定律，就肃然起敬。牛顿有定律。摩尔有定律。现在华为也有定律？",
      "narrativeType": "LOGIC",
      "template": "BEAT_SEQUENCE",
      "expressionTag": "beat",
      "confidence": "high",
      "reasoning": "三句递进：铺垫肃然起敬 → 列举牛顿、摩尔定律 → 质疑华为是否也有，情绪节拍清晰，适合BEAT_SEQUENCE。",
      "estimatedSeconds": 7.8
    },
    {
      "text": "问题来了：它到底发现了新物理？还是换了个高级名字？",
      "narrativeType": "TRANSITION",
      "template": "COGNITIVE_SHIFT",
      "expressionTag": "contrast",
      "confidence": "high",
      "reasoning": "直接对比“发现新物理”与“换高级名字”，属于典型的认知转变，选用COGNITIVE_SHIFT。",
      "estimatedSeconds": 5.6
    },
    {
      "text": "我们先用生活话讲。你家厨房太小。你做饭很慢。正常办法是什么？",
      "narrativeType": "CASE",
      "template": "BEAT_SEQUENCE",
      "expressionTag": "beat",
      "confidence": "medium",
      "reasoning": "先叙述厨房问题再抛出设问，形成铺垫→提问的节拍递进，选用BEAT_SEQUENCE引导观众进入场景。",
      "estimatedSeconds": 6.7
    },
    {
      "text": "换更大的厨房。买更好的灶。优化动线。",
      "narrativeType": "CASE",
      "template": "PANEL_GRID",
      "expressionTag": "list",
      "confidence": "high",
      "reasoning": "三个并列的解决建议，每项可独立配图，宫格展示直观，故选用PANEL_GRID。",
      "estimatedSeconds": 4.0
    },
    {
      "text": "现在有人说，不用。我发明了一个厨房时间压缩定律。",
      "narrativeType": "LOGIC",
      "template": "COGNITIVE_SHIFT",
      "expressionTag": "contrast",
      "confidence": "medium",
      "reasoning": "否定正常办法，转而提出新概念，是认知上的转变，用COGNITIVE_SHIFT对比两种思路。",
      "estimatedSeconds": 5.3
    },
    {
      "text": "把锅叠起来。把碗挂起来。把灶台分层。",
      "narrativeType": "CASE",
      "template": "PANEL_GRID",
      "expressionTag": "list",
      "confidence": "high",
      "reasoning": "三个具体动作并列，延续宫格展示，直观表现所谓的“定律”内容，选用PANEL_GRID。",
      "estimatedSeconds": 4.0
    },
    {
      "text": "听起来很高级。但本质是什么？还是厨房收纳。还是动线优化。不是新物理。不是新定律。",
      "narrativeType": "CONCLUSION",
      "template": "COGNITIVE_SHIFT",
      "expressionTag": "contrast",
      "confidence": "high",
      "reasoning": "从表面“高级”到本质“收纳”“动线”再到否定“新物理”“新定律”，是层层递进的认知揭示，用COGNITIVE_SHIFT集中呈现去魅过程。",
      "estimatedSeconds": 8.9
    }
  ]
}
-------------------------------------------------------------------------------------------

======================================== REQUEST ========================================
time: 2026-06-07 00:46:10
provider: deepseek
model: deepseek-v4-pro
retries: 3

[PROMPT]
你是「镜头分镜 + 动画模板选型」联合优化器。你的任务是在**不改写口播原文**的前提下，把场景原文切成更“原子化”的镜头item，并为每个镜头选择最合适的 `template`。

## 🎥 视频大背景
- **核心主题**：华为‘定律’包装术：把厨房收纳，说成物理革命
- **当前场景**：剖析：时间缩微即工程优化

## 📄 场景原文（严禁修改、严禁漏字、严禁补字）
所谓韬定律，也是这个问题。它讲的核心，是时间缩微。听起来很玄。但翻译成人话，就是让芯片内部，信号跑得更快。让等待时间更短。让系统协作更紧。

这重要吗？当然重要。但新吗？并不新。

半导体工程里，降低延迟，本来就是基本目标。电路里的等待时间要降。信号节奏要对齐。线路要优化。功耗要压住。封装要改进。

这些不是玄学。这是工程师每天都在啃的硬骨头。

## 可用模板（共 23 个：`template` 必须且仅能从中选一个）

BEAT_SEQUENCE, CASE_BREAKDOWN, CAUSE_CHAIN, CENTER_FOCUS, CHAT_BUBBLE, CHECKLIST_REVEAL, COGNITIVE_SHIFT, CONCEPT_CARD, DATA_TABLE, DOS_AND_DONTS, KPI_HERO, MAGNIFYING_GLASS, METHOD_STACK, PANEL_GRID, PEER_INDUCT, PROGRESS_RING, QUOTE_CITATION, SPLIT_COMPARE, STAT_COMPARE, STEP_LIST, TEXT_FOCUS, TIMELINE, TREE_DIAGRAM

选型规则以主提示词中的决策树与自检清单为准；参数结构不在此展开，后续步骤会按 Schema 生成 `param`。

---

## 🎯 总目标（必须同时满足）
1. **逐字一致**：每个 item 的 `text` 必须是原文的连续子串；所有 item 的 `text` 按顺序拼接后必须与原文完全一致（允许忽略空白差异，但不能改变任何非空白字符）。
2. **覆盖完整**：原文中每一个字符都必须且只能落在一个 item 里（不重叠、不遗漏）。
3. **表达原子化**：**一个 item 只允许一个主表达结构**（对比/命名/步骤/引用/数据/节拍递进/金句冲击/平铺叙述）。若同一段里混了两种结构，必须拆成多个 item。
4. **长度合理**：为了避免视觉疲劳，一个item中的text拼接后如果长于 50 字应该拆分成多个item。
5. 模板是为了更好的表达item中的text

---

## ✂️ 分镜原则

### Phase 1：时长锚点（量化判断基准）
- 正常语速约 **4~5 字/秒**，单个镜头的理想口播时长：**3~8 秒（约 12~40 字）**
- ⚠️ **< 12 字**的分段：除非是独立金句，否则**必须合并**到相邻镜头
- ⚠️ **> 50 字**的分段：意味着画面停留太久，观众注意力衰减，建议拆分，但拆分点本身仍需有叙事依据
- 在 `estimatedSeconds` 字段中标注预估秒数（字数 ÷ 4.5，保留一位小数）
- 除非模板使用TextFocus，否则不允许content中只有一个Text的情况

### Phase 2：切分信号强度模型
按叙事信号强度决定是否新建镜头，**而非按标点机械切分**：

**🔴 强信号（应新建镜头）**：
- 叙事角色彻底转换：说理/定义 → 举例/场景还原
- 叙事角色彻底转换：铺垫/铺陈 → 行动号召/结论
- 情绪段位跳变：平静分析 → 震惊转折 → 收束共情
- 视觉主体完全更换：讨论 A 话题 → 转到独立的 B 话题

**🟡 中等信号（倾向合并，但单段超过 40 字时可拆）**：
- 同一论点下的多个分点（第一、第二、第三……）
- 同一比喻的铺垫与揭示
- 同一因果链的前提与结论

**🟢 弱信号（严禁作为切分依据）**：
- 普通逗号、顿号、冒号后的补充说明
- 同一句话的前后半段
- "而且""此外""所以"等常见连接词（需配合叙事角色判断）

### Phase 3：合并检查
拆完后对所有 items 做全局合并检查：
- 相邻两个 items 若切分信号为"弱"且合并后总字数不超过 45 字 → **强制合并**
- 相邻两个 items 若叙事角色完全相同、画面视觉重心也相同 → **强制合并**

## 🧭 结构识别 → 模板选型（从上到下命中第一条）

### A. 数据/量化结论（expressionTag=data）
- 两项指标同框对比（涨跌、前后、A/B）→ `STAT_COMPARE`（必须能抽象出两个非负整数）
- 单指标完成度/占比/达成率 → `PROGRESS_RING`
- 单个核心数值/排名/增长率强调 → `KPI_HERO`

### B. 对错/强导向（expressionTag=contrast）
- 明确“别这样/要这样”“错误/正确” → `DOS_AND_DONTS`
- “不是…而是…” → `COGNITIVE_SHIFT`

### C. 多分点/清单/步骤（expressionTag=list|steps|method）
- 两方/两方案并列（更中立的 A vs B）→ `SPLIT_COMPARE`
- 当前 item 原文明确展开 **2～4** 个并列分点/并列例子，且每点需独立配图（宫格）→ `PANEL_GRID`
- 明确步骤序列/短清单，且【同一 item 内】可抽取出 2～6 条“短步骤”（如同时出现“第一/第二/第三…”或“1)/2)/3)”），并且每条步骤建议 ≤10 字、无长解释句 → `STEP_LIST`
  - 反例：只有“第一/第二”这一个标题句（单条）不要选 `STEP_LIST`（至少需要 2 条）
  - 反例：每条方法/步骤后面还跟较长解释、追问或补充句（例如任一解释段 >30 字）→ 不适合 `STEP_LIST`，应拆分 item，并优先用 `METHOD_STACK`（标题式核心 + 解释展开）或 `CENTER_FOCUS`
- “一个标题式核心（方法/建议/观点/卖点/亮点/推荐理由）+ 2～4 句解释展开” → `METHOD_STACK`
- 同一**案例/子话题**、**单主图**，口播 **4～6 句** 呈「个案→误判/推论→纠偏→收束」叙事弧 → `CASE_BREAKDOWN`（非「第一/第二」方法清单、非多图节拍时用本模板；方法要点式仍用 `METHOD_STACK`）

### D. 节拍递进（expressionTag=beat）
- 同一镜头内 2～4 段口播节拍递进（问→驳→收束；铺垫→转折→结论），希望画面跟着分段变化 → `BEAT_SEQUENCE`
  - **提示**：如果递进里还夹杂“强对照/命名”，通常应拆成多个 item，不要硬塞一个 `BEAT_SEQUENCE`。
- 同一镜头内 **因果链 / 机制传导**（因→果→再果，每环一图，无时间轴刻度）→ `CAUSE_CHAIN`

### E. 引用/命名/聚焦（expressionTag=quote|concept|focus）
- 名言、著作、研究、媒体引用、用户评价、证言摘录 → `QUOTE_CITATION`
- 对“专业术语、概念、产品名、品牌关键词、功能名等”新名词进行解释→ `CONCEPT_CARD`
- 需要把注意力锁定到一个关键词/短语/关键细节/核心发现上 → `MAGNIFYING_GLASS`
  - 必须存在明确落点句（如“关键在于…”“核心是…”“结论是…”）
  - 需要后续可提取 1～2 个高价值锚点短语（否则不要选）

### F. 金句冲击（expressionTag=focus）
- 全片级短促强结论、无需配图 → `TEXT_FOCUS`

### G. 时间轴，先后关系（expressionTag=timeline）
- 明确时间先后/阶段演进（过去→现在→未来）→ `TIMELINE`

### G2. 收束清单（expressionTag≈conclusion|list）
- 收束、行动检查项、要点复诵，需要**逐项打勾显现**（非编号短步骤、非并列大图组）→ `CHECKLIST_REVEAL`

### H. 默认（expressionTag=neutral）
- 平缓叙述、单图即可、无上述结构 → `CENTER_FOCUS`

---

## ✅ 输出格式（严格 JSON，禁止包含 markdown 代码块）
{
  "items": [
    {
      "text": "逐字口播片段（必须来自原文，且拼接后覆盖原文）",
      "narrativeType": "HOOK | LOGIC | CASE | DATA | CONCLUSION | TRANSITION",
      "template": "必须来自可用模板列表",
      "expressionTag": "data | contrast | list | steps | method | beat | quote | concept | focus | timeline | neutral",
      "confidence": "low | medium | high",
      "reasoning": "一句话说明：该段的主表达结构是什么 → 为什么选该模板 → 若拆分/合并，理由是什么"
    }
  ]
}

===========================================================================================
---------------------------------------- RESPONSE ----------------------------------------
time: 2026-06-07 00:47:57
attempt: 1/3

[OUTPUT]
{
  "items": [
    {
      "text": "所谓韬定律，也是这个问题。它讲的核心，是时间缩微。",
      "narrativeType": "LOGIC",
      "template": "CONCEPT_CARD",
      "expressionTag": "concept",
      "confidence": "high",
      "reasoning": "引入术语“韬定律”并直接解释其核心，适合用概念卡片突出“时间缩微”这一关键定义。"
    },
    {
      "text": "听起来很玄。但翻译成人话，就是",
      "narrativeType": "TRANSITION",
      "template": "COGNITIVE_SHIFT",
      "expressionTag": "contrast",
      "confidence": "medium",
      "reasoning": "从“玄”到“人话”的认知转折，单独成镜避免与后续列表结构混淆，使用认知切换强化转变。"
    },
    {
      "text": "让芯片内部，信号跑得更快。让等待时间更短。让系统协作更紧。",
      "narrativeType": "CASE",
      "template": "STEP_LIST",
      "expressionTag": "list",
      "confidence": "high",
      "reasoning": "三个短促的“让…”句构成并列解释，可抽取为3条步骤清单，用步骤列表逐条强调。"
    },
    {
      "text": "这重要吗？当然重要。但新吗？并不新。",
      "narrativeType": "TRANSITION",
      "template": "BEAT_SEQUENCE",
      "expressionTag": "beat",
      "confidence": "medium",
      "reasoning": "设问-肯定-反驳的节拍递进，适合节拍序列模板放大情绪起伏。"
    },
    {
      "text": "半导体工程里，降低延迟，本来就是基本目标。",
      "narrativeType": "LOGIC",
      "template": "CENTER_FOCUS",
      "expressionTag": "neutral",
      "confidence": "high",
      "reasoning": "平实的总述句，无数据或对比结构，用中心聚焦配合单图即可。"
    },
    {
      "text": "电路里的等待时间要降。信号节奏要对齐。线路要优化。功耗要压住。封装要改进。",
      "narrativeType": "CASE",
      "template": "STEP_LIST",
      "expressionTag": "list",
      "confidence": "high",
      "reasoning": "五条并列的工程动作，每一条都很简短，可抽取为清晰步骤清单，用步骤列表展示。"
    },
    {
      "text": "这些不是玄学。这是工程师每天都在啃的硬骨头。",
      "narrativeType": "CONCLUSION",
      "template": "COGNITIVE_SHIFT",
      "expressionTag": "contrast",
      "confidence": "high",
      "reasoning": "鲜明的“不是…而是…”对比，用认知切换模板收束全段，强化结论冲击力。"
    }
  ]
}
-------------------------------------------------------------------------------------------

======================================== REQUEST ========================================
time: 2026-06-07 00:47:57
provider: deepseek
model: deepseek-v4-pro
retries: 3

[PROMPT]
你是「镜头分镜 + 动画模板选型」联合优化器。你的任务是在**不改写口播原文**的前提下，把场景原文切成更“原子化”的镜头item，并为每个镜头选择最合适的 `template`。

## 🎥 视频大背景
- **核心主题**：华为‘定律’包装术：把厨房收纳，说成物理革命
- **当前场景**：反转：营销包装与逻辑折叠

## 📄 场景原文（严禁修改、严禁漏字、严禁补字）
把基本功包装成定律，这就是营销属性。

更具体一点。所谓逻辑折叠，说白了，就是把芯片从平面，往立体方向堆。像城市没地了，就开始盖高楼。

这当然非常有价值。但问题是，这也不是华为独创的路线。

立体堆叠早就在研究。不同芯片组合早就在做。更紧密的连接方式，也早就在推进。台积电在做。英特尔在做。英伟达也在用。

行业里叫工程路线。华为叙事里，却变成了定律革命。

## 可用模板（共 23 个：`template` 必须且仅能从中选一个）

BEAT_SEQUENCE, CASE_BREAKDOWN, CAUSE_CHAIN, CENTER_FOCUS, CHAT_BUBBLE, CHECKLIST_REVEAL, COGNITIVE_SHIFT, CONCEPT_CARD, DATA_TABLE, DOS_AND_DONTS, KPI_HERO, MAGNIFYING_GLASS, METHOD_STACK, PANEL_GRID, PEER_INDUCT, PROGRESS_RING, QUOTE_CITATION, SPLIT_COMPARE, STAT_COMPARE, STEP_LIST, TEXT_FOCUS, TIMELINE, TREE_DIAGRAM

选型规则以主提示词中的决策树与自检清单为准；参数结构不在此展开，后续步骤会按 Schema 生成 `param`。

---

## 🎯 总目标（必须同时满足）
1. **逐字一致**：每个 item 的 `text` 必须是原文的连续子串；所有 item 的 `text` 按顺序拼接后必须与原文完全一致（允许忽略空白差异，但不能改变任何非空白字符）。
2. **覆盖完整**：原文中每一个字符都必须且只能落在一个 item 里（不重叠、不遗漏）。
3. **表达原子化**：**一个 item 只允许一个主表达结构**（对比/命名/步骤/引用/数据/节拍递进/金句冲击/平铺叙述）。若同一段里混了两种结构，必须拆成多个 item。
4. **长度合理**：为了避免视觉疲劳，一个item中的text拼接后如果长于 50 字应该拆分成多个item。
5. 模板是为了更好的表达item中的text

---

## ✂️ 分镜原则

### Phase 1：时长锚点（量化判断基准）
- 正常语速约 **4~5 字/秒**，单个镜头的理想口播时长：**3~8 秒（约 12~40 字）**
- ⚠️ **< 12 字**的分段：除非是独立金句，否则**必须合并**到相邻镜头
- ⚠️ **> 50 字**的分段：意味着画面停留太久，观众注意力衰减，建议拆分，但拆分点本身仍需有叙事依据
- 在 `estimatedSeconds` 字段中标注预估秒数（字数 ÷ 4.5，保留一位小数）
- 除非模板使用TextFocus，否则不允许content中只有一个Text的情况

### Phase 2：切分信号强度模型
按叙事信号强度决定是否新建镜头，**而非按标点机械切分**：

**🔴 强信号（应新建镜头）**：
- 叙事角色彻底转换：说理/定义 → 举例/场景还原
- 叙事角色彻底转换：铺垫/铺陈 → 行动号召/结论
- 情绪段位跳变：平静分析 → 震惊转折 → 收束共情
- 视觉主体完全更换：讨论 A 话题 → 转到独立的 B 话题

**🟡 中等信号（倾向合并，但单段超过 40 字时可拆）**：
- 同一论点下的多个分点（第一、第二、第三……）
- 同一比喻的铺垫与揭示
- 同一因果链的前提与结论

**🟢 弱信号（严禁作为切分依据）**：
- 普通逗号、顿号、冒号后的补充说明
- 同一句话的前后半段
- "而且""此外""所以"等常见连接词（需配合叙事角色判断）

### Phase 3：合并检查
拆完后对所有 items 做全局合并检查：
- 相邻两个 items 若切分信号为"弱"且合并后总字数不超过 45 字 → **强制合并**
- 相邻两个 items 若叙事角色完全相同、画面视觉重心也相同 → **强制合并**

## 🧭 结构识别 → 模板选型（从上到下命中第一条）

### A. 数据/量化结论（expressionTag=data）
- 两项指标同框对比（涨跌、前后、A/B）→ `STAT_COMPARE`（必须能抽象出两个非负整数）
- 单指标完成度/占比/达成率 → `PROGRESS_RING`
- 单个核心数值/排名/增长率强调 → `KPI_HERO`

### B. 对错/强导向（expressionTag=contrast）
- 明确“别这样/要这样”“错误/正确” → `DOS_AND_DONTS`
- “不是…而是…” → `COGNITIVE_SHIFT`

### C. 多分点/清单/步骤（expressionTag=list|steps|method）
- 两方/两方案并列（更中立的 A vs B）→ `SPLIT_COMPARE`
- 当前 item 原文明确展开 **2～4** 个并列分点/并列例子，且每点需独立配图（宫格）→ `PANEL_GRID`
- 明确步骤序列/短清单，且【同一 item 内】可抽取出 2～6 条“短步骤”（如同时出现“第一/第二/第三…”或“1)/2)/3)”），并且每条步骤建议 ≤10 字、无长解释句 → `STEP_LIST`
  - 反例：只有“第一/第二”这一个标题句（单条）不要选 `STEP_LIST`（至少需要 2 条）
  - 反例：每条方法/步骤后面还跟较长解释、追问或补充句（例如任一解释段 >30 字）→ 不适合 `STEP_LIST`，应拆分 item，并优先用 `METHOD_STACK`（标题式核心 + 解释展开）或 `CENTER_FOCUS`
- “一个标题式核心（方法/建议/观点/卖点/亮点/推荐理由）+ 2～4 句解释展开” → `METHOD_STACK`
- 同一**案例/子话题**、**单主图**，口播 **4～6 句** 呈「个案→误判/推论→纠偏→收束」叙事弧 → `CASE_BREAKDOWN`（非「第一/第二」方法清单、非多图节拍时用本模板；方法要点式仍用 `METHOD_STACK`）

### D. 节拍递进（expressionTag=beat）
- 同一镜头内 2～4 段口播节拍递进（问→驳→收束；铺垫→转折→结论），希望画面跟着分段变化 → `BEAT_SEQUENCE`
  - **提示**：如果递进里还夹杂“强对照/命名”，通常应拆成多个 item，不要硬塞一个 `BEAT_SEQUENCE`。
- 同一镜头内 **因果链 / 机制传导**（因→果→再果，每环一图，无时间轴刻度）→ `CAUSE_CHAIN`

### E. 引用/命名/聚焦（expressionTag=quote|concept|focus）
- 名言、著作、研究、媒体引用、用户评价、证言摘录 → `QUOTE_CITATION`
- 对“专业术语、概念、产品名、品牌关键词、功能名等”新名词进行解释→ `CONCEPT_CARD`
- 需要把注意力锁定到一个关键词/短语/关键细节/核心发现上 → `MAGNIFYING_GLASS`
  - 必须存在明确落点句（如“关键在于…”“核心是…”“结论是…”）
  - 需要后续可提取 1～2 个高价值锚点短语（否则不要选）

### F. 金句冲击（expressionTag=focus）
- 全片级短促强结论、无需配图 → `TEXT_FOCUS`

### G. 时间轴，先后关系（expressionTag=timeline）
- 明确时间先后/阶段演进（过去→现在→未来）→ `TIMELINE`

### G2. 收束清单（expressionTag≈conclusion|list）
- 收束、行动检查项、要点复诵，需要**逐项打勾显现**（非编号短步骤、非并列大图组）→ `CHECKLIST_REVEAL`

### H. 默认（expressionTag=neutral）
- 平缓叙述、单图即可、无上述结构 → `CENTER_FOCUS`

---

## ✅ 输出格式（严格 JSON，禁止包含 markdown 代码块）
{
  "items": [
    {
      "text": "逐字口播片段（必须来自原文，且拼接后覆盖原文）",
      "narrativeType": "HOOK | LOGIC | CASE | DATA | CONCLUSION | TRANSITION",
      "template": "必须来自可用模板列表",
      "expressionTag": "data | contrast | list | steps | method | beat | quote | concept | focus | timeline | neutral",
      "confidence": "low | medium | high",
      "reasoning": "一句话说明：该段的主表达结构是什么 → 为什么选该模板 → 若拆分/合并，理由是什么"
    }
  ]
}

===========================================================================================
---------------------------------------- RESPONSE ----------------------------------------
time: 2026-06-07 00:49:34
attempt: 1/3

[OUTPUT]
{
  "items": [
    {
      "text": "把基本功包装成定律，这就是营销属性。",
      "narrativeType": "CONCLUSION",
      "template": "TEXT_FOCUS",
      "expressionTag": "focus",
      "confidence": "high",
      "reasoning": "独立金句式结论，短促有力，无需配图，用TEXT_FOCUS锁定核心观点。"
    },
    {
      "text": "更具体一点。所谓逻辑折叠，说白了，就是把芯片从平面，往立体方向堆。像城市没地了，就开始盖高楼。",
      "narrativeType": "LOGIC",
      "template": "CONCEPT_CARD",
      "expressionTag": "concept",
      "confidence": "high",
      "reasoning": "对专业术语“逻辑折叠”进行解释+比喻，适合CONCEPT_CARD强化概念形象；开头的口语过渡因字数过短合并，不单独拆分。"
    },
    {
      "text": "这当然非常有价值。但问题是，这也不是华为独创的路线。",
      "narrativeType": "TRANSITION",
      "template": "BEAT_SEQUENCE",
      "expressionTag": "beat",
      "confidence": "medium",
      "reasoning": "从肯定价值到否定独创，形成两拍节递进（先扬后抑），用BEAT_SEQUENCE让画面随情绪转折分段变化；虽非典型的“不是…而是…”但认知上属于转折递进，故未选COGNITIVE_SHIFT。"
    },
    {
      "text": "立体堆叠早就在研究。不同芯片组合早就在做。更紧密的连接方式，也早就在推进。",
      "narrativeType": "DATA",
      "template": "PANEL_GRID",
      "expressionTag": "list",
      "confidence": "high",
      "reasoning": "三个技术方向的并列证据，每条均为独立观点且需配图，用PANEL_GRID宫格展示更直观；总字数约35字，避免过冗。"
    },
    {
      "text": "台积电在做。英特尔在做。英伟达也在用。",
      "narrativeType": "DATA",
      "template": "PANEL_GRID",
      "expressionTag": "list",
      "confidence": "high",
      "reasoning": "三家公司并列举证，与前一个技术方向证据组分属不同层面，拆分后每条极短但配图清晰，PANEL_GRID适合展示公司logo阵列。"
    },
    {
      "text": "行业里叫工程路线。华为叙事里，却变成了定律革命。",
      "narrativeType": "CONCLUSION",
      "template": "COGNITIVE_SHIFT",
      "expressionTag": "contrast",
      "confidence": "high",
      "reasoning": "鲜明的认知反转对比——从真实的“工程路线”到华为包装的“定律革命”，COGNITIVE_SHIFT突出转变感，强化批评效果；两句话短促集中，不宜再拆。"
    }
  ]
}
-------------------------------------------------------------------------------------------

======================================== REQUEST ========================================
time: 2026-06-07 00:49:34
provider: deepseek
model: deepseek-v4-pro
retries: 3

[PROMPT]
你是「镜头分镜 + 动画模板选型」联合优化器。你的任务是在**不改写口播原文**的前提下，把场景原文切成更“原子化”的镜头item，并为每个镜头选择最合适的 `template`。

## 🎥 视频大背景
- **核心主题**：华为‘定律’包装术：把厨房收纳，说成物理革命
- **当前场景**：揭示：定律革命的误导危险

## 📄 场景原文（严禁修改、严禁漏字、严禁补字）
这一步，非常关键。

工程路线，可以讨论成本。可以讨论良率。可以讨论散热。可以讨论可靠性。

但定律革命，不一样。它会让普通人误以为：我们已经改写规则了。我们已经绕过封锁了。我们已经追平先进制程了。

这就很危险，这会让很多人陷入一种盲目的自大之中，以井底之蛙的视角自以为看遍了整个世界。

## 可用模板（共 23 个：`template` 必须且仅能从中选一个）

BEAT_SEQUENCE, CASE_BREAKDOWN, CAUSE_CHAIN, CENTER_FOCUS, CHAT_BUBBLE, CHECKLIST_REVEAL, COGNITIVE_SHIFT, CONCEPT_CARD, DATA_TABLE, DOS_AND_DONTS, KPI_HERO, MAGNIFYING_GLASS, METHOD_STACK, PANEL_GRID, PEER_INDUCT, PROGRESS_RING, QUOTE_CITATION, SPLIT_COMPARE, STAT_COMPARE, STEP_LIST, TEXT_FOCUS, TIMELINE, TREE_DIAGRAM

选型规则以主提示词中的决策树与自检清单为准；参数结构不在此展开，后续步骤会按 Schema 生成 `param`。

---

## 🎯 总目标（必须同时满足）
1. **逐字一致**：每个 item 的 `text` 必须是原文的连续子串；所有 item 的 `text` 按顺序拼接后必须与原文完全一致（允许忽略空白差异，但不能改变任何非空白字符）。
2. **覆盖完整**：原文中每一个字符都必须且只能落在一个 item 里（不重叠、不遗漏）。
3. **表达原子化**：**一个 item 只允许一个主表达结构**（对比/命名/步骤/引用/数据/节拍递进/金句冲击/平铺叙述）。若同一段里混了两种结构，必须拆成多个 item。
4. **长度合理**：为了避免视觉疲劳，一个item中的text拼接后如果长于 50 字应该拆分成多个item。
5. 模板是为了更好的表达item中的text

---

## ✂️ 分镜原则

### Phase 1：时长锚点（量化判断基准）
- 正常语速约 **4~5 字/秒**，单个镜头的理想口播时长：**3~8 秒（约 12~40 字）**
- ⚠️ **< 12 字**的分段：除非是独立金句，否则**必须合并**到相邻镜头
- ⚠️ **> 50 字**的分段：意味着画面停留太久，观众注意力衰减，建议拆分，但拆分点本身仍需有叙事依据
- 在 `estimatedSeconds` 字段中标注预估秒数（字数 ÷ 4.5，保留一位小数）
- 除非模板使用TextFocus，否则不允许content中只有一个Text的情况

### Phase 2：切分信号强度模型
按叙事信号强度决定是否新建镜头，**而非按标点机械切分**：

**🔴 强信号（应新建镜头）**：
- 叙事角色彻底转换：说理/定义 → 举例/场景还原
- 叙事角色彻底转换：铺垫/铺陈 → 行动号召/结论
- 情绪段位跳变：平静分析 → 震惊转折 → 收束共情
- 视觉主体完全更换：讨论 A 话题 → 转到独立的 B 话题

**🟡 中等信号（倾向合并，但单段超过 40 字时可拆）**：
- 同一论点下的多个分点（第一、第二、第三……）
- 同一比喻的铺垫与揭示
- 同一因果链的前提与结论

**🟢 弱信号（严禁作为切分依据）**：
- 普通逗号、顿号、冒号后的补充说明
- 同一句话的前后半段
- "而且""此外""所以"等常见连接词（需配合叙事角色判断）

### Phase 3：合并检查
拆完后对所有 items 做全局合并检查：
- 相邻两个 items 若切分信号为"弱"且合并后总字数不超过 45 字 → **强制合并**
- 相邻两个 items 若叙事角色完全相同、画面视觉重心也相同 → **强制合并**

## 🧭 结构识别 → 模板选型（从上到下命中第一条）

### A. 数据/量化结论（expressionTag=data）
- 两项指标同框对比（涨跌、前后、A/B）→ `STAT_COMPARE`（必须能抽象出两个非负整数）
- 单指标完成度/占比/达成率 → `PROGRESS_RING`
- 单个核心数值/排名/增长率强调 → `KPI_HERO`

### B. 对错/强导向（expressionTag=contrast）
- 明确“别这样/要这样”“错误/正确” → `DOS_AND_DONTS`
- “不是…而是…” → `COGNITIVE_SHIFT`

### C. 多分点/清单/步骤（expressionTag=list|steps|method）
- 两方/两方案并列（更中立的 A vs B）→ `SPLIT_COMPARE`
- 当前 item 原文明确展开 **2～4** 个并列分点/并列例子，且每点需独立配图（宫格）→ `PANEL_GRID`
- 明确步骤序列/短清单，且【同一 item 内】可抽取出 2～6 条“短步骤”（如同时出现“第一/第二/第三…”或“1)/2)/3)”），并且每条步骤建议 ≤10 字、无长解释句 → `STEP_LIST`
  - 反例：只有“第一/第二”这一个标题句（单条）不要选 `STEP_LIST`（至少需要 2 条）
  - 反例：每条方法/步骤后面还跟较长解释、追问或补充句（例如任一解释段 >30 字）→ 不适合 `STEP_LIST`，应拆分 item，并优先用 `METHOD_STACK`（标题式核心 + 解释展开）或 `CENTER_FOCUS`
- “一个标题式核心（方法/建议/观点/卖点/亮点/推荐理由）+ 2～4 句解释展开” → `METHOD_STACK`
- 同一**案例/子话题**、**单主图**，口播 **4～6 句** 呈「个案→误判/推论→纠偏→收束」叙事弧 → `CASE_BREAKDOWN`（非「第一/第二」方法清单、非多图节拍时用本模板；方法要点式仍用 `METHOD_STACK`）

### D. 节拍递进（expressionTag=beat）
- 同一镜头内 2～4 段口播节拍递进（问→驳→收束；铺垫→转折→结论），希望画面跟着分段变化 → `BEAT_SEQUENCE`
  - **提示**：如果递进里还夹杂“强对照/命名”，通常应拆成多个 item，不要硬塞一个 `BEAT_SEQUENCE`。
- 同一镜头内 **因果链 / 机制传导**（因→果→再果，每环一图，无时间轴刻度）→ `CAUSE_CHAIN`

### E. 引用/命名/聚焦（expressionTag=quote|concept|focus）
- 名言、著作、研究、媒体引用、用户评价、证言摘录 → `QUOTE_CITATION`
- 对“专业术语、概念、产品名、品牌关键词、功能名等”新名词进行解释→ `CONCEPT_CARD`
- 需要把注意力锁定到一个关键词/短语/关键细节/核心发现上 → `MAGNIFYING_GLASS`
  - 必须存在明确落点句（如“关键在于…”“核心是…”“结论是…”）
  - 需要后续可提取 1～2 个高价值锚点短语（否则不要选）

### F. 金句冲击（expressionTag=focus）
- 全片级短促强结论、无需配图 → `TEXT_FOCUS`

### G. 时间轴，先后关系（expressionTag=timeline）
- 明确时间先后/阶段演进（过去→现在→未来）→ `TIMELINE`

### G2. 收束清单（expressionTag≈conclusion|list）
- 收束、行动检查项、要点复诵，需要**逐项打勾显现**（非编号短步骤、非并列大图组）→ `CHECKLIST_REVEAL`

### H. 默认（expressionTag=neutral）
- 平缓叙述、单图即可、无上述结构 → `CENTER_FOCUS`

---

## ✅ 输出格式（严格 JSON，禁止包含 markdown 代码块）
{
  "items": [
    {
      "text": "逐字口播片段（必须来自原文，且拼接后覆盖原文）",
      "narrativeType": "HOOK | LOGIC | CASE | DATA | CONCLUSION | TRANSITION",
      "template": "必须来自可用模板列表",
      "expressionTag": "data | contrast | list | steps | method | beat | quote | concept | focus | timeline | neutral",
      "confidence": "low | medium | high",
      "reasoning": "一句话说明：该段的主表达结构是什么 → 为什么选该模板 → 若拆分/合并，理由是什么"
    }
  ]
}

===========================================================================================
---------------------------------------- RESPONSE ----------------------------------------
time: 2026-06-07 00:50:43
attempt: 1/3

[OUTPUT]
{
  "items": [
    {
      "text": "这一步，非常关键。",
      "narrativeType": "HOOK",
      "template": "TEXT_FOCUS",
      "expressionTag": "focus",
      "confidence": "high",
      "reasoning": "独立金句强调关键性，适合全片级短促强结论，无需配图，选用TEXT_FOCUS。"
    },
    {
      "text": "工程路线，可以讨论成本。可以讨论良率。可以讨论散热。可以讨论可靠性。",
      "narrativeType": "LOGIC",
      "template": "PANEL_GRID",
      "expressionTag": "list",
      "confidence": "medium",
      "reasoning": "并列列出四个可讨论方面，适合用PANEL_GRID分格展示各点，清晰对比工程路线的多维度。"
    },
    {
      "text": "但定律革命，不一样。",
      "narrativeType": "TRANSITION",
      "template": "CENTER_FOCUS",
      "expressionTag": "contrast",
      "confidence": "medium",
      "reasoning": "转折短句，强调差异，用CENTER_FOCUS锁定注意力，突出“不一样”的关键信号。"
    },
    {
      "text": "它会让普通人误以为：我们已经改写规则了。我们已经绕过封锁了。我们已经追平先进制程了。",
      "narrativeType": "LOGIC",
      "template": "PANEL_GRID",
      "expressionTag": "list",
      "confidence": "high",
      "reasoning": "三个误导性误解并列展开，清晰分点，适合PANEL_GRID逐格呈现，强化误导的危害。"
    },
    {
      "text": "这就很危险，这会让很多人陷入一种盲目的自大之中，以井底之蛙的视角自以为看遍了整个世界。",
      "narrativeType": "CONCLUSION",
      "template": "BEAT_SEQUENCE",
      "expressionTag": "beat",
      "confidence": "medium",
      "reasoning": "从“危险”到“盲目自大”再到“井底之蛙”呈递进节拍，用BEAT_SEQUENCE逐步揭示认知误区，增强警示效果。"
    }
  ]
}
-------------------------------------------------------------------------------------------

======================================== REQUEST ========================================
time: 2026-06-07 00:50:43
provider: deepseek
model: deepseek-v4-pro
retries: 3

[PROMPT]
你是「镜头分镜 + 动画模板选型」联合优化器。你的任务是在**不改写口播原文**的前提下，把场景原文切成更“原子化”的镜头item，并为每个镜头选择最合适的 `template`。

## 🎥 视频大背景
- **核心主题**：华为‘定律’包装术：把厨房收纳，说成物理革命
- **当前场景**：例证：营销号惯用套路

## 📄 场景原文（严禁修改、严禁漏字、严禁补字）
实际上，华为相关的营销号干的这种破事已经不是第一次了。

三进制专利，本来只是局部电路优化。
到了营销号嘴里，就变成了打破美国计算标准。
光子芯片，本来主要解决数据传输。
到了营销号嘴里，就变成了电要过时，光刻机也没用了。
四重图案化，本来是用更大代价的工艺，补偿没有先进光刻机的短板。
到了营销号嘴里，就变成了中国版光刻厂。

你看，套路从来没变。
工程补偿，说成弯道超车。
局部优化，说成体系革命。
技术路线，说成改写规则。

## 可用模板（共 23 个：`template` 必须且仅能从中选一个）

BEAT_SEQUENCE, CASE_BREAKDOWN, CAUSE_CHAIN, CENTER_FOCUS, CHAT_BUBBLE, CHECKLIST_REVEAL, COGNITIVE_SHIFT, CONCEPT_CARD, DATA_TABLE, DOS_AND_DONTS, KPI_HERO, MAGNIFYING_GLASS, METHOD_STACK, PANEL_GRID, PEER_INDUCT, PROGRESS_RING, QUOTE_CITATION, SPLIT_COMPARE, STAT_COMPARE, STEP_LIST, TEXT_FOCUS, TIMELINE, TREE_DIAGRAM

选型规则以主提示词中的决策树与自检清单为准；参数结构不在此展开，后续步骤会按 Schema 生成 `param`。

---

## 🎯 总目标（必须同时满足）
1. **逐字一致**：每个 item 的 `text` 必须是原文的连续子串；所有 item 的 `text` 按顺序拼接后必须与原文完全一致（允许忽略空白差异，但不能改变任何非空白字符）。
2. **覆盖完整**：原文中每一个字符都必须且只能落在一个 item 里（不重叠、不遗漏）。
3. **表达原子化**：**一个 item 只允许一个主表达结构**（对比/命名/步骤/引用/数据/节拍递进/金句冲击/平铺叙述）。若同一段里混了两种结构，必须拆成多个 item。
4. **长度合理**：为了避免视觉疲劳，一个item中的text拼接后如果长于 50 字应该拆分成多个item。
5. 模板是为了更好的表达item中的text

---

## ✂️ 分镜原则

### Phase 1：时长锚点（量化判断基准）
- 正常语速约 **4~5 字/秒**，单个镜头的理想口播时长：**3~8 秒（约 12~40 字）**
- ⚠️ **< 12 字**的分段：除非是独立金句，否则**必须合并**到相邻镜头
- ⚠️ **> 50 字**的分段：意味着画面停留太久，观众注意力衰减，建议拆分，但拆分点本身仍需有叙事依据
- 在 `estimatedSeconds` 字段中标注预估秒数（字数 ÷ 4.5，保留一位小数）
- 除非模板使用TextFocus，否则不允许content中只有一个Text的情况

### Phase 2：切分信号强度模型
按叙事信号强度决定是否新建镜头，**而非按标点机械切分**：

**🔴 强信号（应新建镜头）**：
- 叙事角色彻底转换：说理/定义 → 举例/场景还原
- 叙事角色彻底转换：铺垫/铺陈 → 行动号召/结论
- 情绪段位跳变：平静分析 → 震惊转折 → 收束共情
- 视觉主体完全更换：讨论 A 话题 → 转到独立的 B 话题

**🟡 中等信号（倾向合并，但单段超过 40 字时可拆）**：
- 同一论点下的多个分点（第一、第二、第三……）
- 同一比喻的铺垫与揭示
- 同一因果链的前提与结论

**🟢 弱信号（严禁作为切分依据）**：
- 普通逗号、顿号、冒号后的补充说明
- 同一句话的前后半段
- "而且""此外""所以"等常见连接词（需配合叙事角色判断）

### Phase 3：合并检查
拆完后对所有 items 做全局合并检查：
- 相邻两个 items 若切分信号为"弱"且合并后总字数不超过 45 字 → **强制合并**
- 相邻两个 items 若叙事角色完全相同、画面视觉重心也相同 → **强制合并**

## 🧭 结构识别 → 模板选型（从上到下命中第一条）

### A. 数据/量化结论（expressionTag=data）
- 两项指标同框对比（涨跌、前后、A/B）→ `STAT_COMPARE`（必须能抽象出两个非负整数）
- 单指标完成度/占比/达成率 → `PROGRESS_RING`
- 单个核心数值/排名/增长率强调 → `KPI_HERO`

### B. 对错/强导向（expressionTag=contrast）
- 明确“别这样/要这样”“错误/正确” → `DOS_AND_DONTS`
- “不是…而是…” → `COGNITIVE_SHIFT`

### C. 多分点/清单/步骤（expressionTag=list|steps|method）
- 两方/两方案并列（更中立的 A vs B）→ `SPLIT_COMPARE`
- 当前 item 原文明确展开 **2～4** 个并列分点/并列例子，且每点需独立配图（宫格）→ `PANEL_GRID`
- 明确步骤序列/短清单，且【同一 item 内】可抽取出 2～6 条“短步骤”（如同时出现“第一/第二/第三…”或“1)/2)/3)”），并且每条步骤建议 ≤10 字、无长解释句 → `STEP_LIST`
  - 反例：只有“第一/第二”这一个标题句（单条）不要选 `STEP_LIST`（至少需要 2 条）
  - 反例：每条方法/步骤后面还跟较长解释、追问或补充句（例如任一解释段 >30 字）→ 不适合 `STEP_LIST`，应拆分 item，并优先用 `METHOD_STACK`（标题式核心 + 解释展开）或 `CENTER_FOCUS`
- “一个标题式核心（方法/建议/观点/卖点/亮点/推荐理由）+ 2～4 句解释展开” → `METHOD_STACK`
- 同一**案例/子话题**、**单主图**，口播 **4～6 句** 呈「个案→误判/推论→纠偏→收束」叙事弧 → `CASE_BREAKDOWN`（非「第一/第二」方法清单、非多图节拍时用本模板；方法要点式仍用 `METHOD_STACK`）

### D. 节拍递进（expressionTag=beat）
- 同一镜头内 2～4 段口播节拍递进（问→驳→收束；铺垫→转折→结论），希望画面跟着分段变化 → `BEAT_SEQUENCE`
  - **提示**：如果递进里还夹杂“强对照/命名”，通常应拆成多个 item，不要硬塞一个 `BEAT_SEQUENCE`。
- 同一镜头内 **因果链 / 机制传导**（因→果→再果，每环一图，无时间轴刻度）→ `CAUSE_CHAIN`

### E. 引用/命名/聚焦（expressionTag=quote|concept|focus）
- 名言、著作、研究、媒体引用、用户评价、证言摘录 → `QUOTE_CITATION`
- 对“专业术语、概念、产品名、品牌关键词、功能名等”新名词进行解释→ `CONCEPT_CARD`
- 需要把注意力锁定到一个关键词/短语/关键细节/核心发现上 → `MAGNIFYING_GLASS`
  - 必须存在明确落点句（如“关键在于…”“核心是…”“结论是…”）
  - 需要后续可提取 1～2 个高价值锚点短语（否则不要选）

### F. 金句冲击（expressionTag=focus）
- 全片级短促强结论、无需配图 → `TEXT_FOCUS`

### G. 时间轴，先后关系（expressionTag=timeline）
- 明确时间先后/阶段演进（过去→现在→未来）→ `TIMELINE`

### G2. 收束清单（expressionTag≈conclusion|list）
- 收束、行动检查项、要点复诵，需要**逐项打勾显现**（非编号短步骤、非并列大图组）→ `CHECKLIST_REVEAL`

### H. 默认（expressionTag=neutral）
- 平缓叙述、单图即可、无上述结构 → `CENTER_FOCUS`

---

## ✅ 输出格式（严格 JSON，禁止包含 markdown 代码块）
{
  "items": [
    {
      "text": "逐字口播片段（必须来自原文，且拼接后覆盖原文）",
      "narrativeType": "HOOK | LOGIC | CASE | DATA | CONCLUSION | TRANSITION",
      "template": "必须来自可用模板列表",
      "expressionTag": "data | contrast | list | steps | method | beat | quote | concept | focus | timeline | neutral",
      "confidence": "low | medium | high",
      "reasoning": "一句话说明：该段的主表达结构是什么 → 为什么选该模板 → 若拆分/合并，理由是什么"
    }
  ]
}

===========================================================================================
---------------------------------------- RESPONSE ----------------------------------------
time: 2026-06-07 00:51:32
attempt: 1/3

[OUTPUT]
{
  "items": [
    {
      "text": "实际上，华为相关的营销号干的这种破事已经不是第一次了。",
      "narrativeType": "TRANSITION",
      "template": "CENTER_FOCUS",
      "expressionTag": "neutral",
      "confidence": "high",
      "reasoning": "引入背景，平铺叙述，无特殊结构，选CENTER_FOCUS保持画面焦点。"
    },
    {
      "text": "三进制专利，本来只是局部电路优化。到了营销号嘴里，就变成了打破美国计算标准。",
      "narrativeType": "CASE",
      "template": "COGNITIVE_SHIFT",
      "expressionTag": "contrast",
      "confidence": "high",
      "reasoning": "本真与曲解形成认知对比，适合COGNITIVE_SHIFT呈现‘本来是…却被说成…’的转折。"
    },
    {
      "text": "光子芯片，本来主要解决数据传输。到了营销号嘴里，就变成了电要过时，光刻机也没用了。",
      "narrativeType": "CASE",
      "template": "COGNITIVE_SHIFT",
      "expressionTag": "contrast",
      "confidence": "high",
      "reasoning": "同样为事实与谣言对比，延续认知转变结构，独立成镜避免单镜过长。"
    },
    {
      "text": "四重图案化，本来是用更大代价的工艺，补偿没有先进光刻机的短板。到了营销号嘴里，就变成了中国版光刻厂。",
      "narrativeType": "CASE",
      "template": "COGNITIVE_SHIFT",
      "expressionTag": "contrast",
      "confidence": "high",
      "reasoning": "第三个案例，结构与前两个一致，拆分保持节奏，持续强化认知错位效果。"
    },
    {
      "text": "你看，套路从来没变。",
      "narrativeType": "CONCLUSION",
      "template": "TEXT_FOCUS",
      "expressionTag": "focus",
      "confidence": "high",
      "reasoning": "短促金句收束全篇，无需配图，TEXT_FOCUS放大冲击力，强调核心结论。"
    },
    {
      "text": "工程补偿，说成弯道超车。局部优化，说成体系革命。技术路线，说成改写规则。",
      "narrativeType": "CONCLUSION",
      "template": "CHECKLIST_REVEAL",
      "expressionTag": "list",
      "confidence": "medium",
      "reasoning": "收束式列举三大套路，适合CHECKLIST_REVEAL逐项打勾显现，强化要点复诵，替代大图并列的PANEL_GRID。"
    }
  ]
}
-------------------------------------------------------------------------------------------

======================================== REQUEST ========================================
time: 2026-06-07 00:51:32
provider: deepseek
model: deepseek-v4-pro
retries: 3

[PROMPT]
你是「镜头分镜 + 动画模板选型」联合优化器。你的任务是在**不改写口播原文**的前提下，把场景原文切成更“原子化”的镜头item，并为每个镜头选择最合适的 `template`。

## 🎥 视频大背景
- **核心主题**：华为‘定律’包装术：把厨房收纳，说成物理革命
- **当前场景**：剖析：四大伤害

## 📄 场景原文（严禁修改、严禁漏字、严禁补字）
真正伤害中国科技的，也正是这里。

第一，它伤害求真文化。

科技进步，靠承认差距。靠长期死磕。靠把问题拆细。不是靠把短板改名。

先进制程受限，那就诚实说受限。芯片设计软件不足，那就补设计软件。材料不够，那就补材料。光刻难，那就攻光刻。

最怕的是：问题还没解决。口号先胜利了。

第二，它误导资源配置。

资本市场最爱听故事。一听光模块。一听韬定律。一听改写规则。资金就开始沸腾。

可钱一旦被叙事带跑。真正慢的硬骨头，就没人愿意啃。

基础软件慢。材料验证慢。工艺爬坡慢。人才培养慢。但这些慢东西，才是真科技。

概念涨停，不等于产业突破。市值沸腾，不等于晶圆良率。

第三，它制造道德绑架。

正常的技术质疑，很容易被扣帽子。你说散热难，有人说你不支持国产。你说良率低，有人说你递刀子。你说概念包装，有人说你崇洋媚外。

这就完了。科学讨论一旦饭圈化。专家会沉默。工程师会沉默。投资人会装懂。

最后，所有人都在演。没有人敢说真话。

第四，它抬高外部警惕。

你天天宣传自己突破封锁。天天说绕过光刻机。天天说改写全球规则。外部会怎么反应？

他们不会替你高兴。他们只会加码封锁。

真实能力还没到。战略压力先拉满。

这不是强国叙事。这是把自己架到火上烤。

## 可用模板（共 23 个：`template` 必须且仅能从中选一个）

BEAT_SEQUENCE, CASE_BREAKDOWN, CAUSE_CHAIN, CENTER_FOCUS, CHAT_BUBBLE, CHECKLIST_REVEAL, COGNITIVE_SHIFT, CONCEPT_CARD, DATA_TABLE, DOS_AND_DONTS, KPI_HERO, MAGNIFYING_GLASS, METHOD_STACK, PANEL_GRID, PEER_INDUCT, PROGRESS_RING, QUOTE_CITATION, SPLIT_COMPARE, STAT_COMPARE, STEP_LIST, TEXT_FOCUS, TIMELINE, TREE_DIAGRAM

选型规则以主提示词中的决策树与自检清单为准；参数结构不在此展开，后续步骤会按 Schema 生成 `param`。

---

## 🎯 总目标（必须同时满足）
1. **逐字一致**：每个 item 的 `text` 必须是原文的连续子串；所有 item 的 `text` 按顺序拼接后必须与原文完全一致（允许忽略空白差异，但不能改变任何非空白字符）。
2. **覆盖完整**：原文中每一个字符都必须且只能落在一个 item 里（不重叠、不遗漏）。
3. **表达原子化**：**一个 item 只允许一个主表达结构**（对比/命名/步骤/引用/数据/节拍递进/金句冲击/平铺叙述）。若同一段里混了两种结构，必须拆成多个 item。
4. **长度合理**：为了避免视觉疲劳，一个item中的text拼接后如果长于 50 字应该拆分成多个item。
5. 模板是为了更好的表达item中的text

---

## ✂️ 分镜原则

### Phase 1：时长锚点（量化判断基准）
- 正常语速约 **4~5 字/秒**，单个镜头的理想口播时长：**3~8 秒（约 12~40 字）**
- ⚠️ **< 12 字**的分段：除非是独立金句，否则**必须合并**到相邻镜头
- ⚠️ **> 50 字**的分段：意味着画面停留太久，观众注意力衰减，建议拆分，但拆分点本身仍需有叙事依据
- 在 `estimatedSeconds` 字段中标注预估秒数（字数 ÷ 4.5，保留一位小数）
- 除非模板使用TextFocus，否则不允许content中只有一个Text的情况

### Phase 2：切分信号强度模型
按叙事信号强度决定是否新建镜头，**而非按标点机械切分**：

**🔴 强信号（应新建镜头）**：
- 叙事角色彻底转换：说理/定义 → 举例/场景还原
- 叙事角色彻底转换：铺垫/铺陈 → 行动号召/结论
- 情绪段位跳变：平静分析 → 震惊转折 → 收束共情
- 视觉主体完全更换：讨论 A 话题 → 转到独立的 B 话题

**🟡 中等信号（倾向合并，但单段超过 40 字时可拆）**：
- 同一论点下的多个分点（第一、第二、第三……）
- 同一比喻的铺垫与揭示
- 同一因果链的前提与结论

**🟢 弱信号（严禁作为切分依据）**：
- 普通逗号、顿号、冒号后的补充说明
- 同一句话的前后半段
- "而且""此外""所以"等常见连接词（需配合叙事角色判断）

### Phase 3：合并检查
拆完后对所有 items 做全局合并检查：
- 相邻两个 items 若切分信号为"弱"且合并后总字数不超过 45 字 → **强制合并**
- 相邻两个 items 若叙事角色完全相同、画面视觉重心也相同 → **强制合并**

## 🧭 结构识别 → 模板选型（从上到下命中第一条）

### A. 数据/量化结论（expressionTag=data）
- 两项指标同框对比（涨跌、前后、A/B）→ `STAT_COMPARE`（必须能抽象出两个非负整数）
- 单指标完成度/占比/达成率 → `PROGRESS_RING`
- 单个核心数值/排名/增长率强调 → `KPI_HERO`

### B. 对错/强导向（expressionTag=contrast）
- 明确“别这样/要这样”“错误/正确” → `DOS_AND_DONTS`
- “不是…而是…” → `COGNITIVE_SHIFT`

### C. 多分点/清单/步骤（expressionTag=list|steps|method）
- 两方/两方案并列（更中立的 A vs B）→ `SPLIT_COMPARE`
- 当前 item 原文明确展开 **2～4** 个并列分点/并列例子，且每点需独立配图（宫格）→ `PANEL_GRID`
- 明确步骤序列/短清单，且【同一 item 内】可抽取出 2～6 条“短步骤”（如同时出现“第一/第二/第三…”或“1)/2)/3)”），并且每条步骤建议 ≤10 字、无长解释句 → `STEP_LIST`
  - 反例：只有“第一/第二”这一个标题句（单条）不要选 `STEP_LIST`（至少需要 2 条）
  - 反例：每条方法/步骤后面还跟较长解释、追问或补充句（例如任一解释段 >30 字）→ 不适合 `STEP_LIST`，应拆分 item，并优先用 `METHOD_STACK`（标题式核心 + 解释展开）或 `CENTER_FOCUS`
- “一个标题式核心（方法/建议/观点/卖点/亮点/推荐理由）+ 2～4 句解释展开” → `METHOD_STACK`
- 同一**案例/子话题**、**单主图**，口播 **4～6 句** 呈「个案→误判/推论→纠偏→收束」叙事弧 → `CASE_BREAKDOWN`（非「第一/第二」方法清单、非多图节拍时用本模板；方法要点式仍用 `METHOD_STACK`）

### D. 节拍递进（expressionTag=beat）
- 同一镜头内 2～4 段口播节拍递进（问→驳→收束；铺垫→转折→结论），希望画面跟着分段变化 → `BEAT_SEQUENCE`
  - **提示**：如果递进里还夹杂“强对照/命名”，通常应拆成多个 item，不要硬塞一个 `BEAT_SEQUENCE`。
- 同一镜头内 **因果链 / 机制传导**（因→果→再果，每环一图，无时间轴刻度）→ `CAUSE_CHAIN`

### E. 引用/命名/聚焦（expressionTag=quote|concept|focus）
- 名言、著作、研究、媒体引用、用户评价、证言摘录 → `QUOTE_CITATION`
- 对“专业术语、概念、产品名、品牌关键词、功能名等”新名词进行解释→ `CONCEPT_CARD`
- 需要把注意力锁定到一个关键词/短语/关键细节/核心发现上 → `MAGNIFYING_GLASS`
  - 必须存在明确落点句（如“关键在于…”“核心是…”“结论是…”）
  - 需要后续可提取 1～2 个高价值锚点短语（否则不要选）

### F. 金句冲击（expressionTag=focus）
- 全片级短促强结论、无需配图 → `TEXT_FOCUS`

### G. 时间轴，先后关系（expressionTag=timeline）
- 明确时间先后/阶段演进（过去→现在→未来）→ `TIMELINE`

### G2. 收束清单（expressionTag≈conclusion|list）
- 收束、行动检查项、要点复诵，需要**逐项打勾显现**（非编号短步骤、非并列大图组）→ `CHECKLIST_REVEAL`

### H. 默认（expressionTag=neutral）
- 平缓叙述、单图即可、无上述结构 → `CENTER_FOCUS`

---

## ✅ 输出格式（严格 JSON，禁止包含 markdown 代码块）
{
  "items": [
    {
      "text": "逐字口播片段（必须来自原文，且拼接后覆盖原文）",
      "narrativeType": "HOOK | LOGIC | CASE | DATA | CONCLUSION | TRANSITION",
      "template": "必须来自可用模板列表",
      "expressionTag": "data | contrast | list | steps | method | beat | quote | concept | focus | timeline | neutral",
      "confidence": "low | medium | high",
      "reasoning": "一句话说明：该段的主表达结构是什么 → 为什么选该模板 → 若拆分/合并，理由是什么"
    }
  ]
}

===========================================================================================
---------------------------------------- RESPONSE ----------------------------------------
time: 2026-06-07 00:54:27
attempt: 1/3

[OUTPUT]
{
  "items": [
    {
      "text": "真正伤害中国科技的，也正是这里。",
      "narrativeType": "TRANSITION",
      "template": "TEXT_FOCUS",
      "expressionTag": "focus",
      "confidence": "high",
      "reasoning": "全文核心过渡句，用金句冲击模板强调总论点。"
    },
    {
      "text": "第一，它伤害求真文化。",
      "narrativeType": "LOGIC",
      "template": "CENTER_FOCUS",
      "expressionTag": "list",
      "confidence": "high",
      "reasoning": "四点危害的标题句，平叙引出第一个危害，保持简洁。"
    },
    {
      "text": "科技进步，靠承认差距。靠长期死磕。靠把问题拆细。",
      "narrativeType": "LOGIC",
      "template": "PANEL_GRID",
      "expressionTag": "list",
      "confidence": "high",
      "reasoning": "三个并列的‘靠…’构成要点群，PANEL_GRID 可分别配图呈现。"
    },
    {
      "text": "不是靠把短板改名。",
      "narrativeType": "LOGIC",
      "template": "TEXT_FOCUS",
      "expressionTag": "contrast",
      "confidence": "high",
      "reasoning": "对前三句的否定性纠正，短促有力，用 TEXT_FOCUS 制造认知扭转。"
    },
    {
      "text": "先进制程受限，那就诚实说受限。芯片设计软件不足，那就补设计软件。材料不够，那就补材料。光刻难，那就攻光刻。",
      "narrativeType": "LOGIC",
      "template": "PANEL_GRID",
      "expressionTag": "list",
      "confidence": "high",
      "reasoning": "四个平行领域的诚实做法例子，每个简短独立，适合四宫格展示。"
    },
    {
      "text": "最怕的是：问题还没解决。口号先胜利了。",
      "narrativeType": "CONCLUSION",
      "template": "COGNITIVE_SHIFT",
      "expressionTag": "contrast",
      "confidence": "high",
      "reasoning": "揭示问题未解决 vs 口号先胜的反差，用 COGNITIVE_SHIFT 强化认知纠正。"
    },
    {
      "text": "第二，它误导资源配置。",
      "narrativeType": "LOGIC",
      "template": "CENTER_FOCUS",
      "expressionTag": "list",
      "confidence": "high",
      "reasoning": "第二个危害标题，平叙引出。"
    },
    {
      "text": "资本市场最爱听故事。一听光模块。一听韬定律。一听改写规则。资金就开始沸腾。",
      "narrativeType": "LOGIC",
      "template": "BEAT_SEQUENCE",
      "expressionTag": "beat",
      "confidence": "high",
      "reasoning": "从爱听故事到具体关注再到资金沸腾的递进过程，BEAT_SEQUENCE 分段呈现节奏变化。"
    },
    {
      "text": "可钱一旦被叙事带跑。真正慢的硬骨头，就没人愿意啃。",
      "narrativeType": "CONCLUSION",
      "template": "TEXT_FOCUS",
      "expressionTag": "contrast",
      "confidence": "high",
      "reasoning": "关键转折句，用 TEXT_FOCUS 突出警示，强化后果。"
    },
    {
      "text": "基础软件慢。材料验证慢。工艺爬坡慢。人才培养慢。",
      "narrativeType": "LOGIC",
      "template": "PANEL_GRID",
      "expressionTag": "list",
      "confidence": "high",
      "reasoning": "四个‘慢’领域并列，PANEL_GRID 可分宫格具象展示每个慢领域。"
    },
    {
      "text": "但这些慢东西，才是真科技。",
      "narrativeType": "CONCLUSION",
      "template": "TEXT_FOCUS",
      "expressionTag": "focus",
      "confidence": "high",
      "reasoning": "收束前文的金句，单独放大冲击力。"
    },
    {
      "text": "概念涨停，不等于产业突破。市值沸腾，不等于晶圆良率。",
      "narrativeType": "LOGIC",
      "template": "COGNITIVE_SHIFT",
      "expressionTag": "contrast",
      "confidence": "high",
      "reasoning": "两组‘不等于’纠正市场错觉，COGNITIVE_SHIFT 对比错误认知与真实。"
    },
    {
      "text": "第三，它制造道德绑架。",
      "narrativeType": "LOGIC",
      "template": "CENTER_FOCUS",
      "expressionTag": "list",
      "confidence": "high",
      "reasoning": "第三个危害标题，平叙引出。"
    },
    {
      "text": "正常的技术质疑，很容易被扣帽子。",
      "narrativeType": "LOGIC",
      "template": "TEXT_FOCUS",
      "expressionTag": "focus",
      "confidence": "medium",
      "reasoning": "提出观点句，用 TEXT_FOCUS 强调，为后面举例铺陈。"
    },
    {
      "text": "你说散热难，有人说你不支持国产。你说良率低，有人说你递刀子。你说概念包装，有人说你崇洋媚外。",
      "narrativeType": "CASE",
      "template": "PANEL_GRID",
      "expressionTag": "list",
      "confidence": "high",
      "reasoning": "三组典型扣帽子对话，PANEL_GRID 分三个场景展示道德绑架实例。"
    },
    {
      "text": "这就完了。",
      "narrativeType": "TRANSITION",
      "template": "TEXT_FOCUS",
      "expressionTag": "focus",
      "confidence": "high",
      "reasoning": "短促收束，用金句冲击从举例转向后果。"
    },
    {
      "text": "科学讨论一旦饭圈化。专家会沉默。工程师会沉默。投资人会装懂。最后，所有人都在演。没有人敢说真话。",
      "narrativeType": "LOGIC",
      "template": "CAUSE_CHAIN",
      "expressionTag": "beat",
      "confidence": "high",
      "reasoning": "清晰的因果传导：饭圈化→沉默装懂→所有人演→无人说真话，CAUSE_CHAIN 逐环揭示。"
    },
    {
      "text": "第四，它抬高外部警惕。",
      "narrativeType": "LOGIC",
      "template": "CENTER_FOCUS",
      "expressionTag": "list",
      "confidence": "high",
      "reasoning": "第四个危害标题，平叙引出。"
    },
    {
      "text": "你天天宣传自己突破封锁。天天说绕过光刻机。天天说改写全球规则。",
      "narrativeType": "LOGIC",
      "template": "PANEL_GRID",
      "expressionTag": "list",
      "confidence": "high",
      "reasoning": "三种夸大宣传排比，PANEL_GRID 分宫格展示不同宣传话术。"
    },
    {
      "text": "外部会怎么反应？",
      "narrativeType": "TRANSITION",
      "template": "TEXT_FOCUS",
      "expressionTag": "focus",
      "confidence": "high",
      "reasoning": "关键设问，单独放大引发思考。"
    },
    {
      "text": "他们不会替你高兴。他们只会加码封锁。",
      "narrativeType": "LOGIC",
      "template": "COGNITIVE_SHIFT",
      "expressionTag": "contrast",
      "confidence": "high",
      "reasoning": "纠正听众的乐观预期，COGNITIVE_SHIFT 对比预期与现实。"
    },
    {
      "text": "真实能力还没到。战略压力先拉满。",
      "narrativeType": "CONCLUSION",
      "template": "COGNITIVE_SHIFT",
      "expressionTag": "contrast",
      "confidence": "high",
      "reasoning": "能力与压力的反差总结，COGNITIVE_SHIFT 强化对比效果。"
    },
    {
      "text": "这不是强国叙事。这是把自己架到火上烤。",
      "narrativeType": "CONCLUSION",
      "template": "COGNITIVE_SHIFT",
      "expressionTag": "contrast",
      "confidence": "high",
      "reasoning": "典型的‘不是…而是…’认知纠正，COGNITIVE_SHIFT 完美呈现最终判断。"
    }
  ]
}
-------------------------------------------------------------------------------------------

======================================== REQUEST ========================================
time: 2026-06-07 00:54:27
provider: deepseek
model: deepseek-v4-pro
retries: 3

[PROMPT]
你是「镜头分镜 + 动画模板选型」联合优化器。你的任务是在**不改写口播原文**的前提下，把场景原文切成更“原子化”的镜头item，并为每个镜头选择最合适的 `template`。

## 🎥 视频大背景
- **核心主题**：华为‘定律’包装术：把厨房收纳，说成物理革命
- **当前场景**：结论：真正的自强

## 📄 场景原文（严禁修改、严禁漏字、严禁补字）
所以，华为韬定律最大的问题，不是它有没有工程价值。而是它把工程探索，包装成学术权威。把局部改良，包装成规则改写。把艰难补课，包装成全面胜利。

这套话术，短期很爽。品牌赢了。流量赢了。股价也赢了。

但中国科技，输了耐心。输了诚实。输了对物理规律的敬畏。

科技最怕的，
就是把问题讲成胜利。
散热就是散热。良率就是良率。差距就是差距。

真正的自强，
不是把五十度的水，
说成一百度。
是承认火还不够。
然后继续烧。

## 可用模板（共 23 个：`template` 必须且仅能从中选一个）

BEAT_SEQUENCE, CASE_BREAKDOWN, CAUSE_CHAIN, CENTER_FOCUS, CHAT_BUBBLE, CHECKLIST_REVEAL, COGNITIVE_SHIFT, CONCEPT_CARD, DATA_TABLE, DOS_AND_DONTS, KPI_HERO, MAGNIFYING_GLASS, METHOD_STACK, PANEL_GRID, PEER_INDUCT, PROGRESS_RING, QUOTE_CITATION, SPLIT_COMPARE, STAT_COMPARE, STEP_LIST, TEXT_FOCUS, TIMELINE, TREE_DIAGRAM

选型规则以主提示词中的决策树与自检清单为准；参数结构不在此展开，后续步骤会按 Schema 生成 `param`。

---

## 🎯 总目标（必须同时满足）
1. **逐字一致**：每个 item 的 `text` 必须是原文的连续子串；所有 item 的 `text` 按顺序拼接后必须与原文完全一致（允许忽略空白差异，但不能改变任何非空白字符）。
2. **覆盖完整**：原文中每一个字符都必须且只能落在一个 item 里（不重叠、不遗漏）。
3. **表达原子化**：**一个 item 只允许一个主表达结构**（对比/命名/步骤/引用/数据/节拍递进/金句冲击/平铺叙述）。若同一段里混了两种结构，必须拆成多个 item。
4. **长度合理**：为了避免视觉疲劳，一个item中的text拼接后如果长于 50 字应该拆分成多个item。
5. 模板是为了更好的表达item中的text

---

## ✂️ 分镜原则

### Phase 1：时长锚点（量化判断基准）
- 正常语速约 **4~5 字/秒**，单个镜头的理想口播时长：**3~8 秒（约 12~40 字）**
- ⚠️ **< 12 字**的分段：除非是独立金句，否则**必须合并**到相邻镜头
- ⚠️ **> 50 字**的分段：意味着画面停留太久，观众注意力衰减，建议拆分，但拆分点本身仍需有叙事依据
- 在 `estimatedSeconds` 字段中标注预估秒数（字数 ÷ 4.5，保留一位小数）
- 除非模板使用TextFocus，否则不允许content中只有一个Text的情况

### Phase 2：切分信号强度模型
按叙事信号强度决定是否新建镜头，**而非按标点机械切分**：

**🔴 强信号（应新建镜头）**：
- 叙事角色彻底转换：说理/定义 → 举例/场景还原
- 叙事角色彻底转换：铺垫/铺陈 → 行动号召/结论
- 情绪段位跳变：平静分析 → 震惊转折 → 收束共情
- 视觉主体完全更换：讨论 A 话题 → 转到独立的 B 话题

**🟡 中等信号（倾向合并，但单段超过 40 字时可拆）**：
- 同一论点下的多个分点（第一、第二、第三……）
- 同一比喻的铺垫与揭示
- 同一因果链的前提与结论

**🟢 弱信号（严禁作为切分依据）**：
- 普通逗号、顿号、冒号后的补充说明
- 同一句话的前后半段
- "而且""此外""所以"等常见连接词（需配合叙事角色判断）

### Phase 3：合并检查
拆完后对所有 items 做全局合并检查：
- 相邻两个 items 若切分信号为"弱"且合并后总字数不超过 45 字 → **强制合并**
- 相邻两个 items 若叙事角色完全相同、画面视觉重心也相同 → **强制合并**

## 🧭 结构识别 → 模板选型（从上到下命中第一条）

### A. 数据/量化结论（expressionTag=data）
- 两项指标同框对比（涨跌、前后、A/B）→ `STAT_COMPARE`（必须能抽象出两个非负整数）
- 单指标完成度/占比/达成率 → `PROGRESS_RING`
- 单个核心数值/排名/增长率强调 → `KPI_HERO`

### B. 对错/强导向（expressionTag=contrast）
- 明确“别这样/要这样”“错误/正确” → `DOS_AND_DONTS`
- “不是…而是…” → `COGNITIVE_SHIFT`

### C. 多分点/清单/步骤（expressionTag=list|steps|method）
- 两方/两方案并列（更中立的 A vs B）→ `SPLIT_COMPARE`
- 当前 item 原文明确展开 **2～4** 个并列分点/并列例子，且每点需独立配图（宫格）→ `PANEL_GRID`
- 明确步骤序列/短清单，且【同一 item 内】可抽取出 2～6 条“短步骤”（如同时出现“第一/第二/第三…”或“1)/2)/3)”），并且每条步骤建议 ≤10 字、无长解释句 → `STEP_LIST`
  - 反例：只有“第一/第二”这一个标题句（单条）不要选 `STEP_LIST`（至少需要 2 条）
  - 反例：每条方法/步骤后面还跟较长解释、追问或补充句（例如任一解释段 >30 字）→ 不适合 `STEP_LIST`，应拆分 item，并优先用 `METHOD_STACK`（标题式核心 + 解释展开）或 `CENTER_FOCUS`
- “一个标题式核心（方法/建议/观点/卖点/亮点/推荐理由）+ 2～4 句解释展开” → `METHOD_STACK`
- 同一**案例/子话题**、**单主图**，口播 **4～6 句** 呈「个案→误判/推论→纠偏→收束」叙事弧 → `CASE_BREAKDOWN`（非「第一/第二」方法清单、非多图节拍时用本模板；方法要点式仍用 `METHOD_STACK`）

### D. 节拍递进（expressionTag=beat）
- 同一镜头内 2～4 段口播节拍递进（问→驳→收束；铺垫→转折→结论），希望画面跟着分段变化 → `BEAT_SEQUENCE`
  - **提示**：如果递进里还夹杂“强对照/命名”，通常应拆成多个 item，不要硬塞一个 `BEAT_SEQUENCE`。
- 同一镜头内 **因果链 / 机制传导**（因→果→再果，每环一图，无时间轴刻度）→ `CAUSE_CHAIN`

### E. 引用/命名/聚焦（expressionTag=quote|concept|focus）
- 名言、著作、研究、媒体引用、用户评价、证言摘录 → `QUOTE_CITATION`
- 对“专业术语、概念、产品名、品牌关键词、功能名等”新名词进行解释→ `CONCEPT_CARD`
- 需要把注意力锁定到一个关键词/短语/关键细节/核心发现上 → `MAGNIFYING_GLASS`
  - 必须存在明确落点句（如“关键在于…”“核心是…”“结论是…”）
  - 需要后续可提取 1～2 个高价值锚点短语（否则不要选）

### F. 金句冲击（expressionTag=focus）
- 全片级短促强结论、无需配图 → `TEXT_FOCUS`

### G. 时间轴，先后关系（expressionTag=timeline）
- 明确时间先后/阶段演进（过去→现在→未来）→ `TIMELINE`

### G2. 收束清单（expressionTag≈conclusion|list）
- 收束、行动检查项、要点复诵，需要**逐项打勾显现**（非编号短步骤、非并列大图组）→ `CHECKLIST_REVEAL`

### H. 默认（expressionTag=neutral）
- 平缓叙述、单图即可、无上述结构 → `CENTER_FOCUS`

---

## ✅ 输出格式（严格 JSON，禁止包含 markdown 代码块）
{
  "items": [
    {
      "text": "逐字口播片段（必须来自原文，且拼接后覆盖原文）",
      "narrativeType": "HOOK | LOGIC | CASE | DATA | CONCLUSION | TRANSITION",
      "template": "必须来自可用模板列表",
      "expressionTag": "data | contrast | list | steps | method | beat | quote | concept | focus | timeline | neutral",
      "confidence": "low | medium | high",
      "reasoning": "一句话说明：该段的主表达结构是什么 → 为什么选该模板 → 若拆分/合并，理由是什么"
    }
  ]
}

===========================================================================================
---------------------------------------- RESPONSE ----------------------------------------
time: 2026-06-07 00:56:20
attempt: 1/3

[OUTPUT]
{
  "items": [
    {
      "text": "所以，华为韬定律最大的问题，不是它有没有工程价值。",
      "narrativeType": "LOGIC",
      "template": "CENTER_FOCUS",
      "expressionTag": "neutral",
      "confidence": "medium",
      "reasoning": "这是认知转折的前半句，单独成镜引出问题，但未完成“不是…而是…”扭转，故用平叙镜头保持注意力，避免强结构，合并会导致全段超50字故拆分。"
    },
    {
      "text": "而是它把工程探索，包装成学术权威。把局部改良，包装成规则改写。把艰难补课，包装成全面胜利。",
      "narrativeType": "LOGIC",
      "template": "PANEL_GRID",
      "expressionTag": "list",
      "confidence": "high",
      "reasoning": "三个并列的“把…包装成…”揭示伪装，每句一图对比（真实 vs 包装），适合宫格展示，2~4点并列直接命中PANEL_GRID。"
    },
    {
      "text": "这套话术，短期很爽。品牌赢了。流量赢了。股价也赢了。",
      "narrativeType": "CASE",
      "template": "BEAT_SEQUENCE",
      "expressionTag": "beat",
      "confidence": "high",
      "reasoning": "“话术很爽”→“品牌/流量/股价赢”形成三层递进节奏，画面可逐句击打强化爽感，属典型节拍递进。"
    },
    {
      "text": "但中国科技，输了耐心。输了诚实。输了对物理规律的敬畏。",
      "narrativeType": "LOGIC",
      "template": "BEAT_SEQUENCE",
      "expressionTag": "beat",
      "confidence": "high",
      "reasoning": "转折后三层递进“输了耐心→诚实→敬畏”，情绪层层加深，节拍递进揭示危害，与上一句爽感形成对比。"
    },
    {
      "text": "科技最怕的，就是把问题讲成胜利。散热就是散热。良率就是良率。差距就是差距。",
      "narrativeType": "CONCLUSION",
      "template": "BEAT_SEQUENCE",
      "expressionTag": "beat",
      "confidence": "high",
      "reasoning": "领句+三句排比强调本质回归，每句短促有力，节拍递进让每个“就是”依次锤入人心，非因果链或引用，故用BEAT_SEQUENCE。"
    },
    {
      "text": "真正的自强，不是把五十度的水，说成一百度。是承认火还不够。然后继续烧。",
      "narrativeType": "CONCLUSION",
      "template": "COGNITIVE_SHIFT",
      "expressionTag": "contrast",
      "confidence": "high",
      "reasoning": "明确“不是…是…”结构，完成认知转变（虚假胜利→承认不足、继续努力），直接命中COGNITIVE_SHIFT。"
    }
  ]
}
-------------------------------------------------------------------------------------------

======================================== REQUEST ========================================
time: 2026-06-07 00:56:20
provider: deepseek
model: deepseek-v4-pro
retries: 3

[PROMPT]
你是短视频字幕与画面细节处理专家。请把指定台词细化为字模显示参数。


## 完整段落上下文（仅供理解整体语境，判断当前句子的重要性）
华为韬定律，最不要脸的地方在于，它把普通工程题，包装成了科学神话。

很多人一听定律，就肃然起敬。牛顿有定律。摩尔有定律。现在华为也有定律？

问题来了：它到底发现了新物理？还是换了个高级名字？

我们先用生活话讲。你家厨房太小。你做饭很慢。正常办法是什么？换更大的厨房。买更好的灶。优化动线。

现在有人说，不用。我发明了一个厨房时间压缩定律。把锅叠起来。把碗挂起来。把灶台分层。

听起来很高级。但本质是什么？还是厨房收纳。还是动线优化。不是新物理。不是新定律。


## 🎯 待处理的目标文案
华为韬定律，最不要脸的地方在于，它把普通工程题，包装成了科学神话。

## 目标文案content的数组结构
生成模板参数时，format为content_index的字段依据此数组选择匹配的索引，用于决定相应内容出现在动画中的时机

[
  {
    "index": 0,
    "text": "华为韬定律，"
  },
  {
    "index": 1,
    "text": "最不要脸的地方在于，"
  },
  {
    "index": 2,
    "text": "它把普通工程题，"
  },
  {
    "index": 3,
    "text": "包装成了科学神话。"
  }
]


## 选定模板及参数规范

模板名称：CONCEPT_CARD

参数 Schema 说明：

{
  "type": "object",
  "properties": {
    "imageSrc": {
      "type": "string",
      "format": "image_prompt",
      "description": "概念图标描述"
    },
    "conceptName": {
      "type": "string",
      "description": "概念名称"
    }
  },
  "required": [
    "imageSrc",
    "conceptName"
  ]
}


模板该项的示例供参考：

{
  "template": "CONCEPT_CARD",
  "param": {
    "imageSrc": "过滤器/筛网简笔画图标",
    "conceptName": "幸存者偏差"
  }
}


注意：如果该模板生成的参数包含图片视觉描述（如 imageSrc / leftSrc / rightSrc 等等），请只描述纯视觉场景与动作，绝不要包含任何文字、标语或注音。


## 其他通用说明
1. 锚点（Anchor）— 克制与高价值（适用于 SCHEMA 或上文允许出现锚点/高亮时）：
   - 多数句子应**无锚点**；拿不准就留空或 `[]`，避免满屏高亮。
   - 如果一定需要锚点，只选**整段里真正的高潮、反转或核心名词**（宜 2～4 字、有记忆点）；平庸词、铺垫句不要做成锚点。
   - 颜色建议：`#EF4444`（警示/反转/负面/结论）、`#000000`（事实/术语/数据）。动画 `anim`：`spring` | `slideUp` | `popIn` | `highlight`。
   - 音效可选(仅写在锚点对象上的 `audioEffect`)：`impact_thud` | `ping` | `woosh`

2. 视觉标题与字幕分离（仅当 SCHEMA 要求 `notText` / `butText` / `conceptName`、或 DOS_AND_DONTS 的 `left.label` / `right.label` 等时）：

   - 填**极简关键词（约 2～6 字）**，禁止把整句台词搬进标题字段。



## 输出格式（严格 JSON，不要 markdown 代码块）
补全当前模板的param,非数组：
{ "param": { ... } }

===========================================================================================
---------------------------------------- RESPONSE ----------------------------------------
time: 2026-06-07 00:56:25
attempt: 1/3

[OUTPUT]
{
  "param": {
    "imageSrc": "一个简笔画工程齿轮被华丽的皇冠包裹，表面有高光，背景暗色",
    "conceptName": "华为韬定律"
  }
}
-------------------------------------------------------------------------------------------

======================================== REQUEST ========================================
time: 2026-06-07 00:56:25
provider: deepseek
model: deepseek-v4-pro
retries: 3

[PROMPT]
你是短视频字幕与画面细节处理专家。请把指定台词细化为字模显示参数。


## 完整段落上下文（仅供理解整体语境，判断当前句子的重要性）
华为韬定律，最不要脸的地方在于，它把普通工程题，包装成了科学神话。

很多人一听定律，就肃然起敬。牛顿有定律。摩尔有定律。现在华为也有定律？

问题来了：它到底发现了新物理？还是换了个高级名字？

我们先用生活话讲。你家厨房太小。你做饭很慢。正常办法是什么？换更大的厨房。买更好的灶。优化动线。

现在有人说，不用。我发明了一个厨房时间压缩定律。把锅叠起来。把碗挂起来。把灶台分层。

听起来很高级。但本质是什么？还是厨房收纳。还是动线优化。不是新物理。不是新定律。


## 🎯 待处理的目标文案
很多人一听定律，就肃然起敬。牛顿有定律。摩尔有定律。现在华为也有定律？

## 目标文案content的数组结构
生成模板参数时，format为content_index的字段依据此数组选择匹配的索引，用于决定相应内容出现在动画中的时机

[
  {
    "index": 0,
    "text": "很多人一听定律，"
  },
  {
    "index": 1,
    "text": "就肃然起敬。"
  },
  {
    "index": 2,
    "text": "牛顿有定律。"
  },
  {
    "index": 3,
    "text": "摩尔有定律。"
  },
  {
    "index": 4,
    "text": "现在华为也有定律？"
  }
]


## 选定模板及参数规范

模板名称：BEAT_SEQUENCE

参数 Schema 说明：

{
  "type": "object",
  "properties": {
    "stages": {
      "type": "array",
      "minItems": 2,
      "maxItems": 4,
      "description": "配图序列：每条 stage 一张图；imageSrc、enterEffect、可选 tone（calm|alert）、可选 showFrom（对齐镜头外层 content[] 下标）",
      "items": {
        "type": "object",
        "required": [
          "imageSrc"
        ],
        "properties": {
          "imageSrc": {
            "type": "string",
            "format": "image_prompt",
            "description": "该节拍配图提示词"
          },
          "enterEffect": {
            "type": "string",
            "enum": [
              "breathe",
              "slideLeft",
              "slideBottom",
              "zoomIn",
              "fadeIn"
            ],
            "default": "breathe",
            "description": "入场效果"
          },
          "tone": {
            "type": "string",
            "enum": [
              "calm",
              "alert"
            ],
            "description": "首条可 calm，其余默认可 alert"
          },
          "showFrom": {
            "type": "content_index",
            "minimum": 0,
            "description": "镜头 item 外层 content 数组（与 param 同级）的 0-based 下标；从该条 startFrame 起显示本图。省略则等于当前 stages 下标 i（与第 i 条口播同步）"
          }
        }
      }
    }
  },
  "required": [
    "stages"
  ]
}

// 口播条数（已由程序写入 CONTENT_STR，勿在 param 中输出 content）：口播分句（item.content）至少 2 条；口播分句至多 4 条（超出会被校验器告警）


模板该项的示例供参考：

{
  "template": "BEAT_SEQUENCE",
  "param": {
    "stages": [
      {
        "imageSrc": "问句配图简笔画",
        "enterEffect": "breathe"
      },
      {
        "imageSrc": "转折警示配图",
        "enterEffect": "slideBottom"
      },
      {
        "imageSrc": "结论冲击配图",
        "enterEffect": "slideBottom"
      }
    ]
  }
}


注意：如果该模板生成的参数包含图片视觉描述（如 imageSrc / leftSrc / rightSrc 等等），请只描述纯视觉场景与动作，绝不要包含任何文字、标语或注音。


## 其他通用说明
1. 锚点（Anchor）— 克制与高价值（适用于 SCHEMA 或上文允许出现锚点/高亮时）：
   - 多数句子应**无锚点**；拿不准就留空或 `[]`，避免满屏高亮。
   - 如果一定需要锚点，只选**整段里真正的高潮、反转或核心名词**（宜 2～4 字、有记忆点）；平庸词、铺垫句不要做成锚点。
   - 颜色建议：`#EF4444`（警示/反转/负面/结论）、`#000000`（事实/术语/数据）。动画 `anim`：`spring` | `slideUp` | `popIn` | `highlight`。
   - 音效可选(仅写在锚点对象上的 `audioEffect`)：`impact_thud` | `ping` | `woosh`

2. 视觉标题与字幕分离（仅当 SCHEMA 要求 `notText` / `butText` / `conceptName`、或 DOS_AND_DONTS 的 `left.label` / `right.label` 等时）：

   - 填**极简关键词（约 2～6 字）**，禁止把整句台词搬进标题字段。



## 输出格式（严格 JSON，不要 markdown 代码块）
补全当前模板的param,非数组：
{ "param": { ... } }

===========================================================================================
---------------------------------------- RESPONSE ----------------------------------------
time: 2026-06-07 00:56:42
attempt: 1/3

[OUTPUT]
{"param": {"stages": [{"imageSrc": "简笔画风格的实验室或书房，一人在沉思，墙上挂着定律公式，氛围庄严", "enterEffect": "breathe", "tone": "calm", "showFrom": 0}, {"imageSrc": "牛顿的苹果落下，摩尔定律的电路板线条交织，象征经典科学定律", "enterEffect": "slideLeft", "tone": "alert", "showFrom": 2}, {"imageSrc": "华为标志出现在巨大问号气泡中，周围是讽刺漫画效果，人物表情怀疑", "enterEffect": "slideBottom", "tone": "alert", "showFrom": 4}]}}
-------------------------------------------------------------------------------------------

======================================== REQUEST ========================================
time: 2026-06-07 00:56:42
provider: deepseek
model: deepseek-v4-pro
retries: 3

[PROMPT]
你是短视频字幕与画面细节处理专家。请把指定台词细化为字模显示参数。


## 完整段落上下文（仅供理解整体语境，判断当前句子的重要性）
华为韬定律，最不要脸的地方在于，它把普通工程题，包装成了科学神话。

很多人一听定律，就肃然起敬。牛顿有定律。摩尔有定律。现在华为也有定律？

问题来了：它到底发现了新物理？还是换了个高级名字？

我们先用生活话讲。你家厨房太小。你做饭很慢。正常办法是什么？换更大的厨房。买更好的灶。优化动线。

现在有人说，不用。我发明了一个厨房时间压缩定律。把锅叠起来。把碗挂起来。把灶台分层。

听起来很高级。但本质是什么？还是厨房收纳。还是动线优化。不是新物理。不是新定律。


## 🎯 待处理的目标文案
问题来了：它到底发现了新物理？还是换了个高级名字？

## 目标文案content的数组结构
生成模板参数时，format为content_index的字段依据此数组选择匹配的索引，用于决定相应内容出现在动画中的时机

[
  {
    "index": 0,
    "text": "问题来了："
  },
  {
    "index": 1,
    "text": "它到底发现了新物理？"
  },
  {
    "index": 2,
    "text": "还是换了个高级名字？"
  }
]


## 选定模板及参数规范

模板名称：COGNITIVE_SHIFT

参数 Schema 说明：

{
  "type": "object",
  "properties": {
    "notText": {
      "type": "string",
      "description": "被否认知（‘不是’后面的内容）的精炼短句，不超过12个字，"
    },
    "butText": {
      "type": "string",
      "description": "真实认知（‘而是’后面的内容）的精炼短句，不超过12个字"
    },
    "butSrc": {
      "type": "string",
      "format": "image_prompt",
      "description": "真实认知的配图"
    },
    "notContentIndex": {
      "type": "integer",
      "format": "content_index",
      "description": "触发「不是」动画的字幕段索引（默认 0）"
    },
    "butContentIndex": {
      "type": "integer",
      "format": "content_index",
      "description": "触发「而是」动画的字幕段索引（默认 1）"
    }
  },
  "required": [
    "notText",
    "butText"
  ]
}


模板该项的示例供参考：

{
  "template": "COGNITIVE_SHIFT",
  "content": [
    "我们都不应该靠勤奋拼命",
    "我们都应该是靠认知和选择",
    "这样我才能成功"
  ],
  "param": {
    "notText": "靠勤奋拼命",
    "butText": "靠认知和选择",
    "butSrc": "站在高处看地图的思考者",
    "notContentIndex": 0,
    "butContentIndex": 1
  }
}


注意：如果该模板生成的参数包含图片视觉描述（如 imageSrc / leftSrc / rightSrc 等等），请只描述纯视觉场景与动作，绝不要包含任何文字、标语或注音。


## 其他通用说明
1. 锚点（Anchor）— 克制与高价值（适用于 SCHEMA 或上文允许出现锚点/高亮时）：
   - 多数句子应**无锚点**；拿不准就留空或 `[]`，避免满屏高亮。
   - 如果一定需要锚点，只选**整段里真正的高潮、反转或核心名词**（宜 2～4 字、有记忆点）；平庸词、铺垫句不要做成锚点。
   - 颜色建议：`#EF4444`（警示/反转/负面/结论）、`#000000`（事实/术语/数据）。动画 `anim`：`spring` | `slideUp` | `popIn` | `highlight`。
   - 音效可选(仅写在锚点对象上的 `audioEffect`)：`impact_thud` | `ping` | `woosh`

2. 视觉标题与字幕分离（仅当 SCHEMA 要求 `notText` / `butText` / `conceptName`、或 DOS_AND_DONTS 的 `left.label` / `right.label` 等时）：

   - 填**极简关键词（约 2～6 字）**，禁止把整句台词搬进标题字段。



## 输出格式（严格 JSON，不要 markdown 代码块）
补全当前模板的param,非数组：
{ "param": { ... } }

===========================================================================================
---------------------------------------- RESPONSE ----------------------------------------
time: 2026-06-07 00:56:55
attempt: 1/3

[OUTPUT]
{
  "param": {
    "notText": "新物理发现",
    "butText": "高级包装",
    "butSrc": "旧包装盒被撕开，露出崭新的印有科技感花纹的包装盒，金光闪耀",
    "notContentIndex": 1,
    "butContentIndex": 2
  }
}
-------------------------------------------------------------------------------------------

======================================== REQUEST ========================================
time: 2026-06-07 00:56:55
provider: deepseek
model: deepseek-v4-pro
retries: 3

[PROMPT]
你是短视频字幕与画面细节处理专家。请把指定台词细化为字模显示参数。


## 完整段落上下文（仅供理解整体语境，判断当前句子的重要性）
华为韬定律，最不要脸的地方在于，它把普通工程题，包装成了科学神话。

很多人一听定律，就肃然起敬。牛顿有定律。摩尔有定律。现在华为也有定律？

问题来了：它到底发现了新物理？还是换了个高级名字？

我们先用生活话讲。你家厨房太小。你做饭很慢。正常办法是什么？换更大的厨房。买更好的灶。优化动线。

现在有人说，不用。我发明了一个厨房时间压缩定律。把锅叠起来。把碗挂起来。把灶台分层。

听起来很高级。但本质是什么？还是厨房收纳。还是动线优化。不是新物理。不是新定律。


## 🎯 待处理的目标文案
我们先用生活话讲。你家厨房太小。你做饭很慢。正常办法是什么？

## 目标文案content的数组结构
生成模板参数时，format为content_index的字段依据此数组选择匹配的索引，用于决定相应内容出现在动画中的时机

[
  {
    "index": 0,
    "text": "我们先用生活话讲。"
  },
  {
    "index": 1,
    "text": "你家厨房太小。"
  },
  {
    "index": 2,
    "text": "你做饭很慢。"
  },
  {
    "index": 3,
    "text": "正常办法是什么？"
  }
]


## 选定模板及参数规范

模板名称：BEAT_SEQUENCE

参数 Schema 说明：

{
  "type": "object",
  "properties": {
    "stages": {
      "type": "array",
      "minItems": 2,
      "maxItems": 4,
      "description": "配图序列：每条 stage 一张图；imageSrc、enterEffect、可选 tone（calm|alert）、可选 showFrom（对齐镜头外层 content[] 下标）",
      "items": {
        "type": "object",
        "required": [
          "imageSrc"
        ],
        "properties": {
          "imageSrc": {
            "type": "string",
            "format": "image_prompt",
            "description": "该节拍配图提示词"
          },
          "enterEffect": {
            "type": "string",
            "enum": [
              "breathe",
              "slideLeft",
              "slideBottom",
              "zoomIn",
              "fadeIn"
            ],
            "default": "breathe",
            "description": "入场效果"
          },
          "tone": {
            "type": "string",
            "enum": [
              "calm",
              "alert"
            ],
            "description": "首条可 calm，其余默认可 alert"
          },
          "showFrom": {
            "type": "content_index",
            "minimum": 0,
            "description": "镜头 item 外层 content 数组（与 param 同级）的 0-based 下标；从该条 startFrame 起显示本图。省略则等于当前 stages 下标 i（与第 i 条口播同步）"
          }
        }
      }
    }
  },
  "required": [
    "stages"
  ]
}

// 口播条数（已由程序写入 CONTENT_STR，勿在 param 中输出 content）：口播分句（item.content）至少 2 条；口播分句至多 4 条（超出会被校验器告警）


模板该项的示例供参考：

{
  "template": "BEAT_SEQUENCE",
  "param": {
    "stages": [
      {
        "imageSrc": "问句配图简笔画",
        "enterEffect": "breathe"
      },
      {
        "imageSrc": "转折警示配图",
        "enterEffect": "slideBottom"
      },
      {
        "imageSrc": "结论冲击配图",
        "enterEffect": "slideBottom"
      }
    ]
  }
}


注意：如果该模板生成的参数包含图片视觉描述（如 imageSrc / leftSrc / rightSrc 等等），请只描述纯视觉场景与动作，绝不要包含任何文字、标语或注音。


## 其他通用说明
1. 锚点（Anchor）— 克制与高价值（适用于 SCHEMA 或上文允许出现锚点/高亮时）：
   - 多数句子应**无锚点**；拿不准就留空或 `[]`，避免满屏高亮。
   - 如果一定需要锚点，只选**整段里真正的高潮、反转或核心名词**（宜 2～4 字、有记忆点）；平庸词、铺垫句不要做成锚点。
   - 颜色建议：`#EF4444`（警示/反转/负面/结论）、`#000000`（事实/术语/数据）。动画 `anim`：`spring` | `slideUp` | `popIn` | `highlight`。
   - 音效可选(仅写在锚点对象上的 `audioEffect`)：`impact_thud` | `ping` | `woosh`

2. 视觉标题与字幕分离（仅当 SCHEMA 要求 `notText` / `butText` / `conceptName`、或 DOS_AND_DONTS 的 `left.label` / `right.label` 等时）：

   - 填**极简关键词（约 2～6 字）**，禁止把整句台词搬进标题字段。



## 输出格式（严格 JSON，不要 markdown 代码块）
补全当前模板的param,非数组：
{ "param": { ... } }

===========================================================================================
---------------------------------------- RESPONSE ----------------------------------------
time: 2026-06-07 00:57:12
attempt: 1/3

[OUTPUT]
{ "param": { "stages": [ { "imageSrc": "一间普通厨房，操作台堆满碗碟和食材，空间显得局促", "enterEffect": "breathe", "tone": "calm" }, { "imageSrc": "更狭小的厨房，橱柜紧贴墙壁，仅能容纳一人转身，锅铲重叠挂放", "enterEffect": "slideBottom", "tone": "alert" }, { "imageSrc": "同场景中，一个人手忙脚乱地切菜，锅里的汤溢出，显得动作缓慢焦急", "enterEffect": "slideBottom", "tone": "alert" }, { "imageSrc": "人物停下动作，一手叉腰，一手摸下巴，困惑地环视拥挤的厨房", "enterEffect": "slideBottom", "tone": "alert" } ] } }
-------------------------------------------------------------------------------------------

======================================== REQUEST ========================================
time: 2026-06-07 00:57:12
provider: deepseek
model: deepseek-v4-pro
retries: 3

[PROMPT]
你是短视频字幕与画面细节处理专家。请把指定台词细化为字模显示参数。


## 完整段落上下文（仅供理解整体语境，判断当前句子的重要性）
华为韬定律，最不要脸的地方在于，它把普通工程题，包装成了科学神话。

很多人一听定律，就肃然起敬。牛顿有定律。摩尔有定律。现在华为也有定律？

问题来了：它到底发现了新物理？还是换了个高级名字？

我们先用生活话讲。你家厨房太小。你做饭很慢。正常办法是什么？换更大的厨房。买更好的灶。优化动线。

现在有人说，不用。我发明了一个厨房时间压缩定律。把锅叠起来。把碗挂起来。把灶台分层。

听起来很高级。但本质是什么？还是厨房收纳。还是动线优化。不是新物理。不是新定律。


## 🎯 待处理的目标文案
换更大的厨房。买更好的灶。优化动线。

## 目标文案content的数组结构
生成模板参数时，format为content_index的字段依据此数组选择匹配的索引，用于决定相应内容出现在动画中的时机

[
  {
    "index": 0,
    "text": "换更大的厨房。"
  },
  {
    "index": 1,
    "text": "买更好的灶。"
  },
  {
    "index": 2,
    "text": "优化动线。"
  }
]


## 选定模板及参数规范

模板名称：PANEL_GRID

参数 Schema 说明：

{
  "type": "object",
  "properties": {
    "panels": {
      "type": "array",
      "minItems": 2,
      "maxItems": 6,
      "description": "宫格配图；showFrom 为 content 下标（0-based），在该条 startFrame 显现",
      "items": {
        "type": "object",
        "required": [
          "src",
          "showFrom"
        ],
        "properties": {
          "src": {
            "type": "string",
            "format": "image_prompt",
            "description": "该宫格配图提示词"
          },
          "showFrom": {
            "type": "integer",
            "format": "content_index",
            "description": "content 下标（0-based），非帧数"
          },
          "position": {
            "type": "string",
            "enum": [
              "center",
              "left",
              "right",
              "top",
              "bottom"
            ],
            "description": "可选；弱提示，布局以宫格为准"
          },
          "enterEffect": {
            "type": "string",
            "enum": [
              "breathe",
              "slideLeft",
              "slideBottom",
              "zoomIn",
              "fadeIn"
            ],
            "default": "fadeIn"
          }
        }
      }
    }
  },
  "required": [
    "panels"
  ]
}

// 口播条数（已由程序写入 CONTENT_STR，勿在 param 中输出 content）：口播分句（item.content）至少 2 条；口播分句至多 8 条（超出会被校验器告警）


模板该项的示例供参考：

{
  "template": "PANEL_GRID",
  "param": {
    "panels": [
      {
        "src": "问号堵住去路的简笔画",
        "showFrom": 0,
        "enterEffect": "zoomIn"
      },
      {
        "src": "放大镜只看一角的简笔画",
        "showFrom": 1
      },
      {
        "src": "两人各执一词的简笔画",
        "showFrom": 2
      }
    ]
  }
}


注意：如果该模板生成的参数包含图片视觉描述（如 imageSrc / leftSrc / rightSrc 等等），请只描述纯视觉场景与动作，绝不要包含任何文字、标语或注音。


## 其他通用说明
1. 锚点（Anchor）— 克制与高价值（适用于 SCHEMA 或上文允许出现锚点/高亮时）：
   - 多数句子应**无锚点**；拿不准就留空或 `[]`，避免满屏高亮。
   - 如果一定需要锚点，只选**整段里真正的高潮、反转或核心名词**（宜 2～4 字、有记忆点）；平庸词、铺垫句不要做成锚点。
   - 颜色建议：`#EF4444`（警示/反转/负面/结论）、`#000000`（事实/术语/数据）。动画 `anim`：`spring` | `slideUp` | `popIn` | `highlight`。
   - 音效可选(仅写在锚点对象上的 `audioEffect`)：`impact_thud` | `ping` | `woosh`

2. 视觉标题与字幕分离（仅当 SCHEMA 要求 `notText` / `butText` / `conceptName`、或 DOS_AND_DONTS 的 `left.label` / `right.label` 等时）：

   - 填**极简关键词（约 2～6 字）**，禁止把整句台词搬进标题字段。



## 输出格式（严格 JSON，不要 markdown 代码块）
补全当前模板的param,非数组：
{ "param": { ... } }

===========================================================================================
---------------------------------------- RESPONSE ----------------------------------------
time: 2026-06-07 00:57:24
attempt: 1/3

[OUTPUT]
{
  "param": {
    "panels": [
      {
        "src": "宽敞明亮的现代厨房，大理石台面延伸，超大窗户洒入阳光",
        "showFrom": 0,
        "enterEffect": "slideLeft"
      },
      {
        "src": "高端五头燃气灶具，纯蓝火焰稳定燃烧，不锈钢表面反光",
        "showFrom": 1,
        "enterEffect": "zoomIn"
      },
      {
        "src": "厨房动线示意，从备菜区到烹饪区再到装盘区顺滑连贯，无多余转身",
        "showFrom": 2,
        "enterEffect": "fadeIn"
      }
    ]
  }
}
-------------------------------------------------------------------------------------------

======================================== REQUEST ========================================
time: 2026-06-07 00:57:24
provider: deepseek
model: deepseek-v4-pro
retries: 3

[PROMPT]
你是短视频字幕与画面细节处理专家。请把指定台词细化为字模显示参数。


## 完整段落上下文（仅供理解整体语境，判断当前句子的重要性）
华为韬定律，最不要脸的地方在于，它把普通工程题，包装成了科学神话。

很多人一听定律，就肃然起敬。牛顿有定律。摩尔有定律。现在华为也有定律？

问题来了：它到底发现了新物理？还是换了个高级名字？

我们先用生活话讲。你家厨房太小。你做饭很慢。正常办法是什么？换更大的厨房。买更好的灶。优化动线。

现在有人说，不用。我发明了一个厨房时间压缩定律。把锅叠起来。把碗挂起来。把灶台分层。

听起来很高级。但本质是什么？还是厨房收纳。还是动线优化。不是新物理。不是新定律。


## 🎯 待处理的目标文案
现在有人说，不用。我发明了一个厨房时间压缩定律。

## 目标文案content的数组结构
生成模板参数时，format为content_index的字段依据此数组选择匹配的索引，用于决定相应内容出现在动画中的时机

[
  {
    "index": 0,
    "text": "现在有人说，"
  },
  {
    "index": 1,
    "text": "不用。"
  },
  {
    "index": 2,
    "text": "我发明了一个厨房时间压缩定律。"
  }
]


## 选定模板及参数规范

模板名称：COGNITIVE_SHIFT

参数 Schema 说明：

{
  "type": "object",
  "properties": {
    "notText": {
      "type": "string",
      "description": "被否认知（‘不是’后面的内容）的精炼短句，不超过12个字，"
    },
    "butText": {
      "type": "string",
      "description": "真实认知（‘而是’后面的内容）的精炼短句，不超过12个字"
    },
    "butSrc": {
      "type": "string",
      "format": "image_prompt",
      "description": "真实认知的配图"
    },
    "notContentIndex": {
      "type": "integer",
      "format": "content_index",
      "description": "触发「不是」动画的字幕段索引（默认 0）"
    },
    "butContentIndex": {
      "type": "integer",
      "format": "content_index",
      "description": "触发「而是」动画的字幕段索引（默认 1）"
    }
  },
  "required": [
    "notText",
    "butText"
  ]
}


模板该项的示例供参考：

{
  "template": "COGNITIVE_SHIFT",
  "content": [
    "我们都不应该靠勤奋拼命",
    "我们都应该是靠认知和选择",
    "这样我才能成功"
  ],
  "param": {
    "notText": "靠勤奋拼命",
    "butText": "靠认知和选择",
    "butSrc": "站在高处看地图的思考者",
    "notContentIndex": 0,
    "butContentIndex": 1
  }
}


注意：如果该模板生成的参数包含图片视觉描述（如 imageSrc / leftSrc / rightSrc 等等），请只描述纯视觉场景与动作，绝不要包含任何文字、标语或注音。


## 其他通用说明
1. 锚点（Anchor）— 克制与高价值（适用于 SCHEMA 或上文允许出现锚点/高亮时）：
   - 多数句子应**无锚点**；拿不准就留空或 `[]`，避免满屏高亮。
   - 如果一定需要锚点，只选**整段里真正的高潮、反转或核心名词**（宜 2～4 字、有记忆点）；平庸词、铺垫句不要做成锚点。
   - 颜色建议：`#EF4444`（警示/反转/负面/结论）、`#000000`（事实/术语/数据）。动画 `anim`：`spring` | `slideUp` | `popIn` | `highlight`。
   - 音效可选(仅写在锚点对象上的 `audioEffect`)：`impact_thud` | `ping` | `woosh`

2. 视觉标题与字幕分离（仅当 SCHEMA 要求 `notText` / `butText` / `conceptName`、或 DOS_AND_DONTS 的 `left.label` / `right.label` 等时）：

   - 填**极简关键词（约 2～6 字）**，禁止把整句台词搬进标题字段。



## 输出格式（严格 JSON，不要 markdown 代码块）
补全当前模板的param,非数组：
{ "param": { ... } }

===========================================================================================
---------------------------------------- RESPONSE ----------------------------------------
time: 2026-06-07 00:58:30
attempt: 1/3

[OUTPUT]
{
  "param": {
    "notText": "发明厨房定律",
    "butText": "本质是收纳优化",
    "butSrc": "一个整洁明亮的厨房，各种锅具整齐叠放在柜中，碗盘悬挂在墙上，灶台分层设计，操作动线流畅，厨师轻松移动取放食材",
    "notContentIndex": 0,
    "butContentIndex": 2
  }
}
-------------------------------------------------------------------------------------------

======================================== REQUEST ========================================
time: 2026-06-07 00:58:30
provider: deepseek
model: deepseek-v4-pro
retries: 3

[PROMPT]
你是短视频字幕与画面细节处理专家。请把指定台词细化为字模显示参数。


## 完整段落上下文（仅供理解整体语境，判断当前句子的重要性）
华为韬定律，最不要脸的地方在于，它把普通工程题，包装成了科学神话。

很多人一听定律，就肃然起敬。牛顿有定律。摩尔有定律。现在华为也有定律？

问题来了：它到底发现了新物理？还是换了个高级名字？

我们先用生活话讲。你家厨房太小。你做饭很慢。正常办法是什么？换更大的厨房。买更好的灶。优化动线。

现在有人说，不用。我发明了一个厨房时间压缩定律。把锅叠起来。把碗挂起来。把灶台分层。

听起来很高级。但本质是什么？还是厨房收纳。还是动线优化。不是新物理。不是新定律。


## 🎯 待处理的目标文案
把锅叠起来。把碗挂起来。把灶台分层。

## 目标文案content的数组结构
生成模板参数时，format为content_index的字段依据此数组选择匹配的索引，用于决定相应内容出现在动画中的时机

[
  {
    "index": 0,
    "text": "把锅叠起来。"
  },
  {
    "index": 1,
    "text": "把碗挂起来。"
  },
  {
    "index": 2,
    "text": "把灶台分层。"
  }
]


## 选定模板及参数规范

模板名称：PANEL_GRID

参数 Schema 说明：

{
  "type": "object",
  "properties": {
    "panels": {
      "type": "array",
      "minItems": 2,
      "maxItems": 6,
      "description": "宫格配图；showFrom 为 content 下标（0-based），在该条 startFrame 显现",
      "items": {
        "type": "object",
        "required": [
          "src",
          "showFrom"
        ],
        "properties": {
          "src": {
            "type": "string",
            "format": "image_prompt",
            "description": "该宫格配图提示词"
          },
          "showFrom": {
            "type": "integer",
            "format": "content_index",
            "description": "content 下标（0-based），非帧数"
          },
          "position": {
            "type": "string",
            "enum": [
              "center",
              "left",
              "right",
              "top",
              "bottom"
            ],
            "description": "可选；弱提示，布局以宫格为准"
          },
          "enterEffect": {
            "type": "string",
            "enum": [
              "breathe",
              "slideLeft",
              "slideBottom",
              "zoomIn",
              "fadeIn"
            ],
            "default": "fadeIn"
          }
        }
      }
    }
  },
  "required": [
    "panels"
  ]
}

// 口播条数（已由程序写入 CONTENT_STR，勿在 param 中输出 content）：口播分句（item.content）至少 2 条；口播分句至多 8 条（超出会被校验器告警）


模板该项的示例供参考：

{
  "template": "PANEL_GRID",
  "param": {
    "panels": [
      {
        "src": "问号堵住去路的简笔画",
        "showFrom": 0,
        "enterEffect": "zoomIn"
      },
      {
        "src": "放大镜只看一角的简笔画",
        "showFrom": 1
      },
      {
        "src": "两人各执一词的简笔画",
        "showFrom": 2
      }
    ]
  }
}


注意：如果该模板生成的参数包含图片视觉描述（如 imageSrc / leftSrc / rightSrc 等等），请只描述纯视觉场景与动作，绝不要包含任何文字、标语或注音。


## 其他通用说明
1. 锚点（Anchor）— 克制与高价值（适用于 SCHEMA 或上文允许出现锚点/高亮时）：
   - 多数句子应**无锚点**；拿不准就留空或 `[]`，避免满屏高亮。
   - 如果一定需要锚点，只选**整段里真正的高潮、反转或核心名词**（宜 2～4 字、有记忆点）；平庸词、铺垫句不要做成锚点。
   - 颜色建议：`#EF4444`（警示/反转/负面/结论）、`#000000`（事实/术语/数据）。动画 `anim`：`spring` | `slideUp` | `popIn` | `highlight`。
   - 音效可选(仅写在锚点对象上的 `audioEffect`)：`impact_thud` | `ping` | `woosh`

2. 视觉标题与字幕分离（仅当 SCHEMA 要求 `notText` / `butText` / `conceptName`、或 DOS_AND_DONTS 的 `left.label` / `right.label` 等时）：

   - 填**极简关键词（约 2～6 字）**，禁止把整句台词搬进标题字段。



## 输出格式（严格 JSON，不要 markdown 代码块）
补全当前模板的param,非数组：
{ "param": { ... } }

===========================================================================================
---------------------------------------- RESPONSE ----------------------------------------
time: 2026-06-07 00:58:41
attempt: 1/3

[OUTPUT]
{"param":{"panels":[{"src":"大小不一的锅叠放在一起的厨房场景，简笔画风格","showFrom":0,"enterEffect":"fadeIn"},{"src":"多个碗被挂起来在墙上的挂钩上，厨房收纳","showFrom":1,"enterEffect":"fadeIn"},{"src":"灶台上方增加了一层不锈钢架子，实现分层摆放","showFrom":2,"enterEffect":"fadeIn"}]}}
-------------------------------------------------------------------------------------------

======================================== REQUEST ========================================
time: 2026-06-07 00:58:41
provider: deepseek
model: deepseek-v4-pro
retries: 3

[PROMPT]
你是短视频字幕与画面细节处理专家。请把指定台词细化为字模显示参数。


## 完整段落上下文（仅供理解整体语境，判断当前句子的重要性）
华为韬定律，最不要脸的地方在于，它把普通工程题，包装成了科学神话。

很多人一听定律，就肃然起敬。牛顿有定律。摩尔有定律。现在华为也有定律？

问题来了：它到底发现了新物理？还是换了个高级名字？

我们先用生活话讲。你家厨房太小。你做饭很慢。正常办法是什么？换更大的厨房。买更好的灶。优化动线。

现在有人说，不用。我发明了一个厨房时间压缩定律。把锅叠起来。把碗挂起来。把灶台分层。

听起来很高级。但本质是什么？还是厨房收纳。还是动线优化。不是新物理。不是新定律。


## 🎯 待处理的目标文案
听起来很高级。但本质是什么？还是厨房收纳。还是动线优化。不是新物理。不是新定律。

## 目标文案content的数组结构
生成模板参数时，format为content_index的字段依据此数组选择匹配的索引，用于决定相应内容出现在动画中的时机

[
  {
    "index": 0,
    "text": "听起来很高级。"
  },
  {
    "index": 1,
    "text": "但本质是什么？"
  },
  {
    "index": 2,
    "text": "还是厨房收纳。"
  },
  {
    "index": 3,
    "text": "还是动线优化。"
  },
  {
    "index": 4,
    "text": "不是新物理。"
  },
  {
    "index": 5,
    "text": "不是新定律。"
  }
]


## 选定模板及参数规范

模板名称：COGNITIVE_SHIFT

参数 Schema 说明：

{
  "type": "object",
  "properties": {
    "notText": {
      "type": "string",
      "description": "被否认知（‘不是’后面的内容）的精炼短句，不超过12个字，"
    },
    "butText": {
      "type": "string",
      "description": "真实认知（‘而是’后面的内容）的精炼短句，不超过12个字"
    },
    "butSrc": {
      "type": "string",
      "format": "image_prompt",
      "description": "真实认知的配图"
    },
    "notContentIndex": {
      "type": "integer",
      "format": "content_index",
      "description": "触发「不是」动画的字幕段索引（默认 0）"
    },
    "butContentIndex": {
      "type": "integer",
      "format": "content_index",
      "description": "触发「而是」动画的字幕段索引（默认 1）"
    }
  },
  "required": [
    "notText",
    "butText"
  ]
}


模板该项的示例供参考：

{
  "template": "COGNITIVE_SHIFT",
  "content": [
    "我们都不应该靠勤奋拼命",
    "我们都应该是靠认知和选择",
    "这样我才能成功"
  ],
  "param": {
    "notText": "靠勤奋拼命",
    "butText": "靠认知和选择",
    "butSrc": "站在高处看地图的思考者",
    "notContentIndex": 0,
    "butContentIndex": 1
  }
}


注意：如果该模板生成的参数包含图片视觉描述（如 imageSrc / leftSrc / rightSrc 等等），请只描述纯视觉场景与动作，绝不要包含任何文字、标语或注音。


## 其他通用说明
1. 锚点（Anchor）— 克制与高价值（适用于 SCHEMA 或上文允许出现锚点/高亮时）：
   - 多数句子应**无锚点**；拿不准就留空或 `[]`，避免满屏高亮。
   - 如果一定需要锚点，只选**整段里真正的高潮、反转或核心名词**（宜 2～4 字、有记忆点）；平庸词、铺垫句不要做成锚点。
   - 颜色建议：`#EF4444`（警示/反转/负面/结论）、`#000000`（事实/术语/数据）。动画 `anim`：`spring` | `slideUp` | `popIn` | `highlight`。
   - 音效可选(仅写在锚点对象上的 `audioEffect`)：`impact_thud` | `ping` | `woosh`

2. 视觉标题与字幕分离（仅当 SCHEMA 要求 `notText` / `butText` / `conceptName`、或 DOS_AND_DONTS 的 `left.label` / `right.label` 等时）：

   - 填**极简关键词（约 2～6 字）**，禁止把整句台词搬进标题字段。



## 输出格式（严格 JSON，不要 markdown 代码块）
补全当前模板的param,非数组：
{ "param": { ... } }

===========================================================================================
---------------------------------------- RESPONSE ----------------------------------------
time: 2026-06-07 00:58:57
attempt: 1/3

[OUTPUT]
{"param": {"notText": "新物理与定律", "butText": "厨房收纳与动线优化", "butSrc": "整洁的厨房，锅具叠放，碗挂墙上，灶台分层，动线流畅高效", "notContentIndex": 4, "butContentIndex": 2}}
-------------------------------------------------------------------------------------------

======================================== REQUEST ========================================
time: 2026-06-07 00:58:57
provider: deepseek
model: deepseek-v4-pro
retries: 3

[PROMPT]
你是短视频字幕与画面细节处理专家。请把指定台词细化为字模显示参数。


## 完整段落上下文（仅供理解整体语境，判断当前句子的重要性）
所谓韬定律，也是这个问题。它讲的核心，是时间缩微。听起来很玄。但翻译成人话，就是让芯片内部，信号跑得更快。让等待时间更短。让系统协作更紧。

这重要吗？当然重要。但新吗？并不新。

半导体工程里，降低延迟，本来就是基本目标。电路里的等待时间要降。信号节奏要对齐。线路要优化。功耗要压住。封装要改进。

这些不是玄学。这是工程师每天都在啃的硬骨头。


## 🎯 待处理的目标文案
所谓韬定律，也是这个问题。它讲的核心，是时间缩微。

## 目标文案content的数组结构
生成模板参数时，format为content_index的字段依据此数组选择匹配的索引，用于决定相应内容出现在动画中的时机

[
  {
    "index": 0,
    "text": "所谓韬定律，"
  },
  {
    "index": 1,
    "text": "也是这个问题。"
  },
  {
    "index": 2,
    "text": "它讲的核心，"
  },
  {
    "index": 3,
    "text": "是时间缩微。"
  }
]


## 选定模板及参数规范

模板名称：CONCEPT_CARD

参数 Schema 说明：

{
  "type": "object",
  "properties": {
    "imageSrc": {
      "type": "string",
      "format": "image_prompt",
      "description": "概念图标描述"
    },
    "conceptName": {
      "type": "string",
      "description": "概念名称"
    }
  },
  "required": [
    "imageSrc",
    "conceptName"
  ]
}


模板该项的示例供参考：

{
  "template": "CONCEPT_CARD",
  "param": {
    "imageSrc": "过滤器/筛网简笔画图标",
    "conceptName": "幸存者偏差"
  }
}


注意：如果该模板生成的参数包含图片视觉描述（如 imageSrc / leftSrc / rightSrc 等等），请只描述纯视觉场景与动作，绝不要包含任何文字、标语或注音。


## 其他通用说明
1. 锚点（Anchor）— 克制与高价值（适用于 SCHEMA 或上文允许出现锚点/高亮时）：
   - 多数句子应**无锚点**；拿不准就留空或 `[]`，避免满屏高亮。
   - 如果一定需要锚点，只选**整段里真正的高潮、反转或核心名词**（宜 2～4 字、有记忆点）；平庸词、铺垫句不要做成锚点。
   - 颜色建议：`#EF4444`（警示/反转/负面/结论）、`#000000`（事实/术语/数据）。动画 `anim`：`spring` | `slideUp` | `popIn` | `highlight`。
   - 音效可选(仅写在锚点对象上的 `audioEffect`)：`impact_thud` | `ping` | `woosh`

2. 视觉标题与字幕分离（仅当 SCHEMA 要求 `notText` / `butText` / `conceptName`、或 DOS_AND_DONTS 的 `left.label` / `right.label` 等时）：

   - 填**极简关键词（约 2～6 字）**，禁止把整句台词搬进标题字段。



## 输出格式（严格 JSON，不要 markdown 代码块）
补全当前模板的param,非数组：
{ "param": { ... } }

===========================================================================================
---------------------------------------- RESPONSE ----------------------------------------
time: 2026-06-07 00:59:01
attempt: 1/3

[OUTPUT]
{
  "param": {
    "imageSrc": "微型芯片表面，金色信号脉冲沿着纳米级电路迅速传播，时间刻度尺收缩成光点",
    "conceptName": "时间缩微"
  }
}
-------------------------------------------------------------------------------------------

======================================== REQUEST ========================================
time: 2026-06-07 00:59:01
provider: deepseek
model: deepseek-v4-pro
retries: 3

[PROMPT]
你是短视频字幕与画面细节处理专家。请把指定台词细化为字模显示参数。


## 完整段落上下文（仅供理解整体语境，判断当前句子的重要性）
所谓韬定律，也是这个问题。它讲的核心，是时间缩微。听起来很玄。但翻译成人话，就是让芯片内部，信号跑得更快。让等待时间更短。让系统协作更紧。

这重要吗？当然重要。但新吗？并不新。

半导体工程里，降低延迟，本来就是基本目标。电路里的等待时间要降。信号节奏要对齐。线路要优化。功耗要压住。封装要改进。

这些不是玄学。这是工程师每天都在啃的硬骨头。


## 🎯 待处理的目标文案
听起来很玄。但翻译成人话，就是

## 目标文案content的数组结构
生成模板参数时，format为content_index的字段依据此数组选择匹配的索引，用于决定相应内容出现在动画中的时机

[
  {
    "index": 0,
    "text": "听起来很玄。"
  },
  {
    "index": 1,
    "text": "但翻译成人话，"
  },
  {
    "index": 2,
    "text": "就是"
  }
]


## 选定模板及参数规范

模板名称：COGNITIVE_SHIFT

参数 Schema 说明：

{
  "type": "object",
  "properties": {
    "notText": {
      "type": "string",
      "description": "被否认知（‘不是’后面的内容）的精炼短句，不超过12个字，"
    },
    "butText": {
      "type": "string",
      "description": "真实认知（‘而是’后面的内容）的精炼短句，不超过12个字"
    },
    "butSrc": {
      "type": "string",
      "format": "image_prompt",
      "description": "真实认知的配图"
    },
    "notContentIndex": {
      "type": "integer",
      "format": "content_index",
      "description": "触发「不是」动画的字幕段索引（默认 0）"
    },
    "butContentIndex": {
      "type": "integer",
      "format": "content_index",
      "description": "触发「而是」动画的字幕段索引（默认 1）"
    }
  },
  "required": [
    "notText",
    "butText"
  ]
}


模板该项的示例供参考：

{
  "template": "COGNITIVE_SHIFT",
  "content": [
    "我们都不应该靠勤奋拼命",
    "我们都应该是靠认知和选择",
    "这样我才能成功"
  ],
  "param": {
    "notText": "靠勤奋拼命",
    "butText": "靠认知和选择",
    "butSrc": "站在高处看地图的思考者",
    "notContentIndex": 0,
    "butContentIndex": 1
  }
}


注意：如果该模板生成的参数包含图片视觉描述（如 imageSrc / leftSrc / rightSrc 等等），请只描述纯视觉场景与动作，绝不要包含任何文字、标语或注音。


## 其他通用说明
1. 锚点（Anchor）— 克制与高价值（适用于 SCHEMA 或上文允许出现锚点/高亮时）：
   - 多数句子应**无锚点**；拿不准就留空或 `[]`，避免满屏高亮。
   - 如果一定需要锚点，只选**整段里真正的高潮、反转或核心名词**（宜 2～4 字、有记忆点）；平庸词、铺垫句不要做成锚点。
   - 颜色建议：`#EF4444`（警示/反转/负面/结论）、`#000000`（事实/术语/数据）。动画 `anim`：`spring` | `slideUp` | `popIn` | `highlight`。
   - 音效可选(仅写在锚点对象上的 `audioEffect`)：`impact_thud` | `ping` | `woosh`

2. 视觉标题与字幕分离（仅当 SCHEMA 要求 `notText` / `butText` / `conceptName`、或 DOS_AND_DONTS 的 `left.label` / `right.label` 等时）：

   - 填**极简关键词（约 2～6 字）**，禁止把整句台词搬进标题字段。



## 输出格式（严格 JSON，不要 markdown 代码块）
补全当前模板的param,非数组：
{ "param": { ... } }

===========================================================================================
---------------------------------------- RESPONSE ----------------------------------------
time: 2026-06-07 00:59:25
attempt: 1/3

[OUTPUT]
{"param": {"notText": "很玄", "butText": "信号跑得更快", "butSrc": "微观视角的芯片内部，金色电子信号高速穿梭于复杂电路，光点拖尾，无任何延迟", "notContentIndex": 0, "butContentIndex": 1}}
-------------------------------------------------------------------------------------------

======================================== REQUEST ========================================
time: 2026-06-07 00:59:25
provider: deepseek
model: deepseek-v4-pro
retries: 3

[PROMPT]
你是短视频字幕与画面细节处理专家。请把指定台词细化为字模显示参数。


## 完整段落上下文（仅供理解整体语境，判断当前句子的重要性）
所谓韬定律，也是这个问题。它讲的核心，是时间缩微。听起来很玄。但翻译成人话，就是让芯片内部，信号跑得更快。让等待时间更短。让系统协作更紧。

这重要吗？当然重要。但新吗？并不新。

半导体工程里，降低延迟，本来就是基本目标。电路里的等待时间要降。信号节奏要对齐。线路要优化。功耗要压住。封装要改进。

这些不是玄学。这是工程师每天都在啃的硬骨头。


## 🎯 待处理的目标文案
让芯片内部，信号跑得更快。让等待时间更短。让系统协作更紧。

## 目标文案content的数组结构
生成模板参数时，format为content_index的字段依据此数组选择匹配的索引，用于决定相应内容出现在动画中的时机

[
  {
    "index": 0,
    "text": "让芯片内部，"
  },
  {
    "index": 1,
    "text": "信号跑得更快。"
  },
  {
    "index": 2,
    "text": "让等待时间更短。"
  },
  {
    "index": 3,
    "text": "让系统协作更紧。"
  }
]


## 选定模板及参数规范

模板名称：STEP_LIST

参数 Schema 说明：

{
  "type": "object",
  "properties": {
    "title": {
      "type": "string",
      "description": "可选；步骤列表上方标题，建议 4～14 字"
    },
    "steps": {
      "type": "array",
      "items": {
        "oneOf": [
          {
            "type": "string"
          },
          {
            "type": "object",
            "properties": {
              "text": {
                "type": "string"
              },
              "showFrom": {
                "type": "integer",
                "minimum": 0,
                "description": "对应 content 数组的下标（0-based）；该步在 content[showFrom].startFrame 帧开始入场。不传则按 staggerDelay 与序号顺延。"
              }
            },
            "required": [
              "text"
            ]
          }
        ]
      },
      "minItems": 2,
      "maxItems": 6,
      "description": "步骤（可选）。可为字符串，或 { text, showFrom? }（showFrom=content 下标）；不传则从 content 提取。每条 text 建议不超过 10 字。"
    }
  },
  "required": []
}

// 口播条数（已由程序写入 CONTENT_STR，勿在 param 中输出 content）：口播分句（item.content）至少 2 条；口播分句至多 6 条（超出会被校验器告警）


模板该项的示例供参考：

{
  "template": "STEP_LIST",
  "param": {
    "title": "流程概览",
    "steps": [
      {
        "text": "第一步",
        "showFrom": 0
      },
      {
        "text": "第二步",
        "showFrom": 1
      },
      {
        "text": "第三步",
        "showFrom": 2
      }
    ]
  }
}


注意：如果该模板生成的参数包含图片视觉描述（如 imageSrc / leftSrc / rightSrc 等等），请只描述纯视觉场景与动作，绝不要包含任何文字、标语或注音。


## 其他通用说明
1. 锚点（Anchor）— 克制与高价值（适用于 SCHEMA 或上文允许出现锚点/高亮时）：
   - 多数句子应**无锚点**；拿不准就留空或 `[]`，避免满屏高亮。
   - 如果一定需要锚点，只选**整段里真正的高潮、反转或核心名词**（宜 2～4 字、有记忆点）；平庸词、铺垫句不要做成锚点。
   - 颜色建议：`#EF4444`（警示/反转/负面/结论）、`#000000`（事实/术语/数据）。动画 `anim`：`spring` | `slideUp` | `popIn` | `highlight`。
   - 音效可选(仅写在锚点对象上的 `audioEffect`)：`impact_thud` | `ping` | `woosh`

2. 视觉标题与字幕分离（仅当 SCHEMA 要求 `notText` / `butText` / `conceptName`、或 DOS_AND_DONTS 的 `left.label` / `right.label` 等时）：

   - 填**极简关键词（约 2～6 字）**，禁止把整句台词搬进标题字段。



## 输出格式（严格 JSON，不要 markdown 代码块）
补全当前模板的param,非数组：
{ "param": { ... } }

===========================================================================================
---------------------------------------- RESPONSE ----------------------------------------
time: 2026-06-07 00:59:41
attempt: 1/3

[OUTPUT]
{"param": {"title": "加速三要点", "steps": [{"text": "让芯片内部，", "showFrom": 0}, {"text": "信号跑得更快。", "showFrom": 1}, {"text": "让等待时间更短。", "showFrom": 2}, {"text": "让系统协作更紧。", "showFrom": 3}]}}
-------------------------------------------------------------------------------------------

======================================== REQUEST ========================================
time: 2026-06-07 00:59:41
provider: deepseek
model: deepseek-v4-pro
retries: 3

[PROMPT]
你是短视频字幕与画面细节处理专家。请把指定台词细化为字模显示参数。


## 完整段落上下文（仅供理解整体语境，判断当前句子的重要性）
所谓韬定律，也是这个问题。它讲的核心，是时间缩微。听起来很玄。但翻译成人话，就是让芯片内部，信号跑得更快。让等待时间更短。让系统协作更紧。

这重要吗？当然重要。但新吗？并不新。

半导体工程里，降低延迟，本来就是基本目标。电路里的等待时间要降。信号节奏要对齐。线路要优化。功耗要压住。封装要改进。

这些不是玄学。这是工程师每天都在啃的硬骨头。


## 🎯 待处理的目标文案
这重要吗？当然重要。但新吗？并不新。

## 目标文案content的数组结构
生成模板参数时，format为content_index的字段依据此数组选择匹配的索引，用于决定相应内容出现在动画中的时机

[
  {
    "index": 0,
    "text": "这重要吗？"
  },
  {
    "index": 1,
    "text": "当然重要。"
  },
  {
    "index": 2,
    "text": "但新吗？"
  },
  {
    "index": 3,
    "text": "并不新。"
  }
]


## 选定模板及参数规范

模板名称：BEAT_SEQUENCE

参数 Schema 说明：

{
  "type": "object",
  "properties": {
    "stages": {
      "type": "array",
      "minItems": 2,
      "maxItems": 4,
      "description": "配图序列：每条 stage 一张图；imageSrc、enterEffect、可选 tone（calm|alert）、可选 showFrom（对齐镜头外层 content[] 下标）",
      "items": {
        "type": "object",
        "required": [
          "imageSrc"
        ],
        "properties": {
          "imageSrc": {
            "type": "string",
            "format": "image_prompt",
            "description": "该节拍配图提示词"
          },
          "enterEffect": {
            "type": "string",
            "enum": [
              "breathe",
              "slideLeft",
              "slideBottom",
              "zoomIn",
              "fadeIn"
            ],
            "default": "breathe",
            "description": "入场效果"
          },
          "tone": {
            "type": "string",
            "enum": [
              "calm",
              "alert"
            ],
            "description": "首条可 calm，其余默认可 alert"
          },
          "showFrom": {
            "type": "content_index",
            "minimum": 0,
            "description": "镜头 item 外层 content 数组（与 param 同级）的 0-based 下标；从该条 startFrame 起显示本图。省略则等于当前 stages 下标 i（与第 i 条口播同步）"
          }
        }
      }
    }
  },
  "required": [
    "stages"
  ]
}

// 口播条数（已由程序写入 CONTENT_STR，勿在 param 中输出 content）：口播分句（item.content）至少 2 条；口播分句至多 4 条（超出会被校验器告警）


模板该项的示例供参考：

{
  "template": "BEAT_SEQUENCE",
  "param": {
    "stages": [
      {
        "imageSrc": "问句配图简笔画",
        "enterEffect": "breathe"
      },
      {
        "imageSrc": "转折警示配图",
        "enterEffect": "slideBottom"
      },
      {
        "imageSrc": "结论冲击配图",
        "enterEffect": "slideBottom"
      }
    ]
  }
}


注意：如果该模板生成的参数包含图片视觉描述（如 imageSrc / leftSrc / rightSrc 等等），请只描述纯视觉场景与动作，绝不要包含任何文字、标语或注音。


## 其他通用说明
1. 锚点（Anchor）— 克制与高价值（适用于 SCHEMA 或上文允许出现锚点/高亮时）：
   - 多数句子应**无锚点**；拿不准就留空或 `[]`，避免满屏高亮。
   - 如果一定需要锚点，只选**整段里真正的高潮、反转或核心名词**（宜 2～4 字、有记忆点）；平庸词、铺垫句不要做成锚点。
   - 颜色建议：`#EF4444`（警示/反转/负面/结论）、`#000000`（事实/术语/数据）。动画 `anim`：`spring` | `slideUp` | `popIn` | `highlight`。
   - 音效可选(仅写在锚点对象上的 `audioEffect`)：`impact_thud` | `ping` | `woosh`

2. 视觉标题与字幕分离（仅当 SCHEMA 要求 `notText` / `butText` / `conceptName`、或 DOS_AND_DONTS 的 `left.label` / `right.label` 等时）：

   - 填**极简关键词（约 2～6 字）**，禁止把整句台词搬进标题字段。



## 输出格式（严格 JSON，不要 markdown 代码块）
补全当前模板的param,非数组：
{ "param": { ... } }

===========================================================================================
---------------------------------------- RESPONSE ----------------------------------------
time: 2026-06-07 01:00:02
attempt: 1/3

[OUTPUT]
{"param":{"stages":[{"imageSrc":"一个发光的巨大问号，漂浮在深色背景中，简洁抽象风格","enterEffect":"breathe","tone":"calm"},{"imageSrc":"一个金色感叹号从中心向外放射光线，背景暗化，突出重要性","enterEffect":"slideBottom","tone":"alert"},{"imageSrc":"一只手的剪影正在翻动一张半透明的页面，露出下方微光，象征探寻新旧","enterEffect":"slideLeft","tone":"alert"},{"imageSrc":"一个发光的火花创意图形被红色禁止标志覆盖，火花逐渐暗淡","enterEffect":"slideBottom","tone":"alert"}]}}
-------------------------------------------------------------------------------------------

======================================== REQUEST ========================================
time: 2026-06-07 01:00:02
provider: deepseek
model: deepseek-v4-pro
retries: 3

[PROMPT]
你是短视频字幕与画面细节处理专家。请把指定台词细化为字模显示参数。


## 完整段落上下文（仅供理解整体语境，判断当前句子的重要性）
所谓韬定律，也是这个问题。它讲的核心，是时间缩微。听起来很玄。但翻译成人话，就是让芯片内部，信号跑得更快。让等待时间更短。让系统协作更紧。

这重要吗？当然重要。但新吗？并不新。

半导体工程里，降低延迟，本来就是基本目标。电路里的等待时间要降。信号节奏要对齐。线路要优化。功耗要压住。封装要改进。

这些不是玄学。这是工程师每天都在啃的硬骨头。


## 🎯 待处理的目标文案
半导体工程里，降低延迟，本来就是基本目标。

## 目标文案content的数组结构
生成模板参数时，format为content_index的字段依据此数组选择匹配的索引，用于决定相应内容出现在动画中的时机

[
  {
    "index": 0,
    "text": "半导体工程里，"
  },
  {
    "index": 1,
    "text": "降低延迟，"
  },
  {
    "index": 2,
    "text": "本来就是基本目标。"
  }
]


## 选定模板及参数规范

模板名称：CENTER_FOCUS

参数 Schema 说明：

{
  "type": "object",
  "properties": {
    "imageSrc": {
      "type": "string",
      "format": "image_prompt",
      "description": "主图描述"
    },
    "enterEffect": {
      "type": "string",
      "enum": [
        "fadeIn",
        "slideLeft",
        "slideBottom",
        "zoomIn"
      ],
      "default": "fadeIn",
      "description": "图片入场方式（breathe 呼吸效果始终常驻，无需指定）"
    },
    "anchors": {
      "type": "array",
      "description": "可选；用于锚点词展示（顶部依次出现并保留为列表），并绑定锚点出现时机的音效。showFrom 须落在当前 content 条数范围内。注意 **保持克制，尽量少设置锚点** 只提取整段里真正的高潮、反转或核心名词",
      "items": {
        "type": "object",
        "required": [
          "text",
          "showFrom"
        ],
        "properties": {
          "text": {
            "type": "string",
            "description": "要展示的锚点词"
          },
          "showFrom": {
            "type": "integer",
            "format": "content_index",
            "description": "content 数组下标（0-based），非帧数；合法范围 0～(content 条数-1)，超出会被校验丢弃"
          },
          "color": {
            "type": "string"
          },
          "anim": {
            "type": "string",
            "enum": [
              "spring",
              "slideUp",
              "popIn",
              "highlight"
            ]
          },
          "audioEffect": {
            "type": "string",
            "enum": [
              "impact_thud",
              "ping",
              "woosh"
            ]
          }
        }
      }
    }
  },
  "required": [
    "imageSrc"
  ]
}


模板该项的示例供参考：

{
  "template": "CENTER_FOCUS",
  "param": {
    "imageSrc": "上班族坐在电脑前的简笔画图标",
    "enterEffect": "fadeIn",
    "anchors": [
      {
        "text": "可得性启发",
        "showFrom": 0,
        "color": "red"
      }
    ]
  }
}


注意：如果该模板生成的参数包含图片视觉描述（如 imageSrc / leftSrc / rightSrc 等等），请只描述纯视觉场景与动作，绝不要包含任何文字、标语或注音。


## 其他通用说明
1. 锚点（Anchor）— 克制与高价值（适用于 SCHEMA 或上文允许出现锚点/高亮时）：
   - 多数句子应**无锚点**；拿不准就留空或 `[]`，避免满屏高亮。
   - 如果一定需要锚点，只选**整段里真正的高潮、反转或核心名词**（宜 2～4 字、有记忆点）；平庸词、铺垫句不要做成锚点。
   - 颜色建议：`#EF4444`（警示/反转/负面/结论）、`#000000`（事实/术语/数据）。动画 `anim`：`spring` | `slideUp` | `popIn` | `highlight`。
   - 音效可选(仅写在锚点对象上的 `audioEffect`)：`impact_thud` | `ping` | `woosh`

2. 视觉标题与字幕分离（仅当 SCHEMA 要求 `notText` / `butText` / `conceptName`、或 DOS_AND_DONTS 的 `left.label` / `right.label` 等时）：

   - 填**极简关键词（约 2～6 字）**，禁止把整句台词搬进标题字段。



## 输出格式（严格 JSON，不要 markdown 代码块）
补全当前模板的param,非数组：
{ "param": { ... } }

===========================================================================================
---------------------------------------- RESPONSE ----------------------------------------
time: 2026-06-07 01:00:10
attempt: 1/3

[OUTPUT]
{"param": {"imageSrc": "芯片内部电路信号快速流动的微距特写", "enterEffect": "fadeIn", "anchors": []}}
-------------------------------------------------------------------------------------------

======================================== REQUEST ========================================
time: 2026-06-07 01:00:10
provider: deepseek
model: deepseek-v4-pro
retries: 3

[PROMPT]
你是短视频字幕与画面细节处理专家。请把指定台词细化为字模显示参数。


## 完整段落上下文（仅供理解整体语境，判断当前句子的重要性）
所谓韬定律，也是这个问题。它讲的核心，是时间缩微。听起来很玄。但翻译成人话，就是让芯片内部，信号跑得更快。让等待时间更短。让系统协作更紧。

这重要吗？当然重要。但新吗？并不新。

半导体工程里，降低延迟，本来就是基本目标。电路里的等待时间要降。信号节奏要对齐。线路要优化。功耗要压住。封装要改进。

这些不是玄学。这是工程师每天都在啃的硬骨头。


## 🎯 待处理的目标文案
电路里的等待时间要降。信号节奏要对齐。线路要优化。功耗要压住。封装要改进。

## 目标文案content的数组结构
生成模板参数时，format为content_index的字段依据此数组选择匹配的索引，用于决定相应内容出现在动画中的时机

[
  {
    "index": 0,
    "text": "电路里的等待时间要降。"
  },
  {
    "index": 1,
    "text": "信号节奏要对齐。"
  },
  {
    "index": 2,
    "text": "线路要优化。"
  },
  {
    "index": 3,
    "text": "功耗要压住。"
  },
  {
    "index": 4,
    "text": "封装要改进。"
  }
]


## 选定模板及参数规范

模板名称：STEP_LIST

参数 Schema 说明：

{
  "type": "object",
  "properties": {
    "title": {
      "type": "string",
      "description": "可选；步骤列表上方标题，建议 4～14 字"
    },
    "steps": {
      "type": "array",
      "items": {
        "oneOf": [
          {
            "type": "string"
          },
          {
            "type": "object",
            "properties": {
              "text": {
                "type": "string"
              },
              "showFrom": {
                "type": "integer",
                "minimum": 0,
                "description": "对应 content 数组的下标（0-based）；该步在 content[showFrom].startFrame 帧开始入场。不传则按 staggerDelay 与序号顺延。"
              }
            },
            "required": [
              "text"
            ]
          }
        ]
      },
      "minItems": 2,
      "maxItems": 6,
      "description": "步骤（可选）。可为字符串，或 { text, showFrom? }（showFrom=content 下标）；不传则从 content 提取。每条 text 建议不超过 10 字。"
    }
  },
  "required": []
}

// 口播条数（已由程序写入 CONTENT_STR，勿在 param 中输出 content）：口播分句（item.content）至少 2 条；口播分句至多 6 条（超出会被校验器告警）


模板该项的示例供参考：

{
  "template": "STEP_LIST",
  "param": {
    "title": "流程概览",
    "steps": [
      {
        "text": "第一步",
        "showFrom": 0
      },
      {
        "text": "第二步",
        "showFrom": 1
      },
      {
        "text": "第三步",
        "showFrom": 2
      }
    ]
  }
}


注意：如果该模板生成的参数包含图片视觉描述（如 imageSrc / leftSrc / rightSrc 等等），请只描述纯视觉场景与动作，绝不要包含任何文字、标语或注音。


## 其他通用说明
1. 锚点（Anchor）— 克制与高价值（适用于 SCHEMA 或上文允许出现锚点/高亮时）：
   - 多数句子应**无锚点**；拿不准就留空或 `[]`，避免满屏高亮。
   - 如果一定需要锚点，只选**整段里真正的高潮、反转或核心名词**（宜 2～4 字、有记忆点）；平庸词、铺垫句不要做成锚点。
   - 颜色建议：`#EF4444`（警示/反转/负面/结论）、`#000000`（事实/术语/数据）。动画 `anim`：`spring` | `slideUp` | `popIn` | `highlight`。
   - 音效可选(仅写在锚点对象上的 `audioEffect`)：`impact_thud` | `ping` | `woosh`

2. 视觉标题与字幕分离（仅当 SCHEMA 要求 `notText` / `butText` / `conceptName`、或 DOS_AND_DONTS 的 `left.label` / `right.label` 等时）：

   - 填**极简关键词（约 2～6 字）**，禁止把整句台词搬进标题字段。



## 输出格式（严格 JSON，不要 markdown 代码块）
补全当前模板的param,非数组：
{ "param": { ... } }

===========================================================================================
---------------------------------------- RESPONSE ----------------------------------------
time: 2026-06-07 01:00:24
attempt: 1/3

[OUTPUT]
{
  "param": {
    "title": "降低延迟的硬骨头",
    "steps": [
      "电路里的等待时间要降。",
      "信号节奏要对齐。",
      "线路要优化。",
      "功耗要压住。",
      "封装要改进。"
    ]
  }
}
-------------------------------------------------------------------------------------------

======================================== REQUEST ========================================
time: 2026-06-07 01:00:24
provider: deepseek
model: deepseek-v4-pro
retries: 3

[PROMPT]
你是短视频字幕与画面细节处理专家。请把指定台词细化为字模显示参数。


## 完整段落上下文（仅供理解整体语境，判断当前句子的重要性）
所谓韬定律，也是这个问题。它讲的核心，是时间缩微。听起来很玄。但翻译成人话，就是让芯片内部，信号跑得更快。让等待时间更短。让系统协作更紧。

这重要吗？当然重要。但新吗？并不新。

半导体工程里，降低延迟，本来就是基本目标。电路里的等待时间要降。信号节奏要对齐。线路要优化。功耗要压住。封装要改进。

这些不是玄学。这是工程师每天都在啃的硬骨头。


## 🎯 待处理的目标文案
这些不是玄学。这是工程师每天都在啃的硬骨头。

## 目标文案content的数组结构
生成模板参数时，format为content_index的字段依据此数组选择匹配的索引，用于决定相应内容出现在动画中的时机

[
  {
    "index": 0,
    "text": "这些不是玄学。"
  },
  {
    "index": 1,
    "text": "这是工程师每天都在啃的硬骨头。"
  }
]


## 选定模板及参数规范

模板名称：COGNITIVE_SHIFT

参数 Schema 说明：

{
  "type": "object",
  "properties": {
    "notText": {
      "type": "string",
      "description": "被否认知（‘不是’后面的内容）的精炼短句，不超过12个字，"
    },
    "butText": {
      "type": "string",
      "description": "真实认知（‘而是’后面的内容）的精炼短句，不超过12个字"
    },
    "butSrc": {
      "type": "string",
      "format": "image_prompt",
      "description": "真实认知的配图"
    },
    "notContentIndex": {
      "type": "integer",
      "format": "content_index",
      "description": "触发「不是」动画的字幕段索引（默认 0）"
    },
    "butContentIndex": {
      "type": "integer",
      "format": "content_index",
      "description": "触发「而是」动画的字幕段索引（默认 1）"
    }
  },
  "required": [
    "notText",
    "butText"
  ]
}


模板该项的示例供参考：

{
  "template": "COGNITIVE_SHIFT",
  "content": [
    "我们都不应该靠勤奋拼命",
    "我们都应该是靠认知和选择",
    "这样我才能成功"
  ],
  "param": {
    "notText": "靠勤奋拼命",
    "butText": "靠认知和选择",
    "butSrc": "站在高处看地图的思考者",
    "notContentIndex": 0,
    "butContentIndex": 1
  }
}


注意：如果该模板生成的参数包含图片视觉描述（如 imageSrc / leftSrc / rightSrc 等等），请只描述纯视觉场景与动作，绝不要包含任何文字、标语或注音。


## 其他通用说明
1. 锚点（Anchor）— 克制与高价值（适用于 SCHEMA 或上文允许出现锚点/高亮时）：
   - 多数句子应**无锚点**；拿不准就留空或 `[]`，避免满屏高亮。
   - 如果一定需要锚点，只选**整段里真正的高潮、反转或核心名词**（宜 2～4 字、有记忆点）；平庸词、铺垫句不要做成锚点。
   - 颜色建议：`#EF4444`（警示/反转/负面/结论）、`#000000`（事实/术语/数据）。动画 `anim`：`spring` | `slideUp` | `popIn` | `highlight`。
   - 音效可选(仅写在锚点对象上的 `audioEffect`)：`impact_thud` | `ping` | `woosh`

2. 视觉标题与字幕分离（仅当 SCHEMA 要求 `notText` / `butText` / `conceptName`、或 DOS_AND_DONTS 的 `left.label` / `right.label` 等时）：

   - 填**极简关键词（约 2～6 字）**，禁止把整句台词搬进标题字段。



## 输出格式（严格 JSON，不要 markdown 代码块）
补全当前模板的param,非数组：
{ "param": { ... } }

===========================================================================================
---------------------------------------- RESPONSE ----------------------------------------
time: 2026-06-07 01:00:34
attempt: 1/3

[OUTPUT]
{
  "param": {
    "notText": "玄学",
    "butText": "工程师啃硬骨头",
    "butSrc": "一位工程师俯身在工作台前，眉头紧锁，手拿精密工具，面对电路板上密布的线路和芯片，汗水从额头滑落，口型像在用力啃咬一块坚硬的骨头",
    "notContentIndex": 0,
    "butContentIndex": 1
  }
}
-------------------------------------------------------------------------------------------

======================================== REQUEST ========================================
time: 2026-06-07 01:00:34
provider: deepseek
model: deepseek-v4-pro
retries: 3

[PROMPT]
你是短视频字幕与画面细节处理专家。请把指定台词细化为字模显示参数。


## 完整段落上下文（仅供理解整体语境，判断当前句子的重要性）
把基本功包装成定律，这就是营销属性。

更具体一点。所谓逻辑折叠，说白了，就是把芯片从平面，往立体方向堆。像城市没地了，就开始盖高楼。

这当然非常有价值。但问题是，这也不是华为独创的路线。

立体堆叠早就在研究。不同芯片组合早就在做。更紧密的连接方式，也早就在推进。台积电在做。英特尔在做。英伟达也在用。

行业里叫工程路线。华为叙事里，却变成了定律革命。


## 🎯 待处理的目标文案
把基本功包装成定律，这就是营销属性。

## 目标文案content的数组结构
生成模板参数时，format为content_index的字段依据此数组选择匹配的索引，用于决定相应内容出现在动画中的时机

[
  {
    "index": 0,
    "text": "把基本功包装成定律，"
  },
  {
    "index": 1,
    "text": "这就是营销属性。"
  }
]


## 选定模板及参数规范

模板名称：TEXT_FOCUS

参数 Schema 说明：

{
  "type": "object",
  "properties": {
    "coreSentence": {
      "type": "array",
      "minItems": 1,
      "description": "大屏核心文案，每元素一行：可为 string，或 { text, showFrom, endFrom? }；showFrom/endFrom 为 content 下标（0-based），非帧数：在该条 startFrame 显现；可选 endFrom 表示在该条播完（startFrame+durationFrames）后起淡出。纯 string 等价于 showFrom=0、无 endFrom。锚点校验时各段 text 按顺序直接拼接（无分隔符）。",
      "items": {
        "oneOf": [
          {
            "type": "string"
          },
          {
            "type": "object",
            "required": [
              "text",
              "showFrom"
            ],
            "properties": {
              "text": {
                "type": "string",
                "description": "该行大屏文案"
              },
              "showFrom": {
                "type": "integer",
                "format": "content_index",
                "description": "content 下标（0-based），非帧数"
              },
              "endFrom": {
                "type": "integer",
                "format": "content_index",
                "description": "可选；content 下标（0-based），非帧数；该行在对应条字幕结束帧（startFrame+durationFrames）起淡出"
              }
            }
          }
        ]
      }
    },
    "coreSentenceAnchors": {
      "type": "array",
      "description": "可选；在 coreSentence 各段拼接后的全文内按顺序高亮子串。每项 coreSentenceAnchor 须为该拼接串的子串，否则会被校验丢弃",
      "items": {
        "type": "object",
        "required": [
          "coreSentenceAnchor"
        ],
        "properties": {
          "coreSentenceAnchor": {
            "type": "string",
            "description": "要高亮的子串，须出现在各 coreSentence 段拼接后的全文内"
          },
          "color": {
            "type": "string",
            "description": "高亮颜色，省略时默认强调色"
          }
        }
      }
    }
  },
  "required": [
    "coreSentence"
  ]
}

// 口播条数（已由程序写入 CONTENT_STR，勿在 param 中输出 content）：口播分句至多 3 条（超出会被校验器告警）


模板该项的示例供参考：

{
  "template": "TEXT_FOCUS",
  "param": {
    "coreSentence": [
      {
        "text": "承认自己“可能错了”并不是一种软弱",
        "showFrom": 0,
        "endFrom": 0
      },
      {
        "text": "而是成长的开始",
        "showFrom": 1,
        "endFrom": 1
      }
    ],
    "coreSentenceAnchors": [
      {
        "coreSentenceAnchor": "可能错了",
        "color": "red"
      }
    ]
  }
}


注意：如果该模板生成的参数包含图片视觉描述（如 imageSrc / leftSrc / rightSrc 等等），请只描述纯视觉场景与动作，绝不要包含任何文字、标语或注音。


## 其他通用说明
1. 锚点（Anchor）— 克制与高价值（适用于 SCHEMA 或上文允许出现锚点/高亮时）：
   - 多数句子应**无锚点**；拿不准就留空或 `[]`，避免满屏高亮。
   - 如果一定需要锚点，只选**整段里真正的高潮、反转或核心名词**（宜 2～4 字、有记忆点）；平庸词、铺垫句不要做成锚点。
   - 颜色建议：`#EF4444`（警示/反转/负面/结论）、`#000000`（事实/术语/数据）。动画 `anim`：`spring` | `slideUp` | `popIn` | `highlight`。
   - 音效可选(仅写在锚点对象上的 `audioEffect`)：`impact_thud` | `ping` | `woosh`

2. 视觉标题与字幕分离（仅当 SCHEMA 要求 `notText` / `butText` / `conceptName`、或 DOS_AND_DONTS 的 `left.label` / `right.label` 等时）：

   - 填**极简关键词（约 2～6 字）**，禁止把整句台词搬进标题字段。



## 输出格式（严格 JSON，不要 markdown 代码块）
补全当前模板的param,非数组：
{ "param": { ... } }

===========================================================================================
---------------------------------------- RESPONSE ----------------------------------------
time: 2026-06-07 01:00:59
attempt: 1/3

[OUTPUT]
{
  "param": {
    "coreSentence": [
      {
        "text": "把基本功包装成定律，",
        "showFrom": 0,
        "endFrom": 0
      },
      {
        "text": "这就是营销属性。",
        "showFrom": 1,
        "endFrom": 1
      }
    ],
    "coreSentenceAnchors": [
      {
        "coreSentenceAnchor": "营销属性",
        "color": "#EF4444"
      }
    ]
  }
}
-------------------------------------------------------------------------------------------

======================================== REQUEST ========================================
time: 2026-06-07 01:00:59
provider: deepseek
model: deepseek-v4-pro
retries: 3

[PROMPT]
你是短视频字幕与画面细节处理专家。请把指定台词细化为字模显示参数。


## 完整段落上下文（仅供理解整体语境，判断当前句子的重要性）
把基本功包装成定律，这就是营销属性。

更具体一点。所谓逻辑折叠，说白了，就是把芯片从平面，往立体方向堆。像城市没地了，就开始盖高楼。

这当然非常有价值。但问题是，这也不是华为独创的路线。

立体堆叠早就在研究。不同芯片组合早就在做。更紧密的连接方式，也早就在推进。台积电在做。英特尔在做。英伟达也在用。

行业里叫工程路线。华为叙事里，却变成了定律革命。


## 🎯 待处理的目标文案
更具体一点。所谓逻辑折叠，说白了，就是把芯片从平面，往立体方向堆。像城市没地了，就开始盖高楼。

## 目标文案content的数组结构
生成模板参数时，format为content_index的字段依据此数组选择匹配的索引，用于决定相应内容出现在动画中的时机

[
  {
    "index": 0,
    "text": "更具体一点。"
  },
  {
    "index": 1,
    "text": "所谓逻辑折叠，"
  },
  {
    "index": 2,
    "text": "说白了，"
  },
  {
    "index": 3,
    "text": "就是把芯片从平面，"
  },
  {
    "index": 4,
    "text": "往立体方向堆。"
  },
  {
    "index": 5,
    "text": "像城市没地了，"
  },
  {
    "index": 6,
    "text": "就开始盖高楼。"
  }
]


## 选定模板及参数规范

模板名称：CONCEPT_CARD

参数 Schema 说明：

{
  "type": "object",
  "properties": {
    "imageSrc": {
      "type": "string",
      "format": "image_prompt",
      "description": "概念图标描述"
    },
    "conceptName": {
      "type": "string",
      "description": "概念名称"
    }
  },
  "required": [
    "imageSrc",
    "conceptName"
  ]
}


模板该项的示例供参考：

{
  "template": "CONCEPT_CARD",
  "param": {
    "imageSrc": "过滤器/筛网简笔画图标",
    "conceptName": "幸存者偏差"
  }
}


注意：如果该模板生成的参数包含图片视觉描述（如 imageSrc / leftSrc / rightSrc 等等），请只描述纯视觉场景与动作，绝不要包含任何文字、标语或注音。


## 其他通用说明
1. 锚点（Anchor）— 克制与高价值（适用于 SCHEMA 或上文允许出现锚点/高亮时）：
   - 多数句子应**无锚点**；拿不准就留空或 `[]`，避免满屏高亮。
   - 如果一定需要锚点，只选**整段里真正的高潮、反转或核心名词**（宜 2～4 字、有记忆点）；平庸词、铺垫句不要做成锚点。
   - 颜色建议：`#EF4444`（警示/反转/负面/结论）、`#000000`（事实/术语/数据）。动画 `anim`：`spring` | `slideUp` | `popIn` | `highlight`。
   - 音效可选(仅写在锚点对象上的 `audioEffect`)：`impact_thud` | `ping` | `woosh`

2. 视觉标题与字幕分离（仅当 SCHEMA 要求 `notText` / `butText` / `conceptName`、或 DOS_AND_DONTS 的 `left.label` / `right.label` 等时）：

   - 填**极简关键词（约 2～6 字）**，禁止把整句台词搬进标题字段。



## 输出格式（严格 JSON，不要 markdown 代码块）
补全当前模板的param,非数组：
{ "param": { ... } }

===========================================================================================
---------------------------------------- RESPONSE ----------------------------------------
time: 2026-06-07 01:01:14
attempt: 1/3

[OUTPUT]
{
  "param": {
    "imageSrc": "一个芯片从平面展开为多层立体堆叠的3D简笔画，箭头向上表示立体方向堆叠",
    "conceptName": "逻辑折叠"
  }
}
-------------------------------------------------------------------------------------------

======================================== REQUEST ========================================
time: 2026-06-07 01:01:14
provider: deepseek
model: deepseek-v4-pro
retries: 3

[PROMPT]
你是短视频字幕与画面细节处理专家。请把指定台词细化为字模显示参数。


## 完整段落上下文（仅供理解整体语境，判断当前句子的重要性）
把基本功包装成定律，这就是营销属性。

更具体一点。所谓逻辑折叠，说白了，就是把芯片从平面，往立体方向堆。像城市没地了，就开始盖高楼。

这当然非常有价值。但问题是，这也不是华为独创的路线。

立体堆叠早就在研究。不同芯片组合早就在做。更紧密的连接方式，也早就在推进。台积电在做。英特尔在做。英伟达也在用。

行业里叫工程路线。华为叙事里，却变成了定律革命。


## 🎯 待处理的目标文案
这当然非常有价值。但问题是，这也不是华为独创的路线。

## 目标文案content的数组结构
生成模板参数时，format为content_index的字段依据此数组选择匹配的索引，用于决定相应内容出现在动画中的时机

[
  {
    "index": 0,
    "text": "这当然非常有价值。"
  },
  {
    "index": 1,
    "text": "但问题是，"
  },
  {
    "index": 2,
    "text": "这也不是华为独创的路线。"
  }
]


## 选定模板及参数规范

模板名称：BEAT_SEQUENCE

参数 Schema 说明：

{
  "type": "object",
  "properties": {
    "stages": {
      "type": "array",
      "minItems": 2,
      "maxItems": 4,
      "description": "配图序列：每条 stage 一张图；imageSrc、enterEffect、可选 tone（calm|alert）、可选 showFrom（对齐镜头外层 content[] 下标）",
      "items": {
        "type": "object",
        "required": [
          "imageSrc"
        ],
        "properties": {
          "imageSrc": {
            "type": "string",
            "format": "image_prompt",
            "description": "该节拍配图提示词"
          },
          "enterEffect": {
            "type": "string",
            "enum": [
              "breathe",
              "slideLeft",
              "slideBottom",
              "zoomIn",
              "fadeIn"
            ],
            "default": "breathe",
            "description": "入场效果"
          },
          "tone": {
            "type": "string",
            "enum": [
              "calm",
              "alert"
            ],
            "description": "首条可 calm，其余默认可 alert"
          },
          "showFrom": {
            "type": "content_index",
            "minimum": 0,
            "description": "镜头 item 外层 content 数组（与 param 同级）的 0-based 下标；从该条 startFrame 起显示本图。省略则等于当前 stages 下标 i（与第 i 条口播同步）"
          }
        }
      }
    }
  },
  "required": [
    "stages"
  ]
}

// 口播条数（已由程序写入 CONTENT_STR，勿在 param 中输出 content）：口播分句（item.content）至少 2 条；口播分句至多 4 条（超出会被校验器告警）


模板该项的示例供参考：

{
  "template": "BEAT_SEQUENCE",
  "param": {
    "stages": [
      {
        "imageSrc": "问句配图简笔画",
        "enterEffect": "breathe"
      },
      {
        "imageSrc": "转折警示配图",
        "enterEffect": "slideBottom"
      },
      {
        "imageSrc": "结论冲击配图",
        "enterEffect": "slideBottom"
      }
    ]
  }
}


注意：如果该模板生成的参数包含图片视觉描述（如 imageSrc / leftSrc / rightSrc 等等），请只描述纯视觉场景与动作，绝不要包含任何文字、标语或注音。


## 其他通用说明
1. 锚点（Anchor）— 克制与高价值（适用于 SCHEMA 或上文允许出现锚点/高亮时）：
   - 多数句子应**无锚点**；拿不准就留空或 `[]`，避免满屏高亮。
   - 如果一定需要锚点，只选**整段里真正的高潮、反转或核心名词**（宜 2～4 字、有记忆点）；平庸词、铺垫句不要做成锚点。
   - 颜色建议：`#EF4444`（警示/反转/负面/结论）、`#000000`（事实/术语/数据）。动画 `anim`：`spring` | `slideUp` | `popIn` | `highlight`。
   - 音效可选(仅写在锚点对象上的 `audioEffect`)：`impact_thud` | `ping` | `woosh`

2. 视觉标题与字幕分离（仅当 SCHEMA 要求 `notText` / `butText` / `conceptName`、或 DOS_AND_DONTS 的 `left.label` / `right.label` 等时）：

   - 填**极简关键词（约 2～6 字）**，禁止把整句台词搬进标题字段。



## 输出格式（严格 JSON，不要 markdown 代码块）
补全当前模板的param,非数组：
{ "param": { ... } }

===========================================================================================
---------------------------------------- RESPONSE ----------------------------------------
time: 2026-06-07 01:01:28
attempt: 1/3

[OUTPUT]
{
  "param": {
    "stages": [
      {
        "imageSrc": "一枚闪闪发光的立体芯片结构，像高楼大厦一样向上堆叠，周围有金色光芒",
        "enterEffect": "breathe",
        "tone": "calm"
      },
      {
        "imageSrc": "一个巨大的黄色警示符号，背景突然变暗，出现问号",
        "enterEffect": "slideBottom",
        "tone": "alert"
      },
      {
        "imageSrc": "多条分叉的道路，每条路上有不同风格的科技大楼，其中一条路与其他路并行",
        "enterEffect": "zoomIn",
        "tone": "alert"
      }
    ]
  }
}
-------------------------------------------------------------------------------------------

======================================== REQUEST ========================================
time: 2026-06-07 01:01:28
provider: deepseek
model: deepseek-v4-pro
retries: 3

[PROMPT]
你是短视频字幕与画面细节处理专家。请把指定台词细化为字模显示参数。


## 完整段落上下文（仅供理解整体语境，判断当前句子的重要性）
把基本功包装成定律，这就是营销属性。

更具体一点。所谓逻辑折叠，说白了，就是把芯片从平面，往立体方向堆。像城市没地了，就开始盖高楼。

这当然非常有价值。但问题是，这也不是华为独创的路线。

立体堆叠早就在研究。不同芯片组合早就在做。更紧密的连接方式，也早就在推进。台积电在做。英特尔在做。英伟达也在用。

行业里叫工程路线。华为叙事里，却变成了定律革命。


## 🎯 待处理的目标文案
立体堆叠早就在研究。不同芯片组合早就在做。更紧密的连接方式，也早就在推进。

## 目标文案content的数组结构
生成模板参数时，format为content_index的字段依据此数组选择匹配的索引，用于决定相应内容出现在动画中的时机

[
  {
    "index": 0,
    "text": "立体堆叠早就在研究。"
  },
  {
    "index": 1,
    "text": "不同芯片组合早就在做。"
  },
  {
    "index": 2,
    "text": "更紧密的连接方式，"
  },
  {
    "index": 3,
    "text": "也早就在推进。"
  }
]


## 选定模板及参数规范

模板名称：PANEL_GRID

参数 Schema 说明：

{
  "type": "object",
  "properties": {
    "panels": {
      "type": "array",
      "minItems": 2,
      "maxItems": 6,
      "description": "宫格配图；showFrom 为 content 下标（0-based），在该条 startFrame 显现",
      "items": {
        "type": "object",
        "required": [
          "src",
          "showFrom"
        ],
        "properties": {
          "src": {
            "type": "string",
            "format": "image_prompt",
            "description": "该宫格配图提示词"
          },
          "showFrom": {
            "type": "integer",
            "format": "content_index",
            "description": "content 下标（0-based），非帧数"
          },
          "position": {
            "type": "string",
            "enum": [
              "center",
              "left",
              "right",
              "top",
              "bottom"
            ],
            "description": "可选；弱提示，布局以宫格为准"
          },
          "enterEffect": {
            "type": "string",
            "enum": [
              "breathe",
              "slideLeft",
              "slideBottom",
              "zoomIn",
              "fadeIn"
            ],
            "default": "fadeIn"
          }
        }
      }
    }
  },
  "required": [
    "panels"
  ]
}

// 口播条数（已由程序写入 CONTENT_STR，勿在 param 中输出 content）：口播分句（item.content）至少 2 条；口播分句至多 8 条（超出会被校验器告警）


模板该项的示例供参考：

{
  "template": "PANEL_GRID",
  "param": {
    "panels": [
      {
        "src": "问号堵住去路的简笔画",
        "showFrom": 0,
        "enterEffect": "zoomIn"
      },
      {
        "src": "放大镜只看一角的简笔画",
        "showFrom": 1
      },
      {
        "src": "两人各执一词的简笔画",
        "showFrom": 2
      }
    ]
  }
}


注意：如果该模板生成的参数包含图片视觉描述（如 imageSrc / leftSrc / rightSrc 等等），请只描述纯视觉场景与动作，绝不要包含任何文字、标语或注音。


## 其他通用说明
1. 锚点（Anchor）— 克制与高价值（适用于 SCHEMA 或上文允许出现锚点/高亮时）：
   - 多数句子应**无锚点**；拿不准就留空或 `[]`，避免满屏高亮。
   - 如果一定需要锚点，只选**整段里真正的高潮、反转或核心名词**（宜 2～4 字、有记忆点）；平庸词、铺垫句不要做成锚点。
   - 颜色建议：`#EF4444`（警示/反转/负面/结论）、`#000000`（事实/术语/数据）。动画 `anim`：`spring` | `slideUp` | `popIn` | `highlight`。
   - 音效可选(仅写在锚点对象上的 `audioEffect`)：`impact_thud` | `ping` | `woosh`

2. 视觉标题与字幕分离（仅当 SCHEMA 要求 `notText` / `butText` / `conceptName`、或 DOS_AND_DONTS 的 `left.label` / `right.label` 等时）：

   - 填**极简关键词（约 2～6 字）**，禁止把整句台词搬进标题字段。



## 输出格式（严格 JSON，不要 markdown 代码块）
补全当前模板的param,非数组：
{ "param": { ... } }

===========================================================================================
---------------------------------------- RESPONSE ----------------------------------------
time: 2026-06-07 01:01:44
attempt: 1/3

[OUTPUT]
{
  "param": {
    "panels": [
      {
        "src": "实验室中研究员在显微镜前堆叠芯片层的线稿简笔画",
        "showFrom": 0,
        "enterEffect": "zoomIn"
      },
      {
        "src": "设计师工作台上两块不同形状的芯片拼接在一起的简笔画",
        "showFrom": 1
      },
      {
        "src": "两块芯片之间用密集的细线连接表示高密度互连的简笔画",
        "showFrom": 2
      },
      {
        "src": "多个团队并列前进的箭头或进度条简笔画",
        "showFrom": 3
      }
    ]
  }
}
-------------------------------------------------------------------------------------------

======================================== REQUEST ========================================
time: 2026-06-07 01:01:44
provider: deepseek
model: deepseek-v4-pro
retries: 3

[PROMPT]
你是短视频字幕与画面细节处理专家。请把指定台词细化为字模显示参数。


## 完整段落上下文（仅供理解整体语境，判断当前句子的重要性）
把基本功包装成定律，这就是营销属性。

更具体一点。所谓逻辑折叠，说白了，就是把芯片从平面，往立体方向堆。像城市没地了，就开始盖高楼。

这当然非常有价值。但问题是，这也不是华为独创的路线。

立体堆叠早就在研究。不同芯片组合早就在做。更紧密的连接方式，也早就在推进。台积电在做。英特尔在做。英伟达也在用。

行业里叫工程路线。华为叙事里，却变成了定律革命。


## 🎯 待处理的目标文案
台积电在做。英特尔在做。英伟达也在用。

## 目标文案content的数组结构
生成模板参数时，format为content_index的字段依据此数组选择匹配的索引，用于决定相应内容出现在动画中的时机

[
  {
    "index": 0,
    "text": "台积电在做。"
  },
  {
    "index": 1,
    "text": "英特尔在做。"
  },
  {
    "index": 2,
    "text": "英伟达也在用。"
  }
]


## 选定模板及参数规范

模板名称：PANEL_GRID

参数 Schema 说明：

{
  "type": "object",
  "properties": {
    "panels": {
      "type": "array",
      "minItems": 2,
      "maxItems": 6,
      "description": "宫格配图；showFrom 为 content 下标（0-based），在该条 startFrame 显现",
      "items": {
        "type": "object",
        "required": [
          "src",
          "showFrom"
        ],
        "properties": {
          "src": {
            "type": "string",
            "format": "image_prompt",
            "description": "该宫格配图提示词"
          },
          "showFrom": {
            "type": "integer",
            "format": "content_index",
            "description": "content 下标（0-based），非帧数"
          },
          "position": {
            "type": "string",
            "enum": [
              "center",
              "left",
              "right",
              "top",
              "bottom"
            ],
            "description": "可选；弱提示，布局以宫格为准"
          },
          "enterEffect": {
            "type": "string",
            "enum": [
              "breathe",
              "slideLeft",
              "slideBottom",
              "zoomIn",
              "fadeIn"
            ],
            "default": "fadeIn"
          }
        }
      }
    }
  },
  "required": [
    "panels"
  ]
}

// 口播条数（已由程序写入 CONTENT_STR，勿在 param 中输出 content）：口播分句（item.content）至少 2 条；口播分句至多 8 条（超出会被校验器告警）


模板该项的示例供参考：

{
  "template": "PANEL_GRID",
  "param": {
    "panels": [
      {
        "src": "问号堵住去路的简笔画",
        "showFrom": 0,
        "enterEffect": "zoomIn"
      },
      {
        "src": "放大镜只看一角的简笔画",
        "showFrom": 1
      },
      {
        "src": "两人各执一词的简笔画",
        "showFrom": 2
      }
    ]
  }
}


注意：如果该模板生成的参数包含图片视觉描述（如 imageSrc / leftSrc / rightSrc 等等），请只描述纯视觉场景与动作，绝不要包含任何文字、标语或注音。


## 其他通用说明
1. 锚点（Anchor）— 克制与高价值（适用于 SCHEMA 或上文允许出现锚点/高亮时）：
   - 多数句子应**无锚点**；拿不准就留空或 `[]`，避免满屏高亮。
   - 如果一定需要锚点，只选**整段里真正的高潮、反转或核心名词**（宜 2～4 字、有记忆点）；平庸词、铺垫句不要做成锚点。
   - 颜色建议：`#EF4444`（警示/反转/负面/结论）、`#000000`（事实/术语/数据）。动画 `anim`：`spring` | `slideUp` | `popIn` | `highlight`。
   - 音效可选(仅写在锚点对象上的 `audioEffect`)：`impact_thud` | `ping` | `woosh`

2. 视觉标题与字幕分离（仅当 SCHEMA 要求 `notText` / `butText` / `conceptName`、或 DOS_AND_DONTS 的 `left.label` / `right.label` 等时）：

   - 填**极简关键词（约 2～6 字）**，禁止把整句台词搬进标题字段。



## 输出格式（严格 JSON，不要 markdown 代码块）
补全当前模板的param,非数组：
{ "param": { ... } }

===========================================================================================
---------------------------------------- RESPONSE ----------------------------------------
time: 2026-06-07 01:02:06
attempt: 1/3

[OUTPUT]
{
  "param": {
    "panels": [
      {
        "src": "简笔画，机械臂在无尘室中将芯片垂直堆叠，层叠出立体结构，象征行业龙头制造",
        "showFrom": 0,
        "enterEffect": "zoomIn"
      },
      {
        "src": "简笔画，芯片截面图，晶体管像摩天大楼一样层层向上延伸，密集排列",
        "showFrom": 1
      },
      {
        "src": "简笔画，多块小芯片紧密拼接在基板上，高速互联，形成立体封装",
        "showFrom": 2
      }
    ]
  }
}
-------------------------------------------------------------------------------------------

======================================== REQUEST ========================================
time: 2026-06-07 01:02:06
provider: deepseek
model: deepseek-v4-pro
retries: 3

[PROMPT]
你是短视频字幕与画面细节处理专家。请把指定台词细化为字模显示参数。


## 完整段落上下文（仅供理解整体语境，判断当前句子的重要性）
把基本功包装成定律，这就是营销属性。

更具体一点。所谓逻辑折叠，说白了，就是把芯片从平面，往立体方向堆。像城市没地了，就开始盖高楼。

这当然非常有价值。但问题是，这也不是华为独创的路线。

立体堆叠早就在研究。不同芯片组合早就在做。更紧密的连接方式，也早就在推进。台积电在做。英特尔在做。英伟达也在用。

行业里叫工程路线。华为叙事里，却变成了定律革命。


## 🎯 待处理的目标文案
行业里叫工程路线。华为叙事里，却变成了定律革命。

## 目标文案content的数组结构
生成模板参数时，format为content_index的字段依据此数组选择匹配的索引，用于决定相应内容出现在动画中的时机

[
  {
    "index": 0,
    "text": "行业里叫工程路线。"
  },
  {
    "index": 1,
    "text": "华为叙事里，"
  },
  {
    "index": 2,
    "text": "却变成了定律革命。"
  }
]


## 选定模板及参数规范

模板名称：COGNITIVE_SHIFT

参数 Schema 说明：

{
  "type": "object",
  "properties": {
    "notText": {
      "type": "string",
      "description": "被否认知（‘不是’后面的内容）的精炼短句，不超过12个字，"
    },
    "butText": {
      "type": "string",
      "description": "真实认知（‘而是’后面的内容）的精炼短句，不超过12个字"
    },
    "butSrc": {
      "type": "string",
      "format": "image_prompt",
      "description": "真实认知的配图"
    },
    "notContentIndex": {
      "type": "integer",
      "format": "content_index",
      "description": "触发「不是」动画的字幕段索引（默认 0）"
    },
    "butContentIndex": {
      "type": "integer",
      "format": "content_index",
      "description": "触发「而是」动画的字幕段索引（默认 1）"
    }
  },
  "required": [
    "notText",
    "butText"
  ]
}


模板该项的示例供参考：

{
  "template": "COGNITIVE_SHIFT",
  "content": [
    "我们都不应该靠勤奋拼命",
    "我们都应该是靠认知和选择",
    "这样我才能成功"
  ],
  "param": {
    "notText": "靠勤奋拼命",
    "butText": "靠认知和选择",
    "butSrc": "站在高处看地图的思考者",
    "notContentIndex": 0,
    "butContentIndex": 1
  }
}


注意：如果该模板生成的参数包含图片视觉描述（如 imageSrc / leftSrc / rightSrc 等等），请只描述纯视觉场景与动作，绝不要包含任何文字、标语或注音。


## 其他通用说明
1. 锚点（Anchor）— 克制与高价值（适用于 SCHEMA 或上文允许出现锚点/高亮时）：
   - 多数句子应**无锚点**；拿不准就留空或 `[]`，避免满屏高亮。
   - 如果一定需要锚点，只选**整段里真正的高潮、反转或核心名词**（宜 2～4 字、有记忆点）；平庸词、铺垫句不要做成锚点。
   - 颜色建议：`#EF4444`（警示/反转/负面/结论）、`#000000`（事实/术语/数据）。动画 `anim`：`spring` | `slideUp` | `popIn` | `highlight`。
   - 音效可选(仅写在锚点对象上的 `audioEffect`)：`impact_thud` | `ping` | `woosh`

2. 视觉标题与字幕分离（仅当 SCHEMA 要求 `notText` / `butText` / `conceptName`、或 DOS_AND_DONTS 的 `left.label` / `right.label` 等时）：

   - 填**极简关键词（约 2～6 字）**，禁止把整句台词搬进标题字段。



## 输出格式（严格 JSON，不要 markdown 代码块）
补全当前模板的param,非数组：
{ "param": { ... } }

===========================================================================================
---------------------------------------- RESPONSE ----------------------------------------
time: 2026-06-07 01:02:22
attempt: 1/3

[OUTPUT]
{
  "param": {
    "notText": "工程路线",
    "butText": "定律革命",
    "butSrc": "a monumental tower of stacked microchips with dramatic beams of light, revolutionary atmosphere",
    "notContentIndex": 0,
    "butContentIndex": 2
  }
}
-------------------------------------------------------------------------------------------

======================================== REQUEST ========================================
time: 2026-06-07 01:02:22
provider: deepseek
model: deepseek-v4-pro
retries: 3

[PROMPT]
你是短视频字幕与画面细节处理专家。请把指定台词细化为字模显示参数。


## 完整段落上下文（仅供理解整体语境，判断当前句子的重要性）
这一步，非常关键。

工程路线，可以讨论成本。可以讨论良率。可以讨论散热。可以讨论可靠性。

但定律革命，不一样。它会让普通人误以为：我们已经改写规则了。我们已经绕过封锁了。我们已经追平先进制程了。

这就很危险，这会让很多人陷入一种盲目的自大之中，以井底之蛙的视角自以为看遍了整个世界。


## 🎯 待处理的目标文案
这一步，非常关键。

## 目标文案content的数组结构
生成模板参数时，format为content_index的字段依据此数组选择匹配的索引，用于决定相应内容出现在动画中的时机

[
  {
    "index": 0,
    "text": "这一步，"
  },
  {
    "index": 1,
    "text": "非常关键。"
  }
]


## 选定模板及参数规范

模板名称：TEXT_FOCUS

参数 Schema 说明：

{
  "type": "object",
  "properties": {
    "coreSentence": {
      "type": "array",
      "minItems": 1,
      "description": "大屏核心文案，每元素一行：可为 string，或 { text, showFrom, endFrom? }；showFrom/endFrom 为 content 下标（0-based），非帧数：在该条 startFrame 显现；可选 endFrom 表示在该条播完（startFrame+durationFrames）后起淡出。纯 string 等价于 showFrom=0、无 endFrom。锚点校验时各段 text 按顺序直接拼接（无分隔符）。",
      "items": {
        "oneOf": [
          {
            "type": "string"
          },
          {
            "type": "object",
            "required": [
              "text",
              "showFrom"
            ],
            "properties": {
              "text": {
                "type": "string",
                "description": "该行大屏文案"
              },
              "showFrom": {
                "type": "integer",
                "format": "content_index",
                "description": "content 下标（0-based），非帧数"
              },
              "endFrom": {
                "type": "integer",
                "format": "content_index",
                "description": "可选；content 下标（0-based），非帧数；该行在对应条字幕结束帧（startFrame+durationFrames）起淡出"
              }
            }
          }
        ]
      }
    },
    "coreSentenceAnchors": {
      "type": "array",
      "description": "可选；在 coreSentence 各段拼接后的全文内按顺序高亮子串。每项 coreSentenceAnchor 须为该拼接串的子串，否则会被校验丢弃",
      "items": {
        "type": "object",
        "required": [
          "coreSentenceAnchor"
        ],
        "properties": {
          "coreSentenceAnchor": {
            "type": "string",
            "description": "要高亮的子串，须出现在各 coreSentence 段拼接后的全文内"
          },
          "color": {
            "type": "string",
            "description": "高亮颜色，省略时默认强调色"
          }
        }
      }
    }
  },
  "required": [
    "coreSentence"
  ]
}

// 口播条数（已由程序写入 CONTENT_STR，勿在 param 中输出 content）：口播分句至多 3 条（超出会被校验器告警）


模板该项的示例供参考：

{
  "template": "TEXT_FOCUS",
  "param": {
    "coreSentence": [
      {
        "text": "承认自己“可能错了”并不是一种软弱",
        "showFrom": 0,
        "endFrom": 0
      },
      {
        "text": "而是成长的开始",
        "showFrom": 1,
        "endFrom": 1
      }
    ],
    "coreSentenceAnchors": [
      {
        "coreSentenceAnchor": "可能错了",
        "color": "red"
      }
    ]
  }
}


注意：如果该模板生成的参数包含图片视觉描述（如 imageSrc / leftSrc / rightSrc 等等），请只描述纯视觉场景与动作，绝不要包含任何文字、标语或注音。


## 其他通用说明
1. 锚点（Anchor）— 克制与高价值（适用于 SCHEMA 或上文允许出现锚点/高亮时）：
   - 多数句子应**无锚点**；拿不准就留空或 `[]`，避免满屏高亮。
   - 如果一定需要锚点，只选**整段里真正的高潮、反转或核心名词**（宜 2～4 字、有记忆点）；平庸词、铺垫句不要做成锚点。
   - 颜色建议：`#EF4444`（警示/反转/负面/结论）、`#000000`（事实/术语/数据）。动画 `anim`：`spring` | `slideUp` | `popIn` | `highlight`。
   - 音效可选(仅写在锚点对象上的 `audioEffect`)：`impact_thud` | `ping` | `woosh`

2. 视觉标题与字幕分离（仅当 SCHEMA 要求 `notText` / `butText` / `conceptName`、或 DOS_AND_DONTS 的 `left.label` / `right.label` 等时）：

   - 填**极简关键词（约 2～6 字）**，禁止把整句台词搬进标题字段。



## 输出格式（严格 JSON，不要 markdown 代码块）
补全当前模板的param,非数组：
{ "param": { ... } }

===========================================================================================
---------------------------------------- RESPONSE ----------------------------------------
time: 2026-06-07 01:02:36
attempt: 1/3

[OUTPUT]
{
  "param": {
    "coreSentence": [
      {
        "text": "这一步，",
        "showFrom": 0
      },
      {
        "text": "非常关键",
        "showFrom": 1
      }
    ]
  }
}
-------------------------------------------------------------------------------------------

======================================== REQUEST ========================================
time: 2026-06-07 01:02:36
provider: deepseek
model: deepseek-v4-pro
retries: 3

[PROMPT]
你是短视频字幕与画面细节处理专家。请把指定台词细化为字模显示参数。


## 完整段落上下文（仅供理解整体语境，判断当前句子的重要性）
这一步，非常关键。

工程路线，可以讨论成本。可以讨论良率。可以讨论散热。可以讨论可靠性。

但定律革命，不一样。它会让普通人误以为：我们已经改写规则了。我们已经绕过封锁了。我们已经追平先进制程了。

这就很危险，这会让很多人陷入一种盲目的自大之中，以井底之蛙的视角自以为看遍了整个世界。


## 🎯 待处理的目标文案
工程路线，可以讨论成本。可以讨论良率。可以讨论散热。可以讨论可靠性。

## 目标文案content的数组结构
生成模板参数时，format为content_index的字段依据此数组选择匹配的索引，用于决定相应内容出现在动画中的时机

[
  {
    "index": 0,
    "text": "工程路线，"
  },
  {
    "index": 1,
    "text": "可以讨论成本。"
  },
  {
    "index": 2,
    "text": "可以讨论良率。"
  },
  {
    "index": 3,
    "text": "可以讨论散热。"
  },
  {
    "index": 4,
    "text": "可以讨论可靠性。"
  }
]


## 选定模板及参数规范

模板名称：PANEL_GRID

参数 Schema 说明：

{
  "type": "object",
  "properties": {
    "panels": {
      "type": "array",
      "minItems": 2,
      "maxItems": 6,
      "description": "宫格配图；showFrom 为 content 下标（0-based），在该条 startFrame 显现",
      "items": {
        "type": "object",
        "required": [
          "src",
          "showFrom"
        ],
        "properties": {
          "src": {
            "type": "string",
            "format": "image_prompt",
            "description": "该宫格配图提示词"
          },
          "showFrom": {
            "type": "integer",
            "format": "content_index",
            "description": "content 下标（0-based），非帧数"
          },
          "position": {
            "type": "string",
            "enum": [
              "center",
              "left",
              "right",
              "top",
              "bottom"
            ],
            "description": "可选；弱提示，布局以宫格为准"
          },
          "enterEffect": {
            "type": "string",
            "enum": [
              "breathe",
              "slideLeft",
              "slideBottom",
              "zoomIn",
              "fadeIn"
            ],
            "default": "fadeIn"
          }
        }
      }
    }
  },
  "required": [
    "panels"
  ]
}

// 口播条数（已由程序写入 CONTENT_STR，勿在 param 中输出 content）：口播分句（item.content）至少 2 条；口播分句至多 8 条（超出会被校验器告警）


模板该项的示例供参考：

{
  "template": "PANEL_GRID",
  "param": {
    "panels": [
      {
        "src": "问号堵住去路的简笔画",
        "showFrom": 0,
        "enterEffect": "zoomIn"
      },
      {
        "src": "放大镜只看一角的简笔画",
        "showFrom": 1
      },
      {
        "src": "两人各执一词的简笔画",
        "showFrom": 2
      }
    ]
  }
}


注意：如果该模板生成的参数包含图片视觉描述（如 imageSrc / leftSrc / rightSrc 等等），请只描述纯视觉场景与动作，绝不要包含任何文字、标语或注音。


## 其他通用说明
1. 锚点（Anchor）— 克制与高价值（适用于 SCHEMA 或上文允许出现锚点/高亮时）：
   - 多数句子应**无锚点**；拿不准就留空或 `[]`，避免满屏高亮。
   - 如果一定需要锚点，只选**整段里真正的高潮、反转或核心名词**（宜 2～4 字、有记忆点）；平庸词、铺垫句不要做成锚点。
   - 颜色建议：`#EF4444`（警示/反转/负面/结论）、`#000000`（事实/术语/数据）。动画 `anim`：`spring` | `slideUp` | `popIn` | `highlight`。
   - 音效可选(仅写在锚点对象上的 `audioEffect`)：`impact_thud` | `ping` | `woosh`

2. 视觉标题与字幕分离（仅当 SCHEMA 要求 `notText` / `butText` / `conceptName`、或 DOS_AND_DONTS 的 `left.label` / `right.label` 等时）：

   - 填**极简关键词（约 2～6 字）**，禁止把整句台词搬进标题字段。



## 输出格式（严格 JSON，不要 markdown 代码块）
补全当前模板的param,非数组：
{ "param": { ... } }

===========================================================================================
---------------------------------------- RESPONSE ----------------------------------------
time: 2026-06-07 01:02:47
attempt: 1/3

[OUTPUT]
{
  "param": {
    "panels": [
      {
        "src": "金币和计算器放在一起的抽象符号，简约风格",
        "showFrom": 0,
        "enterEffect": "slideLeft"
      },
      {
        "src": "芯片上带百分比符号的微距特写，科技感蓝光",
        "showFrom": 1,
        "enterEffect": "zoomIn"
      },
      {
        "src": "散热片和微型风扇循环转动的动态示意",
        "showFrom": 2,
        "enterEffect": "slideBottom"
      },
      {
        "src": "金属齿轮咬合中带有盾牌凹印的坚固构造",
        "showFrom": 3,
        "enterEffect": "fadeIn"
      },
      {
        "src": "多层PCB板剖面图，焊点与走线清晰可靠",
        "showFrom": 4,
        "enterEffect": "fadeIn"
      }
    ]
  }
}
-------------------------------------------------------------------------------------------

======================================== REQUEST ========================================
time: 2026-06-07 01:02:47
provider: deepseek
model: deepseek-v4-pro
retries: 3

[PROMPT]
你是短视频字幕与画面细节处理专家。请把指定台词细化为字模显示参数。


## 完整段落上下文（仅供理解整体语境，判断当前句子的重要性）
这一步，非常关键。

工程路线，可以讨论成本。可以讨论良率。可以讨论散热。可以讨论可靠性。

但定律革命，不一样。它会让普通人误以为：我们已经改写规则了。我们已经绕过封锁了。我们已经追平先进制程了。

这就很危险，这会让很多人陷入一种盲目的自大之中，以井底之蛙的视角自以为看遍了整个世界。


## 🎯 待处理的目标文案
但定律革命，不一样。

## 目标文案content的数组结构
生成模板参数时，format为content_index的字段依据此数组选择匹配的索引，用于决定相应内容出现在动画中的时机

[
  {
    "index": 0,
    "text": "但定律革命，"
  },
  {
    "index": 1,
    "text": "不一样。"
  }
]


## 选定模板及参数规范

模板名称：CENTER_FOCUS

参数 Schema 说明：

{
  "type": "object",
  "properties": {
    "imageSrc": {
      "type": "string",
      "format": "image_prompt",
      "description": "主图描述"
    },
    "enterEffect": {
      "type": "string",
      "enum": [
        "fadeIn",
        "slideLeft",
        "slideBottom",
        "zoomIn"
      ],
      "default": "fadeIn",
      "description": "图片入场方式（breathe 呼吸效果始终常驻，无需指定）"
    },
    "anchors": {
      "type": "array",
      "description": "可选；用于锚点词展示（顶部依次出现并保留为列表），并绑定锚点出现时机的音效。showFrom 须落在当前 content 条数范围内。注意 **保持克制，尽量少设置锚点** 只提取整段里真正的高潮、反转或核心名词",
      "items": {
        "type": "object",
        "required": [
          "text",
          "showFrom"
        ],
        "properties": {
          "text": {
            "type": "string",
            "description": "要展示的锚点词"
          },
          "showFrom": {
            "type": "integer",
            "format": "content_index",
            "description": "content 数组下标（0-based），非帧数；合法范围 0～(content 条数-1)，超出会被校验丢弃"
          },
          "color": {
            "type": "string"
          },
          "anim": {
            "type": "string",
            "enum": [
              "spring",
              "slideUp",
              "popIn",
              "highlight"
            ]
          },
          "audioEffect": {
            "type": "string",
            "enum": [
              "impact_thud",
              "ping",
              "woosh"
            ]
          }
        }
      }
    }
  },
  "required": [
    "imageSrc"
  ]
}


模板该项的示例供参考：

{
  "template": "CENTER_FOCUS",
  "param": {
    "imageSrc": "上班族坐在电脑前的简笔画图标",
    "enterEffect": "fadeIn",
    "anchors": [
      {
        "text": "可得性启发",
        "showFrom": 0,
        "color": "red"
      }
    ]
  }
}


注意：如果该模板生成的参数包含图片视觉描述（如 imageSrc / leftSrc / rightSrc 等等），请只描述纯视觉场景与动作，绝不要包含任何文字、标语或注音。


## 其他通用说明
1. 锚点（Anchor）— 克制与高价值（适用于 SCHEMA 或上文允许出现锚点/高亮时）：
   - 多数句子应**无锚点**；拿不准就留空或 `[]`，避免满屏高亮。
   - 如果一定需要锚点，只选**整段里真正的高潮、反转或核心名词**（宜 2～4 字、有记忆点）；平庸词、铺垫句不要做成锚点。
   - 颜色建议：`#EF4444`（警示/反转/负面/结论）、`#000000`（事实/术语/数据）。动画 `anim`：`spring` | `slideUp` | `popIn` | `highlight`。
   - 音效可选(仅写在锚点对象上的 `audioEffect`)：`impact_thud` | `ping` | `woosh`

2. 视觉标题与字幕分离（仅当 SCHEMA 要求 `notText` / `butText` / `conceptName`、或 DOS_AND_DONTS 的 `left.label` / `right.label` 等时）：

   - 填**极简关键词（约 2～6 字）**，禁止把整句台词搬进标题字段。



## 输出格式（严格 JSON，不要 markdown 代码块）
补全当前模板的param,非数组：
{ "param": { ... } }

===========================================================================================
---------------------------------------- RESPONSE ----------------------------------------
time: 2026-06-07 01:03:02
attempt: 1/3

[OUTPUT]
{
  "param": {
    "imageSrc": "一条分岔路口，左侧被厚重灰雾笼罩，右侧闪耀着金色光芒",
    "enterEffect": "fadeIn"
  }
}
-------------------------------------------------------------------------------------------

======================================== REQUEST ========================================
time: 2026-06-07 01:03:02
provider: deepseek
model: deepseek-v4-pro
retries: 3

[PROMPT]
你是短视频字幕与画面细节处理专家。请把指定台词细化为字模显示参数。


## 完整段落上下文（仅供理解整体语境，判断当前句子的重要性）
这一步，非常关键。

工程路线，可以讨论成本。可以讨论良率。可以讨论散热。可以讨论可靠性。

但定律革命，不一样。它会让普通人误以为：我们已经改写规则了。我们已经绕过封锁了。我们已经追平先进制程了。

这就很危险，这会让很多人陷入一种盲目的自大之中，以井底之蛙的视角自以为看遍了整个世界。


## 🎯 待处理的目标文案
它会让普通人误以为：我们已经改写规则了。我们已经绕过封锁了。我们已经追平先进制程了。

## 目标文案content的数组结构
生成模板参数时，format为content_index的字段依据此数组选择匹配的索引，用于决定相应内容出现在动画中的时机

[
  {
    "index": 0,
    "text": "它会让普通人误以为："
  },
  {
    "index": 1,
    "text": "我们已经改写规则了。"
  },
  {
    "index": 2,
    "text": "我们已经绕过封锁了。"
  },
  {
    "index": 3,
    "text": "我们已经追平先进制程了。"
  }
]


## 选定模板及参数规范

模板名称：PANEL_GRID

参数 Schema 说明：

{
  "type": "object",
  "properties": {
    "panels": {
      "type": "array",
      "minItems": 2,
      "maxItems": 6,
      "description": "宫格配图；showFrom 为 content 下标（0-based），在该条 startFrame 显现",
      "items": {
        "type": "object",
        "required": [
          "src",
          "showFrom"
        ],
        "properties": {
          "src": {
            "type": "string",
            "format": "image_prompt",
            "description": "该宫格配图提示词"
          },
          "showFrom": {
            "type": "integer",
            "format": "content_index",
            "description": "content 下标（0-based），非帧数"
          },
          "position": {
            "type": "string",
            "enum": [
              "center",
              "left",
              "right",
              "top",
              "bottom"
            ],
            "description": "可选；弱提示，布局以宫格为准"
          },
          "enterEffect": {
            "type": "string",
            "enum": [
              "breathe",
              "slideLeft",
              "slideBottom",
              "zoomIn",
              "fadeIn"
            ],
            "default": "fadeIn"
          }
        }
      }
    }
  },
  "required": [
    "panels"
  ]
}

// 口播条数（已由程序写入 CONTENT_STR，勿在 param 中输出 content）：口播分句（item.content）至少 2 条；口播分句至多 8 条（超出会被校验器告警）


模板该项的示例供参考：

{
  "template": "PANEL_GRID",
  "param": {
    "panels": [
      {
        "src": "问号堵住去路的简笔画",
        "showFrom": 0,
        "enterEffect": "zoomIn"
      },
      {
        "src": "放大镜只看一角的简笔画",
        "showFrom": 1
      },
      {
        "src": "两人各执一词的简笔画",
        "showFrom": 2
      }
    ]
  }
}


注意：如果该模板生成的参数包含图片视觉描述（如 imageSrc / leftSrc / rightSrc 等等），请只描述纯视觉场景与动作，绝不要包含任何文字、标语或注音。


## 其他通用说明
1. 锚点（Anchor）— 克制与高价值（适用于 SCHEMA 或上文允许出现锚点/高亮时）：
   - 多数句子应**无锚点**；拿不准就留空或 `[]`，避免满屏高亮。
   - 如果一定需要锚点，只选**整段里真正的高潮、反转或核心名词**（宜 2～4 字、有记忆点）；平庸词、铺垫句不要做成锚点。
   - 颜色建议：`#EF4444`（警示/反转/负面/结论）、`#000000`（事实/术语/数据）。动画 `anim`：`spring` | `slideUp` | `popIn` | `highlight`。
   - 音效可选(仅写在锚点对象上的 `audioEffect`)：`impact_thud` | `ping` | `woosh`

2. 视觉标题与字幕分离（仅当 SCHEMA 要求 `notText` / `butText` / `conceptName`、或 DOS_AND_DONTS 的 `left.label` / `right.label` 等时）：

   - 填**极简关键词（约 2～6 字）**，禁止把整句台词搬进标题字段。



## 输出格式（严格 JSON，不要 markdown 代码块）
补全当前模板的param,非数组：
{ "param": { ... } }

===========================================================================================
---------------------------------------- RESPONSE ----------------------------------------
time: 2026-06-07 01:03:18
attempt: 1/3

[OUTPUT]
{
  "param": {
    "panels": [
      {
        "src": "一个自信的人用橡皮擦去地面上隐约的格子线，线条渐隐，象征改写规则",
        "showFrom": 1,
        "enterEffect": "zoomIn"
      },
      {
        "src": "一个人轻松从侧面绕过一堵高大的封锁墙，墙没有文字，步伐轻快",
        "showFrom": 2,
        "enterEffect": "slideLeft"
      },
      {
        "src": "一个人奋力追赶前方领先者，但两人脚下的影子依然保持相同的遥远距离",
        "showFrom": 3,
        "enterEffect": "fadeIn"
      }
    ]
  }
}
-------------------------------------------------------------------------------------------

======================================== REQUEST ========================================
time: 2026-06-07 01:03:18
provider: deepseek
model: deepseek-v4-pro
retries: 3

[PROMPT]
你是短视频字幕与画面细节处理专家。请把指定台词细化为字模显示参数。


## 完整段落上下文（仅供理解整体语境，判断当前句子的重要性）
这一步，非常关键。

工程路线，可以讨论成本。可以讨论良率。可以讨论散热。可以讨论可靠性。

但定律革命，不一样。它会让普通人误以为：我们已经改写规则了。我们已经绕过封锁了。我们已经追平先进制程了。

这就很危险，这会让很多人陷入一种盲目的自大之中，以井底之蛙的视角自以为看遍了整个世界。


## 🎯 待处理的目标文案
这就很危险，这会让很多人陷入一种盲目的自大之中，以井底之蛙的视角自以为看遍了整个世界。

## 目标文案content的数组结构
生成模板参数时，format为content_index的字段依据此数组选择匹配的索引，用于决定相应内容出现在动画中的时机

[
  {
    "index": 0,
    "text": "这就很危险，"
  },
  {
    "index": 1,
    "text": "这会让很多人陷入一种盲目的自大之中，"
  },
  {
    "index": 2,
    "text": "以井底之蛙的视角自以为看遍了整个世界。"
  }
]


## 选定模板及参数规范

模板名称：BEAT_SEQUENCE

参数 Schema 说明：

{
  "type": "object",
  "properties": {
    "stages": {
      "type": "array",
      "minItems": 2,
      "maxItems": 4,
      "description": "配图序列：每条 stage 一张图；imageSrc、enterEffect、可选 tone（calm|alert）、可选 showFrom（对齐镜头外层 content[] 下标）",
      "items": {
        "type": "object",
        "required": [
          "imageSrc"
        ],
        "properties": {
          "imageSrc": {
            "type": "string",
            "format": "image_prompt",
            "description": "该节拍配图提示词"
          },
          "enterEffect": {
            "type": "string",
            "enum": [
              "breathe",
              "slideLeft",
              "slideBottom",
              "zoomIn",
              "fadeIn"
            ],
            "default": "breathe",
            "description": "入场效果"
          },
          "tone": {
            "type": "string",
            "enum": [
              "calm",
              "alert"
            ],
            "description": "首条可 calm，其余默认可 alert"
          },
          "showFrom": {
            "type": "content_index",
            "minimum": 0,
            "description": "镜头 item 外层 content 数组（与 param 同级）的 0-based 下标；从该条 startFrame 起显示本图。省略则等于当前 stages 下标 i（与第 i 条口播同步）"
          }
        }
      }
    }
  },
  "required": [
    "stages"
  ]
}

// 口播条数（已由程序写入 CONTENT_STR，勿在 param 中输出 content）：口播分句（item.content）至少 2 条；口播分句至多 4 条（超出会被校验器告警）


模板该项的示例供参考：

{
  "template": "BEAT_SEQUENCE",
  "param": {
    "stages": [
      {
        "imageSrc": "问句配图简笔画",
        "enterEffect": "breathe"
      },
      {
        "imageSrc": "转折警示配图",
        "enterEffect": "slideBottom"
      },
      {
        "imageSrc": "结论冲击配图",
        "enterEffect": "slideBottom"
      }
    ]
  }
}


注意：如果该模板生成的参数包含图片视觉描述（如 imageSrc / leftSrc / rightSrc 等等），请只描述纯视觉场景与动作，绝不要包含任何文字、标语或注音。


## 其他通用说明
1. 锚点（Anchor）— 克制与高价值（适用于 SCHEMA 或上文允许出现锚点/高亮时）：
   - 多数句子应**无锚点**；拿不准就留空或 `[]`，避免满屏高亮。
   - 如果一定需要锚点，只选**整段里真正的高潮、反转或核心名词**（宜 2～4 字、有记忆点）；平庸词、铺垫句不要做成锚点。
   - 颜色建议：`#EF4444`（警示/反转/负面/结论）、`#000000`（事实/术语/数据）。动画 `anim`：`spring` | `slideUp` | `popIn` | `highlight`。
   - 音效可选(仅写在锚点对象上的 `audioEffect`)：`impact_thud` | `ping` | `woosh`

2. 视觉标题与字幕分离（仅当 SCHEMA 要求 `notText` / `butText` / `conceptName`、或 DOS_AND_DONTS 的 `left.label` / `right.label` 等时）：

   - 填**极简关键词（约 2～6 字）**，禁止把整句台词搬进标题字段。



## 输出格式（严格 JSON，不要 markdown 代码块）
补全当前模板的param,非数组：
{ "param": { ... } }

===========================================================================================
---------------------------------------- RESPONSE ----------------------------------------
time: 2026-06-07 01:03:34
attempt: 1/3

[OUTPUT]
{
  "param": {
    "stages": [
      {
        "imageSrc": "暗云密布的天空，一道裂缝中透出猩红闪电，地面龟裂",
        "enterEffect": "breathe",
        "tone": "alert"
      },
      {
        "imageSrc": "一群蒙眼的人昂首阔步走向悬崖边缘，周围膨胀的气泡浮现",
        "enterEffect": "slideBottom",
        "tone": "alert"
      },
      {
        "imageSrc": "一只青蛙蹲在幽深井底，仰头望向井口圆形的天空",
        "enterEffect": "zoomIn",
        "tone": "alert"
      }
    ]
  }
}
-------------------------------------------------------------------------------------------

======================================== REQUEST ========================================
time: 2026-06-07 01:03:34
provider: deepseek
model: deepseek-v4-pro
retries: 3

[PROMPT]
你是短视频字幕与画面细节处理专家。请把指定台词细化为字模显示参数。


## 完整段落上下文（仅供理解整体语境，判断当前句子的重要性）
实际上，华为相关的营销号干的这种破事已经不是第一次了。

三进制专利，本来只是局部电路优化。
到了营销号嘴里，就变成了打破美国计算标准。
光子芯片，本来主要解决数据传输。
到了营销号嘴里，就变成了电要过时，光刻机也没用了。
四重图案化，本来是用更大代价的工艺，补偿没有先进光刻机的短板。
到了营销号嘴里，就变成了中国版光刻厂。

你看，套路从来没变。
工程补偿，说成弯道超车。
局部优化，说成体系革命。
技术路线，说成改写规则。


## 🎯 待处理的目标文案
实际上，华为相关的营销号干的这种破事已经不是第一次了。

## 目标文案content的数组结构
生成模板参数时，format为content_index的字段依据此数组选择匹配的索引，用于决定相应内容出现在动画中的时机

[
  {
    "index": 0,
    "text": "实际上，"
  },
  {
    "index": 1,
    "text": "华为相关的营销号干的这种破事已经不是第一次了。"
  }
]


## 选定模板及参数规范

模板名称：CENTER_FOCUS

参数 Schema 说明：

{
  "type": "object",
  "properties": {
    "imageSrc": {
      "type": "string",
      "format": "image_prompt",
      "description": "主图描述"
    },
    "enterEffect": {
      "type": "string",
      "enum": [
        "fadeIn",
        "slideLeft",
        "slideBottom",
        "zoomIn"
      ],
      "default": "fadeIn",
      "description": "图片入场方式（breathe 呼吸效果始终常驻，无需指定）"
    },
    "anchors": {
      "type": "array",
      "description": "可选；用于锚点词展示（顶部依次出现并保留为列表），并绑定锚点出现时机的音效。showFrom 须落在当前 content 条数范围内。注意 **保持克制，尽量少设置锚点** 只提取整段里真正的高潮、反转或核心名词",
      "items": {
        "type": "object",
        "required": [
          "text",
          "showFrom"
        ],
        "properties": {
          "text": {
            "type": "string",
            "description": "要展示的锚点词"
          },
          "showFrom": {
            "type": "integer",
            "format": "content_index",
            "description": "content 数组下标（0-based），非帧数；合法范围 0～(content 条数-1)，超出会被校验丢弃"
          },
          "color": {
            "type": "string"
          },
          "anim": {
            "type": "string",
            "enum": [
              "spring",
              "slideUp",
              "popIn",
              "highlight"
            ]
          },
          "audioEffect": {
            "type": "string",
            "enum": [
              "impact_thud",
              "ping",
              "woosh"
            ]
          }
        }
      }
    }
  },
  "required": [
    "imageSrc"
  ]
}


模板该项的示例供参考：

{
  "template": "CENTER_FOCUS",
  "param": {
    "imageSrc": "上班族坐在电脑前的简笔画图标",
    "enterEffect": "fadeIn",
    "anchors": [
      {
        "text": "可得性启发",
        "showFrom": 0,
        "color": "red"
      }
    ]
  }
}


注意：如果该模板生成的参数包含图片视觉描述（如 imageSrc / leftSrc / rightSrc 等等），请只描述纯视觉场景与动作，绝不要包含任何文字、标语或注音。


## 其他通用说明
1. 锚点（Anchor）— 克制与高价值（适用于 SCHEMA 或上文允许出现锚点/高亮时）：
   - 多数句子应**无锚点**；拿不准就留空或 `[]`，避免满屏高亮。
   - 如果一定需要锚点，只选**整段里真正的高潮、反转或核心名词**（宜 2～4 字、有记忆点）；平庸词、铺垫句不要做成锚点。
   - 颜色建议：`#EF4444`（警示/反转/负面/结论）、`#000000`（事实/术语/数据）。动画 `anim`：`spring` | `slideUp` | `popIn` | `highlight`。
   - 音效可选(仅写在锚点对象上的 `audioEffect`)：`impact_thud` | `ping` | `woosh`

2. 视觉标题与字幕分离（仅当 SCHEMA 要求 `notText` / `butText` / `conceptName`、或 DOS_AND_DONTS 的 `left.label` / `right.label` 等时）：

   - 填**极简关键词（约 2～6 字）**，禁止把整句台词搬进标题字段。



## 输出格式（严格 JSON，不要 markdown 代码块）
补全当前模板的param,非数组：
{ "param": { ... } }

===========================================================================================
---------------------------------------- RESPONSE ----------------------------------------
time: 2026-06-07 01:03:50
attempt: 1/3

[OUTPUT]
{"param":{"imageSrc":"一部智能手机屏幕上放大显示夸张的新闻标题，背景为暗红色调，警示氛围","enterEffect":"fadeIn"}}
-------------------------------------------------------------------------------------------

======================================== REQUEST ========================================
time: 2026-06-07 01:03:50
provider: deepseek
model: deepseek-v4-pro
retries: 3

[PROMPT]
你是短视频字幕与画面细节处理专家。请把指定台词细化为字模显示参数。


## 完整段落上下文（仅供理解整体语境，判断当前句子的重要性）
实际上，华为相关的营销号干的这种破事已经不是第一次了。

三进制专利，本来只是局部电路优化。
到了营销号嘴里，就变成了打破美国计算标准。
光子芯片，本来主要解决数据传输。
到了营销号嘴里，就变成了电要过时，光刻机也没用了。
四重图案化，本来是用更大代价的工艺，补偿没有先进光刻机的短板。
到了营销号嘴里，就变成了中国版光刻厂。

你看，套路从来没变。
工程补偿，说成弯道超车。
局部优化，说成体系革命。
技术路线，说成改写规则。


## 🎯 待处理的目标文案
三进制专利，本来只是局部电路优化。到了营销号嘴里，就变成了打破美国计算标准。

## 目标文案content的数组结构
生成模板参数时，format为content_index的字段依据此数组选择匹配的索引，用于决定相应内容出现在动画中的时机

[
  {
    "index": 0,
    "text": "三进制专利，"
  },
  {
    "index": 1,
    "text": "本来只是局部电路优化。"
  },
  {
    "index": 2,
    "text": "到了营销号嘴里，"
  },
  {
    "index": 3,
    "text": "就变成了打破美国计算标准。"
  }
]


## 选定模板及参数规范

模板名称：COGNITIVE_SHIFT

参数 Schema 说明：

{
  "type": "object",
  "properties": {
    "notText": {
      "type": "string",
      "description": "被否认知（‘不是’后面的内容）的精炼短句，不超过12个字，"
    },
    "butText": {
      "type": "string",
      "description": "真实认知（‘而是’后面的内容）的精炼短句，不超过12个字"
    },
    "butSrc": {
      "type": "string",
      "format": "image_prompt",
      "description": "真实认知的配图"
    },
    "notContentIndex": {
      "type": "integer",
      "format": "content_index",
      "description": "触发「不是」动画的字幕段索引（默认 0）"
    },
    "butContentIndex": {
      "type": "integer",
      "format": "content_index",
      "description": "触发「而是」动画的字幕段索引（默认 1）"
    }
  },
  "required": [
    "notText",
    "butText"
  ]
}


模板该项的示例供参考：

{
  "template": "COGNITIVE_SHIFT",
  "content": [
    "我们都不应该靠勤奋拼命",
    "我们都应该是靠认知和选择",
    "这样我才能成功"
  ],
  "param": {
    "notText": "靠勤奋拼命",
    "butText": "靠认知和选择",
    "butSrc": "站在高处看地图的思考者",
    "notContentIndex": 0,
    "butContentIndex": 1
  }
}


注意：如果该模板生成的参数包含图片视觉描述（如 imageSrc / leftSrc / rightSrc 等等），请只描述纯视觉场景与动作，绝不要包含任何文字、标语或注音。


## 其他通用说明
1. 锚点（Anchor）— 克制与高价值（适用于 SCHEMA 或上文允许出现锚点/高亮时）：
   - 多数句子应**无锚点**；拿不准就留空或 `[]`，避免满屏高亮。
   - 如果一定需要锚点，只选**整段里真正的高潮、反转或核心名词**（宜 2～4 字、有记忆点）；平庸词、铺垫句不要做成锚点。
   - 颜色建议：`#EF4444`（警示/反转/负面/结论）、`#000000`（事实/术语/数据）。动画 `anim`：`spring` | `slideUp` | `popIn` | `highlight`。
   - 音效可选(仅写在锚点对象上的 `audioEffect`)：`impact_thud` | `ping` | `woosh`

2. 视觉标题与字幕分离（仅当 SCHEMA 要求 `notText` / `butText` / `conceptName`、或 DOS_AND_DONTS 的 `left.label` / `right.label` 等时）：

   - 填**极简关键词（约 2～6 字）**，禁止把整句台词搬进标题字段。



## 输出格式（严格 JSON，不要 markdown 代码块）
补全当前模板的param,非数组：
{ "param": { ... } }

===========================================================================================
---------------------------------------- RESPONSE ----------------------------------------
time: 2026-06-07 01:04:05
attempt: 1/3

[OUTPUT]
{
  "param": {
    "notText": "打破美国计算标准",
    "butText": "局部电路优化",
    "butSrc": "微型芯片的电路布局，工程师在显微镜下进行优化调试",
    "notContentIndex": 3,
    "butContentIndex": 1
  }
}
-------------------------------------------------------------------------------------------

======================================== REQUEST ========================================
time: 2026-06-07 01:04:05
provider: deepseek
model: deepseek-v4-pro
retries: 3

[PROMPT]
你是短视频字幕与画面细节处理专家。请把指定台词细化为字模显示参数。


## 完整段落上下文（仅供理解整体语境，判断当前句子的重要性）
实际上，华为相关的营销号干的这种破事已经不是第一次了。

三进制专利，本来只是局部电路优化。
到了营销号嘴里，就变成了打破美国计算标准。
光子芯片，本来主要解决数据传输。
到了营销号嘴里，就变成了电要过时，光刻机也没用了。
四重图案化，本来是用更大代价的工艺，补偿没有先进光刻机的短板。
到了营销号嘴里，就变成了中国版光刻厂。

你看，套路从来没变。
工程补偿，说成弯道超车。
局部优化，说成体系革命。
技术路线，说成改写规则。


## 🎯 待处理的目标文案
光子芯片，本来主要解决数据传输。到了营销号嘴里，就变成了电要过时，光刻机也没用了。

## 目标文案content的数组结构
生成模板参数时，format为content_index的字段依据此数组选择匹配的索引，用于决定相应内容出现在动画中的时机

[
  {
    "index": 0,
    "text": "光子芯片，"
  },
  {
    "index": 1,
    "text": "本来主要解决数据传输。"
  },
  {
    "index": 2,
    "text": "到了营销号嘴里，"
  },
  {
    "index": 3,
    "text": "就变成了电要过时，"
  },
  {
    "index": 4,
    "text": "光刻机也没用了。"
  }
]


## 选定模板及参数规范

模板名称：COGNITIVE_SHIFT

参数 Schema 说明：

{
  "type": "object",
  "properties": {
    "notText": {
      "type": "string",
      "description": "被否认知（‘不是’后面的内容）的精炼短句，不超过12个字，"
    },
    "butText": {
      "type": "string",
      "description": "真实认知（‘而是’后面的内容）的精炼短句，不超过12个字"
    },
    "butSrc": {
      "type": "string",
      "format": "image_prompt",
      "description": "真实认知的配图"
    },
    "notContentIndex": {
      "type": "integer",
      "format": "content_index",
      "description": "触发「不是」动画的字幕段索引（默认 0）"
    },
    "butContentIndex": {
      "type": "integer",
      "format": "content_index",
      "description": "触发「而是」动画的字幕段索引（默认 1）"
    }
  },
  "required": [
    "notText",
    "butText"
  ]
}


模板该项的示例供参考：

{
  "template": "COGNITIVE_SHIFT",
  "content": [
    "我们都不应该靠勤奋拼命",
    "我们都应该是靠认知和选择",
    "这样我才能成功"
  ],
  "param": {
    "notText": "靠勤奋拼命",
    "butText": "靠认知和选择",
    "butSrc": "站在高处看地图的思考者",
    "notContentIndex": 0,
    "butContentIndex": 1
  }
}


注意：如果该模板生成的参数包含图片视觉描述（如 imageSrc / leftSrc / rightSrc 等等），请只描述纯视觉场景与动作，绝不要包含任何文字、标语或注音。


## 其他通用说明
1. 锚点（Anchor）— 克制与高价值（适用于 SCHEMA 或上文允许出现锚点/高亮时）：
   - 多数句子应**无锚点**；拿不准就留空或 `[]`，避免满屏高亮。
   - 如果一定需要锚点，只选**整段里真正的高潮、反转或核心名词**（宜 2～4 字、有记忆点）；平庸词、铺垫句不要做成锚点。
   - 颜色建议：`#EF4444`（警示/反转/负面/结论）、`#000000`（事实/术语/数据）。动画 `anim`：`spring` | `slideUp` | `popIn` | `highlight`。
   - 音效可选(仅写在锚点对象上的 `audioEffect`)：`impact_thud` | `ping` | `woosh`

2. 视觉标题与字幕分离（仅当 SCHEMA 要求 `notText` / `butText` / `conceptName`、或 DOS_AND_DONTS 的 `left.label` / `right.label` 等时）：

   - 填**极简关键词（约 2～6 字）**，禁止把整句台词搬进标题字段。



## 输出格式（严格 JSON，不要 markdown 代码块）
补全当前模板的param,非数组：
{ "param": { ... } }

===========================================================================================
---------------------------------------- RESPONSE ----------------------------------------
time: 2026-06-07 01:04:20
attempt: 1/3

[OUTPUT]
{
  "param": {
    "notText": "电要过时光刻机无用",
    "butText": "解决数据传输",
    "butSrc": "一束光在芯片内部高速传输数据流的微型视觉场景",
    "notContentIndex": 3,
    "butContentIndex": 1
  }
}
-------------------------------------------------------------------------------------------

======================================== REQUEST ========================================
time: 2026-06-07 01:04:20
provider: deepseek
model: deepseek-v4-pro
retries: 3

[PROMPT]
你是短视频字幕与画面细节处理专家。请把指定台词细化为字模显示参数。


## 完整段落上下文（仅供理解整体语境，判断当前句子的重要性）
实际上，华为相关的营销号干的这种破事已经不是第一次了。

三进制专利，本来只是局部电路优化。
到了营销号嘴里，就变成了打破美国计算标准。
光子芯片，本来主要解决数据传输。
到了营销号嘴里，就变成了电要过时，光刻机也没用了。
四重图案化，本来是用更大代价的工艺，补偿没有先进光刻机的短板。
到了营销号嘴里，就变成了中国版光刻厂。

你看，套路从来没变。
工程补偿，说成弯道超车。
局部优化，说成体系革命。
技术路线，说成改写规则。


## 🎯 待处理的目标文案
四重图案化，本来是用更大代价的工艺，补偿没有先进光刻机的短板。到了营销号嘴里，就变成了中国版光刻厂。

## 目标文案content的数组结构
生成模板参数时，format为content_index的字段依据此数组选择匹配的索引，用于决定相应内容出现在动画中的时机

[
  {
    "index": 0,
    "text": "四重图案化，"
  },
  {
    "index": 1,
    "text": "本来是用更大代价的工艺，"
  },
  {
    "index": 2,
    "text": "补偿没有先进光刻机的短板。"
  },
  {
    "index": 3,
    "text": "到了营销号嘴里，"
  },
  {
    "index": 4,
    "text": "就变成了中国版光刻厂。"
  }
]


## 选定模板及参数规范

模板名称：COGNITIVE_SHIFT

参数 Schema 说明：

{
  "type": "object",
  "properties": {
    "notText": {
      "type": "string",
      "description": "被否认知（‘不是’后面的内容）的精炼短句，不超过12个字，"
    },
    "butText": {
      "type": "string",
      "description": "真实认知（‘而是’后面的内容）的精炼短句，不超过12个字"
    },
    "butSrc": {
      "type": "string",
      "format": "image_prompt",
      "description": "真实认知的配图"
    },
    "notContentIndex": {
      "type": "integer",
      "format": "content_index",
      "description": "触发「不是」动画的字幕段索引（默认 0）"
    },
    "butContentIndex": {
      "type": "integer",
      "format": "content_index",
      "description": "触发「而是」动画的字幕段索引（默认 1）"
    }
  },
  "required": [
    "notText",
    "butText"
  ]
}


模板该项的示例供参考：

{
  "template": "COGNITIVE_SHIFT",
  "content": [
    "我们都不应该靠勤奋拼命",
    "我们都应该是靠认知和选择",
    "这样我才能成功"
  ],
  "param": {
    "notText": "靠勤奋拼命",
    "butText": "靠认知和选择",
    "butSrc": "站在高处看地图的思考者",
    "notContentIndex": 0,
    "butContentIndex": 1
  }
}


注意：如果该模板生成的参数包含图片视觉描述（如 imageSrc / leftSrc / rightSrc 等等），请只描述纯视觉场景与动作，绝不要包含任何文字、标语或注音。


## 其他通用说明
1. 锚点（Anchor）— 克制与高价值（适用于 SCHEMA 或上文允许出现锚点/高亮时）：
   - 多数句子应**无锚点**；拿不准就留空或 `[]`，避免满屏高亮。
   - 如果一定需要锚点，只选**整段里真正的高潮、反转或核心名词**（宜 2～4 字、有记忆点）；平庸词、铺垫句不要做成锚点。
   - 颜色建议：`#EF4444`（警示/反转/负面/结论）、`#000000`（事实/术语/数据）。动画 `anim`：`spring` | `slideUp` | `popIn` | `highlight`。
   - 音效可选(仅写在锚点对象上的 `audioEffect`)：`impact_thud` | `ping` | `woosh`

2. 视觉标题与字幕分离（仅当 SCHEMA 要求 `notText` / `butText` / `conceptName`、或 DOS_AND_DONTS 的 `left.label` / `right.label` 等时）：

   - 填**极简关键词（约 2～6 字）**，禁止把整句台词搬进标题字段。



## 输出格式（严格 JSON，不要 markdown 代码块）
补全当前模板的param,非数组：
{ "param": { ... } }

===========================================================================================
---------------------------------------- RESPONSE ----------------------------------------
time: 2026-06-07 01:04:36
attempt: 1/3

[OUTPUT]
{
  "param": {
    "notText": "中国版光刻厂",
    "butText": "更大代价补偿短板",
    "butSrc": "精密光刻车间内，多重图案化工艺层层叠加的微观加工场景",
    "notContentIndex": 4,
    "butContentIndex": 1
  }
}
-------------------------------------------------------------------------------------------

======================================== REQUEST ========================================
time: 2026-06-07 01:04:36
provider: deepseek
model: deepseek-v4-pro
retries: 3

[PROMPT]
你是短视频字幕与画面细节处理专家。请把指定台词细化为字模显示参数。


## 完整段落上下文（仅供理解整体语境，判断当前句子的重要性）
实际上，华为相关的营销号干的这种破事已经不是第一次了。

三进制专利，本来只是局部电路优化。
到了营销号嘴里，就变成了打破美国计算标准。
光子芯片，本来主要解决数据传输。
到了营销号嘴里，就变成了电要过时，光刻机也没用了。
四重图案化，本来是用更大代价的工艺，补偿没有先进光刻机的短板。
到了营销号嘴里，就变成了中国版光刻厂。

你看，套路从来没变。
工程补偿，说成弯道超车。
局部优化，说成体系革命。
技术路线，说成改写规则。


## 🎯 待处理的目标文案
你看，套路从来没变。

## 目标文案content的数组结构
生成模板参数时，format为content_index的字段依据此数组选择匹配的索引，用于决定相应内容出现在动画中的时机

[
  {
    "index": 0,
    "text": "你看，"
  },
  {
    "index": 1,
    "text": "套路从来没变。"
  }
]


## 选定模板及参数规范

模板名称：TEXT_FOCUS

参数 Schema 说明：

{
  "type": "object",
  "properties": {
    "coreSentence": {
      "type": "array",
      "minItems": 1,
      "description": "大屏核心文案，每元素一行：可为 string，或 { text, showFrom, endFrom? }；showFrom/endFrom 为 content 下标（0-based），非帧数：在该条 startFrame 显现；可选 endFrom 表示在该条播完（startFrame+durationFrames）后起淡出。纯 string 等价于 showFrom=0、无 endFrom。锚点校验时各段 text 按顺序直接拼接（无分隔符）。",
      "items": {
        "oneOf": [
          {
            "type": "string"
          },
          {
            "type": "object",
            "required": [
              "text",
              "showFrom"
            ],
            "properties": {
              "text": {
                "type": "string",
                "description": "该行大屏文案"
              },
              "showFrom": {
                "type": "integer",
                "format": "content_index",
                "description": "content 下标（0-based），非帧数"
              },
              "endFrom": {
                "type": "integer",
                "format": "content_index",
                "description": "可选；content 下标（0-based），非帧数；该行在对应条字幕结束帧（startFrame+durationFrames）起淡出"
              }
            }
          }
        ]
      }
    },
    "coreSentenceAnchors": {
      "type": "array",
      "description": "可选；在 coreSentence 各段拼接后的全文内按顺序高亮子串。每项 coreSentenceAnchor 须为该拼接串的子串，否则会被校验丢弃",
      "items": {
        "type": "object",
        "required": [
          "coreSentenceAnchor"
        ],
        "properties": {
          "coreSentenceAnchor": {
            "type": "string",
            "description": "要高亮的子串，须出现在各 coreSentence 段拼接后的全文内"
          },
          "color": {
            "type": "string",
            "description": "高亮颜色，省略时默认强调色"
          }
        }
      }
    }
  },
  "required": [
    "coreSentence"
  ]
}

// 口播条数（已由程序写入 CONTENT_STR，勿在 param 中输出 content）：口播分句至多 3 条（超出会被校验器告警）


模板该项的示例供参考：

{
  "template": "TEXT_FOCUS",
  "param": {
    "coreSentence": [
      {
        "text": "承认自己“可能错了”并不是一种软弱",
        "showFrom": 0,
        "endFrom": 0
      },
      {
        "text": "而是成长的开始",
        "showFrom": 1,
        "endFrom": 1
      }
    ],
    "coreSentenceAnchors": [
      {
        "coreSentenceAnchor": "可能错了",
        "color": "red"
      }
    ]
  }
}


注意：如果该模板生成的参数包含图片视觉描述（如 imageSrc / leftSrc / rightSrc 等等），请只描述纯视觉场景与动作，绝不要包含任何文字、标语或注音。


## 其他通用说明
1. 锚点（Anchor）— 克制与高价值（适用于 SCHEMA 或上文允许出现锚点/高亮时）：
   - 多数句子应**无锚点**；拿不准就留空或 `[]`，避免满屏高亮。
   - 如果一定需要锚点，只选**整段里真正的高潮、反转或核心名词**（宜 2～4 字、有记忆点）；平庸词、铺垫句不要做成锚点。
   - 颜色建议：`#EF4444`（警示/反转/负面/结论）、`#000000`（事实/术语/数据）。动画 `anim`：`spring` | `slideUp` | `popIn` | `highlight`。
   - 音效可选(仅写在锚点对象上的 `audioEffect`)：`impact_thud` | `ping` | `woosh`

2. 视觉标题与字幕分离（仅当 SCHEMA 要求 `notText` / `butText` / `conceptName`、或 DOS_AND_DONTS 的 `left.label` / `right.label` 等时）：

   - 填**极简关键词（约 2～6 字）**，禁止把整句台词搬进标题字段。



## 输出格式（严格 JSON，不要 markdown 代码块）
补全当前模板的param,非数组：
{ "param": { ... } }

===========================================================================================
---------------------------------------- RESPONSE ----------------------------------------
time: 2026-06-07 01:04:54
attempt: 1/3

[OUTPUT]
{"param": {"coreSentence": [{"text": "你看，", "showFrom": 0, "endFrom": 0}, {"text": "套路从来没变。", "showFrom": 1}], "coreSentenceAnchors": []}}
-------------------------------------------------------------------------------------------

======================================== REQUEST ========================================
time: 2026-06-07 01:04:54
provider: deepseek
model: deepseek-v4-pro
retries: 3

[PROMPT]
你是短视频字幕与画面细节处理专家。请把指定台词细化为字模显示参数。


## 完整段落上下文（仅供理解整体语境，判断当前句子的重要性）
实际上，华为相关的营销号干的这种破事已经不是第一次了。

三进制专利，本来只是局部电路优化。
到了营销号嘴里，就变成了打破美国计算标准。
光子芯片，本来主要解决数据传输。
到了营销号嘴里，就变成了电要过时，光刻机也没用了。
四重图案化，本来是用更大代价的工艺，补偿没有先进光刻机的短板。
到了营销号嘴里，就变成了中国版光刻厂。

你看，套路从来没变。
工程补偿，说成弯道超车。
局部优化，说成体系革命。
技术路线，说成改写规则。


## 🎯 待处理的目标文案
工程补偿，说成弯道超车。局部优化，说成体系革命。技术路线，说成改写规则。

## 目标文案content的数组结构
生成模板参数时，format为content_index的字段依据此数组选择匹配的索引，用于决定相应内容出现在动画中的时机

[
  {
    "index": 0,
    "text": "工程补偿，"
  },
  {
    "index": 1,
    "text": "说成弯道超车。"
  },
  {
    "index": 2,
    "text": "局部优化，"
  },
  {
    "index": 3,
    "text": "说成体系革命。"
  },
  {
    "index": 4,
    "text": "技术路线，"
  },
  {
    "index": 5,
    "text": "说成改写规则。"
  }
]


## 选定模板及参数规范

模板名称：CHECKLIST_REVEAL

参数 Schema 说明：

{
  "type": "object",
  "properties": {
    "title": {
      "type": "string",
      "description": "可选；清单上方标题，建议 4～14 字"
    },
    "rows": {
      "type": "array",
      "minItems": 2,
      "maxItems": 6,
      "description": "清单行；showFrom 为 content 下标（0-based），在该条 startFrame 打勾显现",
      "items": {
        "type": "object",
        "required": [
          "text",
          "showFrom"
        ],
        "properties": {
          "text": {
            "type": "string",
            "description": "该行短文案，建议不超过 16 字"
          },
          "showFrom": {
            "type": "integer",
            "format": "content_index",
            "description": "content 下标（0-based），非帧数"
          }
        }
      }
    }
  },
  "required": [
    "rows"
  ]
}

// 口播条数（已由程序写入 CONTENT_STR，勿在 param 中输出 content）：口播分句（item.content）至少 2 条；口播分句至多 8 条（超出会被校验器告警）


模板该项的示例供参考：

{
  "template": "CHECKLIST_REVEAL",
  "param": {
    "title": "今日心法",
    "rows": [
      {
        "text": "先写事实",
        "showFrom": 0
      },
      {
        "text": "再写推断",
        "showFrom": 1
      },
      {
        "text": "留痕备查",
        "showFrom": 2
      }
    ]
  }
}


注意：如果该模板生成的参数包含图片视觉描述（如 imageSrc / leftSrc / rightSrc 等等），请只描述纯视觉场景与动作，绝不要包含任何文字、标语或注音。


## 其他通用说明
1. 锚点（Anchor）— 克制与高价值（适用于 SCHEMA 或上文允许出现锚点/高亮时）：
   - 多数句子应**无锚点**；拿不准就留空或 `[]`，避免满屏高亮。
   - 如果一定需要锚点，只选**整段里真正的高潮、反转或核心名词**（宜 2～4 字、有记忆点）；平庸词、铺垫句不要做成锚点。
   - 颜色建议：`#EF4444`（警示/反转/负面/结论）、`#000000`（事实/术语/数据）。动画 `anim`：`spring` | `slideUp` | `popIn` | `highlight`。
   - 音效可选(仅写在锚点对象上的 `audioEffect`)：`impact_thud` | `ping` | `woosh`

2. 视觉标题与字幕分离（仅当 SCHEMA 要求 `notText` / `butText` / `conceptName`、或 DOS_AND_DONTS 的 `left.label` / `right.label` 等时）：

   - 填**极简关键词（约 2～6 字）**，禁止把整句台词搬进标题字段。



## 输出格式（严格 JSON，不要 markdown 代码块）
补全当前模板的param,非数组：
{ "param": { ... } }

===========================================================================================
---------------------------------------- RESPONSE ----------------------------------------
time: 2026-06-07 01:05:13
attempt: 1/3

[OUTPUT]
{"param":{"title":"营销号套路","rows":[{"text":"工程补偿 → 弯道超车","showFrom":1},{"text":"局部优化 → 体系革命","showFrom":3},{"text":"技术路线 → 改写规则","showFrom":5}]}}
-------------------------------------------------------------------------------------------

======================================== REQUEST ========================================
time: 2026-06-07 01:05:13
provider: deepseek
model: deepseek-v4-pro
retries: 3

[PROMPT]
你是短视频字幕与画面细节处理专家。请把指定台词细化为字模显示参数。


## 完整段落上下文（仅供理解整体语境，判断当前句子的重要性）
真正伤害中国科技的，也正是这里。

第一，它伤害求真文化。

科技进步，靠承认差距。靠长期死磕。靠把问题拆细。不是靠把短板改名。

先进制程受限，那就诚实说受限。芯片设计软件不足，那就补设计软件。材料不够，那就补材料。光刻难，那就攻光刻。

最怕的是：问题还没解决。口号先胜利了。

第二，它误导资源配置。

资本市场最爱听故事。一听光模块。一听韬定律。一听改写规则。资金就开始沸腾。

可钱一旦被叙事带跑。真正慢的硬骨头，就没人愿意啃。

基础软件慢。材料验证慢。工艺爬坡慢。人才培养慢。但这些慢东西，才是真科技。

概念涨停，不等于产业突破。市值沸腾，不等于晶圆良率。

第三，它制造道德绑架。

正常的技术质疑，很容易被扣帽子。你说散热难，有人说你不支持国产。你说良率低，有人说你递刀子。你说概念包装，有人说你崇洋媚外。

这就完了。科学讨论一旦饭圈化。专家会沉默。工程师会沉默。投资人会装懂。

最后，所有人都在演。没有人敢说真话。

第四，它抬高外部警惕。

你天天宣传自己突破封锁。天天说绕过光刻机。天天说改写全球规则。外部会怎么反应？

他们不会替你高兴。他们只会加码封锁。

真实能力还没到。战略压力先拉满。

这不是强国叙事。这是把自己架到火上烤。


## 🎯 待处理的目标文案
真正伤害中国科技的，也正是这里。

## 目标文案content的数组结构
生成模板参数时，format为content_index的字段依据此数组选择匹配的索引，用于决定相应内容出现在动画中的时机

[
  {
    "index": 0,
    "text": "真正伤害中国科技的，"
  },
  {
    "index": 1,
    "text": "也正是这里。"
  }
]


## 选定模板及参数规范

模板名称：TEXT_FOCUS

参数 Schema 说明：

{
  "type": "object",
  "properties": {
    "coreSentence": {
      "type": "array",
      "minItems": 1,
      "description": "大屏核心文案，每元素一行：可为 string，或 { text, showFrom, endFrom? }；showFrom/endFrom 为 content 下标（0-based），非帧数：在该条 startFrame 显现；可选 endFrom 表示在该条播完（startFrame+durationFrames）后起淡出。纯 string 等价于 showFrom=0、无 endFrom。锚点校验时各段 text 按顺序直接拼接（无分隔符）。",
      "items": {
        "oneOf": [
          {
            "type": "string"
          },
          {
            "type": "object",
            "required": [
              "text",
              "showFrom"
            ],
            "properties": {
              "text": {
                "type": "string",
                "description": "该行大屏文案"
              },
              "showFrom": {
                "type": "integer",
                "format": "content_index",
                "description": "content 下标（0-based），非帧数"
              },
              "endFrom": {
                "type": "integer",
                "format": "content_index",
                "description": "可选；content 下标（0-based），非帧数；该行在对应条字幕结束帧（startFrame+durationFrames）起淡出"
              }
            }
          }
        ]
      }
    },
    "coreSentenceAnchors": {
      "type": "array",
      "description": "可选；在 coreSentence 各段拼接后的全文内按顺序高亮子串。每项 coreSentenceAnchor 须为该拼接串的子串，否则会被校验丢弃",
      "items": {
        "type": "object",
        "required": [
          "coreSentenceAnchor"
        ],
        "properties": {
          "coreSentenceAnchor": {
            "type": "string",
            "description": "要高亮的子串，须出现在各 coreSentence 段拼接后的全文内"
          },
          "color": {
            "type": "string",
            "description": "高亮颜色，省略时默认强调色"
          }
        }
      }
    }
  },
  "required": [
    "coreSentence"
  ]
}

// 口播条数（已由程序写入 CONTENT_STR，勿在 param 中输出 content）：口播分句至多 3 条（超出会被校验器告警）


模板该项的示例供参考：

{
  "template": "TEXT_FOCUS",
  "param": {
    "coreSentence": [
      {
        "text": "承认自己“可能错了”并不是一种软弱",
        "showFrom": 0,
        "endFrom": 0
      },
      {
        "text": "而是成长的开始",
        "showFrom": 1,
        "endFrom": 1
      }
    ],
    "coreSentenceAnchors": [
      {
        "coreSentenceAnchor": "可能错了",
        "color": "red"
      }
    ]
  }
}


注意：如果该模板生成的参数包含图片视觉描述（如 imageSrc / leftSrc / rightSrc 等等），请只描述纯视觉场景与动作，绝不要包含任何文字、标语或注音。


## 其他通用说明
1. 锚点（Anchor）— 克制与高价值（适用于 SCHEMA 或上文允许出现锚点/高亮时）：
   - 多数句子应**无锚点**；拿不准就留空或 `[]`，避免满屏高亮。
   - 如果一定需要锚点，只选**整段里真正的高潮、反转或核心名词**（宜 2～4 字、有记忆点）；平庸词、铺垫句不要做成锚点。
   - 颜色建议：`#EF4444`（警示/反转/负面/结论）、`#000000`（事实/术语/数据）。动画 `anim`：`spring` | `slideUp` | `popIn` | `highlight`。
   - 音效可选(仅写在锚点对象上的 `audioEffect`)：`impact_thud` | `ping` | `woosh`

2. 视觉标题与字幕分离（仅当 SCHEMA 要求 `notText` / `butText` / `conceptName`、或 DOS_AND_DONTS 的 `left.label` / `right.label` 等时）：

   - 填**极简关键词（约 2～6 字）**，禁止把整句台词搬进标题字段。



## 输出格式（严格 JSON，不要 markdown 代码块）
补全当前模板的param,非数组：
{ "param": { ... } }

===========================================================================================
---------------------------------------- RESPONSE ----------------------------------------
time: 2026-06-07 01:05:32
attempt: 1/3

[OUTPUT]
{ "param": { "coreSentence": [ { "text": "真正伤害中国科技的，", "showFrom": 0 }, { "text": "也正是这里。", "showFrom": 1 } ], "coreSentenceAnchors": [ { "coreSentenceAnchor": "伤害", "color": "#EF4444" } ] } }
-------------------------------------------------------------------------------------------

======================================== REQUEST ========================================
time: 2026-06-07 01:05:32
provider: deepseek
model: deepseek-v4-pro
retries: 3

[PROMPT]
你是短视频字幕与画面细节处理专家。请把指定台词细化为字模显示参数。


## 完整段落上下文（仅供理解整体语境，判断当前句子的重要性）
真正伤害中国科技的，也正是这里。

第一，它伤害求真文化。

科技进步，靠承认差距。靠长期死磕。靠把问题拆细。不是靠把短板改名。

先进制程受限，那就诚实说受限。芯片设计软件不足，那就补设计软件。材料不够，那就补材料。光刻难，那就攻光刻。

最怕的是：问题还没解决。口号先胜利了。

第二，它误导资源配置。

资本市场最爱听故事。一听光模块。一听韬定律。一听改写规则。资金就开始沸腾。

可钱一旦被叙事带跑。真正慢的硬骨头，就没人愿意啃。

基础软件慢。材料验证慢。工艺爬坡慢。人才培养慢。但这些慢东西，才是真科技。

概念涨停，不等于产业突破。市值沸腾，不等于晶圆良率。

第三，它制造道德绑架。

正常的技术质疑，很容易被扣帽子。你说散热难，有人说你不支持国产。你说良率低，有人说你递刀子。你说概念包装，有人说你崇洋媚外。

这就完了。科学讨论一旦饭圈化。专家会沉默。工程师会沉默。投资人会装懂。

最后，所有人都在演。没有人敢说真话。

第四，它抬高外部警惕。

你天天宣传自己突破封锁。天天说绕过光刻机。天天说改写全球规则。外部会怎么反应？

他们不会替你高兴。他们只会加码封锁。

真实能力还没到。战略压力先拉满。

这不是强国叙事。这是把自己架到火上烤。


## 🎯 待处理的目标文案
第一，它伤害求真文化。

## 目标文案content的数组结构
生成模板参数时，format为content_index的字段依据此数组选择匹配的索引，用于决定相应内容出现在动画中的时机

[
  {
    "index": 0,
    "text": "第一，"
  },
  {
    "index": 1,
    "text": "它伤害求真文化。"
  }
]


## 选定模板及参数规范

模板名称：CENTER_FOCUS

参数 Schema 说明：

{
  "type": "object",
  "properties": {
    "imageSrc": {
      "type": "string",
      "format": "image_prompt",
      "description": "主图描述"
    },
    "enterEffect": {
      "type": "string",
      "enum": [
        "fadeIn",
        "slideLeft",
        "slideBottom",
        "zoomIn"
      ],
      "default": "fadeIn",
      "description": "图片入场方式（breathe 呼吸效果始终常驻，无需指定）"
    },
    "anchors": {
      "type": "array",
      "description": "可选；用于锚点词展示（顶部依次出现并保留为列表），并绑定锚点出现时机的音效。showFrom 须落在当前 content 条数范围内。注意 **保持克制，尽量少设置锚点** 只提取整段里真正的高潮、反转或核心名词",
      "items": {
        "type": "object",
        "required": [
          "text",
          "showFrom"
        ],
        "properties": {
          "text": {
            "type": "string",
            "description": "要展示的锚点词"
          },
          "showFrom": {
            "type": "integer",
            "format": "content_index",
            "description": "content 数组下标（0-based），非帧数；合法范围 0～(content 条数-1)，超出会被校验丢弃"
          },
          "color": {
            "type": "string"
          },
          "anim": {
            "type": "string",
            "enum": [
              "spring",
              "slideUp",
              "popIn",
              "highlight"
            ]
          },
          "audioEffect": {
            "type": "string",
            "enum": [
              "impact_thud",
              "ping",
              "woosh"
            ]
          }
        }
      }
    }
  },
  "required": [
    "imageSrc"
  ]
}


模板该项的示例供参考：

{
  "template": "CENTER_FOCUS",
  "param": {
    "imageSrc": "上班族坐在电脑前的简笔画图标",
    "enterEffect": "fadeIn",
    "anchors": [
      {
        "text": "可得性启发",
        "showFrom": 0,
        "color": "red"
      }
    ]
  }
}


注意：如果该模板生成的参数包含图片视觉描述（如 imageSrc / leftSrc / rightSrc 等等），请只描述纯视觉场景与动作，绝不要包含任何文字、标语或注音。


## 其他通用说明
1. 锚点（Anchor）— 克制与高价值（适用于 SCHEMA 或上文允许出现锚点/高亮时）：
   - 多数句子应**无锚点**；拿不准就留空或 `[]`，避免满屏高亮。
   - 如果一定需要锚点，只选**整段里真正的高潮、反转或核心名词**（宜 2～4 字、有记忆点）；平庸词、铺垫句不要做成锚点。
   - 颜色建议：`#EF4444`（警示/反转/负面/结论）、`#000000`（事实/术语/数据）。动画 `anim`：`spring` | `slideUp` | `popIn` | `highlight`。
   - 音效可选(仅写在锚点对象上的 `audioEffect`)：`impact_thud` | `ping` | `woosh`

2. 视觉标题与字幕分离（仅当 SCHEMA 要求 `notText` / `butText` / `conceptName`、或 DOS_AND_DONTS 的 `left.label` / `right.label` 等时）：

   - 填**极简关键词（约 2～6 字）**，禁止把整句台词搬进标题字段。



## 输出格式（严格 JSON，不要 markdown 代码块）
补全当前模板的param,非数组：
{ "param": { ... } }

===========================================================================================
---------------------------------------- RESPONSE ----------------------------------------
time: 2026-06-07 01:05:44
attempt: 1/3

[OUTPUT]
{
  "param": {
    "imageSrc": "一个代表求真精神的放大镜被重击，镜片布满裂纹，背景是昏暗的实验室",
    "enterEffect": "fadeIn",
    "anchors": [
      {
        "text": "求真文化",
        "showFrom": 1,
        "color": "#EF4444",
        "anim": "highlight",
        "audioEffect": "impact_thud"
      }
    ]
  }
}
-------------------------------------------------------------------------------------------

======================================== REQUEST ========================================
time: 2026-06-07 01:05:44
provider: deepseek
model: deepseek-v4-pro
retries: 3

[PROMPT]
你是短视频字幕与画面细节处理专家。请把指定台词细化为字模显示参数。


## 完整段落上下文（仅供理解整体语境，判断当前句子的重要性）
真正伤害中国科技的，也正是这里。

第一，它伤害求真文化。

科技进步，靠承认差距。靠长期死磕。靠把问题拆细。不是靠把短板改名。

先进制程受限，那就诚实说受限。芯片设计软件不足，那就补设计软件。材料不够，那就补材料。光刻难，那就攻光刻。

最怕的是：问题还没解决。口号先胜利了。

第二，它误导资源配置。

资本市场最爱听故事。一听光模块。一听韬定律。一听改写规则。资金就开始沸腾。

可钱一旦被叙事带跑。真正慢的硬骨头，就没人愿意啃。

基础软件慢。材料验证慢。工艺爬坡慢。人才培养慢。但这些慢东西，才是真科技。

概念涨停，不等于产业突破。市值沸腾，不等于晶圆良率。

第三，它制造道德绑架。

正常的技术质疑，很容易被扣帽子。你说散热难，有人说你不支持国产。你说良率低，有人说你递刀子。你说概念包装，有人说你崇洋媚外。

这就完了。科学讨论一旦饭圈化。专家会沉默。工程师会沉默。投资人会装懂。

最后，所有人都在演。没有人敢说真话。

第四，它抬高外部警惕。

你天天宣传自己突破封锁。天天说绕过光刻机。天天说改写全球规则。外部会怎么反应？

他们不会替你高兴。他们只会加码封锁。

真实能力还没到。战略压力先拉满。

这不是强国叙事。这是把自己架到火上烤。


## 🎯 待处理的目标文案
科技进步，靠承认差距。靠长期死磕。靠把问题拆细。

## 目标文案content的数组结构
生成模板参数时，format为content_index的字段依据此数组选择匹配的索引，用于决定相应内容出现在动画中的时机

[
  {
    "index": 0,
    "text": "科技进步，"
  },
  {
    "index": 1,
    "text": "靠承认差距。"
  },
  {
    "index": 2,
    "text": "靠长期死磕。"
  },
  {
    "index": 3,
    "text": "靠把问题拆细。"
  }
]


## 选定模板及参数规范

模板名称：PANEL_GRID

参数 Schema 说明：

{
  "type": "object",
  "properties": {
    "panels": {
      "type": "array",
      "minItems": 2,
      "maxItems": 6,
      "description": "宫格配图；showFrom 为 content 下标（0-based），在该条 startFrame 显现",
      "items": {
        "type": "object",
        "required": [
          "src",
          "showFrom"
        ],
        "properties": {
          "src": {
            "type": "string",
            "format": "image_prompt",
            "description": "该宫格配图提示词"
          },
          "showFrom": {
            "type": "integer",
            "format": "content_index",
            "description": "content 下标（0-based），非帧数"
          },
          "position": {
            "type": "string",
            "enum": [
              "center",
              "left",
              "right",
              "top",
              "bottom"
            ],
            "description": "可选；弱提示，布局以宫格为准"
          },
          "enterEffect": {
            "type": "string",
            "enum": [
              "breathe",
              "slideLeft",
              "slideBottom",
              "zoomIn",
              "fadeIn"
            ],
            "default": "fadeIn"
          }
        }
      }
    }
  },
  "required": [
    "panels"
  ]
}

// 口播条数（已由程序写入 CONTENT_STR，勿在 param 中输出 content）：口播分句（item.content）至少 2 条；口播分句至多 8 条（超出会被校验器告警）


模板该项的示例供参考：

{
  "template": "PANEL_GRID",
  "param": {
    "panels": [
      {
        "src": "问号堵住去路的简笔画",
        "showFrom": 0,
        "enterEffect": "zoomIn"
      },
      {
        "src": "放大镜只看一角的简笔画",
        "showFrom": 1
      },
      {
        "src": "两人各执一词的简笔画",
        "showFrom": 2
      }
    ]
  }
}


注意：如果该模板生成的参数包含图片视觉描述（如 imageSrc / leftSrc / rightSrc 等等），请只描述纯视觉场景与动作，绝不要包含任何文字、标语或注音。


## 其他通用说明
1. 锚点（Anchor）— 克制与高价值（适用于 SCHEMA 或上文允许出现锚点/高亮时）：
   - 多数句子应**无锚点**；拿不准就留空或 `[]`，避免满屏高亮。
   - 如果一定需要锚点，只选**整段里真正的高潮、反转或核心名词**（宜 2～4 字、有记忆点）；平庸词、铺垫句不要做成锚点。
   - 颜色建议：`#EF4444`（警示/反转/负面/结论）、`#000000`（事实/术语/数据）。动画 `anim`：`spring` | `slideUp` | `popIn` | `highlight`。
   - 音效可选(仅写在锚点对象上的 `audioEffect`)：`impact_thud` | `ping` | `woosh`

2. 视觉标题与字幕分离（仅当 SCHEMA 要求 `notText` / `butText` / `conceptName`、或 DOS_AND_DONTS 的 `left.label` / `right.label` 等时）：

   - 填**极简关键词（约 2～6 字）**，禁止把整句台词搬进标题字段。



## 输出格式（严格 JSON，不要 markdown 代码块）
补全当前模板的param,非数组：
{ "param": { ... } }

===========================================================================================
---------------------------------------- RESPONSE ----------------------------------------
time: 2026-06-07 01:06:00
attempt: 1/3

[OUTPUT]
{
  "param": {
    "panels": [
      {
        "src": "向上的阶梯，旁边悬浮着齿轮和灯泡的简笔画，线条简洁",
        "showFrom": 0,
        "enterEffect": "fadeIn"
      },
      {
        "src": "一个人站在镜子前，镜中反射出缺口与裂纹的简笔画",
        "showFrom": 1,
        "enterEffect": "zoomIn"
      },
      {
        "src": "一个人手握锤子，不断敲击一块巨石，火星四溅的简笔画",
        "showFrom": 2,
        "enterEffect": "slideLeft"
      },
      {
        "src": "一个人拿着放大镜，注视着一堆被拆解开的小齿轮的简笔画",
        "showFrom": 3,
        "enterEffect": "fadeIn"
      }
    ]
  }
}
-------------------------------------------------------------------------------------------

======================================== REQUEST ========================================
time: 2026-06-07 01:06:00
provider: deepseek
model: deepseek-v4-pro
retries: 3

[PROMPT]
你是短视频字幕与画面细节处理专家。请把指定台词细化为字模显示参数。


## 完整段落上下文（仅供理解整体语境，判断当前句子的重要性）
真正伤害中国科技的，也正是这里。

第一，它伤害求真文化。

科技进步，靠承认差距。靠长期死磕。靠把问题拆细。不是靠把短板改名。

先进制程受限，那就诚实说受限。芯片设计软件不足，那就补设计软件。材料不够，那就补材料。光刻难，那就攻光刻。

最怕的是：问题还没解决。口号先胜利了。

第二，它误导资源配置。

资本市场最爱听故事。一听光模块。一听韬定律。一听改写规则。资金就开始沸腾。

可钱一旦被叙事带跑。真正慢的硬骨头，就没人愿意啃。

基础软件慢。材料验证慢。工艺爬坡慢。人才培养慢。但这些慢东西，才是真科技。

概念涨停，不等于产业突破。市值沸腾，不等于晶圆良率。

第三，它制造道德绑架。

正常的技术质疑，很容易被扣帽子。你说散热难，有人说你不支持国产。你说良率低，有人说你递刀子。你说概念包装，有人说你崇洋媚外。

这就完了。科学讨论一旦饭圈化。专家会沉默。工程师会沉默。投资人会装懂。

最后，所有人都在演。没有人敢说真话。

第四，它抬高外部警惕。

你天天宣传自己突破封锁。天天说绕过光刻机。天天说改写全球规则。外部会怎么反应？

他们不会替你高兴。他们只会加码封锁。

真实能力还没到。战略压力先拉满。

这不是强国叙事。这是把自己架到火上烤。


## 🎯 待处理的目标文案
不是靠把短板改名。

## 目标文案content的数组结构
生成模板参数时，format为content_index的字段依据此数组选择匹配的索引，用于决定相应内容出现在动画中的时机

[
  {
    "index": 0,
    "text": "不是靠把短板改名。"
  }
]


## 选定模板及参数规范

模板名称：TEXT_FOCUS

参数 Schema 说明：

{
  "type": "object",
  "properties": {
    "coreSentence": {
      "type": "array",
      "minItems": 1,
      "description": "大屏核心文案，每元素一行：可为 string，或 { text, showFrom, endFrom? }；showFrom/endFrom 为 content 下标（0-based），非帧数：在该条 startFrame 显现；可选 endFrom 表示在该条播完（startFrame+durationFrames）后起淡出。纯 string 等价于 showFrom=0、无 endFrom。锚点校验时各段 text 按顺序直接拼接（无分隔符）。",
      "items": {
        "oneOf": [
          {
            "type": "string"
          },
          {
            "type": "object",
            "required": [
              "text",
              "showFrom"
            ],
            "properties": {
              "text": {
                "type": "string",
                "description": "该行大屏文案"
              },
              "showFrom": {
                "type": "integer",
                "format": "content_index",
                "description": "content 下标（0-based），非帧数"
              },
              "endFrom": {
                "type": "integer",
                "format": "content_index",
                "description": "可选；content 下标（0-based），非帧数；该行在对应条字幕结束帧（startFrame+durationFrames）起淡出"
              }
            }
          }
        ]
      }
    },
    "coreSentenceAnchors": {
      "type": "array",
      "description": "可选；在 coreSentence 各段拼接后的全文内按顺序高亮子串。每项 coreSentenceAnchor 须为该拼接串的子串，否则会被校验丢弃",
      "items": {
        "type": "object",
        "required": [
          "coreSentenceAnchor"
        ],
        "properties": {
          "coreSentenceAnchor": {
            "type": "string",
            "description": "要高亮的子串，须出现在各 coreSentence 段拼接后的全文内"
          },
          "color": {
            "type": "string",
            "description": "高亮颜色，省略时默认强调色"
          }
        }
      }
    }
  },
  "required": [
    "coreSentence"
  ]
}

// 口播条数（已由程序写入 CONTENT_STR，勿在 param 中输出 content）：口播分句至多 3 条（超出会被校验器告警）


模板该项的示例供参考：

{
  "template": "TEXT_FOCUS",
  "param": {
    "coreSentence": [
      {
        "text": "承认自己“可能错了”并不是一种软弱",
        "showFrom": 0,
        "endFrom": 0
      },
      {
        "text": "而是成长的开始",
        "showFrom": 1,
        "endFrom": 1
      }
    ],
    "coreSentenceAnchors": [
      {
        "coreSentenceAnchor": "可能错了",
        "color": "red"
      }
    ]
  }
}


注意：如果该模板生成的参数包含图片视觉描述（如 imageSrc / leftSrc / rightSrc 等等），请只描述纯视觉场景与动作，绝不要包含任何文字、标语或注音。


## 其他通用说明
1. 锚点（Anchor）— 克制与高价值（适用于 SCHEMA 或上文允许出现锚点/高亮时）：
   - 多数句子应**无锚点**；拿不准就留空或 `[]`，避免满屏高亮。
   - 如果一定需要锚点，只选**整段里真正的高潮、反转或核心名词**（宜 2～4 字、有记忆点）；平庸词、铺垫句不要做成锚点。
   - 颜色建议：`#EF4444`（警示/反转/负面/结论）、`#000000`（事实/术语/数据）。动画 `anim`：`spring` | `slideUp` | `popIn` | `highlight`。
   - 音效可选(仅写在锚点对象上的 `audioEffect`)：`impact_thud` | `ping` | `woosh`

2. 视觉标题与字幕分离（仅当 SCHEMA 要求 `notText` / `butText` / `conceptName`、或 DOS_AND_DONTS 的 `left.label` / `right.label` 等时）：

   - 填**极简关键词（约 2～6 字）**，禁止把整句台词搬进标题字段。



## 输出格式（严格 JSON，不要 markdown 代码块）
补全当前模板的param,非数组：
{ "param": { ... } }

===========================================================================================
---------------------------------------- RESPONSE ----------------------------------------
time: 2026-06-07 01:06:08
attempt: 1/3

[OUTPUT]
{
  "param": {
    "coreSentence": [
      {
        "text": "不是靠把短板改名。",
        "showFrom": 0
      }
    ],
    "coreSentenceAnchors": [
      {
        "coreSentenceAnchor": "短板改名",
        "color": "#EF4444"
      }
    ]
  }
}
-------------------------------------------------------------------------------------------

======================================== REQUEST ========================================
time: 2026-06-07 01:06:08
provider: deepseek
model: deepseek-v4-pro
retries: 3

[PROMPT]
你是短视频字幕与画面细节处理专家。请把指定台词细化为字模显示参数。


## 完整段落上下文（仅供理解整体语境，判断当前句子的重要性）
真正伤害中国科技的，也正是这里。

第一，它伤害求真文化。

科技进步，靠承认差距。靠长期死磕。靠把问题拆细。不是靠把短板改名。

先进制程受限，那就诚实说受限。芯片设计软件不足，那就补设计软件。材料不够，那就补材料。光刻难，那就攻光刻。

最怕的是：问题还没解决。口号先胜利了。

第二，它误导资源配置。

资本市场最爱听故事。一听光模块。一听韬定律。一听改写规则。资金就开始沸腾。

可钱一旦被叙事带跑。真正慢的硬骨头，就没人愿意啃。

基础软件慢。材料验证慢。工艺爬坡慢。人才培养慢。但这些慢东西，才是真科技。

概念涨停，不等于产业突破。市值沸腾，不等于晶圆良率。

第三，它制造道德绑架。

正常的技术质疑，很容易被扣帽子。你说散热难，有人说你不支持国产。你说良率低，有人说你递刀子。你说概念包装，有人说你崇洋媚外。

这就完了。科学讨论一旦饭圈化。专家会沉默。工程师会沉默。投资人会装懂。

最后，所有人都在演。没有人敢说真话。

第四，它抬高外部警惕。

你天天宣传自己突破封锁。天天说绕过光刻机。天天说改写全球规则。外部会怎么反应？

他们不会替你高兴。他们只会加码封锁。

真实能力还没到。战略压力先拉满。

这不是强国叙事。这是把自己架到火上烤。


## 🎯 待处理的目标文案
先进制程受限，那就诚实说受限。芯片设计软件不足，那就补设计软件。材料不够，那就补材料。光刻难，那就攻光刻。

## 目标文案content的数组结构
生成模板参数时，format为content_index的字段依据此数组选择匹配的索引，用于决定相应内容出现在动画中的时机

[
  {
    "index": 0,
    "text": "先进制程受限，"
  },
  {
    "index": 1,
    "text": "那就诚实说受限。"
  },
  {
    "index": 2,
    "text": "芯片设计软件不足，"
  },
  {
    "index": 3,
    "text": "那就补设计软件。"
  },
  {
    "index": 4,
    "text": "材料不够，"
  },
  {
    "index": 5,
    "text": "那就补材料。"
  },
  {
    "index": 6,
    "text": "光刻难，"
  },
  {
    "index": 7,
    "text": "那就攻光刻。"
  }
]


## 选定模板及参数规范

模板名称：PANEL_GRID

参数 Schema 说明：

{
  "type": "object",
  "properties": {
    "panels": {
      "type": "array",
      "minItems": 2,
      "maxItems": 6,
      "description": "宫格配图；showFrom 为 content 下标（0-based），在该条 startFrame 显现",
      "items": {
        "type": "object",
        "required": [
          "src",
          "showFrom"
        ],
        "properties": {
          "src": {
            "type": "string",
            "format": "image_prompt",
            "description": "该宫格配图提示词"
          },
          "showFrom": {
            "type": "integer",
            "format": "content_index",
            "description": "content 下标（0-based），非帧数"
          },
          "position": {
            "type": "string",
            "enum": [
              "center",
              "left",
              "right",
              "top",
              "bottom"
            ],
            "description": "可选；弱提示，布局以宫格为准"
          },
          "enterEffect": {
            "type": "string",
            "enum": [
              "breathe",
              "slideLeft",
              "slideBottom",
              "zoomIn",
              "fadeIn"
            ],
            "default": "fadeIn"
          }
        }
      }
    }
  },
  "required": [
    "panels"
  ]
}

// 口播条数（已由程序写入 CONTENT_STR，勿在 param 中输出 content）：口播分句（item.content）至少 2 条；口播分句至多 8 条（超出会被校验器告警）


模板该项的示例供参考：

{
  "template": "PANEL_GRID",
  "param": {
    "panels": [
      {
        "src": "问号堵住去路的简笔画",
        "showFrom": 0,
        "enterEffect": "zoomIn"
      },
      {
        "src": "放大镜只看一角的简笔画",
        "showFrom": 1
      },
      {
        "src": "两人各执一词的简笔画",
        "showFrom": 2
      }
    ]
  }
}


注意：如果该模板生成的参数包含图片视觉描述（如 imageSrc / leftSrc / rightSrc 等等），请只描述纯视觉场景与动作，绝不要包含任何文字、标语或注音。


## 其他通用说明
1. 锚点（Anchor）— 克制与高价值（适用于 SCHEMA 或上文允许出现锚点/高亮时）：
   - 多数句子应**无锚点**；拿不准就留空或 `[]`，避免满屏高亮。
   - 如果一定需要锚点，只选**整段里真正的高潮、反转或核心名词**（宜 2～4 字、有记忆点）；平庸词、铺垫句不要做成锚点。
   - 颜色建议：`#EF4444`（警示/反转/负面/结论）、`#000000`（事实/术语/数据）。动画 `anim`：`spring` | `slideUp` | `popIn` | `highlight`。
   - 音效可选(仅写在锚点对象上的 `audioEffect`)：`impact_thud` | `ping` | `woosh`

2. 视觉标题与字幕分离（仅当 SCHEMA 要求 `notText` / `butText` / `conceptName`、或 DOS_AND_DONTS 的 `left.label` / `right.label` 等时）：

   - 填**极简关键词（约 2～6 字）**，禁止把整句台词搬进标题字段。



## 输出格式（严格 JSON，不要 markdown 代码块）
补全当前模板的param,非数组：
{ "param": { ... } }

===========================================================================================
---------------------------------------- RESPONSE ----------------------------------------
time: 2026-06-07 01:06:20
attempt: 1/3

[OUTPUT]
{
  "param": {
    "panels": [
      {
        "src": "一枚芯片被铁链缠绕，显示受限",
        "showFrom": 0,
        "enterEffect": "fadeIn"
      },
      {
        "src": "空白的软件界面，光标闪烁，等待填补",
        "showFrom": 2,
        "enterEffect": "slideBottom"
      },
      {
        "src": "一只手捧着残缺的晶圆材料，另一只手正递来新材料",
        "showFrom": 4,
        "enterEffect": "zoomIn"
      },
      {
        "src": "一束极细的激光聚焦在光刻胶上，艰难雕刻微观线路",
        "showFrom": 6,
        "enterEffect": "fadeIn"
      }
    ]
  }
}
-------------------------------------------------------------------------------------------

======================================== REQUEST ========================================
time: 2026-06-07 01:06:20
provider: deepseek
model: deepseek-v4-pro
retries: 3

[PROMPT]
你是短视频字幕与画面细节处理专家。请把指定台词细化为字模显示参数。


## 完整段落上下文（仅供理解整体语境，判断当前句子的重要性）
真正伤害中国科技的，也正是这里。

第一，它伤害求真文化。

科技进步，靠承认差距。靠长期死磕。靠把问题拆细。不是靠把短板改名。

先进制程受限，那就诚实说受限。芯片设计软件不足，那就补设计软件。材料不够，那就补材料。光刻难，那就攻光刻。

最怕的是：问题还没解决。口号先胜利了。

第二，它误导资源配置。

资本市场最爱听故事。一听光模块。一听韬定律。一听改写规则。资金就开始沸腾。

可钱一旦被叙事带跑。真正慢的硬骨头，就没人愿意啃。

基础软件慢。材料验证慢。工艺爬坡慢。人才培养慢。但这些慢东西，才是真科技。

概念涨停，不等于产业突破。市值沸腾，不等于晶圆良率。

第三，它制造道德绑架。

正常的技术质疑，很容易被扣帽子。你说散热难，有人说你不支持国产。你说良率低，有人说你递刀子。你说概念包装，有人说你崇洋媚外。

这就完了。科学讨论一旦饭圈化。专家会沉默。工程师会沉默。投资人会装懂。

最后，所有人都在演。没有人敢说真话。

第四，它抬高外部警惕。

你天天宣传自己突破封锁。天天说绕过光刻机。天天说改写全球规则。外部会怎么反应？

他们不会替你高兴。他们只会加码封锁。

真实能力还没到。战略压力先拉满。

这不是强国叙事。这是把自己架到火上烤。


## 🎯 待处理的目标文案
最怕的是：问题还没解决。口号先胜利了。

## 目标文案content的数组结构
生成模板参数时，format为content_index的字段依据此数组选择匹配的索引，用于决定相应内容出现在动画中的时机

[
  {
    "index": 0,
    "text": "最怕的是："
  },
  {
    "index": 1,
    "text": "问题还没解决。"
  },
  {
    "index": 2,
    "text": "口号先胜利了。"
  }
]


## 选定模板及参数规范

模板名称：COGNITIVE_SHIFT

参数 Schema 说明：

{
  "type": "object",
  "properties": {
    "notText": {
      "type": "string",
      "description": "被否认知（‘不是’后面的内容）的精炼短句，不超过12个字，"
    },
    "butText": {
      "type": "string",
      "description": "真实认知（‘而是’后面的内容）的精炼短句，不超过12个字"
    },
    "butSrc": {
      "type": "string",
      "format": "image_prompt",
      "description": "真实认知的配图"
    },
    "notContentIndex": {
      "type": "integer",
      "format": "content_index",
      "description": "触发「不是」动画的字幕段索引（默认 0）"
    },
    "butContentIndex": {
      "type": "integer",
      "format": "content_index",
      "description": "触发「而是」动画的字幕段索引（默认 1）"
    }
  },
  "required": [
    "notText",
    "butText"
  ]
}


模板该项的示例供参考：

{
  "template": "COGNITIVE_SHIFT",
  "content": [
    "我们都不应该靠勤奋拼命",
    "我们都应该是靠认知和选择",
    "这样我才能成功"
  ],
  "param": {
    "notText": "靠勤奋拼命",
    "butText": "靠认知和选择",
    "butSrc": "站在高处看地图的思考者",
    "notContentIndex": 0,
    "butContentIndex": 1
  }
}


注意：如果该模板生成的参数包含图片视觉描述（如 imageSrc / leftSrc / rightSrc 等等），请只描述纯视觉场景与动作，绝不要包含任何文字、标语或注音。


## 其他通用说明
1. 锚点（Anchor）— 克制与高价值（适用于 SCHEMA 或上文允许出现锚点/高亮时）：
   - 多数句子应**无锚点**；拿不准就留空或 `[]`，避免满屏高亮。
   - 如果一定需要锚点，只选**整段里真正的高潮、反转或核心名词**（宜 2～4 字、有记忆点）；平庸词、铺垫句不要做成锚点。
   - 颜色建议：`#EF4444`（警示/反转/负面/结论）、`#000000`（事实/术语/数据）。动画 `anim`：`spring` | `slideUp` | `popIn` | `highlight`。
   - 音效可选(仅写在锚点对象上的 `audioEffect`)：`impact_thud` | `ping` | `woosh`

2. 视觉标题与字幕分离（仅当 SCHEMA 要求 `notText` / `butText` / `conceptName`、或 DOS_AND_DONTS 的 `left.label` / `right.label` 等时）：

   - 填**极简关键词（约 2～6 字）**，禁止把整句台词搬进标题字段。



## 输出格式（严格 JSON，不要 markdown 代码块）
补全当前模板的param,非数组：
{ "param": { ... } }

===========================================================================================
---------------------------------------- RESPONSE ----------------------------------------
time: 2026-06-07 01:06:55
attempt: 1/3

[OUTPUT]
{
  "param": {
    "notText": "口号先胜利",
    "butText": "解决真问题",
    "butSrc": "一名工程师在实验室里专注地检查芯片，显微镜下的光斑清晰可见",
    "notContentIndex": 2,
    "butContentIndex": 2
  }
}
-------------------------------------------------------------------------------------------

======================================== REQUEST ========================================
time: 2026-06-07 01:06:55
provider: deepseek
model: deepseek-v4-pro
retries: 3

[PROMPT]
你是短视频字幕与画面细节处理专家。请把指定台词细化为字模显示参数。


## 完整段落上下文（仅供理解整体语境，判断当前句子的重要性）
真正伤害中国科技的，也正是这里。

第一，它伤害求真文化。

科技进步，靠承认差距。靠长期死磕。靠把问题拆细。不是靠把短板改名。

先进制程受限，那就诚实说受限。芯片设计软件不足，那就补设计软件。材料不够，那就补材料。光刻难，那就攻光刻。

最怕的是：问题还没解决。口号先胜利了。

第二，它误导资源配置。

资本市场最爱听故事。一听光模块。一听韬定律。一听改写规则。资金就开始沸腾。

可钱一旦被叙事带跑。真正慢的硬骨头，就没人愿意啃。

基础软件慢。材料验证慢。工艺爬坡慢。人才培养慢。但这些慢东西，才是真科技。

概念涨停，不等于产业突破。市值沸腾，不等于晶圆良率。

第三，它制造道德绑架。

正常的技术质疑，很容易被扣帽子。你说散热难，有人说你不支持国产。你说良率低，有人说你递刀子。你说概念包装，有人说你崇洋媚外。

这就完了。科学讨论一旦饭圈化。专家会沉默。工程师会沉默。投资人会装懂。

最后，所有人都在演。没有人敢说真话。

第四，它抬高外部警惕。

你天天宣传自己突破封锁。天天说绕过光刻机。天天说改写全球规则。外部会怎么反应？

他们不会替你高兴。他们只会加码封锁。

真实能力还没到。战略压力先拉满。

这不是强国叙事。这是把自己架到火上烤。


## 🎯 待处理的目标文案
第二，它误导资源配置。

## 目标文案content的数组结构
生成模板参数时，format为content_index的字段依据此数组选择匹配的索引，用于决定相应内容出现在动画中的时机

[
  {
    "index": 0,
    "text": "第二，"
  },
  {
    "index": 1,
    "text": "它误导资源配置。"
  }
]


## 选定模板及参数规范

模板名称：CENTER_FOCUS

参数 Schema 说明：

{
  "type": "object",
  "properties": {
    "imageSrc": {
      "type": "string",
      "format": "image_prompt",
      "description": "主图描述"
    },
    "enterEffect": {
      "type": "string",
      "enum": [
        "fadeIn",
        "slideLeft",
        "slideBottom",
        "zoomIn"
      ],
      "default": "fadeIn",
      "description": "图片入场方式（breathe 呼吸效果始终常驻，无需指定）"
    },
    "anchors": {
      "type": "array",
      "description": "可选；用于锚点词展示（顶部依次出现并保留为列表），并绑定锚点出现时机的音效。showFrom 须落在当前 content 条数范围内。注意 **保持克制，尽量少设置锚点** 只提取整段里真正的高潮、反转或核心名词",
      "items": {
        "type": "object",
        "required": [
          "text",
          "showFrom"
        ],
        "properties": {
          "text": {
            "type": "string",
            "description": "要展示的锚点词"
          },
          "showFrom": {
            "type": "integer",
            "format": "content_index",
            "description": "content 数组下标（0-based），非帧数；合法范围 0～(content 条数-1)，超出会被校验丢弃"
          },
          "color": {
            "type": "string"
          },
          "anim": {
            "type": "string",
            "enum": [
              "spring",
              "slideUp",
              "popIn",
              "highlight"
            ]
          },
          "audioEffect": {
            "type": "string",
            "enum": [
              "impact_thud",
              "ping",
              "woosh"
            ]
          }
        }
      }
    }
  },
  "required": [
    "imageSrc"
  ]
}


模板该项的示例供参考：

{
  "template": "CENTER_FOCUS",
  "param": {
    "imageSrc": "上班族坐在电脑前的简笔画图标",
    "enterEffect": "fadeIn",
    "anchors": [
      {
        "text": "可得性启发",
        "showFrom": 0,
        "color": "red"
      }
    ]
  }
}


注意：如果该模板生成的参数包含图片视觉描述（如 imageSrc / leftSrc / rightSrc 等等），请只描述纯视觉场景与动作，绝不要包含任何文字、标语或注音。


## 其他通用说明
1. 锚点（Anchor）— 克制与高价值（适用于 SCHEMA 或上文允许出现锚点/高亮时）：
   - 多数句子应**无锚点**；拿不准就留空或 `[]`，避免满屏高亮。
   - 如果一定需要锚点，只选**整段里真正的高潮、反转或核心名词**（宜 2～4 字、有记忆点）；平庸词、铺垫句不要做成锚点。
   - 颜色建议：`#EF4444`（警示/反转/负面/结论）、`#000000`（事实/术语/数据）。动画 `anim`：`spring` | `slideUp` | `popIn` | `highlight`。
   - 音效可选(仅写在锚点对象上的 `audioEffect`)：`impact_thud` | `ping` | `woosh`

2. 视觉标题与字幕分离（仅当 SCHEMA 要求 `notText` / `butText` / `conceptName`、或 DOS_AND_DONTS 的 `left.label` / `right.label` 等时）：

   - 填**极简关键词（约 2～6 字）**，禁止把整句台词搬进标题字段。



## 输出格式（严格 JSON，不要 markdown 代码块）
补全当前模板的param,非数组：
{ "param": { ... } }

===========================================================================================
---------------------------------------- RESPONSE ----------------------------------------
time: 2026-06-07 01:07:05
attempt: 1/3

[OUTPUT]
{
  "param": {
    "imageSrc": "资本市场抽象场景：成堆的金币被一股风向标指引着涌向空中漂浮的泡沫，而地面上的齿轮、芯片与实验器具等实体符号则资金枯竭",
    "enterEffect": "fadeIn",
    "anchors": [
      {
        "text": "资源配置",
        "showFrom": 1,
        "color": "#EF4444"
      }
    ]
  }
}
-------------------------------------------------------------------------------------------

======================================== REQUEST ========================================
time: 2026-06-07 01:07:05
provider: deepseek
model: deepseek-v4-pro
retries: 3

[PROMPT]
你是短视频字幕与画面细节处理专家。请把指定台词细化为字模显示参数。


## 完整段落上下文（仅供理解整体语境，判断当前句子的重要性）
真正伤害中国科技的，也正是这里。

第一，它伤害求真文化。

科技进步，靠承认差距。靠长期死磕。靠把问题拆细。不是靠把短板改名。

先进制程受限，那就诚实说受限。芯片设计软件不足，那就补设计软件。材料不够，那就补材料。光刻难，那就攻光刻。

最怕的是：问题还没解决。口号先胜利了。

第二，它误导资源配置。

资本市场最爱听故事。一听光模块。一听韬定律。一听改写规则。资金就开始沸腾。

可钱一旦被叙事带跑。真正慢的硬骨头，就没人愿意啃。

基础软件慢。材料验证慢。工艺爬坡慢。人才培养慢。但这些慢东西，才是真科技。

概念涨停，不等于产业突破。市值沸腾，不等于晶圆良率。

第三，它制造道德绑架。

正常的技术质疑，很容易被扣帽子。你说散热难，有人说你不支持国产。你说良率低，有人说你递刀子。你说概念包装，有人说你崇洋媚外。

这就完了。科学讨论一旦饭圈化。专家会沉默。工程师会沉默。投资人会装懂。

最后，所有人都在演。没有人敢说真话。

第四，它抬高外部警惕。

你天天宣传自己突破封锁。天天说绕过光刻机。天天说改写全球规则。外部会怎么反应？

他们不会替你高兴。他们只会加码封锁。

真实能力还没到。战略压力先拉满。

这不是强国叙事。这是把自己架到火上烤。


## 🎯 待处理的目标文案
资本市场最爱听故事。一听光模块。一听韬定律。一听改写规则。资金就开始沸腾。

## 目标文案content的数组结构
生成模板参数时，format为content_index的字段依据此数组选择匹配的索引，用于决定相应内容出现在动画中的时机

[
  {
    "index": 0,
    "text": "资本市场最爱听故事。"
  },
  {
    "index": 1,
    "text": "一听光模块。"
  },
  {
    "index": 2,
    "text": "一听韬定律。"
  },
  {
    "index": 3,
    "text": "一听改写规则。"
  },
  {
    "index": 4,
    "text": "资金就开始沸腾。"
  }
]


## 选定模板及参数规范

模板名称：BEAT_SEQUENCE

参数 Schema 说明：

{
  "type": "object",
  "properties": {
    "stages": {
      "type": "array",
      "minItems": 2,
      "maxItems": 4,
      "description": "配图序列：每条 stage 一张图；imageSrc、enterEffect、可选 tone（calm|alert）、可选 showFrom（对齐镜头外层 content[] 下标）",
      "items": {
        "type": "object",
        "required": [
          "imageSrc"
        ],
        "properties": {
          "imageSrc": {
            "type": "string",
            "format": "image_prompt",
            "description": "该节拍配图提示词"
          },
          "enterEffect": {
            "type": "string",
            "enum": [
              "breathe",
              "slideLeft",
              "slideBottom",
              "zoomIn",
              "fadeIn"
            ],
            "default": "breathe",
            "description": "入场效果"
          },
          "tone": {
            "type": "string",
            "enum": [
              "calm",
              "alert"
            ],
            "description": "首条可 calm，其余默认可 alert"
          },
          "showFrom": {
            "type": "content_index",
            "minimum": 0,
            "description": "镜头 item 外层 content 数组（与 param 同级）的 0-based 下标；从该条 startFrame 起显示本图。省略则等于当前 stages 下标 i（与第 i 条口播同步）"
          }
        }
      }
    }
  },
  "required": [
    "stages"
  ]
}

// 口播条数（已由程序写入 CONTENT_STR，勿在 param 中输出 content）：口播分句（item.content）至少 2 条；口播分句至多 4 条（超出会被校验器告警）


模板该项的示例供参考：

{
  "template": "BEAT_SEQUENCE",
  "param": {
    "stages": [
      {
        "imageSrc": "问句配图简笔画",
        "enterEffect": "breathe"
      },
      {
        "imageSrc": "转折警示配图",
        "enterEffect": "slideBottom"
      },
      {
        "imageSrc": "结论冲击配图",
        "enterEffect": "slideBottom"
      }
    ]
  }
}


注意：如果该模板生成的参数包含图片视觉描述（如 imageSrc / leftSrc / rightSrc 等等），请只描述纯视觉场景与动作，绝不要包含任何文字、标语或注音。


## 其他通用说明
1. 锚点（Anchor）— 克制与高价值（适用于 SCHEMA 或上文允许出现锚点/高亮时）：
   - 多数句子应**无锚点**；拿不准就留空或 `[]`，避免满屏高亮。
   - 如果一定需要锚点，只选**整段里真正的高潮、反转或核心名词**（宜 2～4 字、有记忆点）；平庸词、铺垫句不要做成锚点。
   - 颜色建议：`#EF4444`（警示/反转/负面/结论）、`#000000`（事实/术语/数据）。动画 `anim`：`spring` | `slideUp` | `popIn` | `highlight`。
   - 音效可选(仅写在锚点对象上的 `audioEffect`)：`impact_thud` | `ping` | `woosh`

2. 视觉标题与字幕分离（仅当 SCHEMA 要求 `notText` / `butText` / `conceptName`、或 DOS_AND_DONTS 的 `left.label` / `right.label` 等时）：

   - 填**极简关键词（约 2～6 字）**，禁止把整句台词搬进标题字段。



## 输出格式（严格 JSON，不要 markdown 代码块）
补全当前模板的param,非数组：
{ "param": { ... } }

===========================================================================================
---------------------------------------- RESPONSE ----------------------------------------
time: 2026-06-07 01:07:23
attempt: 1/3

[OUTPUT]
{
  "param": {
    "stages": [
      {
        "imageSrc": "听众侧耳倾听，耳朵变形成贪婪的手掌，背景股市图变成扭曲的故事书",
        "enterEffect": "breathe",
        "tone": "calm"
      },
      {
        "imageSrc": "三只耳朵分别接收不同气泡：第一只耳朵旁光线条汇聚成模块形状，第二只耳朵旁抽象公式符号旋转，第三只耳朵旁锁链缠绕齿轮",
        "enterEffect": "slideBottom",
        "tone": "alert",
        "showFrom": 1
      },
      {
        "imageSrc": "火炉上大锅沸腾，锅里有金币跳跃，蒸汽升腾，红色警报色调",
        "enterEffect": "slideBottom",
        "tone": "alert",
        "showFrom": 4
      }
    ]
  }
}
-------------------------------------------------------------------------------------------

======================================== REQUEST ========================================
time: 2026-06-07 01:07:23
provider: deepseek
model: deepseek-v4-pro
retries: 3

[PROMPT]
你是短视频字幕与画面细节处理专家。请把指定台词细化为字模显示参数。


## 完整段落上下文（仅供理解整体语境，判断当前句子的重要性）
真正伤害中国科技的，也正是这里。

第一，它伤害求真文化。

科技进步，靠承认差距。靠长期死磕。靠把问题拆细。不是靠把短板改名。

先进制程受限，那就诚实说受限。芯片设计软件不足，那就补设计软件。材料不够，那就补材料。光刻难，那就攻光刻。

最怕的是：问题还没解决。口号先胜利了。

第二，它误导资源配置。

资本市场最爱听故事。一听光模块。一听韬定律。一听改写规则。资金就开始沸腾。

可钱一旦被叙事带跑。真正慢的硬骨头，就没人愿意啃。

基础软件慢。材料验证慢。工艺爬坡慢。人才培养慢。但这些慢东西，才是真科技。

概念涨停，不等于产业突破。市值沸腾，不等于晶圆良率。

第三，它制造道德绑架。

正常的技术质疑，很容易被扣帽子。你说散热难，有人说你不支持国产。你说良率低，有人说你递刀子。你说概念包装，有人说你崇洋媚外。

这就完了。科学讨论一旦饭圈化。专家会沉默。工程师会沉默。投资人会装懂。

最后，所有人都在演。没有人敢说真话。

第四，它抬高外部警惕。

你天天宣传自己突破封锁。天天说绕过光刻机。天天说改写全球规则。外部会怎么反应？

他们不会替你高兴。他们只会加码封锁。

真实能力还没到。战略压力先拉满。

这不是强国叙事。这是把自己架到火上烤。


## 🎯 待处理的目标文案
可钱一旦被叙事带跑。真正慢的硬骨头，就没人愿意啃。

## 目标文案content的数组结构
生成模板参数时，format为content_index的字段依据此数组选择匹配的索引，用于决定相应内容出现在动画中的时机

[
  {
    "index": 0,
    "text": "可钱一旦被叙事带跑。"
  },
  {
    "index": 1,
    "text": "真正慢的硬骨头，"
  },
  {
    "index": 2,
    "text": "就没人愿意啃。"
  }
]


## 选定模板及参数规范

模板名称：TEXT_FOCUS

参数 Schema 说明：

{
  "type": "object",
  "properties": {
    "coreSentence": {
      "type": "array",
      "minItems": 1,
      "description": "大屏核心文案，每元素一行：可为 string，或 { text, showFrom, endFrom? }；showFrom/endFrom 为 content 下标（0-based），非帧数：在该条 startFrame 显现；可选 endFrom 表示在该条播完（startFrame+durationFrames）后起淡出。纯 string 等价于 showFrom=0、无 endFrom。锚点校验时各段 text 按顺序直接拼接（无分隔符）。",
      "items": {
        "oneOf": [
          {
            "type": "string"
          },
          {
            "type": "object",
            "required": [
              "text",
              "showFrom"
            ],
            "properties": {
              "text": {
                "type": "string",
                "description": "该行大屏文案"
              },
              "showFrom": {
                "type": "integer",
                "format": "content_index",
                "description": "content 下标（0-based），非帧数"
              },
              "endFrom": {
                "type": "integer",
                "format": "content_index",
                "description": "可选；content 下标（0-based），非帧数；该行在对应条字幕结束帧（startFrame+durationFrames）起淡出"
              }
            }
          }
        ]
      }
    },
    "coreSentenceAnchors": {
      "type": "array",
      "description": "可选；在 coreSentence 各段拼接后的全文内按顺序高亮子串。每项 coreSentenceAnchor 须为该拼接串的子串，否则会被校验丢弃",
      "items": {
        "type": "object",
        "required": [
          "coreSentenceAnchor"
        ],
        "properties": {
          "coreSentenceAnchor": {
            "type": "string",
            "description": "要高亮的子串，须出现在各 coreSentence 段拼接后的全文内"
          },
          "color": {
            "type": "string",
            "description": "高亮颜色，省略时默认强调色"
          }
        }
      }
    }
  },
  "required": [
    "coreSentence"
  ]
}

// 口播条数（已由程序写入 CONTENT_STR，勿在 param 中输出 content）：口播分句至多 3 条（超出会被校验器告警）


模板该项的示例供参考：

{
  "template": "TEXT_FOCUS",
  "param": {
    "coreSentence": [
      {
        "text": "承认自己“可能错了”并不是一种软弱",
        "showFrom": 0,
        "endFrom": 0
      },
      {
        "text": "而是成长的开始",
        "showFrom": 1,
        "endFrom": 1
      }
    ],
    "coreSentenceAnchors": [
      {
        "coreSentenceAnchor": "可能错了",
        "color": "red"
      }
    ]
  }
}


注意：如果该模板生成的参数包含图片视觉描述（如 imageSrc / leftSrc / rightSrc 等等），请只描述纯视觉场景与动作，绝不要包含任何文字、标语或注音。


## 其他通用说明
1. 锚点（Anchor）— 克制与高价值（适用于 SCHEMA 或上文允许出现锚点/高亮时）：
   - 多数句子应**无锚点**；拿不准就留空或 `[]`，避免满屏高亮。
   - 如果一定需要锚点，只选**整段里真正的高潮、反转或核心名词**（宜 2～4 字、有记忆点）；平庸词、铺垫句不要做成锚点。
   - 颜色建议：`#EF4444`（警示/反转/负面/结论）、`#000000`（事实/术语/数据）。动画 `anim`：`spring` | `slideUp` | `popIn` | `highlight`。
   - 音效可选(仅写在锚点对象上的 `audioEffect`)：`impact_thud` | `ping` | `woosh`

2. 视觉标题与字幕分离（仅当 SCHEMA 要求 `notText` / `butText` / `conceptName`、或 DOS_AND_DONTS 的 `left.label` / `right.label` 等时）：

   - 填**极简关键词（约 2～6 字）**，禁止把整句台词搬进标题字段。



## 输出格式（严格 JSON，不要 markdown 代码块）
补全当前模板的param,非数组：
{ "param": { ... } }

===========================================================================================
---------------------------------------- RESPONSE ----------------------------------------
time: 2026-06-07 01:07:47
attempt: 1/3

[OUTPUT]
{
  "param": {
    "coreSentence": [
      {
        "text": "可钱一旦被叙事带跑。",
        "showFrom": 0
      },
      {
        "text": "真正慢的硬骨头，",
        "showFrom": 1
      },
      {
        "text": "就没人愿意啃。",
        "showFrom": 2
      }
    ],
    "coreSentenceAnchors": [
      {
        "coreSentenceAnchor": "硬骨头",
        "color": "#EF4444"
      }
    ]
  }
}
-------------------------------------------------------------------------------------------

======================================== REQUEST ========================================
time: 2026-06-07 01:07:47
provider: deepseek
model: deepseek-v4-pro
retries: 3

[PROMPT]
你是短视频字幕与画面细节处理专家。请把指定台词细化为字模显示参数。


## 完整段落上下文（仅供理解整体语境，判断当前句子的重要性）
真正伤害中国科技的，也正是这里。

第一，它伤害求真文化。

科技进步，靠承认差距。靠长期死磕。靠把问题拆细。不是靠把短板改名。

先进制程受限，那就诚实说受限。芯片设计软件不足，那就补设计软件。材料不够，那就补材料。光刻难，那就攻光刻。

最怕的是：问题还没解决。口号先胜利了。

第二，它误导资源配置。

资本市场最爱听故事。一听光模块。一听韬定律。一听改写规则。资金就开始沸腾。

可钱一旦被叙事带跑。真正慢的硬骨头，就没人愿意啃。

基础软件慢。材料验证慢。工艺爬坡慢。人才培养慢。但这些慢东西，才是真科技。

概念涨停，不等于产业突破。市值沸腾，不等于晶圆良率。

第三，它制造道德绑架。

正常的技术质疑，很容易被扣帽子。你说散热难，有人说你不支持国产。你说良率低，有人说你递刀子。你说概念包装，有人说你崇洋媚外。

这就完了。科学讨论一旦饭圈化。专家会沉默。工程师会沉默。投资人会装懂。

最后，所有人都在演。没有人敢说真话。

第四，它抬高外部警惕。

你天天宣传自己突破封锁。天天说绕过光刻机。天天说改写全球规则。外部会怎么反应？

他们不会替你高兴。他们只会加码封锁。

真实能力还没到。战略压力先拉满。

这不是强国叙事。这是把自己架到火上烤。


## 🎯 待处理的目标文案
基础软件慢。材料验证慢。工艺爬坡慢。人才培养慢。

## 目标文案content的数组结构
生成模板参数时，format为content_index的字段依据此数组选择匹配的索引，用于决定相应内容出现在动画中的时机

[
  {
    "index": 0,
    "text": "基础软件慢。"
  },
  {
    "index": 1,
    "text": "材料验证慢。"
  },
  {
    "index": 2,
    "text": "工艺爬坡慢。"
  },
  {
    "index": 3,
    "text": "人才培养慢。"
  }
]


## 选定模板及参数规范

模板名称：PANEL_GRID

参数 Schema 说明：

{
  "type": "object",
  "properties": {
    "panels": {
      "type": "array",
      "minItems": 2,
      "maxItems": 6,
      "description": "宫格配图；showFrom 为 content 下标（0-based），在该条 startFrame 显现",
      "items": {
        "type": "object",
        "required": [
          "src",
          "showFrom"
        ],
        "properties": {
          "src": {
            "type": "string",
            "format": "image_prompt",
            "description": "该宫格配图提示词"
          },
          "showFrom": {
            "type": "integer",
            "format": "content_index",
            "description": "content 下标（0-based），非帧数"
          },
          "position": {
            "type": "string",
            "enum": [
              "center",
              "left",
              "right",
              "top",
              "bottom"
            ],
            "description": "可选；弱提示，布局以宫格为准"
          },
          "enterEffect": {
            "type": "string",
            "enum": [
              "breathe",
              "slideLeft",
              "slideBottom",
              "zoomIn",
              "fadeIn"
            ],
            "default": "fadeIn"
          }
        }
      }
    }
  },
  "required": [
    "panels"
  ]
}

// 口播条数（已由程序写入 CONTENT_STR，勿在 param 中输出 content）：口播分句（item.content）至少 2 条；口播分句至多 8 条（超出会被校验器告警）


模板该项的示例供参考：

{
  "template": "PANEL_GRID",
  "param": {
    "panels": [
      {
        "src": "问号堵住去路的简笔画",
        "showFrom": 0,
        "enterEffect": "zoomIn"
      },
      {
        "src": "放大镜只看一角的简笔画",
        "showFrom": 1
      },
      {
        "src": "两人各执一词的简笔画",
        "showFrom": 2
      }
    ]
  }
}


注意：如果该模板生成的参数包含图片视觉描述（如 imageSrc / leftSrc / rightSrc 等等），请只描述纯视觉场景与动作，绝不要包含任何文字、标语或注音。


## 其他通用说明
1. 锚点（Anchor）— 克制与高价值（适用于 SCHEMA 或上文允许出现锚点/高亮时）：
   - 多数句子应**无锚点**；拿不准就留空或 `[]`，避免满屏高亮。
   - 如果一定需要锚点，只选**整段里真正的高潮、反转或核心名词**（宜 2～4 字、有记忆点）；平庸词、铺垫句不要做成锚点。
   - 颜色建议：`#EF4444`（警示/反转/负面/结论）、`#000000`（事实/术语/数据）。动画 `anim`：`spring` | `slideUp` | `popIn` | `highlight`。
   - 音效可选(仅写在锚点对象上的 `audioEffect`)：`impact_thud` | `ping` | `woosh`

2. 视觉标题与字幕分离（仅当 SCHEMA 要求 `notText` / `butText` / `conceptName`、或 DOS_AND_DONTS 的 `left.label` / `right.label` 等时）：

   - 填**极简关键词（约 2～6 字）**，禁止把整句台词搬进标题字段。



## 输出格式（严格 JSON，不要 markdown 代码块）
补全当前模板的param,非数组：
{ "param": { ... } }

===========================================================================================
---------------------------------------- RESPONSE ----------------------------------------
time: 2026-06-07 01:08:02
attempt: 1/3

[OUTPUT]
{
  "param": {
    "panels": [
      {
        "src": "一只蜗牛在布满电路和代码符号的路径上缓慢爬行，前景有键盘和屏幕，柔和光线，微距特写",
        "showFrom": 0,
        "enterEffect": "zoomIn"
      },
      {
        "src": "实验室里，研究员反复调整显微镜观察材料样本，桌上散落烧杯和图表，时钟指针缓慢转动",
        "showFrom": 1,
        "enterEffect": "slideLeft"
      },
      {
        "src": "工业厂房内，生产线缓慢上升，传送带上产品稀少，工程师检查仪表，温度曲线平缓",
        "showFrom": 2,
        "enterEffect": "fadeIn"
      },
      {
        "src": "一棵小树苗在书堆和黑板前缓慢生长，浇水的手若隐若现，柔光，象征人才培养的漫长",
        "showFrom": 3,
        "enterEffect": "slideBottom"
      }
    ]
  }
}
-------------------------------------------------------------------------------------------

======================================== REQUEST ========================================
time: 2026-06-07 01:08:02
provider: deepseek
model: deepseek-v4-pro
retries: 3

[PROMPT]
你是短视频字幕与画面细节处理专家。请把指定台词细化为字模显示参数。


## 完整段落上下文（仅供理解整体语境，判断当前句子的重要性）
真正伤害中国科技的，也正是这里。

第一，它伤害求真文化。

科技进步，靠承认差距。靠长期死磕。靠把问题拆细。不是靠把短板改名。

先进制程受限，那就诚实说受限。芯片设计软件不足，那就补设计软件。材料不够，那就补材料。光刻难，那就攻光刻。

最怕的是：问题还没解决。口号先胜利了。

第二，它误导资源配置。

资本市场最爱听故事。一听光模块。一听韬定律。一听改写规则。资金就开始沸腾。

可钱一旦被叙事带跑。真正慢的硬骨头，就没人愿意啃。

基础软件慢。材料验证慢。工艺爬坡慢。人才培养慢。但这些慢东西，才是真科技。

概念涨停，不等于产业突破。市值沸腾，不等于晶圆良率。

第三，它制造道德绑架。

正常的技术质疑，很容易被扣帽子。你说散热难，有人说你不支持国产。你说良率低，有人说你递刀子。你说概念包装，有人说你崇洋媚外。

这就完了。科学讨论一旦饭圈化。专家会沉默。工程师会沉默。投资人会装懂。

最后，所有人都在演。没有人敢说真话。

第四，它抬高外部警惕。

你天天宣传自己突破封锁。天天说绕过光刻机。天天说改写全球规则。外部会怎么反应？

他们不会替你高兴。他们只会加码封锁。

真实能力还没到。战略压力先拉满。

这不是强国叙事。这是把自己架到火上烤。


## 🎯 待处理的目标文案
但这些慢东西，才是真科技。

## 目标文案content的数组结构
生成模板参数时，format为content_index的字段依据此数组选择匹配的索引，用于决定相应内容出现在动画中的时机

[
  {
    "index": 0,
    "text": "但这些慢东西，"
  },
  {
    "index": 1,
    "text": "才是真科技。"
  }
]


## 选定模板及参数规范

模板名称：TEXT_FOCUS

参数 Schema 说明：

{
  "type": "object",
  "properties": {
    "coreSentence": {
      "type": "array",
      "minItems": 1,
      "description": "大屏核心文案，每元素一行：可为 string，或 { text, showFrom, endFrom? }；showFrom/endFrom 为 content 下标（0-based），非帧数：在该条 startFrame 显现；可选 endFrom 表示在该条播完（startFrame+durationFrames）后起淡出。纯 string 等价于 showFrom=0、无 endFrom。锚点校验时各段 text 按顺序直接拼接（无分隔符）。",
      "items": {
        "oneOf": [
          {
            "type": "string"
          },
          {
            "type": "object",
            "required": [
              "text",
              "showFrom"
            ],
            "properties": {
              "text": {
                "type": "string",
                "description": "该行大屏文案"
              },
              "showFrom": {
                "type": "integer",
                "format": "content_index",
                "description": "content 下标（0-based），非帧数"
              },
              "endFrom": {
                "type": "integer",
                "format": "content_index",
                "description": "可选；content 下标（0-based），非帧数；该行在对应条字幕结束帧（startFrame+durationFrames）起淡出"
              }
            }
          }
        ]
      }
    },
    "coreSentenceAnchors": {
      "type": "array",
      "description": "可选；在 coreSentence 各段拼接后的全文内按顺序高亮子串。每项 coreSentenceAnchor 须为该拼接串的子串，否则会被校验丢弃",
      "items": {
        "type": "object",
        "required": [
          "coreSentenceAnchor"
        ],
        "properties": {
          "coreSentenceAnchor": {
            "type": "string",
            "description": "要高亮的子串，须出现在各 coreSentence 段拼接后的全文内"
          },
          "color": {
            "type": "string",
            "description": "高亮颜色，省略时默认强调色"
          }
        }
      }
    }
  },
  "required": [
    "coreSentence"
  ]
}

// 口播条数（已由程序写入 CONTENT_STR，勿在 param 中输出 content）：口播分句至多 3 条（超出会被校验器告警）


模板该项的示例供参考：

{
  "template": "TEXT_FOCUS",
  "param": {
    "coreSentence": [
      {
        "text": "承认自己“可能错了”并不是一种软弱",
        "showFrom": 0,
        "endFrom": 0
      },
      {
        "text": "而是成长的开始",
        "showFrom": 1,
        "endFrom": 1
      }
    ],
    "coreSentenceAnchors": [
      {
        "coreSentenceAnchor": "可能错了",
        "color": "red"
      }
    ]
  }
}


注意：如果该模板生成的参数包含图片视觉描述（如 imageSrc / leftSrc / rightSrc 等等），请只描述纯视觉场景与动作，绝不要包含任何文字、标语或注音。


## 其他通用说明
1. 锚点（Anchor）— 克制与高价值（适用于 SCHEMA 或上文允许出现锚点/高亮时）：
   - 多数句子应**无锚点**；拿不准就留空或 `[]`，避免满屏高亮。
   - 如果一定需要锚点，只选**整段里真正的高潮、反转或核心名词**（宜 2～4 字、有记忆点）；平庸词、铺垫句不要做成锚点。
   - 颜色建议：`#EF4444`（警示/反转/负面/结论）、`#000000`（事实/术语/数据）。动画 `anim`：`spring` | `slideUp` | `popIn` | `highlight`。
   - 音效可选(仅写在锚点对象上的 `audioEffect`)：`impact_thud` | `ping` | `woosh`

2. 视觉标题与字幕分离（仅当 SCHEMA 要求 `notText` / `butText` / `conceptName`、或 DOS_AND_DONTS 的 `left.label` / `right.label` 等时）：

   - 填**极简关键词（约 2～6 字）**，禁止把整句台词搬进标题字段。



## 输出格式（严格 JSON，不要 markdown 代码块）
补全当前模板的param,非数组：
{ "param": { ... } }

===========================================================================================
---------------------------------------- RESPONSE ----------------------------------------
time: 2026-06-07 01:08:05
attempt: 1/3

[OUTPUT]
{
  "param": {
    "coreSentence": [
      {
        "text": "但这些慢东西，",
        "showFrom": 0,
        "endFrom": 0
      },
      {
        "text": "才是真科技。",
        "showFrom": 1,
        "endFrom": 1
      }
    ],
    "coreSentenceAnchors": []
  }
}
-------------------------------------------------------------------------------------------

======================================== REQUEST ========================================
time: 2026-06-07 01:08:05
provider: deepseek
model: deepseek-v4-pro
retries: 3

[PROMPT]
你是短视频字幕与画面细节处理专家。请把指定台词细化为字模显示参数。


## 完整段落上下文（仅供理解整体语境，判断当前句子的重要性）
真正伤害中国科技的，也正是这里。

第一，它伤害求真文化。

科技进步，靠承认差距。靠长期死磕。靠把问题拆细。不是靠把短板改名。

先进制程受限，那就诚实说受限。芯片设计软件不足，那就补设计软件。材料不够，那就补材料。光刻难，那就攻光刻。

最怕的是：问题还没解决。口号先胜利了。

第二，它误导资源配置。

资本市场最爱听故事。一听光模块。一听韬定律。一听改写规则。资金就开始沸腾。

可钱一旦被叙事带跑。真正慢的硬骨头，就没人愿意啃。

基础软件慢。材料验证慢。工艺爬坡慢。人才培养慢。但这些慢东西，才是真科技。

概念涨停，不等于产业突破。市值沸腾，不等于晶圆良率。

第三，它制造道德绑架。

正常的技术质疑，很容易被扣帽子。你说散热难，有人说你不支持国产。你说良率低，有人说你递刀子。你说概念包装，有人说你崇洋媚外。

这就完了。科学讨论一旦饭圈化。专家会沉默。工程师会沉默。投资人会装懂。

最后，所有人都在演。没有人敢说真话。

第四，它抬高外部警惕。

你天天宣传自己突破封锁。天天说绕过光刻机。天天说改写全球规则。外部会怎么反应？

他们不会替你高兴。他们只会加码封锁。

真实能力还没到。战略压力先拉满。

这不是强国叙事。这是把自己架到火上烤。


## 🎯 待处理的目标文案
概念涨停，不等于产业突破。市值沸腾，不等于晶圆良率。

## 目标文案content的数组结构
生成模板参数时，format为content_index的字段依据此数组选择匹配的索引，用于决定相应内容出现在动画中的时机

[
  {
    "index": 0,
    "text": "概念涨停，"
  },
  {
    "index": 1,
    "text": "不等于产业突破。"
  },
  {
    "index": 2,
    "text": "市值沸腾，"
  },
  {
    "index": 3,
    "text": "不等于晶圆良率。"
  }
]


## 选定模板及参数规范

模板名称：COGNITIVE_SHIFT

参数 Schema 说明：

{
  "type": "object",
  "properties": {
    "notText": {
      "type": "string",
      "description": "被否认知（‘不是’后面的内容）的精炼短句，不超过12个字，"
    },
    "butText": {
      "type": "string",
      "description": "真实认知（‘而是’后面的内容）的精炼短句，不超过12个字"
    },
    "butSrc": {
      "type": "string",
      "format": "image_prompt",
      "description": "真实认知的配图"
    },
    "notContentIndex": {
      "type": "integer",
      "format": "content_index",
      "description": "触发「不是」动画的字幕段索引（默认 0）"
    },
    "butContentIndex": {
      "type": "integer",
      "format": "content_index",
      "description": "触发「而是」动画的字幕段索引（默认 1）"
    }
  },
  "required": [
    "notText",
    "butText"
  ]
}


模板该项的示例供参考：

{
  "template": "COGNITIVE_SHIFT",
  "content": [
    "我们都不应该靠勤奋拼命",
    "我们都应该是靠认知和选择",
    "这样我才能成功"
  ],
  "param": {
    "notText": "靠勤奋拼命",
    "butText": "靠认知和选择",
    "butSrc": "站在高处看地图的思考者",
    "notContentIndex": 0,
    "butContentIndex": 1
  }
}


注意：如果该模板生成的参数包含图片视觉描述（如 imageSrc / leftSrc / rightSrc 等等），请只描述纯视觉场景与动作，绝不要包含任何文字、标语或注音。


## 其他通用说明
1. 锚点（Anchor）— 克制与高价值（适用于 SCHEMA 或上文允许出现锚点/高亮时）：
   - 多数句子应**无锚点**；拿不准就留空或 `[]`，避免满屏高亮。
   - 如果一定需要锚点，只选**整段里真正的高潮、反转或核心名词**（宜 2～4 字、有记忆点）；平庸词、铺垫句不要做成锚点。
   - 颜色建议：`#EF4444`（警示/反转/负面/结论）、`#000000`（事实/术语/数据）。动画 `anim`：`spring` | `slideUp` | `popIn` | `highlight`。
   - 音效可选(仅写在锚点对象上的 `audioEffect`)：`impact_thud` | `ping` | `woosh`

2. 视觉标题与字幕分离（仅当 SCHEMA 要求 `notText` / `butText` / `conceptName`、或 DOS_AND_DONTS 的 `left.label` / `right.label` 等时）：

   - 填**极简关键词（约 2～6 字）**，禁止把整句台词搬进标题字段。



## 输出格式（严格 JSON，不要 markdown 代码块）
补全当前模板的param,非数组：
{ "param": { ... } }

===========================================================================================
---------------------------------------- RESPONSE ----------------------------------------
time: 2026-06-07 01:08:36
attempt: 1/3

[OUTPUT]
{
  "param": {
    "notText": "概念涨停",
    "butText": "产业突破",
    "butSrc": "一个半导体洁净室中，身穿洁净服的工程师在操作光刻机，镜头特写晶圆片上的精密电路，良率检测仪显示高数值",
    "notContentIndex": 0,
    "butContentIndex": 1
  }
}
-------------------------------------------------------------------------------------------

======================================== REQUEST ========================================
time: 2026-06-07 01:08:36
provider: deepseek
model: deepseek-v4-pro
retries: 3

[PROMPT]
你是短视频字幕与画面细节处理专家。请把指定台词细化为字模显示参数。


## 完整段落上下文（仅供理解整体语境，判断当前句子的重要性）
真正伤害中国科技的，也正是这里。

第一，它伤害求真文化。

科技进步，靠承认差距。靠长期死磕。靠把问题拆细。不是靠把短板改名。

先进制程受限，那就诚实说受限。芯片设计软件不足，那就补设计软件。材料不够，那就补材料。光刻难，那就攻光刻。

最怕的是：问题还没解决。口号先胜利了。

第二，它误导资源配置。

资本市场最爱听故事。一听光模块。一听韬定律。一听改写规则。资金就开始沸腾。

可钱一旦被叙事带跑。真正慢的硬骨头，就没人愿意啃。

基础软件慢。材料验证慢。工艺爬坡慢。人才培养慢。但这些慢东西，才是真科技。

概念涨停，不等于产业突破。市值沸腾，不等于晶圆良率。

第三，它制造道德绑架。

正常的技术质疑，很容易被扣帽子。你说散热难，有人说你不支持国产。你说良率低，有人说你递刀子。你说概念包装，有人说你崇洋媚外。

这就完了。科学讨论一旦饭圈化。专家会沉默。工程师会沉默。投资人会装懂。

最后，所有人都在演。没有人敢说真话。

第四，它抬高外部警惕。

你天天宣传自己突破封锁。天天说绕过光刻机。天天说改写全球规则。外部会怎么反应？

他们不会替你高兴。他们只会加码封锁。

真实能力还没到。战略压力先拉满。

这不是强国叙事。这是把自己架到火上烤。


## 🎯 待处理的目标文案
第三，它制造道德绑架。

## 目标文案content的数组结构
生成模板参数时，format为content_index的字段依据此数组选择匹配的索引，用于决定相应内容出现在动画中的时机

[
  {
    "index": 0,
    "text": "第三，"
  },
  {
    "index": 1,
    "text": "它制造道德绑架。"
  }
]


## 选定模板及参数规范

模板名称：CENTER_FOCUS

参数 Schema 说明：

{
  "type": "object",
  "properties": {
    "imageSrc": {
      "type": "string",
      "format": "image_prompt",
      "description": "主图描述"
    },
    "enterEffect": {
      "type": "string",
      "enum": [
        "fadeIn",
        "slideLeft",
        "slideBottom",
        "zoomIn"
      ],
      "default": "fadeIn",
      "description": "图片入场方式（breathe 呼吸效果始终常驻，无需指定）"
    },
    "anchors": {
      "type": "array",
      "description": "可选；用于锚点词展示（顶部依次出现并保留为列表），并绑定锚点出现时机的音效。showFrom 须落在当前 content 条数范围内。注意 **保持克制，尽量少设置锚点** 只提取整段里真正的高潮、反转或核心名词",
      "items": {
        "type": "object",
        "required": [
          "text",
          "showFrom"
        ],
        "properties": {
          "text": {
            "type": "string",
            "description": "要展示的锚点词"
          },
          "showFrom": {
            "type": "integer",
            "format": "content_index",
            "description": "content 数组下标（0-based），非帧数；合法范围 0～(content 条数-1)，超出会被校验丢弃"
          },
          "color": {
            "type": "string"
          },
          "anim": {
            "type": "string",
            "enum": [
              "spring",
              "slideUp",
              "popIn",
              "highlight"
            ]
          },
          "audioEffect": {
            "type": "string",
            "enum": [
              "impact_thud",
              "ping",
              "woosh"
            ]
          }
        }
      }
    }
  },
  "required": [
    "imageSrc"
  ]
}


模板该项的示例供参考：

{
  "template": "CENTER_FOCUS",
  "param": {
    "imageSrc": "上班族坐在电脑前的简笔画图标",
    "enterEffect": "fadeIn",
    "anchors": [
      {
        "text": "可得性启发",
        "showFrom": 0,
        "color": "red"
      }
    ]
  }
}


注意：如果该模板生成的参数包含图片视觉描述（如 imageSrc / leftSrc / rightSrc 等等），请只描述纯视觉场景与动作，绝不要包含任何文字、标语或注音。


## 其他通用说明
1. 锚点（Anchor）— 克制与高价值（适用于 SCHEMA 或上文允许出现锚点/高亮时）：
   - 多数句子应**无锚点**；拿不准就留空或 `[]`，避免满屏高亮。
   - 如果一定需要锚点，只选**整段里真正的高潮、反转或核心名词**（宜 2～4 字、有记忆点）；平庸词、铺垫句不要做成锚点。
   - 颜色建议：`#EF4444`（警示/反转/负面/结论）、`#000000`（事实/术语/数据）。动画 `anim`：`spring` | `slideUp` | `popIn` | `highlight`。
   - 音效可选(仅写在锚点对象上的 `audioEffect`)：`impact_thud` | `ping` | `woosh`

2. 视觉标题与字幕分离（仅当 SCHEMA 要求 `notText` / `butText` / `conceptName`、或 DOS_AND_DONTS 的 `left.label` / `right.label` 等时）：

   - 填**极简关键词（约 2～6 字）**，禁止把整句台词搬进标题字段。



## 输出格式（严格 JSON，不要 markdown 代码块）
补全当前模板的param,非数组：
{ "param": { ... } }

===========================================================================================
---------------------------------------- RESPONSE ----------------------------------------
time: 2026-06-07 01:08:42
attempt: 1/3

[OUTPUT]
{"param": {"imageSrc": "一只手指指向一个被锁链束缚的人影，背景暗红，光影压抑", "enterEffect": "fadeIn"}}
-------------------------------------------------------------------------------------------

======================================== REQUEST ========================================
time: 2026-06-07 01:08:42
provider: deepseek
model: deepseek-v4-pro
retries: 3

[PROMPT]
你是短视频字幕与画面细节处理专家。请把指定台词细化为字模显示参数。


## 完整段落上下文（仅供理解整体语境，判断当前句子的重要性）
真正伤害中国科技的，也正是这里。

第一，它伤害求真文化。

科技进步，靠承认差距。靠长期死磕。靠把问题拆细。不是靠把短板改名。

先进制程受限，那就诚实说受限。芯片设计软件不足，那就补设计软件。材料不够，那就补材料。光刻难，那就攻光刻。

最怕的是：问题还没解决。口号先胜利了。

第二，它误导资源配置。

资本市场最爱听故事。一听光模块。一听韬定律。一听改写规则。资金就开始沸腾。

可钱一旦被叙事带跑。真正慢的硬骨头，就没人愿意啃。

基础软件慢。材料验证慢。工艺爬坡慢。人才培养慢。但这些慢东西，才是真科技。

概念涨停，不等于产业突破。市值沸腾，不等于晶圆良率。

第三，它制造道德绑架。

正常的技术质疑，很容易被扣帽子。你说散热难，有人说你不支持国产。你说良率低，有人说你递刀子。你说概念包装，有人说你崇洋媚外。

这就完了。科学讨论一旦饭圈化。专家会沉默。工程师会沉默。投资人会装懂。

最后，所有人都在演。没有人敢说真话。

第四，它抬高外部警惕。

你天天宣传自己突破封锁。天天说绕过光刻机。天天说改写全球规则。外部会怎么反应？

他们不会替你高兴。他们只会加码封锁。

真实能力还没到。战略压力先拉满。

这不是强国叙事。这是把自己架到火上烤。


## 🎯 待处理的目标文案
正常的技术质疑，很容易被扣帽子。

## 目标文案content的数组结构
生成模板参数时，format为content_index的字段依据此数组选择匹配的索引，用于决定相应内容出现在动画中的时机

[
  {
    "index": 0,
    "text": "正常的技术质疑，"
  },
  {
    "index": 1,
    "text": "很容易被扣帽子。"
  }
]


## 选定模板及参数规范

模板名称：TEXT_FOCUS

参数 Schema 说明：

{
  "type": "object",
  "properties": {
    "coreSentence": {
      "type": "array",
      "minItems": 1,
      "description": "大屏核心文案，每元素一行：可为 string，或 { text, showFrom, endFrom? }；showFrom/endFrom 为 content 下标（0-based），非帧数：在该条 startFrame 显现；可选 endFrom 表示在该条播完（startFrame+durationFrames）后起淡出。纯 string 等价于 showFrom=0、无 endFrom。锚点校验时各段 text 按顺序直接拼接（无分隔符）。",
      "items": {
        "oneOf": [
          {
            "type": "string"
          },
          {
            "type": "object",
            "required": [
              "text",
              "showFrom"
            ],
            "properties": {
              "text": {
                "type": "string",
                "description": "该行大屏文案"
              },
              "showFrom": {
                "type": "integer",
                "format": "content_index",
                "description": "content 下标（0-based），非帧数"
              },
              "endFrom": {
                "type": "integer",
                "format": "content_index",
                "description": "可选；content 下标（0-based），非帧数；该行在对应条字幕结束帧（startFrame+durationFrames）起淡出"
              }
            }
          }
        ]
      }
    },
    "coreSentenceAnchors": {
      "type": "array",
      "description": "可选；在 coreSentence 各段拼接后的全文内按顺序高亮子串。每项 coreSentenceAnchor 须为该拼接串的子串，否则会被校验丢弃",
      "items": {
        "type": "object",
        "required": [
          "coreSentenceAnchor"
        ],
        "properties": {
          "coreSentenceAnchor": {
            "type": "string",
            "description": "要高亮的子串，须出现在各 coreSentence 段拼接后的全文内"
          },
          "color": {
            "type": "string",
            "description": "高亮颜色，省略时默认强调色"
          }
        }
      }
    }
  },
  "required": [
    "coreSentence"
  ]
}

// 口播条数（已由程序写入 CONTENT_STR，勿在 param 中输出 content）：口播分句至多 3 条（超出会被校验器告警）


模板该项的示例供参考：

{
  "template": "TEXT_FOCUS",
  "param": {
    "coreSentence": [
      {
        "text": "承认自己“可能错了”并不是一种软弱",
        "showFrom": 0,
        "endFrom": 0
      },
      {
        "text": "而是成长的开始",
        "showFrom": 1,
        "endFrom": 1
      }
    ],
    "coreSentenceAnchors": [
      {
        "coreSentenceAnchor": "可能错了",
        "color": "red"
      }
    ]
  }
}


注意：如果该模板生成的参数包含图片视觉描述（如 imageSrc / leftSrc / rightSrc 等等），请只描述纯视觉场景与动作，绝不要包含任何文字、标语或注音。


## 其他通用说明
1. 锚点（Anchor）— 克制与高价值（适用于 SCHEMA 或上文允许出现锚点/高亮时）：
   - 多数句子应**无锚点**；拿不准就留空或 `[]`，避免满屏高亮。
   - 如果一定需要锚点，只选**整段里真正的高潮、反转或核心名词**（宜 2～4 字、有记忆点）；平庸词、铺垫句不要做成锚点。
   - 颜色建议：`#EF4444`（警示/反转/负面/结论）、`#000000`（事实/术语/数据）。动画 `anim`：`spring` | `slideUp` | `popIn` | `highlight`。
   - 音效可选(仅写在锚点对象上的 `audioEffect`)：`impact_thud` | `ping` | `woosh`

2. 视觉标题与字幕分离（仅当 SCHEMA 要求 `notText` / `butText` / `conceptName`、或 DOS_AND_DONTS 的 `left.label` / `right.label` 等时）：

   - 填**极简关键词（约 2～6 字）**，禁止把整句台词搬进标题字段。



## 输出格式（严格 JSON，不要 markdown 代码块）
补全当前模板的param,非数组：
{ "param": { ... } }

===========================================================================================
---------------------------------------- RESPONSE ----------------------------------------
time: 2026-06-07 01:08:56
attempt: 1/3

[OUTPUT]
{"param":{"coreSentence":[{"text":"正常的技术质疑，","showFrom":0,"endFrom":0},{"text":"很容易被扣帽子。","showFrom":1,"endFrom":1}]}}
-------------------------------------------------------------------------------------------

======================================== REQUEST ========================================
time: 2026-06-07 01:08:56
provider: deepseek
model: deepseek-v4-pro
retries: 3

[PROMPT]
你是短视频字幕与画面细节处理专家。请把指定台词细化为字模显示参数。


## 完整段落上下文（仅供理解整体语境，判断当前句子的重要性）
真正伤害中国科技的，也正是这里。

第一，它伤害求真文化。

科技进步，靠承认差距。靠长期死磕。靠把问题拆细。不是靠把短板改名。

先进制程受限，那就诚实说受限。芯片设计软件不足，那就补设计软件。材料不够，那就补材料。光刻难，那就攻光刻。

最怕的是：问题还没解决。口号先胜利了。

第二，它误导资源配置。

资本市场最爱听故事。一听光模块。一听韬定律。一听改写规则。资金就开始沸腾。

可钱一旦被叙事带跑。真正慢的硬骨头，就没人愿意啃。

基础软件慢。材料验证慢。工艺爬坡慢。人才培养慢。但这些慢东西，才是真科技。

概念涨停，不等于产业突破。市值沸腾，不等于晶圆良率。

第三，它制造道德绑架。

正常的技术质疑，很容易被扣帽子。你说散热难，有人说你不支持国产。你说良率低，有人说你递刀子。你说概念包装，有人说你崇洋媚外。

这就完了。科学讨论一旦饭圈化。专家会沉默。工程师会沉默。投资人会装懂。

最后，所有人都在演。没有人敢说真话。

第四，它抬高外部警惕。

你天天宣传自己突破封锁。天天说绕过光刻机。天天说改写全球规则。外部会怎么反应？

他们不会替你高兴。他们只会加码封锁。

真实能力还没到。战略压力先拉满。

这不是强国叙事。这是把自己架到火上烤。


## 🎯 待处理的目标文案
你说散热难，有人说你不支持国产。你说良率低，有人说你递刀子。你说概念包装，有人说你崇洋媚外。

## 目标文案content的数组结构
生成模板参数时，format为content_index的字段依据此数组选择匹配的索引，用于决定相应内容出现在动画中的时机

[
  {
    "index": 0,
    "text": "你说散热难，"
  },
  {
    "index": 1,
    "text": "有人说你不支持国产。"
  },
  {
    "index": 2,
    "text": "你说良率低，"
  },
  {
    "index": 3,
    "text": "有人说你递刀子。"
  },
  {
    "index": 4,
    "text": "你说概念包装，"
  },
  {
    "index": 5,
    "text": "有人说你崇洋媚外。"
  }
]


## 选定模板及参数规范

模板名称：PANEL_GRID

参数 Schema 说明：

{
  "type": "object",
  "properties": {
    "panels": {
      "type": "array",
      "minItems": 2,
      "maxItems": 6,
      "description": "宫格配图；showFrom 为 content 下标（0-based），在该条 startFrame 显现",
      "items": {
        "type": "object",
        "required": [
          "src",
          "showFrom"
        ],
        "properties": {
          "src": {
            "type": "string",
            "format": "image_prompt",
            "description": "该宫格配图提示词"
          },
          "showFrom": {
            "type": "integer",
            "format": "content_index",
            "description": "content 下标（0-based），非帧数"
          },
          "position": {
            "type": "string",
            "enum": [
              "center",
              "left",
              "right",
              "top",
              "bottom"
            ],
            "description": "可选；弱提示，布局以宫格为准"
          },
          "enterEffect": {
            "type": "string",
            "enum": [
              "breathe",
              "slideLeft",
              "slideBottom",
              "zoomIn",
              "fadeIn"
            ],
            "default": "fadeIn"
          }
        }
      }
    }
  },
  "required": [
    "panels"
  ]
}

// 口播条数（已由程序写入 CONTENT_STR，勿在 param 中输出 content）：口播分句（item.content）至少 2 条；口播分句至多 8 条（超出会被校验器告警）


模板该项的示例供参考：

{
  "template": "PANEL_GRID",
  "param": {
    "panels": [
      {
        "src": "问号堵住去路的简笔画",
        "showFrom": 0,
        "enterEffect": "zoomIn"
      },
      {
        "src": "放大镜只看一角的简笔画",
        "showFrom": 1
      },
      {
        "src": "两人各执一词的简笔画",
        "showFrom": 2
      }
    ]
  }
}


注意：如果该模板生成的参数包含图片视觉描述（如 imageSrc / leftSrc / rightSrc 等等），请只描述纯视觉场景与动作，绝不要包含任何文字、标语或注音。


## 其他通用说明
1. 锚点（Anchor）— 克制与高价值（适用于 SCHEMA 或上文允许出现锚点/高亮时）：
   - 多数句子应**无锚点**；拿不准就留空或 `[]`，避免满屏高亮。
   - 如果一定需要锚点，只选**整段里真正的高潮、反转或核心名词**（宜 2～4 字、有记忆点）；平庸词、铺垫句不要做成锚点。
   - 颜色建议：`#EF4444`（警示/反转/负面/结论）、`#000000`（事实/术语/数据）。动画 `anim`：`spring` | `slideUp` | `popIn` | `highlight`。
   - 音效可选(仅写在锚点对象上的 `audioEffect`)：`impact_thud` | `ping` | `woosh`

2. 视觉标题与字幕分离（仅当 SCHEMA 要求 `notText` / `butText` / `conceptName`、或 DOS_AND_DONTS 的 `left.label` / `right.label` 等时）：

   - 填**极简关键词（约 2～6 字）**，禁止把整句台词搬进标题字段。



## 输出格式（严格 JSON，不要 markdown 代码块）
补全当前模板的param,非数组：
{ "param": { ... } }

===========================================================================================
---------------------------------------- RESPONSE ----------------------------------------
time: 2026-06-07 01:09:03
attempt: 1/3

[OUTPUT]
{
  "param": {
    "panels": [
      {
        "src": "一人指出散热难题，另一人愤怒指责对方不支持国产的漫画场景",
        "showFrom": 0,
        "enterEffect": "zoomIn"
      },
      {
        "src": "一人指出良品率低，另一人凶狠指责对方递刀子的场景",
        "showFrom": 2,
        "enterEffect": "fadeIn"
      },
      {
        "src": "一人指出概念包装，另一人辱骂对方崇洋媚外的场景",
        "showFrom": 4,
        "enterEffect": "fadeIn"
      }
    ]
  }
}
-------------------------------------------------------------------------------------------

======================================== REQUEST ========================================
time: 2026-06-07 01:09:03
provider: deepseek
model: deepseek-v4-pro
retries: 3

[PROMPT]
你是短视频字幕与画面细节处理专家。请把指定台词细化为字模显示参数。


## 完整段落上下文（仅供理解整体语境，判断当前句子的重要性）
真正伤害中国科技的，也正是这里。

第一，它伤害求真文化。

科技进步，靠承认差距。靠长期死磕。靠把问题拆细。不是靠把短板改名。

先进制程受限，那就诚实说受限。芯片设计软件不足，那就补设计软件。材料不够，那就补材料。光刻难，那就攻光刻。

最怕的是：问题还没解决。口号先胜利了。

第二，它误导资源配置。

资本市场最爱听故事。一听光模块。一听韬定律。一听改写规则。资金就开始沸腾。

可钱一旦被叙事带跑。真正慢的硬骨头，就没人愿意啃。

基础软件慢。材料验证慢。工艺爬坡慢。人才培养慢。但这些慢东西，才是真科技。

概念涨停，不等于产业突破。市值沸腾，不等于晶圆良率。

第三，它制造道德绑架。

正常的技术质疑，很容易被扣帽子。你说散热难，有人说你不支持国产。你说良率低，有人说你递刀子。你说概念包装，有人说你崇洋媚外。

这就完了。科学讨论一旦饭圈化。专家会沉默。工程师会沉默。投资人会装懂。

最后，所有人都在演。没有人敢说真话。

第四，它抬高外部警惕。

你天天宣传自己突破封锁。天天说绕过光刻机。天天说改写全球规则。外部会怎么反应？

他们不会替你高兴。他们只会加码封锁。

真实能力还没到。战略压力先拉满。

这不是强国叙事。这是把自己架到火上烤。


## 🎯 待处理的目标文案
这就完了。

## 目标文案content的数组结构
生成模板参数时，format为content_index的字段依据此数组选择匹配的索引，用于决定相应内容出现在动画中的时机

[
  {
    "index": 0,
    "text": "这就完了。"
  }
]


## 选定模板及参数规范

模板名称：TEXT_FOCUS

参数 Schema 说明：

{
  "type": "object",
  "properties": {
    "coreSentence": {
      "type": "array",
      "minItems": 1,
      "description": "大屏核心文案，每元素一行：可为 string，或 { text, showFrom, endFrom? }；showFrom/endFrom 为 content 下标（0-based），非帧数：在该条 startFrame 显现；可选 endFrom 表示在该条播完（startFrame+durationFrames）后起淡出。纯 string 等价于 showFrom=0、无 endFrom。锚点校验时各段 text 按顺序直接拼接（无分隔符）。",
      "items": {
        "oneOf": [
          {
            "type": "string"
          },
          {
            "type": "object",
            "required": [
              "text",
              "showFrom"
            ],
            "properties": {
              "text": {
                "type": "string",
                "description": "该行大屏文案"
              },
              "showFrom": {
                "type": "integer",
                "format": "content_index",
                "description": "content 下标（0-based），非帧数"
              },
              "endFrom": {
                "type": "integer",
                "format": "content_index",
                "description": "可选；content 下标（0-based），非帧数；该行在对应条字幕结束帧（startFrame+durationFrames）起淡出"
              }
            }
          }
        ]
      }
    },
    "coreSentenceAnchors": {
      "type": "array",
      "description": "可选；在 coreSentence 各段拼接后的全文内按顺序高亮子串。每项 coreSentenceAnchor 须为该拼接串的子串，否则会被校验丢弃",
      "items": {
        "type": "object",
        "required": [
          "coreSentenceAnchor"
        ],
        "properties": {
          "coreSentenceAnchor": {
            "type": "string",
            "description": "要高亮的子串，须出现在各 coreSentence 段拼接后的全文内"
          },
          "color": {
            "type": "string",
            "description": "高亮颜色，省略时默认强调色"
          }
        }
      }
    }
  },
  "required": [
    "coreSentence"
  ]
}

// 口播条数（已由程序写入 CONTENT_STR，勿在 param 中输出 content）：口播分句至多 3 条（超出会被校验器告警）


模板该项的示例供参考：

{
  "template": "TEXT_FOCUS",
  "param": {
    "coreSentence": [
      {
        "text": "承认自己“可能错了”并不是一种软弱",
        "showFrom": 0,
        "endFrom": 0
      },
      {
        "text": "而是成长的开始",
        "showFrom": 1,
        "endFrom": 1
      }
    ],
    "coreSentenceAnchors": [
      {
        "coreSentenceAnchor": "可能错了",
        "color": "red"
      }
    ]
  }
}


注意：如果该模板生成的参数包含图片视觉描述（如 imageSrc / leftSrc / rightSrc 等等），请只描述纯视觉场景与动作，绝不要包含任何文字、标语或注音。


## 其他通用说明
1. 锚点（Anchor）— 克制与高价值（适用于 SCHEMA 或上文允许出现锚点/高亮时）：
   - 多数句子应**无锚点**；拿不准就留空或 `[]`，避免满屏高亮。
   - 如果一定需要锚点，只选**整段里真正的高潮、反转或核心名词**（宜 2～4 字、有记忆点）；平庸词、铺垫句不要做成锚点。
   - 颜色建议：`#EF4444`（警示/反转/负面/结论）、`#000000`（事实/术语/数据）。动画 `anim`：`spring` | `slideUp` | `popIn` | `highlight`。
   - 音效可选(仅写在锚点对象上的 `audioEffect`)：`impact_thud` | `ping` | `woosh`

2. 视觉标题与字幕分离（仅当 SCHEMA 要求 `notText` / `butText` / `conceptName`、或 DOS_AND_DONTS 的 `left.label` / `right.label` 等时）：

   - 填**极简关键词（约 2～6 字）**，禁止把整句台词搬进标题字段。



## 输出格式（严格 JSON，不要 markdown 代码块）
补全当前模板的param,非数组：
{ "param": { ... } }

===========================================================================================
---------------------------------------- RESPONSE ----------------------------------------
time: 2026-06-07 01:09:09
attempt: 1/3

[OUTPUT]
{ "param": { "coreSentence": [ { "text": "这就完了。", "showFrom": 0, "endFrom": 0 } ] } }
-------------------------------------------------------------------------------------------

======================================== REQUEST ========================================
time: 2026-06-07 01:09:09
provider: deepseek
model: deepseek-v4-pro
retries: 3

[PROMPT]
你是短视频字幕与画面细节处理专家。请把指定台词细化为字模显示参数。


## 完整段落上下文（仅供理解整体语境，判断当前句子的重要性）
真正伤害中国科技的，也正是这里。

第一，它伤害求真文化。

科技进步，靠承认差距。靠长期死磕。靠把问题拆细。不是靠把短板改名。

先进制程受限，那就诚实说受限。芯片设计软件不足，那就补设计软件。材料不够，那就补材料。光刻难，那就攻光刻。

最怕的是：问题还没解决。口号先胜利了。

第二，它误导资源配置。

资本市场最爱听故事。一听光模块。一听韬定律。一听改写规则。资金就开始沸腾。

可钱一旦被叙事带跑。真正慢的硬骨头，就没人愿意啃。

基础软件慢。材料验证慢。工艺爬坡慢。人才培养慢。但这些慢东西，才是真科技。

概念涨停，不等于产业突破。市值沸腾，不等于晶圆良率。

第三，它制造道德绑架。

正常的技术质疑，很容易被扣帽子。你说散热难，有人说你不支持国产。你说良率低，有人说你递刀子。你说概念包装，有人说你崇洋媚外。

这就完了。科学讨论一旦饭圈化。专家会沉默。工程师会沉默。投资人会装懂。

最后，所有人都在演。没有人敢说真话。

第四，它抬高外部警惕。

你天天宣传自己突破封锁。天天说绕过光刻机。天天说改写全球规则。外部会怎么反应？

他们不会替你高兴。他们只会加码封锁。

真实能力还没到。战略压力先拉满。

这不是强国叙事。这是把自己架到火上烤。


## 🎯 待处理的目标文案
科学讨论一旦饭圈化。专家会沉默。工程师会沉默。投资人会装懂。最后，所有人都在演。没有人敢说真话。

## 目标文案content的数组结构
生成模板参数时，format为content_index的字段依据此数组选择匹配的索引，用于决定相应内容出现在动画中的时机

[
  {
    "index": 0,
    "text": "科学讨论一旦饭圈化。"
  },
  {
    "index": 1,
    "text": "专家会沉默。"
  },
  {
    "index": 2,
    "text": "工程师会沉默。"
  },
  {
    "index": 3,
    "text": "投资人会装懂。"
  },
  {
    "index": 4,
    "text": "最后，"
  },
  {
    "index": 5,
    "text": "所有人都在演。"
  },
  {
    "index": 6,
    "text": "没有人敢说真话。"
  }
]


## 选定模板及参数规范

模板名称：CAUSE_CHAIN

参数 Schema 说明：

{
  "type": "object",
  "properties": {
    "layout": {
      "type": "string",
      "enum": [
        "horizontal",
        "vertical"
      ],
      "default": "horizontal",
      "description": "链的排布方向；横屏/常规叙事默认 horizontal，竖屏可设 vertical"
    },
    "nodes": {
      "type": "array",
      "minItems": 2,
      "maxItems": 4,
      "description": "因果节点；showFrom 为 content 数组下标（0-based），入场时刻取该条 startFrame",
      "items": {
        "type": "object",
        "required": [
          "label",
          "imageSrc",
          "showFrom"
        ],
        "properties": {
          "label": {
            "type": "string",
            "description": "节点短标签，建议 2～8 字"
          },
          "imageSrc": {
            "type": "string",
            "format": "image_prompt",
            "description": "该环节隐喻配图"
          },
          "showFrom": {
            "type": "integer",
            "format": "content_index",
            "description": "content 下标（0-based），非帧数"
          },
          "enterEffect": {
            "type": "string",
            "enum": [
              "breathe",
              "slideLeft",
              "slideBottom",
              "zoomIn",
              "fadeIn"
            ],
            "default": "fadeIn"
          }
        }
      }
    },
    "anchors": {
      "type": "array",
      "description": "可选；顶部依次展示锚点词并保留为列表，showFrom 为 content 下标（0-based，非帧数）；保持克制，只提取整段里真正的高潮、反转或核心名词",
      "items": {
        "type": "object",
        "required": [
          "text",
          "showFrom"
        ],
        "properties": {
          "text": {
            "type": "string",
            "description": "要展示的锚点词"
          },
          "showFrom": {
            "type": "integer",
            "format": "content_index",
            "description": "content 数组下标（0-based），非帧数；合法范围 0～(content 条数-1)，超出会被校验丢弃"
          },
          "color": {
            "type": "string"
          },
          "anim": {
            "type": "string",
            "enum": [
              "spring",
              "slideUp",
              "popIn",
              "highlight"
            ]
          },
          "audioEffect": {
            "type": "string",
            "enum": [
              "impact_thud",
              "ping",
              "woosh"
            ]
          }
        }
      }
    }
  },
  "required": [
    "nodes"
  ]
}

// 口播条数（已由程序写入 CONTENT_STR，勿在 param 中输出 content）：口播分句（item.content）至少 2 条；口播分句至多 6 条（超出会被校验器告警）


模板该项的示例供参考：

{
  "template": "CAUSE_CHAIN",
  "param": {
    "layout": "horizontal",
    "nodes": [
      {
        "label": "刺激",
        "imageSrc": "闪电击中大脑的简笔画",
        "showFrom": 0
      },
      {
        "label": "解读",
        "imageSrc": "放大镜看信息的简笔画",
        "showFrom": 1
      },
      {
        "label": "行动",
        "imageSrc": "按下按钮的简笔画",
        "showFrom": 2
      }
    ]
  }
}


注意：如果该模板生成的参数包含图片视觉描述（如 imageSrc / leftSrc / rightSrc 等等），请只描述纯视觉场景与动作，绝不要包含任何文字、标语或注音。


## 其他通用说明
1. 锚点（Anchor）— 克制与高价值（适用于 SCHEMA 或上文允许出现锚点/高亮时）：
   - 多数句子应**无锚点**；拿不准就留空或 `[]`，避免满屏高亮。
   - 如果一定需要锚点，只选**整段里真正的高潮、反转或核心名词**（宜 2～4 字、有记忆点）；平庸词、铺垫句不要做成锚点。
   - 颜色建议：`#EF4444`（警示/反转/负面/结论）、`#000000`（事实/术语/数据）。动画 `anim`：`spring` | `slideUp` | `popIn` | `highlight`。
   - 音效可选(仅写在锚点对象上的 `audioEffect`)：`impact_thud` | `ping` | `woosh`

2. 视觉标题与字幕分离（仅当 SCHEMA 要求 `notText` / `butText` / `conceptName`、或 DOS_AND_DONTS 的 `left.label` / `right.label` 等时）：

   - 填**极简关键词（约 2～6 字）**，禁止把整句台词搬进标题字段。



## 输出格式（严格 JSON，不要 markdown 代码块）
补全当前模板的param,非数组：
{ "param": { ... } }

===========================================================================================
---------------------------------------- RESPONSE ----------------------------------------
time: 2026-06-07 01:09:38
attempt: 1/3

[OUTPUT]
{
  "param": {
    "layout": "horizontal",
    "nodes": [
      {
        "label": "饭圈化",
        "imageSrc": "一群人挥舞荧光棒欢呼的抽象图形，气氛狂热",
        "showFrom": 0
      },
      {
        "label": "专家沉默",
        "imageSrc": "一个戴眼镜的知识分子，嘴巴被拉链封住",
        "showFrom": 1
      },
      {
        "label": "工程师沉默",
        "imageSrc": "一个戴安全帽的工程师，嘴巴被封条封住",
        "showFrom": 2
      },
      {
        "label": "投资人装懂",
        "imageSrc": "西装革履的投资人看模糊的图表，却竖起大拇指",
        "showFrom": 3
      }
    ],
    "anchors": [
      {
        "text": "无人说真话",
        "showFrom": 6,
        "color": "#EF4444",
        "anim": "popIn",
        "audioEffect": "impact_thud"
      }
    ]
  }
}
-------------------------------------------------------------------------------------------

======================================== REQUEST ========================================
time: 2026-06-07 01:09:38
provider: deepseek
model: deepseek-v4-pro
retries: 3

[PROMPT]
你是短视频字幕与画面细节处理专家。请把指定台词细化为字模显示参数。


## 完整段落上下文（仅供理解整体语境，判断当前句子的重要性）
真正伤害中国科技的，也正是这里。

第一，它伤害求真文化。

科技进步，靠承认差距。靠长期死磕。靠把问题拆细。不是靠把短板改名。

先进制程受限，那就诚实说受限。芯片设计软件不足，那就补设计软件。材料不够，那就补材料。光刻难，那就攻光刻。

最怕的是：问题还没解决。口号先胜利了。

第二，它误导资源配置。

资本市场最爱听故事。一听光模块。一听韬定律。一听改写规则。资金就开始沸腾。

可钱一旦被叙事带跑。真正慢的硬骨头，就没人愿意啃。

基础软件慢。材料验证慢。工艺爬坡慢。人才培养慢。但这些慢东西，才是真科技。

概念涨停，不等于产业突破。市值沸腾，不等于晶圆良率。

第三，它制造道德绑架。

正常的技术质疑，很容易被扣帽子。你说散热难，有人说你不支持国产。你说良率低，有人说你递刀子。你说概念包装，有人说你崇洋媚外。

这就完了。科学讨论一旦饭圈化。专家会沉默。工程师会沉默。投资人会装懂。

最后，所有人都在演。没有人敢说真话。

第四，它抬高外部警惕。

你天天宣传自己突破封锁。天天说绕过光刻机。天天说改写全球规则。外部会怎么反应？

他们不会替你高兴。他们只会加码封锁。

真实能力还没到。战略压力先拉满。

这不是强国叙事。这是把自己架到火上烤。


## 🎯 待处理的目标文案
第四，它抬高外部警惕。

## 目标文案content的数组结构
生成模板参数时，format为content_index的字段依据此数组选择匹配的索引，用于决定相应内容出现在动画中的时机

[
  {
    "index": 0,
    "text": "第四，"
  },
  {
    "index": 1,
    "text": "它抬高外部警惕。"
  }
]


## 选定模板及参数规范

模板名称：CENTER_FOCUS

参数 Schema 说明：

{
  "type": "object",
  "properties": {
    "imageSrc": {
      "type": "string",
      "format": "image_prompt",
      "description": "主图描述"
    },
    "enterEffect": {
      "type": "string",
      "enum": [
        "fadeIn",
        "slideLeft",
        "slideBottom",
        "zoomIn"
      ],
      "default": "fadeIn",
      "description": "图片入场方式（breathe 呼吸效果始终常驻，无需指定）"
    },
    "anchors": {
      "type": "array",
      "description": "可选；用于锚点词展示（顶部依次出现并保留为列表），并绑定锚点出现时机的音效。showFrom 须落在当前 content 条数范围内。注意 **保持克制，尽量少设置锚点** 只提取整段里真正的高潮、反转或核心名词",
      "items": {
        "type": "object",
        "required": [
          "text",
          "showFrom"
        ],
        "properties": {
          "text": {
            "type": "string",
            "description": "要展示的锚点词"
          },
          "showFrom": {
            "type": "integer",
            "format": "content_index",
            "description": "content 数组下标（0-based），非帧数；合法范围 0～(content 条数-1)，超出会被校验丢弃"
          },
          "color": {
            "type": "string"
          },
          "anim": {
            "type": "string",
            "enum": [
              "spring",
              "slideUp",
              "popIn",
              "highlight"
            ]
          },
          "audioEffect": {
            "type": "string",
            "enum": [
              "impact_thud",
              "ping",
              "woosh"
            ]
          }
        }
      }
    }
  },
  "required": [
    "imageSrc"
  ]
}


模板该项的示例供参考：

{
  "template": "CENTER_FOCUS",
  "param": {
    "imageSrc": "上班族坐在电脑前的简笔画图标",
    "enterEffect": "fadeIn",
    "anchors": [
      {
        "text": "可得性启发",
        "showFrom": 0,
        "color": "red"
      }
    ]
  }
}


注意：如果该模板生成的参数包含图片视觉描述（如 imageSrc / leftSrc / rightSrc 等等），请只描述纯视觉场景与动作，绝不要包含任何文字、标语或注音。


## 其他通用说明
1. 锚点（Anchor）— 克制与高价值（适用于 SCHEMA 或上文允许出现锚点/高亮时）：
   - 多数句子应**无锚点**；拿不准就留空或 `[]`，避免满屏高亮。
   - 如果一定需要锚点，只选**整段里真正的高潮、反转或核心名词**（宜 2～4 字、有记忆点）；平庸词、铺垫句不要做成锚点。
   - 颜色建议：`#EF4444`（警示/反转/负面/结论）、`#000000`（事实/术语/数据）。动画 `anim`：`spring` | `slideUp` | `popIn` | `highlight`。
   - 音效可选(仅写在锚点对象上的 `audioEffect`)：`impact_thud` | `ping` | `woosh`

2. 视觉标题与字幕分离（仅当 SCHEMA 要求 `notText` / `butText` / `conceptName`、或 DOS_AND_DONTS 的 `left.label` / `right.label` 等时）：

   - 填**极简关键词（约 2～6 字）**，禁止把整句台词搬进标题字段。



## 输出格式（严格 JSON，不要 markdown 代码块）
补全当前模板的param,非数组：
{ "param": { ... } }

===========================================================================================
---------------------------------------- RESPONSE ----------------------------------------
time: 2026-06-07 01:09:48
attempt: 1/3

[OUTPUT]
{
  "param": {
    "imageSrc": "一只巨大的放大镜悬停在一枚燃烧的芯片上方，芯片周围环绕着链条和闪烁的红色警戒光，背景是暗影中的网格封锁线",
    "enterEffect": "fadeIn",
    "anchors": []
  }
}
-------------------------------------------------------------------------------------------

======================================== REQUEST ========================================
time: 2026-06-07 01:09:48
provider: deepseek
model: deepseek-v4-pro
retries: 3

[PROMPT]
你是短视频字幕与画面细节处理专家。请把指定台词细化为字模显示参数。


## 完整段落上下文（仅供理解整体语境，判断当前句子的重要性）
真正伤害中国科技的，也正是这里。

第一，它伤害求真文化。

科技进步，靠承认差距。靠长期死磕。靠把问题拆细。不是靠把短板改名。

先进制程受限，那就诚实说受限。芯片设计软件不足，那就补设计软件。材料不够，那就补材料。光刻难，那就攻光刻。

最怕的是：问题还没解决。口号先胜利了。

第二，它误导资源配置。

资本市场最爱听故事。一听光模块。一听韬定律。一听改写规则。资金就开始沸腾。

可钱一旦被叙事带跑。真正慢的硬骨头，就没人愿意啃。

基础软件慢。材料验证慢。工艺爬坡慢。人才培养慢。但这些慢东西，才是真科技。

概念涨停，不等于产业突破。市值沸腾，不等于晶圆良率。

第三，它制造道德绑架。

正常的技术质疑，很容易被扣帽子。你说散热难，有人说你不支持国产。你说良率低，有人说你递刀子。你说概念包装，有人说你崇洋媚外。

这就完了。科学讨论一旦饭圈化。专家会沉默。工程师会沉默。投资人会装懂。

最后，所有人都在演。没有人敢说真话。

第四，它抬高外部警惕。

你天天宣传自己突破封锁。天天说绕过光刻机。天天说改写全球规则。外部会怎么反应？

他们不会替你高兴。他们只会加码封锁。

真实能力还没到。战略压力先拉满。

这不是强国叙事。这是把自己架到火上烤。


## 🎯 待处理的目标文案
你天天宣传自己突破封锁。天天说绕过光刻机。天天说改写全球规则。

## 目标文案content的数组结构
生成模板参数时，format为content_index的字段依据此数组选择匹配的索引，用于决定相应内容出现在动画中的时机

[
  {
    "index": 0,
    "text": "你天天宣传自己突破封锁。"
  },
  {
    "index": 1,
    "text": "天天说绕过光刻机。"
  },
  {
    "index": 2,
    "text": "天天说改写全球规则。"
  }
]


## 选定模板及参数规范

模板名称：PANEL_GRID

参数 Schema 说明：

{
  "type": "object",
  "properties": {
    "panels": {
      "type": "array",
      "minItems": 2,
      "maxItems": 6,
      "description": "宫格配图；showFrom 为 content 下标（0-based），在该条 startFrame 显现",
      "items": {
        "type": "object",
        "required": [
          "src",
          "showFrom"
        ],
        "properties": {
          "src": {
            "type": "string",
            "format": "image_prompt",
            "description": "该宫格配图提示词"
          },
          "showFrom": {
            "type": "integer",
            "format": "content_index",
            "description": "content 下标（0-based），非帧数"
          },
          "position": {
            "type": "string",
            "enum": [
              "center",
              "left",
              "right",
              "top",
              "bottom"
            ],
            "description": "可选；弱提示，布局以宫格为准"
          },
          "enterEffect": {
            "type": "string",
            "enum": [
              "breathe",
              "slideLeft",
              "slideBottom",
              "zoomIn",
              "fadeIn"
            ],
            "default": "fadeIn"
          }
        }
      }
    }
  },
  "required": [
    "panels"
  ]
}

// 口播条数（已由程序写入 CONTENT_STR，勿在 param 中输出 content）：口播分句（item.content）至少 2 条；口播分句至多 8 条（超出会被校验器告警）


模板该项的示例供参考：

{
  "template": "PANEL_GRID",
  "param": {
    "panels": [
      {
        "src": "问号堵住去路的简笔画",
        "showFrom": 0,
        "enterEffect": "zoomIn"
      },
      {
        "src": "放大镜只看一角的简笔画",
        "showFrom": 1
      },
      {
        "src": "两人各执一词的简笔画",
        "showFrom": 2
      }
    ]
  }
}


注意：如果该模板生成的参数包含图片视觉描述（如 imageSrc / leftSrc / rightSrc 等等），请只描述纯视觉场景与动作，绝不要包含任何文字、标语或注音。


## 其他通用说明
1. 锚点（Anchor）— 克制与高价值（适用于 SCHEMA 或上文允许出现锚点/高亮时）：
   - 多数句子应**无锚点**；拿不准就留空或 `[]`，避免满屏高亮。
   - 如果一定需要锚点，只选**整段里真正的高潮、反转或核心名词**（宜 2～4 字、有记忆点）；平庸词、铺垫句不要做成锚点。
   - 颜色建议：`#EF4444`（警示/反转/负面/结论）、`#000000`（事实/术语/数据）。动画 `anim`：`spring` | `slideUp` | `popIn` | `highlight`。
   - 音效可选(仅写在锚点对象上的 `audioEffect`)：`impact_thud` | `ping` | `woosh`

2. 视觉标题与字幕分离（仅当 SCHEMA 要求 `notText` / `butText` / `conceptName`、或 DOS_AND_DONTS 的 `left.label` / `right.label` 等时）：

   - 填**极简关键词（约 2～6 字）**，禁止把整句台词搬进标题字段。



## 输出格式（严格 JSON，不要 markdown 代码块）
补全当前模板的param,非数组：
{ "param": { ... } }

===========================================================================================
---------------------------------------- RESPONSE ----------------------------------------
time: 2026-06-07 01:09:56
attempt: 1/3

[OUTPUT]
{
  "param": {
    "panels": [
      {
        "src": "一个人站在舞台上手拿扩音器大喊，背后是虚假的锁链断裂特效",
        "showFrom": 0,
        "enterEffect": "zoomIn"
      },
      {
        "src": "一个透明人轻松飘过一堵巨大的光刻机激光墙",
        "showFrom": 1,
        "enterEffect": "fadeIn"
      },
      {
        "src": "一个小孩拿着一支笔涂抹地球仪上的界线，表情夸张自大",
        "showFrom": 2,
        "enterEffect": "slideBottom"
      }
    ]
  }
}
-------------------------------------------------------------------------------------------

======================================== REQUEST ========================================
time: 2026-06-07 01:09:56
provider: deepseek
model: deepseek-v4-pro
retries: 3

[PROMPT]
你是短视频字幕与画面细节处理专家。请把指定台词细化为字模显示参数。


## 完整段落上下文（仅供理解整体语境，判断当前句子的重要性）
真正伤害中国科技的，也正是这里。

第一，它伤害求真文化。

科技进步，靠承认差距。靠长期死磕。靠把问题拆细。不是靠把短板改名。

先进制程受限，那就诚实说受限。芯片设计软件不足，那就补设计软件。材料不够，那就补材料。光刻难，那就攻光刻。

最怕的是：问题还没解决。口号先胜利了。

第二，它误导资源配置。

资本市场最爱听故事。一听光模块。一听韬定律。一听改写规则。资金就开始沸腾。

可钱一旦被叙事带跑。真正慢的硬骨头，就没人愿意啃。

基础软件慢。材料验证慢。工艺爬坡慢。人才培养慢。但这些慢东西，才是真科技。

概念涨停，不等于产业突破。市值沸腾，不等于晶圆良率。

第三，它制造道德绑架。

正常的技术质疑，很容易被扣帽子。你说散热难，有人说你不支持国产。你说良率低，有人说你递刀子。你说概念包装，有人说你崇洋媚外。

这就完了。科学讨论一旦饭圈化。专家会沉默。工程师会沉默。投资人会装懂。

最后，所有人都在演。没有人敢说真话。

第四，它抬高外部警惕。

你天天宣传自己突破封锁。天天说绕过光刻机。天天说改写全球规则。外部会怎么反应？

他们不会替你高兴。他们只会加码封锁。

真实能力还没到。战略压力先拉满。

这不是强国叙事。这是把自己架到火上烤。


## 🎯 待处理的目标文案
外部会怎么反应？

## 目标文案content的数组结构
生成模板参数时，format为content_index的字段依据此数组选择匹配的索引，用于决定相应内容出现在动画中的时机

[
  {
    "index": 0,
    "text": "外部会怎么反应？"
  }
]


## 选定模板及参数规范

模板名称：TEXT_FOCUS

参数 Schema 说明：

{
  "type": "object",
  "properties": {
    "coreSentence": {
      "type": "array",
      "minItems": 1,
      "description": "大屏核心文案，每元素一行：可为 string，或 { text, showFrom, endFrom? }；showFrom/endFrom 为 content 下标（0-based），非帧数：在该条 startFrame 显现；可选 endFrom 表示在该条播完（startFrame+durationFrames）后起淡出。纯 string 等价于 showFrom=0、无 endFrom。锚点校验时各段 text 按顺序直接拼接（无分隔符）。",
      "items": {
        "oneOf": [
          {
            "type": "string"
          },
          {
            "type": "object",
            "required": [
              "text",
              "showFrom"
            ],
            "properties": {
              "text": {
                "type": "string",
                "description": "该行大屏文案"
              },
              "showFrom": {
                "type": "integer",
                "format": "content_index",
                "description": "content 下标（0-based），非帧数"
              },
              "endFrom": {
                "type": "integer",
                "format": "content_index",
                "description": "可选；content 下标（0-based），非帧数；该行在对应条字幕结束帧（startFrame+durationFrames）起淡出"
              }
            }
          }
        ]
      }
    },
    "coreSentenceAnchors": {
      "type": "array",
      "description": "可选；在 coreSentence 各段拼接后的全文内按顺序高亮子串。每项 coreSentenceAnchor 须为该拼接串的子串，否则会被校验丢弃",
      "items": {
        "type": "object",
        "required": [
          "coreSentenceAnchor"
        ],
        "properties": {
          "coreSentenceAnchor": {
            "type": "string",
            "description": "要高亮的子串，须出现在各 coreSentence 段拼接后的全文内"
          },
          "color": {
            "type": "string",
            "description": "高亮颜色，省略时默认强调色"
          }
        }
      }
    }
  },
  "required": [
    "coreSentence"
  ]
}

// 口播条数（已由程序写入 CONTENT_STR，勿在 param 中输出 content）：口播分句至多 3 条（超出会被校验器告警）


模板该项的示例供参考：

{
  "template": "TEXT_FOCUS",
  "param": {
    "coreSentence": [
      {
        "text": "承认自己“可能错了”并不是一种软弱",
        "showFrom": 0,
        "endFrom": 0
      },
      {
        "text": "而是成长的开始",
        "showFrom": 1,
        "endFrom": 1
      }
    ],
    "coreSentenceAnchors": [
      {
        "coreSentenceAnchor": "可能错了",
        "color": "red"
      }
    ]
  }
}


注意：如果该模板生成的参数包含图片视觉描述（如 imageSrc / leftSrc / rightSrc 等等），请只描述纯视觉场景与动作，绝不要包含任何文字、标语或注音。


## 其他通用说明
1. 锚点（Anchor）— 克制与高价值（适用于 SCHEMA 或上文允许出现锚点/高亮时）：
   - 多数句子应**无锚点**；拿不准就留空或 `[]`，避免满屏高亮。
   - 如果一定需要锚点，只选**整段里真正的高潮、反转或核心名词**（宜 2～4 字、有记忆点）；平庸词、铺垫句不要做成锚点。
   - 颜色建议：`#EF4444`（警示/反转/负面/结论）、`#000000`（事实/术语/数据）。动画 `anim`：`spring` | `slideUp` | `popIn` | `highlight`。
   - 音效可选(仅写在锚点对象上的 `audioEffect`)：`impact_thud` | `ping` | `woosh`

2. 视觉标题与字幕分离（仅当 SCHEMA 要求 `notText` / `butText` / `conceptName`、或 DOS_AND_DONTS 的 `left.label` / `right.label` 等时）：

   - 填**极简关键词（约 2～6 字）**，禁止把整句台词搬进标题字段。



## 输出格式（严格 JSON，不要 markdown 代码块）
补全当前模板的param,非数组：
{ "param": { ... } }

===========================================================================================
---------------------------------------- RESPONSE ----------------------------------------
time: 2026-06-07 01:10:00
attempt: 1/3

[OUTPUT]
{
  "param": {
    "coreSentence": [
      {
        "text": "外部会怎么反应？",
        "showFrom": 0
      }
    ]
  }
}
-------------------------------------------------------------------------------------------

======================================== REQUEST ========================================
time: 2026-06-07 01:10:00
provider: deepseek
model: deepseek-v4-pro
retries: 3

[PROMPT]
你是短视频字幕与画面细节处理专家。请把指定台词细化为字模显示参数。


## 完整段落上下文（仅供理解整体语境，判断当前句子的重要性）
真正伤害中国科技的，也正是这里。

第一，它伤害求真文化。

科技进步，靠承认差距。靠长期死磕。靠把问题拆细。不是靠把短板改名。

先进制程受限，那就诚实说受限。芯片设计软件不足，那就补设计软件。材料不够，那就补材料。光刻难，那就攻光刻。

最怕的是：问题还没解决。口号先胜利了。

第二，它误导资源配置。

资本市场最爱听故事。一听光模块。一听韬定律。一听改写规则。资金就开始沸腾。

可钱一旦被叙事带跑。真正慢的硬骨头，就没人愿意啃。

基础软件慢。材料验证慢。工艺爬坡慢。人才培养慢。但这些慢东西，才是真科技。

概念涨停，不等于产业突破。市值沸腾，不等于晶圆良率。

第三，它制造道德绑架。

正常的技术质疑，很容易被扣帽子。你说散热难，有人说你不支持国产。你说良率低，有人说你递刀子。你说概念包装，有人说你崇洋媚外。

这就完了。科学讨论一旦饭圈化。专家会沉默。工程师会沉默。投资人会装懂。

最后，所有人都在演。没有人敢说真话。

第四，它抬高外部警惕。

你天天宣传自己突破封锁。天天说绕过光刻机。天天说改写全球规则。外部会怎么反应？

他们不会替你高兴。他们只会加码封锁。

真实能力还没到。战略压力先拉满。

这不是强国叙事。这是把自己架到火上烤。


## 🎯 待处理的目标文案
他们不会替你高兴。他们只会加码封锁。

## 目标文案content的数组结构
生成模板参数时，format为content_index的字段依据此数组选择匹配的索引，用于决定相应内容出现在动画中的时机

[
  {
    "index": 0,
    "text": "他们不会替你高兴。"
  },
  {
    "index": 1,
    "text": "他们只会加码封锁。"
  }
]


## 选定模板及参数规范

模板名称：COGNITIVE_SHIFT

参数 Schema 说明：

{
  "type": "object",
  "properties": {
    "notText": {
      "type": "string",
      "description": "被否认知（‘不是’后面的内容）的精炼短句，不超过12个字，"
    },
    "butText": {
      "type": "string",
      "description": "真实认知（‘而是’后面的内容）的精炼短句，不超过12个字"
    },
    "butSrc": {
      "type": "string",
      "format": "image_prompt",
      "description": "真实认知的配图"
    },
    "notContentIndex": {
      "type": "integer",
      "format": "content_index",
      "description": "触发「不是」动画的字幕段索引（默认 0）"
    },
    "butContentIndex": {
      "type": "integer",
      "format": "content_index",
      "description": "触发「而是」动画的字幕段索引（默认 1）"
    }
  },
  "required": [
    "notText",
    "butText"
  ]
}


模板该项的示例供参考：

{
  "template": "COGNITIVE_SHIFT",
  "content": [
    "我们都不应该靠勤奋拼命",
    "我们都应该是靠认知和选择",
    "这样我才能成功"
  ],
  "param": {
    "notText": "靠勤奋拼命",
    "butText": "靠认知和选择",
    "butSrc": "站在高处看地图的思考者",
    "notContentIndex": 0,
    "butContentIndex": 1
  }
}


注意：如果该模板生成的参数包含图片视觉描述（如 imageSrc / leftSrc / rightSrc 等等），请只描述纯视觉场景与动作，绝不要包含任何文字、标语或注音。


## 其他通用说明
1. 锚点（Anchor）— 克制与高价值（适用于 SCHEMA 或上文允许出现锚点/高亮时）：
   - 多数句子应**无锚点**；拿不准就留空或 `[]`，避免满屏高亮。
   - 如果一定需要锚点，只选**整段里真正的高潮、反转或核心名词**（宜 2～4 字、有记忆点）；平庸词、铺垫句不要做成锚点。
   - 颜色建议：`#EF4444`（警示/反转/负面/结论）、`#000000`（事实/术语/数据）。动画 `anim`：`spring` | `slideUp` | `popIn` | `highlight`。
   - 音效可选(仅写在锚点对象上的 `audioEffect`)：`impact_thud` | `ping` | `woosh`

2. 视觉标题与字幕分离（仅当 SCHEMA 要求 `notText` / `butText` / `conceptName`、或 DOS_AND_DONTS 的 `left.label` / `right.label` 等时）：

   - 填**极简关键词（约 2～6 字）**，禁止把整句台词搬进标题字段。



## 输出格式（严格 JSON，不要 markdown 代码块）
补全当前模板的param,非数组：
{ "param": { ... } }

===========================================================================================
---------------------------------------- RESPONSE ----------------------------------------
time: 2026-06-07 01:10:08
attempt: 1/3

[OUTPUT]
{"param": {"notText": "不会替你高兴", "butText": "只会加码封锁", "butSrc": "高墙铁网，封锁线加强", "notContentIndex": 0, "butContentIndex": 1}}
-------------------------------------------------------------------------------------------

======================================== REQUEST ========================================
time: 2026-06-07 01:10:08
provider: deepseek
model: deepseek-v4-pro
retries: 3

[PROMPT]
你是短视频字幕与画面细节处理专家。请把指定台词细化为字模显示参数。


## 完整段落上下文（仅供理解整体语境，判断当前句子的重要性）
真正伤害中国科技的，也正是这里。

第一，它伤害求真文化。

科技进步，靠承认差距。靠长期死磕。靠把问题拆细。不是靠把短板改名。

先进制程受限，那就诚实说受限。芯片设计软件不足，那就补设计软件。材料不够，那就补材料。光刻难，那就攻光刻。

最怕的是：问题还没解决。口号先胜利了。

第二，它误导资源配置。

资本市场最爱听故事。一听光模块。一听韬定律。一听改写规则。资金就开始沸腾。

可钱一旦被叙事带跑。真正慢的硬骨头，就没人愿意啃。

基础软件慢。材料验证慢。工艺爬坡慢。人才培养慢。但这些慢东西，才是真科技。

概念涨停，不等于产业突破。市值沸腾，不等于晶圆良率。

第三，它制造道德绑架。

正常的技术质疑，很容易被扣帽子。你说散热难，有人说你不支持国产。你说良率低，有人说你递刀子。你说概念包装，有人说你崇洋媚外。

这就完了。科学讨论一旦饭圈化。专家会沉默。工程师会沉默。投资人会装懂。

最后，所有人都在演。没有人敢说真话。

第四，它抬高外部警惕。

你天天宣传自己突破封锁。天天说绕过光刻机。天天说改写全球规则。外部会怎么反应？

他们不会替你高兴。他们只会加码封锁。

真实能力还没到。战略压力先拉满。

这不是强国叙事。这是把自己架到火上烤。


## 🎯 待处理的目标文案
真实能力还没到。战略压力先拉满。

## 目标文案content的数组结构
生成模板参数时，format为content_index的字段依据此数组选择匹配的索引，用于决定相应内容出现在动画中的时机

[
  {
    "index": 0,
    "text": "真实能力还没到。"
  },
  {
    "index": 1,
    "text": "战略压力先拉满。"
  }
]


## 选定模板及参数规范

模板名称：COGNITIVE_SHIFT

参数 Schema 说明：

{
  "type": "object",
  "properties": {
    "notText": {
      "type": "string",
      "description": "被否认知（‘不是’后面的内容）的精炼短句，不超过12个字，"
    },
    "butText": {
      "type": "string",
      "description": "真实认知（‘而是’后面的内容）的精炼短句，不超过12个字"
    },
    "butSrc": {
      "type": "string",
      "format": "image_prompt",
      "description": "真实认知的配图"
    },
    "notContentIndex": {
      "type": "integer",
      "format": "content_index",
      "description": "触发「不是」动画的字幕段索引（默认 0）"
    },
    "butContentIndex": {
      "type": "integer",
      "format": "content_index",
      "description": "触发「而是」动画的字幕段索引（默认 1）"
    }
  },
  "required": [
    "notText",
    "butText"
  ]
}


模板该项的示例供参考：

{
  "template": "COGNITIVE_SHIFT",
  "content": [
    "我们都不应该靠勤奋拼命",
    "我们都应该是靠认知和选择",
    "这样我才能成功"
  ],
  "param": {
    "notText": "靠勤奋拼命",
    "butText": "靠认知和选择",
    "butSrc": "站在高处看地图的思考者",
    "notContentIndex": 0,
    "butContentIndex": 1
  }
}


注意：如果该模板生成的参数包含图片视觉描述（如 imageSrc / leftSrc / rightSrc 等等），请只描述纯视觉场景与动作，绝不要包含任何文字、标语或注音。


## 其他通用说明
1. 锚点（Anchor）— 克制与高价值（适用于 SCHEMA 或上文允许出现锚点/高亮时）：
   - 多数句子应**无锚点**；拿不准就留空或 `[]`，避免满屏高亮。
   - 如果一定需要锚点，只选**整段里真正的高潮、反转或核心名词**（宜 2～4 字、有记忆点）；平庸词、铺垫句不要做成锚点。
   - 颜色建议：`#EF4444`（警示/反转/负面/结论）、`#000000`（事实/术语/数据）。动画 `anim`：`spring` | `slideUp` | `popIn` | `highlight`。
   - 音效可选(仅写在锚点对象上的 `audioEffect`)：`impact_thud` | `ping` | `woosh`

2. 视觉标题与字幕分离（仅当 SCHEMA 要求 `notText` / `butText` / `conceptName`、或 DOS_AND_DONTS 的 `left.label` / `right.label` 等时）：

   - 填**极简关键词（约 2～6 字）**，禁止把整句台词搬进标题字段。



## 输出格式（严格 JSON，不要 markdown 代码块）
补全当前模板的param,非数组：
{ "param": { ... } }

===========================================================================================
---------------------------------------- RESPONSE ----------------------------------------
time: 2026-06-07 01:10:24
attempt: 1/3

[OUTPUT]
{
  "param": {
    "notText": "真实能力已到",
    "butText": "战略压力拉满",
    "butSrc": "芯片在聚光灯下布满裂纹，四周有巨型箭矢悬垂压迫",
    "notContentIndex": 0,
    "butContentIndex": 1
  }
}
-------------------------------------------------------------------------------------------

======================================== REQUEST ========================================
time: 2026-06-07 01:10:24
provider: deepseek
model: deepseek-v4-pro
retries: 3

[PROMPT]
你是短视频字幕与画面细节处理专家。请把指定台词细化为字模显示参数。


## 完整段落上下文（仅供理解整体语境，判断当前句子的重要性）
真正伤害中国科技的，也正是这里。

第一，它伤害求真文化。

科技进步，靠承认差距。靠长期死磕。靠把问题拆细。不是靠把短板改名。

先进制程受限，那就诚实说受限。芯片设计软件不足，那就补设计软件。材料不够，那就补材料。光刻难，那就攻光刻。

最怕的是：问题还没解决。口号先胜利了。

第二，它误导资源配置。

资本市场最爱听故事。一听光模块。一听韬定律。一听改写规则。资金就开始沸腾。

可钱一旦被叙事带跑。真正慢的硬骨头，就没人愿意啃。

基础软件慢。材料验证慢。工艺爬坡慢。人才培养慢。但这些慢东西，才是真科技。

概念涨停，不等于产业突破。市值沸腾，不等于晶圆良率。

第三，它制造道德绑架。

正常的技术质疑，很容易被扣帽子。你说散热难，有人说你不支持国产。你说良率低，有人说你递刀子。你说概念包装，有人说你崇洋媚外。

这就完了。科学讨论一旦饭圈化。专家会沉默。工程师会沉默。投资人会装懂。

最后，所有人都在演。没有人敢说真话。

第四，它抬高外部警惕。

你天天宣传自己突破封锁。天天说绕过光刻机。天天说改写全球规则。外部会怎么反应？

他们不会替你高兴。他们只会加码封锁。

真实能力还没到。战略压力先拉满。

这不是强国叙事。这是把自己架到火上烤。


## 🎯 待处理的目标文案
这不是强国叙事。这是把自己架到火上烤。

## 目标文案content的数组结构
生成模板参数时，format为content_index的字段依据此数组选择匹配的索引，用于决定相应内容出现在动画中的时机

[
  {
    "index": 0,
    "text": "这不是强国叙事。"
  },
  {
    "index": 1,
    "text": "这是把自己架到火上烤。"
  }
]


## 选定模板及参数规范

模板名称：COGNITIVE_SHIFT

参数 Schema 说明：

{
  "type": "object",
  "properties": {
    "notText": {
      "type": "string",
      "description": "被否认知（‘不是’后面的内容）的精炼短句，不超过12个字，"
    },
    "butText": {
      "type": "string",
      "description": "真实认知（‘而是’后面的内容）的精炼短句，不超过12个字"
    },
    "butSrc": {
      "type": "string",
      "format": "image_prompt",
      "description": "真实认知的配图"
    },
    "notContentIndex": {
      "type": "integer",
      "format": "content_index",
      "description": "触发「不是」动画的字幕段索引（默认 0）"
    },
    "butContentIndex": {
      "type": "integer",
      "format": "content_index",
      "description": "触发「而是」动画的字幕段索引（默认 1）"
    }
  },
  "required": [
    "notText",
    "butText"
  ]
}


模板该项的示例供参考：

{
  "template": "COGNITIVE_SHIFT",
  "content": [
    "我们都不应该靠勤奋拼命",
    "我们都应该是靠认知和选择",
    "这样我才能成功"
  ],
  "param": {
    "notText": "靠勤奋拼命",
    "butText": "靠认知和选择",
    "butSrc": "站在高处看地图的思考者",
    "notContentIndex": 0,
    "butContentIndex": 1
  }
}


注意：如果该模板生成的参数包含图片视觉描述（如 imageSrc / leftSrc / rightSrc 等等），请只描述纯视觉场景与动作，绝不要包含任何文字、标语或注音。


## 其他通用说明
1. 锚点（Anchor）— 克制与高价值（适用于 SCHEMA 或上文允许出现锚点/高亮时）：
   - 多数句子应**无锚点**；拿不准就留空或 `[]`，避免满屏高亮。
   - 如果一定需要锚点，只选**整段里真正的高潮、反转或核心名词**（宜 2～4 字、有记忆点）；平庸词、铺垫句不要做成锚点。
   - 颜色建议：`#EF4444`（警示/反转/负面/结论）、`#000000`（事实/术语/数据）。动画 `anim`：`spring` | `slideUp` | `popIn` | `highlight`。
   - 音效可选(仅写在锚点对象上的 `audioEffect`)：`impact_thud` | `ping` | `woosh`

2. 视觉标题与字幕分离（仅当 SCHEMA 要求 `notText` / `butText` / `conceptName`、或 DOS_AND_DONTS 的 `left.label` / `right.label` 等时）：

   - 填**极简关键词（约 2～6 字）**，禁止把整句台词搬进标题字段。



## 输出格式（严格 JSON，不要 markdown 代码块）
补全当前模板的param,非数组：
{ "param": { ... } }

===========================================================================================
---------------------------------------- RESPONSE ----------------------------------------
time: 2026-06-07 01:10:34
attempt: 1/3

[OUTPUT]
{"param": {"notText": "强国叙事", "butText": "把自己架到火上烤", "butSrc": "一个被绑在木杆上的人，脚下升起熊熊火焰，背景是黑夜，火焰照亮了绝望的表情", "notContentIndex": 0, "butContentIndex": 1}}
-------------------------------------------------------------------------------------------

======================================== REQUEST ========================================
time: 2026-06-07 01:10:34
provider: deepseek
model: deepseek-v4-pro
retries: 3

[PROMPT]
你是短视频字幕与画面细节处理专家。请把指定台词细化为字模显示参数。


## 完整段落上下文（仅供理解整体语境，判断当前句子的重要性）
所以，华为韬定律最大的问题，不是它有没有工程价值。而是它把工程探索，包装成学术权威。把局部改良，包装成规则改写。把艰难补课，包装成全面胜利。

这套话术，短期很爽。品牌赢了。流量赢了。股价也赢了。

但中国科技，输了耐心。输了诚实。输了对物理规律的敬畏。

科技最怕的，
就是把问题讲成胜利。
散热就是散热。良率就是良率。差距就是差距。

真正的自强，
不是把五十度的水，
说成一百度。
是承认火还不够。
然后继续烧。


## 🎯 待处理的目标文案
所以，华为韬定律最大的问题，不是它有没有工程价值。

## 目标文案content的数组结构
生成模板参数时，format为content_index的字段依据此数组选择匹配的索引，用于决定相应内容出现在动画中的时机

[
  {
    "index": 0,
    "text": "所以，"
  },
  {
    "index": 1,
    "text": "华为韬定律最大的问题，"
  },
  {
    "index": 2,
    "text": "不是它有没有工程价值。"
  }
]


## 选定模板及参数规范

模板名称：CENTER_FOCUS

参数 Schema 说明：

{
  "type": "object",
  "properties": {
    "imageSrc": {
      "type": "string",
      "format": "image_prompt",
      "description": "主图描述"
    },
    "enterEffect": {
      "type": "string",
      "enum": [
        "fadeIn",
        "slideLeft",
        "slideBottom",
        "zoomIn"
      ],
      "default": "fadeIn",
      "description": "图片入场方式（breathe 呼吸效果始终常驻，无需指定）"
    },
    "anchors": {
      "type": "array",
      "description": "可选；用于锚点词展示（顶部依次出现并保留为列表），并绑定锚点出现时机的音效。showFrom 须落在当前 content 条数范围内。注意 **保持克制，尽量少设置锚点** 只提取整段里真正的高潮、反转或核心名词",
      "items": {
        "type": "object",
        "required": [
          "text",
          "showFrom"
        ],
        "properties": {
          "text": {
            "type": "string",
            "description": "要展示的锚点词"
          },
          "showFrom": {
            "type": "integer",
            "format": "content_index",
            "description": "content 数组下标（0-based），非帧数；合法范围 0～(content 条数-1)，超出会被校验丢弃"
          },
          "color": {
            "type": "string"
          },
          "anim": {
            "type": "string",
            "enum": [
              "spring",
              "slideUp",
              "popIn",
              "highlight"
            ]
          },
          "audioEffect": {
            "type": "string",
            "enum": [
              "impact_thud",
              "ping",
              "woosh"
            ]
          }
        }
      }
    }
  },
  "required": [
    "imageSrc"
  ]
}


模板该项的示例供参考：

{
  "template": "CENTER_FOCUS",
  "param": {
    "imageSrc": "上班族坐在电脑前的简笔画图标",
    "enterEffect": "fadeIn",
    "anchors": [
      {
        "text": "可得性启发",
        "showFrom": 0,
        "color": "red"
      }
    ]
  }
}


注意：如果该模板生成的参数包含图片视觉描述（如 imageSrc / leftSrc / rightSrc 等等），请只描述纯视觉场景与动作，绝不要包含任何文字、标语或注音。


## 其他通用说明
1. 锚点（Anchor）— 克制与高价值（适用于 SCHEMA 或上文允许出现锚点/高亮时）：
   - 多数句子应**无锚点**；拿不准就留空或 `[]`，避免满屏高亮。
   - 如果一定需要锚点，只选**整段里真正的高潮、反转或核心名词**（宜 2～4 字、有记忆点）；平庸词、铺垫句不要做成锚点。
   - 颜色建议：`#EF4444`（警示/反转/负面/结论）、`#000000`（事实/术语/数据）。动画 `anim`：`spring` | `slideUp` | `popIn` | `highlight`。
   - 音效可选(仅写在锚点对象上的 `audioEffect`)：`impact_thud` | `ping` | `woosh`

2. 视觉标题与字幕分离（仅当 SCHEMA 要求 `notText` / `butText` / `conceptName`、或 DOS_AND_DONTS 的 `left.label` / `right.label` 等时）：

   - 填**极简关键词（约 2～6 字）**，禁止把整句台词搬进标题字段。



## 输出格式（严格 JSON，不要 markdown 代码块）
补全当前模板的param,非数组：
{ "param": { ... } }

===========================================================================================
---------------------------------------- RESPONSE ----------------------------------------
time: 2026-06-07 01:10:48
attempt: 1/3

[OUTPUT]
{ "param": { "imageSrc": "一个表面华丽的奖杯，底座上有细微裂痕", "enterEffect": "fadeIn", "anchors": [ { "text": "华为韬定律", "showFrom": 1, "color": "#EF4444", "anim": "spring", "audioEffect": "ping" } ] } }
-------------------------------------------------------------------------------------------

======================================== REQUEST ========================================
time: 2026-06-07 01:10:48
provider: deepseek
model: deepseek-v4-pro
retries: 3

[PROMPT]
你是短视频字幕与画面细节处理专家。请把指定台词细化为字模显示参数。


## 完整段落上下文（仅供理解整体语境，判断当前句子的重要性）
所以，华为韬定律最大的问题，不是它有没有工程价值。而是它把工程探索，包装成学术权威。把局部改良，包装成规则改写。把艰难补课，包装成全面胜利。

这套话术，短期很爽。品牌赢了。流量赢了。股价也赢了。

但中国科技，输了耐心。输了诚实。输了对物理规律的敬畏。

科技最怕的，
就是把问题讲成胜利。
散热就是散热。良率就是良率。差距就是差距。

真正的自强，
不是把五十度的水，
说成一百度。
是承认火还不够。
然后继续烧。


## 🎯 待处理的目标文案
而是它把工程探索，包装成学术权威。把局部改良，包装成规则改写。把艰难补课，包装成全面胜利。

## 目标文案content的数组结构
生成模板参数时，format为content_index的字段依据此数组选择匹配的索引，用于决定相应内容出现在动画中的时机

[
  {
    "index": 0,
    "text": "而是它把工程探索，"
  },
  {
    "index": 1,
    "text": "包装成学术权威。"
  },
  {
    "index": 2,
    "text": "把局部改良，"
  },
  {
    "index": 3,
    "text": "包装成规则改写。"
  },
  {
    "index": 4,
    "text": "把艰难补课，"
  },
  {
    "index": 5,
    "text": "包装成全面胜利。"
  }
]


## 选定模板及参数规范

模板名称：PANEL_GRID

参数 Schema 说明：

{
  "type": "object",
  "properties": {
    "panels": {
      "type": "array",
      "minItems": 2,
      "maxItems": 6,
      "description": "宫格配图；showFrom 为 content 下标（0-based），在该条 startFrame 显现",
      "items": {
        "type": "object",
        "required": [
          "src",
          "showFrom"
        ],
        "properties": {
          "src": {
            "type": "string",
            "format": "image_prompt",
            "description": "该宫格配图提示词"
          },
          "showFrom": {
            "type": "integer",
            "format": "content_index",
            "description": "content 下标（0-based），非帧数"
          },
          "position": {
            "type": "string",
            "enum": [
              "center",
              "left",
              "right",
              "top",
              "bottom"
            ],
            "description": "可选；弱提示，布局以宫格为准"
          },
          "enterEffect": {
            "type": "string",
            "enum": [
              "breathe",
              "slideLeft",
              "slideBottom",
              "zoomIn",
              "fadeIn"
            ],
            "default": "fadeIn"
          }
        }
      }
    }
  },
  "required": [
    "panels"
  ]
}

// 口播条数（已由程序写入 CONTENT_STR，勿在 param 中输出 content）：口播分句（item.content）至少 2 条；口播分句至多 8 条（超出会被校验器告警）


模板该项的示例供参考：

{
  "template": "PANEL_GRID",
  "param": {
    "panels": [
      {
        "src": "问号堵住去路的简笔画",
        "showFrom": 0,
        "enterEffect": "zoomIn"
      },
      {
        "src": "放大镜只看一角的简笔画",
        "showFrom": 1
      },
      {
        "src": "两人各执一词的简笔画",
        "showFrom": 2
      }
    ]
  }
}


注意：如果该模板生成的参数包含图片视觉描述（如 imageSrc / leftSrc / rightSrc 等等），请只描述纯视觉场景与动作，绝不要包含任何文字、标语或注音。


## 其他通用说明
1. 锚点（Anchor）— 克制与高价值（适用于 SCHEMA 或上文允许出现锚点/高亮时）：
   - 多数句子应**无锚点**；拿不准就留空或 `[]`，避免满屏高亮。
   - 如果一定需要锚点，只选**整段里真正的高潮、反转或核心名词**（宜 2～4 字、有记忆点）；平庸词、铺垫句不要做成锚点。
   - 颜色建议：`#EF4444`（警示/反转/负面/结论）、`#000000`（事实/术语/数据）。动画 `anim`：`spring` | `slideUp` | `popIn` | `highlight`。
   - 音效可选(仅写在锚点对象上的 `audioEffect`)：`impact_thud` | `ping` | `woosh`

2. 视觉标题与字幕分离（仅当 SCHEMA 要求 `notText` / `butText` / `conceptName`、或 DOS_AND_DONTS 的 `left.label` / `right.label` 等时）：

   - 填**极简关键词（约 2～6 字）**，禁止把整句台词搬进标题字段。



## 输出格式（严格 JSON，不要 markdown 代码块）
补全当前模板的param,非数组：
{ "param": { ... } }

===========================================================================================
---------------------------------------- RESPONSE ----------------------------------------
time: 2026-06-07 01:11:19
attempt: 1/3

[OUTPUT]
{
  "param": {
    "panels": [
      {
        "src": "一位工程师在昏暗的实验室中专注地操作示波器",
        "showFrom": 0,
        "enterEffect": "zoomIn"
      },
      {
        "src": "一位戴着博士帽的学者在庄严讲堂中高举权杖",
        "showFrom": 1
      },
      {
        "src": "一只手用扳手拧紧一个微小的螺丝",
        "showFrom": 2
      },
      {
        "src": "一只手握笔划掉古老石碑上的文字，旁边有新写的字迹",
        "showFrom": 3
      },
      {
        "src": "深夜，一个人趴在堆满书本的书桌上苦读，旁边放着冒着热气的咖啡杯",
        "showFrom": 4
      },
      {
        "src": "领奖台上空，彩带飘扬，台下人群欢呼",
        "showFrom": 5
      }
    ]
  }
}
-------------------------------------------------------------------------------------------

======================================== REQUEST ========================================
time: 2026-06-07 01:11:19
provider: deepseek
model: deepseek-v4-pro
retries: 3

[PROMPT]
你是短视频字幕与画面细节处理专家。请把指定台词细化为字模显示参数。


## 完整段落上下文（仅供理解整体语境，判断当前句子的重要性）
所以，华为韬定律最大的问题，不是它有没有工程价值。而是它把工程探索，包装成学术权威。把局部改良，包装成规则改写。把艰难补课，包装成全面胜利。

这套话术，短期很爽。品牌赢了。流量赢了。股价也赢了。

但中国科技，输了耐心。输了诚实。输了对物理规律的敬畏。

科技最怕的，
就是把问题讲成胜利。
散热就是散热。良率就是良率。差距就是差距。

真正的自强，
不是把五十度的水，
说成一百度。
是承认火还不够。
然后继续烧。


## 🎯 待处理的目标文案
这套话术，短期很爽。品牌赢了。流量赢了。股价也赢了。

## 目标文案content的数组结构
生成模板参数时，format为content_index的字段依据此数组选择匹配的索引，用于决定相应内容出现在动画中的时机

[
  {
    "index": 0,
    "text": "这套话术，"
  },
  {
    "index": 1,
    "text": "短期很爽。"
  },
  {
    "index": 2,
    "text": "品牌赢了。"
  },
  {
    "index": 3,
    "text": "流量赢了。"
  },
  {
    "index": 4,
    "text": "股价也赢了。"
  }
]


## 选定模板及参数规范

模板名称：BEAT_SEQUENCE

参数 Schema 说明：

{
  "type": "object",
  "properties": {
    "stages": {
      "type": "array",
      "minItems": 2,
      "maxItems": 4,
      "description": "配图序列：每条 stage 一张图；imageSrc、enterEffect、可选 tone（calm|alert）、可选 showFrom（对齐镜头外层 content[] 下标）",
      "items": {
        "type": "object",
        "required": [
          "imageSrc"
        ],
        "properties": {
          "imageSrc": {
            "type": "string",
            "format": "image_prompt",
            "description": "该节拍配图提示词"
          },
          "enterEffect": {
            "type": "string",
            "enum": [
              "breathe",
              "slideLeft",
              "slideBottom",
              "zoomIn",
              "fadeIn"
            ],
            "default": "breathe",
            "description": "入场效果"
          },
          "tone": {
            "type": "string",
            "enum": [
              "calm",
              "alert"
            ],
            "description": "首条可 calm，其余默认可 alert"
          },
          "showFrom": {
            "type": "content_index",
            "minimum": 0,
            "description": "镜头 item 外层 content 数组（与 param 同级）的 0-based 下标；从该条 startFrame 起显示本图。省略则等于当前 stages 下标 i（与第 i 条口播同步）"
          }
        }
      }
    }
  },
  "required": [
    "stages"
  ]
}

// 口播条数（已由程序写入 CONTENT_STR，勿在 param 中输出 content）：口播分句（item.content）至少 2 条；口播分句至多 4 条（超出会被校验器告警）


模板该项的示例供参考：

{
  "template": "BEAT_SEQUENCE",
  "param": {
    "stages": [
      {
        "imageSrc": "问句配图简笔画",
        "enterEffect": "breathe"
      },
      {
        "imageSrc": "转折警示配图",
        "enterEffect": "slideBottom"
      },
      {
        "imageSrc": "结论冲击配图",
        "enterEffect": "slideBottom"
      }
    ]
  }
}


注意：如果该模板生成的参数包含图片视觉描述（如 imageSrc / leftSrc / rightSrc 等等），请只描述纯视觉场景与动作，绝不要包含任何文字、标语或注音。


## 其他通用说明
1. 锚点（Anchor）— 克制与高价值（适用于 SCHEMA 或上文允许出现锚点/高亮时）：
   - 多数句子应**无锚点**；拿不准就留空或 `[]`，避免满屏高亮。
   - 如果一定需要锚点，只选**整段里真正的高潮、反转或核心名词**（宜 2～4 字、有记忆点）；平庸词、铺垫句不要做成锚点。
   - 颜色建议：`#EF4444`（警示/反转/负面/结论）、`#000000`（事实/术语/数据）。动画 `anim`：`spring` | `slideUp` | `popIn` | `highlight`。
   - 音效可选(仅写在锚点对象上的 `audioEffect`)：`impact_thud` | `ping` | `woosh`

2. 视觉标题与字幕分离（仅当 SCHEMA 要求 `notText` / `butText` / `conceptName`、或 DOS_AND_DONTS 的 `left.label` / `right.label` 等时）：

   - 填**极简关键词（约 2～6 字）**，禁止把整句台词搬进标题字段。



## 输出格式（严格 JSON，不要 markdown 代码块）
补全当前模板的param,非数组：
{ "param": { ... } }

===========================================================================================
---------------------------------------- RESPONSE ----------------------------------------
time: 2026-06-07 01:11:36
attempt: 1/3

[OUTPUT]
{
  "param": {
    "stages": [
      {
        "imageSrc": "一个被过度吹胀的透明气球，表面映出模糊的金色光斑，边缘略微变形，悬浮在深灰色背景中",
        "enterEffect": "breathe",
        "tone": "calm",
        "showFrom": 0
      },
      {
        "imageSrc": "一座倒映在水中的奖杯，水面泛起涟漪，奖杯的倒影扭曲破碎，背景幽暗",
        "enterEffect": "slideBottom",
        "tone": "alert",
        "showFrom": 2
      },
      {
        "imageSrc": "一道迅猛上升的数据曲线箭头，末端由像素方块构成，边缘闪烁不稳定粒子",
        "enterEffect": "slideBottom",
        "tone": "alert",
        "showFrom": 3
      },
      {
        "imageSrc": "股票K线图上的红色阳线急速拉高，但K线实体内部像泡沫一样布满孔洞",
        "enterEffect": "slideBottom",
        "tone": "alert",
        "showFrom": 4
      }
    ]
  }
}
-------------------------------------------------------------------------------------------

======================================== REQUEST ========================================
time: 2026-06-07 01:11:36
provider: deepseek
model: deepseek-v4-pro
retries: 3

[PROMPT]
你是短视频字幕与画面细节处理专家。请把指定台词细化为字模显示参数。


## 完整段落上下文（仅供理解整体语境，判断当前句子的重要性）
所以，华为韬定律最大的问题，不是它有没有工程价值。而是它把工程探索，包装成学术权威。把局部改良，包装成规则改写。把艰难补课，包装成全面胜利。

这套话术，短期很爽。品牌赢了。流量赢了。股价也赢了。

但中国科技，输了耐心。输了诚实。输了对物理规律的敬畏。

科技最怕的，
就是把问题讲成胜利。
散热就是散热。良率就是良率。差距就是差距。

真正的自强，
不是把五十度的水，
说成一百度。
是承认火还不够。
然后继续烧。


## 🎯 待处理的目标文案
但中国科技，输了耐心。输了诚实。输了对物理规律的敬畏。

## 目标文案content的数组结构
生成模板参数时，format为content_index的字段依据此数组选择匹配的索引，用于决定相应内容出现在动画中的时机

[
  {
    "index": 0,
    "text": "但中国科技，"
  },
  {
    "index": 1,
    "text": "输了耐心。"
  },
  {
    "index": 2,
    "text": "输了诚实。"
  },
  {
    "index": 3,
    "text": "输了对物理规律的敬畏。"
  }
]


## 选定模板及参数规范

模板名称：BEAT_SEQUENCE

参数 Schema 说明：

{
  "type": "object",
  "properties": {
    "stages": {
      "type": "array",
      "minItems": 2,
      "maxItems": 4,
      "description": "配图序列：每条 stage 一张图；imageSrc、enterEffect、可选 tone（calm|alert）、可选 showFrom（对齐镜头外层 content[] 下标）",
      "items": {
        "type": "object",
        "required": [
          "imageSrc"
        ],
        "properties": {
          "imageSrc": {
            "type": "string",
            "format": "image_prompt",
            "description": "该节拍配图提示词"
          },
          "enterEffect": {
            "type": "string",
            "enum": [
              "breathe",
              "slideLeft",
              "slideBottom",
              "zoomIn",
              "fadeIn"
            ],
            "default": "breathe",
            "description": "入场效果"
          },
          "tone": {
            "type": "string",
            "enum": [
              "calm",
              "alert"
            ],
            "description": "首条可 calm，其余默认可 alert"
          },
          "showFrom": {
            "type": "content_index",
            "minimum": 0,
            "description": "镜头 item 外层 content 数组（与 param 同级）的 0-based 下标；从该条 startFrame 起显示本图。省略则等于当前 stages 下标 i（与第 i 条口播同步）"
          }
        }
      }
    }
  },
  "required": [
    "stages"
  ]
}

// 口播条数（已由程序写入 CONTENT_STR，勿在 param 中输出 content）：口播分句（item.content）至少 2 条；口播分句至多 4 条（超出会被校验器告警）


模板该项的示例供参考：

{
  "template": "BEAT_SEQUENCE",
  "param": {
    "stages": [
      {
        "imageSrc": "问句配图简笔画",
        "enterEffect": "breathe"
      },
      {
        "imageSrc": "转折警示配图",
        "enterEffect": "slideBottom"
      },
      {
        "imageSrc": "结论冲击配图",
        "enterEffect": "slideBottom"
      }
    ]
  }
}


注意：如果该模板生成的参数包含图片视觉描述（如 imageSrc / leftSrc / rightSrc 等等），请只描述纯视觉场景与动作，绝不要包含任何文字、标语或注音。


## 其他通用说明
1. 锚点（Anchor）— 克制与高价值（适用于 SCHEMA 或上文允许出现锚点/高亮时）：
   - 多数句子应**无锚点**；拿不准就留空或 `[]`，避免满屏高亮。
   - 如果一定需要锚点，只选**整段里真正的高潮、反转或核心名词**（宜 2～4 字、有记忆点）；平庸词、铺垫句不要做成锚点。
   - 颜色建议：`#EF4444`（警示/反转/负面/结论）、`#000000`（事实/术语/数据）。动画 `anim`：`spring` | `slideUp` | `popIn` | `highlight`。
   - 音效可选(仅写在锚点对象上的 `audioEffect`)：`impact_thud` | `ping` | `woosh`

2. 视觉标题与字幕分离（仅当 SCHEMA 要求 `notText` / `butText` / `conceptName`、或 DOS_AND_DONTS 的 `left.label` / `right.label` 等时）：

   - 填**极简关键词（约 2～6 字）**，禁止把整句台词搬进标题字段。



## 输出格式（严格 JSON，不要 markdown 代码块）
补全当前模板的param,非数组：
{ "param": { ... } }

===========================================================================================
---------------------------------------- RESPONSE ----------------------------------------
time: 2026-06-07 01:11:48
attempt: 1/3

[OUTPUT]
{
  "param": {
    "stages": [
      {
        "imageSrc": "中国科技符号（如芯片、齿轮）在虚化背景中微微暗淡，光线从锐利转向柔和的暮光",
        "enterEffect": "breathe",
        "tone": "calm"
      },
      {
        "imageSrc": "秒表指针疯狂跳动后突然静止，表盘出现细微裂痕，周围空气弥漫焦灼的红色粒子",
        "enterEffect": "slideBottom",
        "tone": "alert"
      },
      {
        "imageSrc": "镜面反射出一个变形的虚影，镜框出现锈迹，光线扭曲折射出虚假的光斑",
        "enterEffect": "slideBottom",
        "tone": "alert"
      },
      {
        "imageSrc": "一座摇摇欲坠的积木塔，底部抽走了关键的物理定律符号，塔身开始崩塌，尘埃在金色警示光中弥漫",
        "enterEffect": "zoomIn",
        "tone": "alert"
      }
    ]
  }
}
-------------------------------------------------------------------------------------------

======================================== REQUEST ========================================
time: 2026-06-07 01:11:48
provider: deepseek
model: deepseek-v4-pro
retries: 3

[PROMPT]
你是短视频字幕与画面细节处理专家。请把指定台词细化为字模显示参数。


## 完整段落上下文（仅供理解整体语境，判断当前句子的重要性）
所以，华为韬定律最大的问题，不是它有没有工程价值。而是它把工程探索，包装成学术权威。把局部改良，包装成规则改写。把艰难补课，包装成全面胜利。

这套话术，短期很爽。品牌赢了。流量赢了。股价也赢了。

但中国科技，输了耐心。输了诚实。输了对物理规律的敬畏。

科技最怕的，
就是把问题讲成胜利。
散热就是散热。良率就是良率。差距就是差距。

真正的自强，
不是把五十度的水，
说成一百度。
是承认火还不够。
然后继续烧。


## 🎯 待处理的目标文案
科技最怕的，就是把问题讲成胜利。散热就是散热。良率就是良率。差距就是差距。

## 目标文案content的数组结构
生成模板参数时，format为content_index的字段依据此数组选择匹配的索引，用于决定相应内容出现在动画中的时机

[
  {
    "index": 0,
    "text": "科技最怕的，"
  },
  {
    "index": 1,
    "text": "就是把问题讲成胜利。"
  },
  {
    "index": 2,
    "text": "散热就是散热。"
  },
  {
    "index": 3,
    "text": "良率就是良率。"
  },
  {
    "index": 4,
    "text": "差距就是差距。"
  }
]


## 选定模板及参数规范

模板名称：BEAT_SEQUENCE

参数 Schema 说明：

{
  "type": "object",
  "properties": {
    "stages": {
      "type": "array",
      "minItems": 2,
      "maxItems": 4,
      "description": "配图序列：每条 stage 一张图；imageSrc、enterEffect、可选 tone（calm|alert）、可选 showFrom（对齐镜头外层 content[] 下标）",
      "items": {
        "type": "object",
        "required": [
          "imageSrc"
        ],
        "properties": {
          "imageSrc": {
            "type": "string",
            "format": "image_prompt",
            "description": "该节拍配图提示词"
          },
          "enterEffect": {
            "type": "string",
            "enum": [
              "breathe",
              "slideLeft",
              "slideBottom",
              "zoomIn",
              "fadeIn"
            ],
            "default": "breathe",
            "description": "入场效果"
          },
          "tone": {
            "type": "string",
            "enum": [
              "calm",
              "alert"
            ],
            "description": "首条可 calm，其余默认可 alert"
          },
          "showFrom": {
            "type": "content_index",
            "minimum": 0,
            "description": "镜头 item 外层 content 数组（与 param 同级）的 0-based 下标；从该条 startFrame 起显示本图。省略则等于当前 stages 下标 i（与第 i 条口播同步）"
          }
        }
      }
    }
  },
  "required": [
    "stages"
  ]
}

// 口播条数（已由程序写入 CONTENT_STR，勿在 param 中输出 content）：口播分句（item.content）至少 2 条；口播分句至多 4 条（超出会被校验器告警）


模板该项的示例供参考：

{
  "template": "BEAT_SEQUENCE",
  "param": {
    "stages": [
      {
        "imageSrc": "问句配图简笔画",
        "enterEffect": "breathe"
      },
      {
        "imageSrc": "转折警示配图",
        "enterEffect": "slideBottom"
      },
      {
        "imageSrc": "结论冲击配图",
        "enterEffect": "slideBottom"
      }
    ]
  }
}


注意：如果该模板生成的参数包含图片视觉描述（如 imageSrc / leftSrc / rightSrc 等等），请只描述纯视觉场景与动作，绝不要包含任何文字、标语或注音。


## 其他通用说明
1. 锚点（Anchor）— 克制与高价值（适用于 SCHEMA 或上文允许出现锚点/高亮时）：
   - 多数句子应**无锚点**；拿不准就留空或 `[]`，避免满屏高亮。
   - 如果一定需要锚点，只选**整段里真正的高潮、反转或核心名词**（宜 2～4 字、有记忆点）；平庸词、铺垫句不要做成锚点。
   - 颜色建议：`#EF4444`（警示/反转/负面/结论）、`#000000`（事实/术语/数据）。动画 `anim`：`spring` | `slideUp` | `popIn` | `highlight`。
   - 音效可选(仅写在锚点对象上的 `audioEffect`)：`impact_thud` | `ping` | `woosh`

2. 视觉标题与字幕分离（仅当 SCHEMA 要求 `notText` / `butText` / `conceptName`、或 DOS_AND_DONTS 的 `left.label` / `right.label` 等时）：

   - 填**极简关键词（约 2～6 字）**，禁止把整句台词搬进标题字段。



## 输出格式（严格 JSON，不要 markdown 代码块）
补全当前模板的param,非数组：
{ "param": { ... } }

===========================================================================================
---------------------------------------- RESPONSE ----------------------------------------
time: 2026-06-07 01:12:21
attempt: 1/3

[OUTPUT]
{
  "param": {
    "stages": [
      {
        "imageSrc": "一个站立的影子手拿话筒，背后屏幕上显示一个气泡状的奖杯，气泡正在破裂",
        "enterEffect": "zoomIn",
        "tone": "alert",
        "showFrom": 0
      },
      {
        "imageSrc": "一个干净的铝制散热器，没有多余装饰，静静地放在白色表面上",
        "enterEffect": "slideBottom",
        "tone": "calm",
        "showFrom": 2
      },
      {
        "imageSrc": "特写镜头下的晶圆，部分芯片存在瑕疵，没有任何文字标注",
        "enterEffect": "slideBottom",
        "tone": "calm",
        "showFrom": 3
      },
      {
        "imageSrc": "两条平行的光线，中间有明显间隔",
        "enterEffect": "fadeIn",
        "tone": "calm",
        "showFrom": 4
      }
    ]
  }
}
-------------------------------------------------------------------------------------------

======================================== REQUEST ========================================
time: 2026-06-07 01:12:21
provider: deepseek
model: deepseek-v4-pro
retries: 3

[PROMPT]
你是短视频字幕与画面细节处理专家。请把指定台词细化为字模显示参数。


## 完整段落上下文（仅供理解整体语境，判断当前句子的重要性）
所以，华为韬定律最大的问题，不是它有没有工程价值。而是它把工程探索，包装成学术权威。把局部改良，包装成规则改写。把艰难补课，包装成全面胜利。

这套话术，短期很爽。品牌赢了。流量赢了。股价也赢了。

但中国科技，输了耐心。输了诚实。输了对物理规律的敬畏。

科技最怕的，
就是把问题讲成胜利。
散热就是散热。良率就是良率。差距就是差距。

真正的自强，
不是把五十度的水，
说成一百度。
是承认火还不够。
然后继续烧。


## 🎯 待处理的目标文案
真正的自强，不是把五十度的水，说成一百度。是承认火还不够。然后继续烧。

## 目标文案content的数组结构
生成模板参数时，format为content_index的字段依据此数组选择匹配的索引，用于决定相应内容出现在动画中的时机

[
  {
    "index": 0,
    "text": "真正的自强，"
  },
  {
    "index": 1,
    "text": "不是把五十度的水，"
  },
  {
    "index": 2,
    "text": "说成一百度。"
  },
  {
    "index": 3,
    "text": "是承认火还不够。"
  },
  {
    "index": 4,
    "text": "然后继续烧。"
  }
]


## 选定模板及参数规范

模板名称：COGNITIVE_SHIFT

参数 Schema 说明：

{
  "type": "object",
  "properties": {
    "notText": {
      "type": "string",
      "description": "被否认知（‘不是’后面的内容）的精炼短句，不超过12个字，"
    },
    "butText": {
      "type": "string",
      "description": "真实认知（‘而是’后面的内容）的精炼短句，不超过12个字"
    },
    "butSrc": {
      "type": "string",
      "format": "image_prompt",
      "description": "真实认知的配图"
    },
    "notContentIndex": {
      "type": "integer",
      "format": "content_index",
      "description": "触发「不是」动画的字幕段索引（默认 0）"
    },
    "butContentIndex": {
      "type": "integer",
      "format": "content_index",
      "description": "触发「而是」动画的字幕段索引（默认 1）"
    }
  },
  "required": [
    "notText",
    "butText"
  ]
}


模板该项的示例供参考：

{
  "template": "COGNITIVE_SHIFT",
  "content": [
    "我们都不应该靠勤奋拼命",
    "我们都应该是靠认知和选择",
    "这样我才能成功"
  ],
  "param": {
    "notText": "靠勤奋拼命",
    "butText": "靠认知和选择",
    "butSrc": "站在高处看地图的思考者",
    "notContentIndex": 0,
    "butContentIndex": 1
  }
}


注意：如果该模板生成的参数包含图片视觉描述（如 imageSrc / leftSrc / rightSrc 等等），请只描述纯视觉场景与动作，绝不要包含任何文字、标语或注音。


## 其他通用说明
1. 锚点（Anchor）— 克制与高价值（适用于 SCHEMA 或上文允许出现锚点/高亮时）：
   - 多数句子应**无锚点**；拿不准就留空或 `[]`，避免满屏高亮。
   - 如果一定需要锚点，只选**整段里真正的高潮、反转或核心名词**（宜 2～4 字、有记忆点）；平庸词、铺垫句不要做成锚点。
   - 颜色建议：`#EF4444`（警示/反转/负面/结论）、`#000000`（事实/术语/数据）。动画 `anim`：`spring` | `slideUp` | `popIn` | `highlight`。
   - 音效可选(仅写在锚点对象上的 `audioEffect`)：`impact_thud` | `ping` | `woosh`

2. 视觉标题与字幕分离（仅当 SCHEMA 要求 `notText` / `butText` / `conceptName`、或 DOS_AND_DONTS 的 `left.label` / `right.label` 等时）：

   - 填**极简关键词（约 2～6 字）**，禁止把整句台词搬进标题字段。



## 输出格式（严格 JSON，不要 markdown 代码块）
补全当前模板的param,非数组：
{ "param": { ... } }

===========================================================================================
---------------------------------------- RESPONSE ----------------------------------------
time: 2026-06-07 01:12:42
attempt: 1/3

[OUTPUT]
{ "param": { "notText": "五十度的水说成一百度", "butText": "火还不够，继续烧", "butSrc": "一位工程师专注地给炉灶添柴，炉火不太旺，但他耐心调整，火焰逐渐升高", "notContentIndex": 1, "butContentIndex": 3 } }
-------------------------------------------------------------------------------------------
