
======================================== REQUEST ========================================
time: 2026-06-12 21:38:08
provider: deepseek
model: deepseek-v4-pro
retries: 3

[PROMPT]
你是「镜头分镜 + 动画模板选型」联合优化器。你的任务是在**不改写口播原文**的前提下，把场景原文切成更“原子化”的镜头item，并为每个镜头选择最合适的 `template`。

## 🎥 视频大背景
- **核心主题**：小米事故刷屏，但起火率可能低于你的车
- **当前场景**：开篇

## 📄 场景原文（严禁修改、严禁漏字、严禁补字）
小米车，真的更容易出事吗？

作为一个有理智的人，看一个品牌有没有问题，不应该是看热搜，而是看数据。

你刷到的标题，通常很吓人。
小米又起火了。
小米又撞了。
小米又上绿化带了。

看多了，
你会产生一个感觉：
这车是不是有问题？

这个感觉，
当然真实。

但感觉真实，
不等于概率真实。

## 可用模板（共 23 个：`template` 必须且仅能从中选一个）

BEAT_SEQUENCE, CASE_BREAKDOWN, CAUSE_CHAIN, CENTER_FOCUS, CHAT_BUBBLE, CHECKLIST_REVEAL, COGNITIVE_SHIFT, CONCEPT_CARD, DATA_TABLE, DOS_AND_DONTS, KPI_HERO, MAGNIFYING_GLASS, METHOD_STACK, PANEL_GRID, PEER_INDUCT, PROGRESS_RING, QUOTE_CITATION, SPLIT_COMPARE, STAT_COMPARE, STEP_LIST, TEXT_FOCUS, TIMELINE, TREE_DIAGRAM

选型规则以主提示词中的决策树与自检清单为准；参数结构不在此展开，后续步骤会按 Schema 生成 `param`。

---

## 🎯 总目标（必须同时满足）
1. **逐字一致**：每个 item 的 `text` 必须是原文的连续子串；所有 item 的 `text` 按顺序拼接后必须与原文完全一致（允许忽略空白差异，但不能改变任何非空白字符）。
2. **覆盖完整**：原文中每一个字符都必须且只能落在一个 item 里（不重叠、不遗漏）。
3. **表达原子化**：**一个 item 只允许一个主表达结构**（对比/命名/步骤/引用/数据/节拍递进/金句冲击/平铺叙述）。若同一段里混了两种结构，必须拆成多个 item。
4. **长度合理**：为了避免视觉疲劳，一个item中的text拼接后如果长于 50 字应该拆分成多个item。
5. 模板是为了更好的表达item中的text

---

## ✂️ 分镜原则

### Phase 1：时长锚点（量化判断基准）
- 正常语速约 **4~5 字/秒**，单个镜头的理想口播时长：**3~8 秒（约 12~40 字）**
- ⚠️ **< 12 字**的分段：除非是独立金句，否则**必须合并**到相邻镜头
- ⚠️ **> 50 字**的分段：意味着画面停留太久，观众注意力衰减，建议拆分，但拆分点本身仍需有叙事依据
- 在 `estimatedSeconds` 字段中标注预估秒数（字数 ÷ 4.5，保留一位小数）
- 除非模板使用TextFocus，否则不允许content中只有一个Text的情况

### Phase 2：切分信号强度模型
按叙事信号强度决定是否新建镜头，**而非按标点机械切分**：

**🔴 强信号（应新建镜头）**：
- 叙事角色彻底转换：说理/定义 → 举例/场景还原
- 叙事角色彻底转换：铺垫/铺陈 → 行动号召/结论
- 情绪段位跳变：平静分析 → 震惊转折 → 收束共情
- 视觉主体完全更换：讨论 A 话题 → 转到独立的 B 话题

**🟡 中等信号（倾向合并，但单段超过 40 字时可拆）**：
- 同一论点下的多个分点（第一、第二、第三……）
- 同一比喻的铺垫与揭示
- 同一因果链的前提与结论

**🟢 弱信号（严禁作为切分依据）**：
- 普通逗号、顿号、冒号后的补充说明
- 同一句话的前后半段
- "而且""此外""所以"等常见连接词（需配合叙事角色判断）

### Phase 3：合并检查
拆完后对所有 items 做全局合并检查：
- 相邻两个 items 若切分信号为"弱"且合并后总字数不超过 45 字 → **强制合并**
- 相邻两个 items 若叙事角色完全相同、画面视觉重心也相同 → **强制合并**

## 🧭 结构识别 → 模板选型（从上到下命中第一条）

### A. 数据/量化结论（expressionTag=data）
- 两项指标同框对比（涨跌、前后、A/B）→ `STAT_COMPARE`（必须能抽象出两个非负整数）
- 单指标完成度/占比/达成率 → `PROGRESS_RING`
- 单个核心数值/排名/增长率强调 → `KPI_HERO`

### B. 对错/强导向（expressionTag=contrast）
- 明确“别这样/要这样”“错误/正确” → `DOS_AND_DONTS`
- “不是…而是…” → `COGNITIVE_SHIFT`

### C. 多分点/清单/步骤（expressionTag=list|steps|method）
- 两方/两方案并列（更中立的 A vs B）→ `SPLIT_COMPARE`
- 当前 item 原文明确展开 **2～4** 个并列分点/并列例子，且每点需独立配图（宫格）→ `PANEL_GRID`
- 明确步骤序列/短清单，且【同一 item 内】可抽取出 2～6 条“短步骤”（如同时出现“第一/第二/第三…”或“1)/2)/3)”），并且每条步骤建议 ≤10 字、无长解释句 → `STEP_LIST`
  - 反例：只有“第一/第二”这一个标题句（单条）不要选 `STEP_LIST`（至少需要 2 条）
  - 反例：每条方法/步骤后面还跟较长解释、追问或补充句（例如任一解释段 >30 字）→ 不适合 `STEP_LIST`，应拆分 item，并优先用 `METHOD_STACK`（标题式核心 + 解释展开）或 `CENTER_FOCUS`
- “一个标题式核心（方法/建议/观点/卖点/亮点/推荐理由）+ 2～4 句解释展开” → `METHOD_STACK`
- 同一**案例/子话题**、**单主图**，口播 **4～6 句** 呈「个案→误判/推论→纠偏→收束」叙事弧 → `CASE_BREAKDOWN`（非「第一/第二」方法清单、非多图节拍时用本模板；方法要点式仍用 `METHOD_STACK`）

### D. 节拍递进（expressionTag=beat）
- 同一镜头内 2～4 段口播节拍递进（问→驳→收束；铺垫→转折→结论），希望画面跟着分段变化 → `BEAT_SEQUENCE`
  - **提示**：如果递进里还夹杂“强对照/命名”，通常应拆成多个 item，不要硬塞一个 `BEAT_SEQUENCE`。
- 同一镜头内 **因果链 / 机制传导**（因→果→再果，每环一图，无时间轴刻度）→ `CAUSE_CHAIN`

### E. 引用/命名/聚焦（expressionTag=quote|concept|focus）
- 名言、著作、研究、媒体引用、用户评价、证言摘录 → `QUOTE_CITATION`
- 对“专业术语、概念、产品名、品牌关键词、功能名等”新名词进行解释→ `CONCEPT_CARD`
- 需要把注意力锁定到一个关键词/短语/关键细节/核心发现上 → `MAGNIFYING_GLASS`
  - 必须存在明确落点句（如“关键在于…”“核心是…”“结论是…”）
  - 需要后续可提取 1～2 个高价值锚点短语（否则不要选）

### F. 金句冲击（expressionTag=focus）
- 全片级短促强结论、无需配图 → `TEXT_FOCUS`

### G. 时间轴，先后关系（expressionTag=timeline）
- 明确时间先后/阶段演进（过去→现在→未来）→ `TIMELINE`

### G2. 收束清单（expressionTag≈conclusion|list）
- 收束、行动检查项、要点复诵，需要**逐项打勾显现**（非编号短步骤、非并列大图组）→ `CHECKLIST_REVEAL`

### H. 默认（expressionTag=neutral）
- 平缓叙述、单图即可、无上述结构 → `CENTER_FOCUS`

---

## ✅ 输出格式（严格 JSON，禁止包含 markdown 代码块）
{
  "items": [
    {
      "text": "逐字口播片段（必须来自原文，且拼接后覆盖原文）",
      "narrativeType": "HOOK | LOGIC | CASE | DATA | CONCLUSION | TRANSITION",
      "template": "必须来自可用模板列表",
      "expressionTag": "data | contrast | list | steps | method | beat | quote | concept | focus | timeline | neutral",
      "confidence": "low | medium | high",
      "reasoning": "一句话说明：该段的主表达结构是什么 → 为什么选该模板 → 若拆分/合并，理由是什么"
    }
  ]
}

===========================================================================================
---------------------------------------- RESPONSE ----------------------------------------
time: 2026-06-12 21:38:49
attempt: 1/3

[OUTPUT]
{
  "items": [
    {
      "text": "小米车，真的更容易出事吗？",
      "narrativeType": "HOOK",
      "template": "TEXT_FOCUS",
      "expressionTag": "focus",
      "confidence": "high",
      "reasoning": "独立开篇提问，短促冲击，用TEXT_FOCUS锁定核心悬念，无需配图。"
    },
    {
      "text": "作为一个有理智的人，看一个品牌有没有问题，不应该是看热搜，而是看数据。",
      "narrativeType": "LOGIC",
      "template": "COGNITIVE_SHIFT",
      "expressionTag": "contrast",
      "confidence": "high",
      "reasoning": "明确“不是…而是…”的认知转折结构，适用COGNITIVE_SHIFT。"
    },
    {
      "text": "你刷到的标题，通常很吓人。小米又起火了。小米又撞了。小米又上绿化带了。",
      "narrativeType": "CASE",
      "template": "PANEL_GRID",
      "expressionTag": "list",
      "confidence": "high",
      "reasoning": "三个并列案例，每个需独立配图，适合PANEL_GRID宫格展示，保持同一镜头内的列举节奏。"
    },
    {
      "text": "看多了，你会产生一个感觉：这车是不是有问题？",
      "narrativeType": "TRANSITION",
      "template": "MAGNIFYING_GLASS",
      "expressionTag": "focus",
      "confidence": "medium",
      "reasoning": "从举例过渡到心理感受，落脚在关键疑问上，用MAGNIFYING_GLASS聚焦“这车是不是有问题？”这个锚点。"
    },
    {
      "text": "这个感觉，当然真实。但感觉真实，不等于概率真实。",
      "narrativeType": "CONCLUSION",
      "template": "COGNITIVE_SHIFT",
      "expressionTag": "contrast",
      "confidence": "high",
      "reasoning": "先肯定后转折，形成“感觉真实≠概率真实”的认知翻转，适用COGNITIVE_SHIFT，且合并后未超长。"
    }
  ]
}
-------------------------------------------------------------------------------------------

======================================== REQUEST ========================================
time: 2026-06-12 21:38:49
provider: deepseek
model: deepseek-v4-pro
retries: 3

[PROMPT]
你是「镜头分镜 + 动画模板选型」联合优化器。你的任务是在**不改写口播原文**的前提下，把场景原文切成更“原子化”的镜头item，并为每个镜头选择最合适的 `template`。

## 🎥 视频大背景
- **核心主题**：小米事故刷屏，但起火率可能低于你的车
- **当前场景**：数据为实

## 📄 场景原文（严禁修改、严禁漏字、严禁补字）
我们先说最敏感的。
起火。

从2025年到2026年初，
公开报道的燃烧事故，
大约是6到8起。

按当时保有量估算，
碰撞后燃烧比例，
大约是0.00117%。

而新能源整体起火率，
约为0.0018%。

燃油车约为0.015%。

看到了吗，
你以为新能源比燃油车更容易烧起来，但其实新能源比燃油车着火事故少一半
你以为小米比其他电动车更容易烧起来，但其实小米相比整个行业着火事故更低。

你刷到很多，
不等于概率很高。

更关键的是，
公开通报里的多数火情，
不是静置自燃。

而是严重碰撞后起火。
外部火源引燃。
或者其他复杂诱因。

目前也没有一例说明，小米存在系统性自燃。

再说事故率。

很多人一看到事故视频，
就下意识得出结论：绿化带战神。
这是一个极具偏见色彩的标签。

事故率没有具体可查的数据，网上有很多人张嘴就来：小米的出现率高到离谱。
但事实是，目前全行业并没有任何一家权威机构，包括中保信和各大保险公司公布过小米汽车的具体出险率数据。这对保险公司来说是商业机密。
网传的“出险率高到离谱”或“是同价位车型数倍”等说法，已被官方联合保险公司证实为谣言。

## 可用模板（共 23 个：`template` 必须且仅能从中选一个）

BEAT_SEQUENCE, CASE_BREAKDOWN, CAUSE_CHAIN, CENTER_FOCUS, CHAT_BUBBLE, CHECKLIST_REVEAL, COGNITIVE_SHIFT, CONCEPT_CARD, DATA_TABLE, DOS_AND_DONTS, KPI_HERO, MAGNIFYING_GLASS, METHOD_STACK, PANEL_GRID, PEER_INDUCT, PROGRESS_RING, QUOTE_CITATION, SPLIT_COMPARE, STAT_COMPARE, STEP_LIST, TEXT_FOCUS, TIMELINE, TREE_DIAGRAM

选型规则以主提示词中的决策树与自检清单为准；参数结构不在此展开，后续步骤会按 Schema 生成 `param`。

---

## 🎯 总目标（必须同时满足）
1. **逐字一致**：每个 item 的 `text` 必须是原文的连续子串；所有 item 的 `text` 按顺序拼接后必须与原文完全一致（允许忽略空白差异，但不能改变任何非空白字符）。
2. **覆盖完整**：原文中每一个字符都必须且只能落在一个 item 里（不重叠、不遗漏）。
3. **表达原子化**：**一个 item 只允许一个主表达结构**（对比/命名/步骤/引用/数据/节拍递进/金句冲击/平铺叙述）。若同一段里混了两种结构，必须拆成多个 item。
4. **长度合理**：为了避免视觉疲劳，一个item中的text拼接后如果长于 50 字应该拆分成多个item。
5. 模板是为了更好的表达item中的text

---

## ✂️ 分镜原则

### Phase 1：时长锚点（量化判断基准）
- 正常语速约 **4~5 字/秒**，单个镜头的理想口播时长：**3~8 秒（约 12~40 字）**
- ⚠️ **< 12 字**的分段：除非是独立金句，否则**必须合并**到相邻镜头
- ⚠️ **> 50 字**的分段：意味着画面停留太久，观众注意力衰减，建议拆分，但拆分点本身仍需有叙事依据
- 在 `estimatedSeconds` 字段中标注预估秒数（字数 ÷ 4.5，保留一位小数）
- 除非模板使用TextFocus，否则不允许content中只有一个Text的情况

### Phase 2：切分信号强度模型
按叙事信号强度决定是否新建镜头，**而非按标点机械切分**：

**🔴 强信号（应新建镜头）**：
- 叙事角色彻底转换：说理/定义 → 举例/场景还原
- 叙事角色彻底转换：铺垫/铺陈 → 行动号召/结论
- 情绪段位跳变：平静分析 → 震惊转折 → 收束共情
- 视觉主体完全更换：讨论 A 话题 → 转到独立的 B 话题

**🟡 中等信号（倾向合并，但单段超过 40 字时可拆）**：
- 同一论点下的多个分点（第一、第二、第三……）
- 同一比喻的铺垫与揭示
- 同一因果链的前提与结论

**🟢 弱信号（严禁作为切分依据）**：
- 普通逗号、顿号、冒号后的补充说明
- 同一句话的前后半段
- "而且""此外""所以"等常见连接词（需配合叙事角色判断）

### Phase 3：合并检查
拆完后对所有 items 做全局合并检查：
- 相邻两个 items 若切分信号为"弱"且合并后总字数不超过 45 字 → **强制合并**
- 相邻两个 items 若叙事角色完全相同、画面视觉重心也相同 → **强制合并**

## 🧭 结构识别 → 模板选型（从上到下命中第一条）

### A. 数据/量化结论（expressionTag=data）
- 两项指标同框对比（涨跌、前后、A/B）→ `STAT_COMPARE`（必须能抽象出两个非负整数）
- 单指标完成度/占比/达成率 → `PROGRESS_RING`
- 单个核心数值/排名/增长率强调 → `KPI_HERO`

### B. 对错/强导向（expressionTag=contrast）
- 明确“别这样/要这样”“错误/正确” → `DOS_AND_DONTS`
- “不是…而是…” → `COGNITIVE_SHIFT`

### C. 多分点/清单/步骤（expressionTag=list|steps|method）
- 两方/两方案并列（更中立的 A vs B）→ `SPLIT_COMPARE`
- 当前 item 原文明确展开 **2～4** 个并列分点/并列例子，且每点需独立配图（宫格）→ `PANEL_GRID`
- 明确步骤序列/短清单，且【同一 item 内】可抽取出 2～6 条“短步骤”（如同时出现“第一/第二/第三…”或“1)/2)/3)”），并且每条步骤建议 ≤10 字、无长解释句 → `STEP_LIST`
  - 反例：只有“第一/第二”这一个标题句（单条）不要选 `STEP_LIST`（至少需要 2 条）
  - 反例：每条方法/步骤后面还跟较长解释、追问或补充句（例如任一解释段 >30 字）→ 不适合 `STEP_LIST`，应拆分 item，并优先用 `METHOD_STACK`（标题式核心 + 解释展开）或 `CENTER_FOCUS`
- “一个标题式核心（方法/建议/观点/卖点/亮点/推荐理由）+ 2～4 句解释展开” → `METHOD_STACK`
- 同一**案例/子话题**、**单主图**，口播 **4～6 句** 呈「个案→误判/推论→纠偏→收束」叙事弧 → `CASE_BREAKDOWN`（非「第一/第二」方法清单、非多图节拍时用本模板；方法要点式仍用 `METHOD_STACK`）

### D. 节拍递进（expressionTag=beat）
- 同一镜头内 2～4 段口播节拍递进（问→驳→收束；铺垫→转折→结论），希望画面跟着分段变化 → `BEAT_SEQUENCE`
  - **提示**：如果递进里还夹杂“强对照/命名”，通常应拆成多个 item，不要硬塞一个 `BEAT_SEQUENCE`。
- 同一镜头内 **因果链 / 机制传导**（因→果→再果，每环一图，无时间轴刻度）→ `CAUSE_CHAIN`

### E. 引用/命名/聚焦（expressionTag=quote|concept|focus）
- 名言、著作、研究、媒体引用、用户评价、证言摘录 → `QUOTE_CITATION`
- 对“专业术语、概念、产品名、品牌关键词、功能名等”新名词进行解释→ `CONCEPT_CARD`
- 需要把注意力锁定到一个关键词/短语/关键细节/核心发现上 → `MAGNIFYING_GLASS`
  - 必须存在明确落点句（如“关键在于…”“核心是…”“结论是…”）
  - 需要后续可提取 1～2 个高价值锚点短语（否则不要选）

### F. 金句冲击（expressionTag=focus）
- 全片级短促强结论、无需配图 → `TEXT_FOCUS`

### G. 时间轴，先后关系（expressionTag=timeline）
- 明确时间先后/阶段演进（过去→现在→未来）→ `TIMELINE`

### G2. 收束清单（expressionTag≈conclusion|list）
- 收束、行动检查项、要点复诵，需要**逐项打勾显现**（非编号短步骤、非并列大图组）→ `CHECKLIST_REVEAL`

### H. 默认（expressionTag=neutral）
- 平缓叙述、单图即可、无上述结构 → `CENTER_FOCUS`

---

## ✅ 输出格式（严格 JSON，禁止包含 markdown 代码块）
{
  "items": [
    {
      "text": "逐字口播片段（必须来自原文，且拼接后覆盖原文）",
      "narrativeType": "HOOK | LOGIC | CASE | DATA | CONCLUSION | TRANSITION",
      "template": "必须来自可用模板列表",
      "expressionTag": "data | contrast | list | steps | method | beat | quote | concept | focus | timeline | neutral",
      "confidence": "low | medium | high",
      "reasoning": "一句话说明：该段的主表达结构是什么 → 为什么选该模板 → 若拆分/合并，理由是什么"
    }
  ]
}

===========================================================================================
---------------------------------------- RESPONSE ----------------------------------------
time: 2026-06-12 21:40:02
attempt: 1/3

[OUTPUT]
{
  "items": [
    {
      "text": "我们先说最敏感的。起火。",
      "narrativeType": "HOOK",
      "template": "TEXT_FOCUS",
      "expressionTag": "focus",
      "confidence": "medium",
      "reasoning": "开头直接抛出最敏感的关键词‘起火’，用纯文字聚焦制造冲击，无需配图，适合独立金句镜头。"
    },
    {
      "text": "从2025年到2026年初，公开报道的燃烧事故，大约是6到8起。按当时保有量估算，碰撞后燃烧比例，大约是0.00117%。而新能源整体起火率，约为0.0018%。燃油车约为0.015%。",
      "narrativeType": "DATA",
      "template": "DATA_TABLE",
      "expressionTag": "data",
      "confidence": "high",
      "reasoning": "连续罗列四个数据项，适合用数据表格模板展示对比，原子化表达单一数据陈述。"
    },
    {
      "text": "看到了吗，你以为新能源比燃油车更容易烧起来，但其实新能源比燃油车着火事故少一半",
      "narrativeType": "LOGIC",
      "template": "COGNITIVE_SHIFT",
      "expressionTag": "contrast",
      "confidence": "high",
      "reasoning": "典型的‘你以为…但其实…’认知纠偏结构，采用认知转换模板突出新能源与燃油车的对比。"
    },
    {
      "text": " 你以为小米比其他电动车更容易烧起来，但其实小米相比整个行业着火事故更低。",
      "narrativeType": "LOGIC",
      "template": "COGNITIVE_SHIFT",
      "expressionTag": "contrast",
      "confidence": "high",
      "reasoning": "继续‘你以为…但其实…’结构，且转向小米与行业的对比，拆分为独立镜头以保持每个原子只有一组强对照。"
    },
    {
      "text": "你刷到很多，不等于概率很高。",
      "narrativeType": "CONCLUSION",
      "template": "TEXT_FOCUS",
      "expressionTag": "focus",
      "confidence": "medium",
      "reasoning": "短促有力的金句型结论，只有7个字，适合纯文字冲击收束前面的对比。"
    },
    {
      "text": "更关键的是，公开通报里的多数火情，不是静置自燃。而是严重碰撞后起火。外部火源引燃。或者其他复杂诱因。",
      "narrativeType": "LOGIC",
      "template": "COGNITIVE_SHIFT",
      "expressionTag": "contrast",
      "confidence": "high",
      "reasoning": "再次出现‘不是…而是…’认知纠正，将错误认知静置自燃与正确诱因并列，适合认知转换模板。"
    },
    {
      "text": "目前也没有一例说明，小米存在系统性自燃。",
      "narrativeType": "CONCLUSION",
      "template": "TEXT_FOCUS",
      "expressionTag": "focus",
      "confidence": "medium",
      "reasoning": "对前文起火诱因做出最终定性，短句收束，适合金句冲击。"
    },
    {
      "text": "再说事故率。很多人一看到事故视频，就下意识得出结论：绿化带战神。这是一个极具偏见色彩的标签。",
      "narrativeType": "CASE",
      "template": "MAGNIFYING_GLASS",
      "expressionTag": "focus",
      "confidence": "medium",
      "reasoning": "引出极具偏见的标签‘绿化带战神’，需要聚焦这个关键词进行审视，搭配解释偏见色彩。"
    },
    {
      "text": "事故率没有具体可查的数据，网上有很多人张嘴就来：小米的出现率高到离谱。",
      "narrativeType": "CASE",
      "template": "QUOTE_CITATION",
      "expressionTag": "quote",
      "confidence": "medium",
      "reasoning": "引用网上传言‘小米的出现率高到离谱’，适合用引用卡片呈现传言内容。"
    },
    {
      "text": "但事实是，目前全行业并没有任何一家权威机构，包括中保信和各大保险公司公布过小米汽车的具体出险率数据。这对保险公司来说是商业机密。",
      "narrativeType": "LOGIC",
      "template": "CENTER_FOCUS",
      "expressionTag": "neutral",
      "confidence": "high",
      "reasoning": "平叙事实澄清，无强对比或清单结构，用中心聚焦模板配合权威机构的意象。"
    },
    {
      "text": "网传的“出险率高到离谱”或“是同价位车型数倍”等说法，已被官方联合保险公司证实为谣言。",
      "narrativeType": "CONCLUSION",
      "template": "QUOTE_CITATION",
      "expressionTag": "quote",
      "confidence": "high",
      "reasoning": "再次引用具体网传说法，并给出辟谣结论，引用模板能突出谣言内容与官方辟谣的对照。"
    }
  ]
}
-------------------------------------------------------------------------------------------

======================================== REQUEST ========================================
time: 2026-06-12 21:40:02
provider: deepseek
model: deepseek-v4-pro
retries: 3

[PROMPT]
你是「镜头分镜 + 动画模板选型」联合优化器。你的任务是在**不改写口播原文**的前提下，把场景原文切成更“原子化”的镜头item，并为每个镜头选择最合适的 `template`。

## 🎥 视频大背景
- **核心主题**：小米事故刷屏，但起火率可能低于你的车
- **当前场景**：反思

## 📄 场景原文（严禁修改、严禁漏字、严禁补字）
但是也不能否认，小米SU7有几个特点。

第一，车主年轻。
第二，性能强。
第三，交付初期新手多。

这几个因素叠在一起，确实是相对更容易出现事故的情况。
但这不是小米车本身的问题，车只是工具，它如何被使用是工具无法决定的。

J.D. Power，著名的第三方消费者洞察机构。
在它的2025年研究报告中，小米SU7拿到过，大型纯电动细分市场，新车质量排名最高。
这也侧面印证了小米车的质量并不存在问题。

## 可用模板（共 23 个：`template` 必须且仅能从中选一个）

BEAT_SEQUENCE, CASE_BREAKDOWN, CAUSE_CHAIN, CENTER_FOCUS, CHAT_BUBBLE, CHECKLIST_REVEAL, COGNITIVE_SHIFT, CONCEPT_CARD, DATA_TABLE, DOS_AND_DONTS, KPI_HERO, MAGNIFYING_GLASS, METHOD_STACK, PANEL_GRID, PEER_INDUCT, PROGRESS_RING, QUOTE_CITATION, SPLIT_COMPARE, STAT_COMPARE, STEP_LIST, TEXT_FOCUS, TIMELINE, TREE_DIAGRAM

选型规则以主提示词中的决策树与自检清单为准；参数结构不在此展开，后续步骤会按 Schema 生成 `param`。

---

## 🎯 总目标（必须同时满足）
1. **逐字一致**：每个 item 的 `text` 必须是原文的连续子串；所有 item 的 `text` 按顺序拼接后必须与原文完全一致（允许忽略空白差异，但不能改变任何非空白字符）。
2. **覆盖完整**：原文中每一个字符都必须且只能落在一个 item 里（不重叠、不遗漏）。
3. **表达原子化**：**一个 item 只允许一个主表达结构**（对比/命名/步骤/引用/数据/节拍递进/金句冲击/平铺叙述）。若同一段里混了两种结构，必须拆成多个 item。
4. **长度合理**：为了避免视觉疲劳，一个item中的text拼接后如果长于 50 字应该拆分成多个item。
5. 模板是为了更好的表达item中的text

---

## ✂️ 分镜原则

### Phase 1：时长锚点（量化判断基准）
- 正常语速约 **4~5 字/秒**，单个镜头的理想口播时长：**3~8 秒（约 12~40 字）**
- ⚠️ **< 12 字**的分段：除非是独立金句，否则**必须合并**到相邻镜头
- ⚠️ **> 50 字**的分段：意味着画面停留太久，观众注意力衰减，建议拆分，但拆分点本身仍需有叙事依据
- 在 `estimatedSeconds` 字段中标注预估秒数（字数 ÷ 4.5，保留一位小数）
- 除非模板使用TextFocus，否则不允许content中只有一个Text的情况

### Phase 2：切分信号强度模型
按叙事信号强度决定是否新建镜头，**而非按标点机械切分**：

**🔴 强信号（应新建镜头）**：
- 叙事角色彻底转换：说理/定义 → 举例/场景还原
- 叙事角色彻底转换：铺垫/铺陈 → 行动号召/结论
- 情绪段位跳变：平静分析 → 震惊转折 → 收束共情
- 视觉主体完全更换：讨论 A 话题 → 转到独立的 B 话题

**🟡 中等信号（倾向合并，但单段超过 40 字时可拆）**：
- 同一论点下的多个分点（第一、第二、第三……）
- 同一比喻的铺垫与揭示
- 同一因果链的前提与结论

**🟢 弱信号（严禁作为切分依据）**：
- 普通逗号、顿号、冒号后的补充说明
- 同一句话的前后半段
- "而且""此外""所以"等常见连接词（需配合叙事角色判断）

### Phase 3：合并检查
拆完后对所有 items 做全局合并检查：
- 相邻两个 items 若切分信号为"弱"且合并后总字数不超过 45 字 → **强制合并**
- 相邻两个 items 若叙事角色完全相同、画面视觉重心也相同 → **强制合并**

## 🧭 结构识别 → 模板选型（从上到下命中第一条）

### A. 数据/量化结论（expressionTag=data）
- 两项指标同框对比（涨跌、前后、A/B）→ `STAT_COMPARE`（必须能抽象出两个非负整数）
- 单指标完成度/占比/达成率 → `PROGRESS_RING`
- 单个核心数值/排名/增长率强调 → `KPI_HERO`

### B. 对错/强导向（expressionTag=contrast）
- 明确“别这样/要这样”“错误/正确” → `DOS_AND_DONTS`
- “不是…而是…” → `COGNITIVE_SHIFT`

### C. 多分点/清单/步骤（expressionTag=list|steps|method）
- 两方/两方案并列（更中立的 A vs B）→ `SPLIT_COMPARE`
- 当前 item 原文明确展开 **2～4** 个并列分点/并列例子，且每点需独立配图（宫格）→ `PANEL_GRID`
- 明确步骤序列/短清单，且【同一 item 内】可抽取出 2～6 条“短步骤”（如同时出现“第一/第二/第三…”或“1)/2)/3)”），并且每条步骤建议 ≤10 字、无长解释句 → `STEP_LIST`
  - 反例：只有“第一/第二”这一个标题句（单条）不要选 `STEP_LIST`（至少需要 2 条）
  - 反例：每条方法/步骤后面还跟较长解释、追问或补充句（例如任一解释段 >30 字）→ 不适合 `STEP_LIST`，应拆分 item，并优先用 `METHOD_STACK`（标题式核心 + 解释展开）或 `CENTER_FOCUS`
- “一个标题式核心（方法/建议/观点/卖点/亮点/推荐理由）+ 2～4 句解释展开” → `METHOD_STACK`
- 同一**案例/子话题**、**单主图**，口播 **4～6 句** 呈「个案→误判/推论→纠偏→收束」叙事弧 → `CASE_BREAKDOWN`（非「第一/第二」方法清单、非多图节拍时用本模板；方法要点式仍用 `METHOD_STACK`）

### D. 节拍递进（expressionTag=beat）
- 同一镜头内 2～4 段口播节拍递进（问→驳→收束；铺垫→转折→结论），希望画面跟着分段变化 → `BEAT_SEQUENCE`
  - **提示**：如果递进里还夹杂“强对照/命名”，通常应拆成多个 item，不要硬塞一个 `BEAT_SEQUENCE`。
- 同一镜头内 **因果链 / 机制传导**（因→果→再果，每环一图，无时间轴刻度）→ `CAUSE_CHAIN`

### E. 引用/命名/聚焦（expressionTag=quote|concept|focus）
- 名言、著作、研究、媒体引用、用户评价、证言摘录 → `QUOTE_CITATION`
- 对“专业术语、概念、产品名、品牌关键词、功能名等”新名词进行解释→ `CONCEPT_CARD`
- 需要把注意力锁定到一个关键词/短语/关键细节/核心发现上 → `MAGNIFYING_GLASS`
  - 必须存在明确落点句（如“关键在于…”“核心是…”“结论是…”）
  - 需要后续可提取 1～2 个高价值锚点短语（否则不要选）

### F. 金句冲击（expressionTag=focus）
- 全片级短促强结论、无需配图 → `TEXT_FOCUS`

### G. 时间轴，先后关系（expressionTag=timeline）
- 明确时间先后/阶段演进（过去→现在→未来）→ `TIMELINE`

### G2. 收束清单（expressionTag≈conclusion|list）
- 收束、行动检查项、要点复诵，需要**逐项打勾显现**（非编号短步骤、非并列大图组）→ `CHECKLIST_REVEAL`

### H. 默认（expressionTag=neutral）
- 平缓叙述、单图即可、无上述结构 → `CENTER_FOCUS`

---

## ✅ 输出格式（严格 JSON，禁止包含 markdown 代码块）
{
  "items": [
    {
      "text": "逐字口播片段（必须来自原文，且拼接后覆盖原文）",
      "narrativeType": "HOOK | LOGIC | CASE | DATA | CONCLUSION | TRANSITION",
      "template": "必须来自可用模板列表",
      "expressionTag": "data | contrast | list | steps | method | beat | quote | concept | focus | timeline | neutral",
      "confidence": "low | medium | high",
      "reasoning": "一句话说明：该段的主表达结构是什么 → 为什么选该模板 → 若拆分/合并，理由是什么"
    }
  ]
}

===========================================================================================
---------------------------------------- RESPONSE ----------------------------------------
time: 2026-06-12 21:40:16
attempt: 1/3

[OUTPUT]
```json
{
  "items": [
    {
      "text": "但是也不能否认，小米SU7有几个特点。",
      "narrativeType": "TRANSITION",
      "template": "COGNITIVE_SHIFT",
      "expressionTag": "contrast",
      "confidence": "high",
      "reasoning": "转折句，隐含“否认”与“承认特点”之间的认知切换，用COGNITIVE_SHIFT表达虽有问题但仍需正视特点的微妙立场。"
    },
    {
      "text": "第一，车主年轻。第二，性能强。第三，交付初期新手多。",
      "narrativeType": "LOGIC",
      "template": "PANEL_GRID",
      "expressionTag": "list",
      "confidence": "high",
      "reasoning": "明确三个并列特点，每点简短独立（≤10字），适合用PANEL_GRID分宫格展示三项属性。"
    },
    {
      "text": "这几个因素叠在一起，确实是相对更容易出现事故的情况。",
      "narrativeType": "LOGIC",
      "template": "CENTER_FOCUS",
      "expressionTag": "neutral",
      "confidence": "medium",
      "reasoning": "对上文分点的总结推论，单一结论句，无需复杂结构，平缓托出结论用CENTER_FOCUS。"
    },
    {
      "text": "但这不是小米车本身的问题，车只是工具，它如何被使用是工具无法决定的。",
      "narrativeType": "LOGIC",
      "template": "COGNITIVE_SHIFT",
      "expressionTag": "contrast",
      "confidence": "high",
      "reasoning": "强对比“不是车的问题”→“工具无法决定使用”，推翻常见归因，用COGNITIVE_SHIFT显化认知扭转。"
    },
    {
      "text": "J.D. Power，著名的第三方消费者洞察机构。在它的2025年研究报告中，小米SU7拿到过，大型纯电动细分市场，新车质量排名最高。这也侧面印证了小米车的质量并不存在问题。",
      "narrativeType": "DATA",
      "template": "QUOTE_CITATION",
      "expressionTag": "quote",
      "confidence": "high",
      "reasoning": "引用第三方权威报告及结论，完整呈现来源+研究结果+推论，符合QUOTE_CITATION的引用论证模式。"
    }
  ]
}
```
-------------------------------------------------------------------------------------------

======================================== REQUEST ========================================
time: 2026-06-12 21:40:16
provider: deepseek
model: deepseek-v4-pro
retries: 3

[PROMPT]
你是「镜头分镜 + 动画模板选型」联合优化器。你的任务是在**不改写口播原文**的前提下，把场景原文切成更“原子化”的镜头item，并为每个镜头选择最合适的 `template`。

## 🎥 视频大背景
- **核心主题**：小米事故刷屏，但起火率可能低于你的车
- **当前场景**：错觉剖析

## 📄 场景原文（严禁修改、严禁漏字、严禁补字）



那为什么很多人还是觉得，
小米问题特别多？

第一，品牌太响。
名字越响，
负面越容易传播。
小米这个词代表的就是流量。

第二，算法会追着恐惧跑。
当你刷到小米汽车事故的视频，
你多停留两秒，
算法就会觉得你对这种视频感兴趣，
它就多喂你十条。

第三，重复会制造真实感。
同一起事故，
不同角度剪三遍。

你以为是三起事故。
其实可能是一件事。

第四，某些下作的攻击者也会借题发挥。
把事故、人为操作、旧视频，
混在同一个标签里。

最后留给你的，
就只剩一个印象：

小米怎么天天出事？


我们的大脑，
天生相信重复。

一件事出现十次，
我们就觉得它常见。

一件事刷屏三天，
我们就觉得它严重。

但互联网的重复，
不是现实的重复。

它是流量的重复。
是情绪的重复。
是算法的重复。

## 可用模板（共 23 个：`template` 必须且仅能从中选一个）

BEAT_SEQUENCE, CASE_BREAKDOWN, CAUSE_CHAIN, CENTER_FOCUS, CHAT_BUBBLE, CHECKLIST_REVEAL, COGNITIVE_SHIFT, CONCEPT_CARD, DATA_TABLE, DOS_AND_DONTS, KPI_HERO, MAGNIFYING_GLASS, METHOD_STACK, PANEL_GRID, PEER_INDUCT, PROGRESS_RING, QUOTE_CITATION, SPLIT_COMPARE, STAT_COMPARE, STEP_LIST, TEXT_FOCUS, TIMELINE, TREE_DIAGRAM

选型规则以主提示词中的决策树与自检清单为准；参数结构不在此展开，后续步骤会按 Schema 生成 `param`。

---

## 🎯 总目标（必须同时满足）
1. **逐字一致**：每个 item 的 `text` 必须是原文的连续子串；所有 item 的 `text` 按顺序拼接后必须与原文完全一致（允许忽略空白差异，但不能改变任何非空白字符）。
2. **覆盖完整**：原文中每一个字符都必须且只能落在一个 item 里（不重叠、不遗漏）。
3. **表达原子化**：**一个 item 只允许一个主表达结构**（对比/命名/步骤/引用/数据/节拍递进/金句冲击/平铺叙述）。若同一段里混了两种结构，必须拆成多个 item。
4. **长度合理**：为了避免视觉疲劳，一个item中的text拼接后如果长于 50 字应该拆分成多个item。
5. 模板是为了更好的表达item中的text

---

## ✂️ 分镜原则

### Phase 1：时长锚点（量化判断基准）
- 正常语速约 **4~5 字/秒**，单个镜头的理想口播时长：**3~8 秒（约 12~40 字）**
- ⚠️ **< 12 字**的分段：除非是独立金句，否则**必须合并**到相邻镜头
- ⚠️ **> 50 字**的分段：意味着画面停留太久，观众注意力衰减，建议拆分，但拆分点本身仍需有叙事依据
- 在 `estimatedSeconds` 字段中标注预估秒数（字数 ÷ 4.5，保留一位小数）
- 除非模板使用TextFocus，否则不允许content中只有一个Text的情况

### Phase 2：切分信号强度模型
按叙事信号强度决定是否新建镜头，**而非按标点机械切分**：

**🔴 强信号（应新建镜头）**：
- 叙事角色彻底转换：说理/定义 → 举例/场景还原
- 叙事角色彻底转换：铺垫/铺陈 → 行动号召/结论
- 情绪段位跳变：平静分析 → 震惊转折 → 收束共情
- 视觉主体完全更换：讨论 A 话题 → 转到独立的 B 话题

**🟡 中等信号（倾向合并，但单段超过 40 字时可拆）**：
- 同一论点下的多个分点（第一、第二、第三……）
- 同一比喻的铺垫与揭示
- 同一因果链的前提与结论

**🟢 弱信号（严禁作为切分依据）**：
- 普通逗号、顿号、冒号后的补充说明
- 同一句话的前后半段
- "而且""此外""所以"等常见连接词（需配合叙事角色判断）

### Phase 3：合并检查
拆完后对所有 items 做全局合并检查：
- 相邻两个 items 若切分信号为"弱"且合并后总字数不超过 45 字 → **强制合并**
- 相邻两个 items 若叙事角色完全相同、画面视觉重心也相同 → **强制合并**

## 🧭 结构识别 → 模板选型（从上到下命中第一条）

### A. 数据/量化结论（expressionTag=data）
- 两项指标同框对比（涨跌、前后、A/B）→ `STAT_COMPARE`（必须能抽象出两个非负整数）
- 单指标完成度/占比/达成率 → `PROGRESS_RING`
- 单个核心数值/排名/增长率强调 → `KPI_HERO`

### B. 对错/强导向（expressionTag=contrast）
- 明确“别这样/要这样”“错误/正确” → `DOS_AND_DONTS`
- “不是…而是…” → `COGNITIVE_SHIFT`

### C. 多分点/清单/步骤（expressionTag=list|steps|method）
- 两方/两方案并列（更中立的 A vs B）→ `SPLIT_COMPARE`
- 当前 item 原文明确展开 **2～4** 个并列分点/并列例子，且每点需独立配图（宫格）→ `PANEL_GRID`
- 明确步骤序列/短清单，且【同一 item 内】可抽取出 2～6 条“短步骤”（如同时出现“第一/第二/第三…”或“1)/2)/3)”），并且每条步骤建议 ≤10 字、无长解释句 → `STEP_LIST`
  - 反例：只有“第一/第二”这一个标题句（单条）不要选 `STEP_LIST`（至少需要 2 条）
  - 反例：每条方法/步骤后面还跟较长解释、追问或补充句（例如任一解释段 >30 字）→ 不适合 `STEP_LIST`，应拆分 item，并优先用 `METHOD_STACK`（标题式核心 + 解释展开）或 `CENTER_FOCUS`
- “一个标题式核心（方法/建议/观点/卖点/亮点/推荐理由）+ 2～4 句解释展开” → `METHOD_STACK`
- 同一**案例/子话题**、**单主图**，口播 **4～6 句** 呈「个案→误判/推论→纠偏→收束」叙事弧 → `CASE_BREAKDOWN`（非「第一/第二」方法清单、非多图节拍时用本模板；方法要点式仍用 `METHOD_STACK`）

### D. 节拍递进（expressionTag=beat）
- 同一镜头内 2～4 段口播节拍递进（问→驳→收束；铺垫→转折→结论），希望画面跟着分段变化 → `BEAT_SEQUENCE`
  - **提示**：如果递进里还夹杂“强对照/命名”，通常应拆成多个 item，不要硬塞一个 `BEAT_SEQUENCE`。
- 同一镜头内 **因果链 / 机制传导**（因→果→再果，每环一图，无时间轴刻度）→ `CAUSE_CHAIN`

### E. 引用/命名/聚焦（expressionTag=quote|concept|focus）
- 名言、著作、研究、媒体引用、用户评价、证言摘录 → `QUOTE_CITATION`
- 对“专业术语、概念、产品名、品牌关键词、功能名等”新名词进行解释→ `CONCEPT_CARD`
- 需要把注意力锁定到一个关键词/短语/关键细节/核心发现上 → `MAGNIFYING_GLASS`
  - 必须存在明确落点句（如“关键在于…”“核心是…”“结论是…”）
  - 需要后续可提取 1～2 个高价值锚点短语（否则不要选）

### F. 金句冲击（expressionTag=focus）
- 全片级短促强结论、无需配图 → `TEXT_FOCUS`

### G. 时间轴，先后关系（expressionTag=timeline）
- 明确时间先后/阶段演进（过去→现在→未来）→ `TIMELINE`

### G2. 收束清单（expressionTag≈conclusion|list）
- 收束、行动检查项、要点复诵，需要**逐项打勾显现**（非编号短步骤、非并列大图组）→ `CHECKLIST_REVEAL`

### H. 默认（expressionTag=neutral）
- 平缓叙述、单图即可、无上述结构 → `CENTER_FOCUS`

---

## ✅ 输出格式（严格 JSON，禁止包含 markdown 代码块）
{
  "items": [
    {
      "text": "逐字口播片段（必须来自原文，且拼接后覆盖原文）",
      "narrativeType": "HOOK | LOGIC | CASE | DATA | CONCLUSION | TRANSITION",
      "template": "必须来自可用模板列表",
      "expressionTag": "data | contrast | list | steps | method | beat | quote | concept | focus | timeline | neutral",
      "confidence": "low | medium | high",
      "reasoning": "一句话说明：该段的主表达结构是什么 → 为什么选该模板 → 若拆分/合并，理由是什么"
    }
  ]
}

===========================================================================================
---------------------------------------- RESPONSE ----------------------------------------
time: 2026-06-12 21:41:16
attempt: 1/3

[OUTPUT]
{
  "items": [
    {
      "text": "那为什么很多人还是觉得，小米问题特别多？",
      "narrativeType": "TRANSITION",
      "template": "CENTER_FOCUS",
      "expressionTag": "neutral",
      "confidence": "high",
      "estimatedSeconds": "3.1",
      "reasoning": "引子提问，无数据或强结构，用CENTER_FOCUS平实引出话题。"
    },
    {
      "text": "第一，品牌太响。名字越响，负面越容易传播。小米这个词代表的就是流量。",
      "narrativeType": "LOGIC",
      "template": "METHOD_STACK",
      "expressionTag": "list",
      "confidence": "high",
      "estimatedSeconds": "6.0",
      "reasoning": "观点核心‘品牌太响’加两句解释展开，典型METHOD_STACK结构，作为列举分点之一。"
    },
    {
      "text": "第二，算法会追着恐惧跑。当你刷到小米汽车事故的视频，你多停留两秒，算法就会觉得你对这种视频感兴趣，它就多喂你十条。",
      "narrativeType": "LOGIC",
      "template": "METHOD_STACK",
      "expressionTag": "list",
      "confidence": "high",
      "estimatedSeconds": "9.3",
      "reasoning": "核心观点‘算法追着恐惧跑’加具体行为解释，METHOD_STACK展示。"
    },
    {
      "text": "第三，重复会制造真实感。同一起事故，不同角度剪三遍。你以为是三起事故。其实可能是一件事。",
      "narrativeType": "LOGIC",
      "template": "METHOD_STACK",
      "expressionTag": "list",
      "confidence": "high",
      "estimatedSeconds": "6.9",
      "reasoning": "观点‘重复制造真实感’加例子解释，用METHOD_STACK清晰呈现。"
    },
    {
      "text": "第四，某些下作的攻击者也会借题发挥。把事故、人为操作、旧视频，混在同一个标签里。最后留给你的，就只剩一个印象：小米怎么天天出事？",
      "narrativeType": "LOGIC",
      "template": "METHOD_STACK",
      "expressionTag": "list",
      "confidence": "high",
      "estimatedSeconds": "10.0",
      "reasoning": "攻击者借题发挥的观点，加上手段和印象形成的解释，仍属观点+解释，METHOD_STACK。"
    },
    {
      "text": "我们的大脑，天生相信重复。一件事出现十次，我们就觉得它常见。一件事刷屏三天，我们就觉得它严重。",
      "narrativeType": "LOGIC",
      "template": "BEAT_SEQUENCE",
      "expressionTag": "beat",
      "confidence": "high",
      "estimatedSeconds": "7.3",
      "reasoning": "总起‘大脑相信重复’后两个递进例子，构成节拍递进，用BEAT_SEQUENCE表现节奏感。"
    },
    {
      "text": "但互联网的重复，不是现实的重复。它是流量的重复。是情绪的重复。是算法的重复。",
      "narrativeType": "CONCLUSION",
      "template": "COGNITIVE_SHIFT",
      "expressionTag": "contrast",
      "confidence": "high",
      "estimatedSeconds": "5.3",
      "reasoning": "明确‘不是…而是…’结构，认知转折，用COGNITIVE_SHIFT强调纠偏结论。"
    }
  ]
}
-------------------------------------------------------------------------------------------

======================================== REQUEST ========================================
time: 2026-06-12 21:41:16
provider: deepseek
model: deepseek-v4-pro
retries: 3

[PROMPT]
你是「镜头分镜 + 动画模板选型」联合优化器。你的任务是在**不改写口播原文**的前提下，把场景原文切成更“原子化”的镜头item，并为每个镜头选择最合适的 `template`。

## 🎥 视频大背景
- **核心主题**：小米事故刷屏，但起火率可能低于你的车
- **当前场景**：总结

## 📄 场景原文（严禁修改、严禁漏字、严禁补字）


讲到这里，
有些人会急。

难道小米不能被质疑吗？

当然不是。

车企当然要被质疑。
安全当然要被追问。
每一起事故，
都该查清责任。

尤其是辅助驾驶。
尤其是车门结构。
尤其是碰撞后的逃生窗口。

这些不是小问题。
也不能被一句概率低，
轻轻带过。

但质疑也要有尺子。
愤怒也要有分母。

看事故，
要看原因。

看安全，
要看概率。

看质量，
要看数据。

否则，
你不是在寻找真相。

你只是在帮算法，
完成一次情绪投喂。

## 可用模板（共 23 个：`template` 必须且仅能从中选一个）

BEAT_SEQUENCE, CASE_BREAKDOWN, CAUSE_CHAIN, CENTER_FOCUS, CHAT_BUBBLE, CHECKLIST_REVEAL, COGNITIVE_SHIFT, CONCEPT_CARD, DATA_TABLE, DOS_AND_DONTS, KPI_HERO, MAGNIFYING_GLASS, METHOD_STACK, PANEL_GRID, PEER_INDUCT, PROGRESS_RING, QUOTE_CITATION, SPLIT_COMPARE, STAT_COMPARE, STEP_LIST, TEXT_FOCUS, TIMELINE, TREE_DIAGRAM

选型规则以主提示词中的决策树与自检清单为准；参数结构不在此展开，后续步骤会按 Schema 生成 `param`。

---

## 🎯 总目标（必须同时满足）
1. **逐字一致**：每个 item 的 `text` 必须是原文的连续子串；所有 item 的 `text` 按顺序拼接后必须与原文完全一致（允许忽略空白差异，但不能改变任何非空白字符）。
2. **覆盖完整**：原文中每一个字符都必须且只能落在一个 item 里（不重叠、不遗漏）。
3. **表达原子化**：**一个 item 只允许一个主表达结构**（对比/命名/步骤/引用/数据/节拍递进/金句冲击/平铺叙述）。若同一段里混了两种结构，必须拆成多个 item。
4. **长度合理**：为了避免视觉疲劳，一个item中的text拼接后如果长于 50 字应该拆分成多个item。
5. 模板是为了更好的表达item中的text

---

## ✂️ 分镜原则

### Phase 1：时长锚点（量化判断基准）
- 正常语速约 **4~5 字/秒**，单个镜头的理想口播时长：**3~8 秒（约 12~40 字）**
- ⚠️ **< 12 字**的分段：除非是独立金句，否则**必须合并**到相邻镜头
- ⚠️ **> 50 字**的分段：意味着画面停留太久，观众注意力衰减，建议拆分，但拆分点本身仍需有叙事依据
- 在 `estimatedSeconds` 字段中标注预估秒数（字数 ÷ 4.5，保留一位小数）
- 除非模板使用TextFocus，否则不允许content中只有一个Text的情况

### Phase 2：切分信号强度模型
按叙事信号强度决定是否新建镜头，**而非按标点机械切分**：

**🔴 强信号（应新建镜头）**：
- 叙事角色彻底转换：说理/定义 → 举例/场景还原
- 叙事角色彻底转换：铺垫/铺陈 → 行动号召/结论
- 情绪段位跳变：平静分析 → 震惊转折 → 收束共情
- 视觉主体完全更换：讨论 A 话题 → 转到独立的 B 话题

**🟡 中等信号（倾向合并，但单段超过 40 字时可拆）**：
- 同一论点下的多个分点（第一、第二、第三……）
- 同一比喻的铺垫与揭示
- 同一因果链的前提与结论

**🟢 弱信号（严禁作为切分依据）**：
- 普通逗号、顿号、冒号后的补充说明
- 同一句话的前后半段
- "而且""此外""所以"等常见连接词（需配合叙事角色判断）

### Phase 3：合并检查
拆完后对所有 items 做全局合并检查：
- 相邻两个 items 若切分信号为"弱"且合并后总字数不超过 45 字 → **强制合并**
- 相邻两个 items 若叙事角色完全相同、画面视觉重心也相同 → **强制合并**

## 🧭 结构识别 → 模板选型（从上到下命中第一条）

### A. 数据/量化结论（expressionTag=data）
- 两项指标同框对比（涨跌、前后、A/B）→ `STAT_COMPARE`（必须能抽象出两个非负整数）
- 单指标完成度/占比/达成率 → `PROGRESS_RING`
- 单个核心数值/排名/增长率强调 → `KPI_HERO`

### B. 对错/强导向（expressionTag=contrast）
- 明确“别这样/要这样”“错误/正确” → `DOS_AND_DONTS`
- “不是…而是…” → `COGNITIVE_SHIFT`

### C. 多分点/清单/步骤（expressionTag=list|steps|method）
- 两方/两方案并列（更中立的 A vs B）→ `SPLIT_COMPARE`
- 当前 item 原文明确展开 **2～4** 个并列分点/并列例子，且每点需独立配图（宫格）→ `PANEL_GRID`
- 明确步骤序列/短清单，且【同一 item 内】可抽取出 2～6 条“短步骤”（如同时出现“第一/第二/第三…”或“1)/2)/3)”），并且每条步骤建议 ≤10 字、无长解释句 → `STEP_LIST`
  - 反例：只有“第一/第二”这一个标题句（单条）不要选 `STEP_LIST`（至少需要 2 条）
  - 反例：每条方法/步骤后面还跟较长解释、追问或补充句（例如任一解释段 >30 字）→ 不适合 `STEP_LIST`，应拆分 item，并优先用 `METHOD_STACK`（标题式核心 + 解释展开）或 `CENTER_FOCUS`
- “一个标题式核心（方法/建议/观点/卖点/亮点/推荐理由）+ 2～4 句解释展开” → `METHOD_STACK`
- 同一**案例/子话题**、**单主图**，口播 **4～6 句** 呈「个案→误判/推论→纠偏→收束」叙事弧 → `CASE_BREAKDOWN`（非「第一/第二」方法清单、非多图节拍时用本模板；方法要点式仍用 `METHOD_STACK`）

### D. 节拍递进（expressionTag=beat）
- 同一镜头内 2～4 段口播节拍递进（问→驳→收束；铺垫→转折→结论），希望画面跟着分段变化 → `BEAT_SEQUENCE`
  - **提示**：如果递进里还夹杂“强对照/命名”，通常应拆成多个 item，不要硬塞一个 `BEAT_SEQUENCE`。
- 同一镜头内 **因果链 / 机制传导**（因→果→再果，每环一图，无时间轴刻度）→ `CAUSE_CHAIN`

### E. 引用/命名/聚焦（expressionTag=quote|concept|focus）
- 名言、著作、研究、媒体引用、用户评价、证言摘录 → `QUOTE_CITATION`
- 对“专业术语、概念、产品名、品牌关键词、功能名等”新名词进行解释→ `CONCEPT_CARD`
- 需要把注意力锁定到一个关键词/短语/关键细节/核心发现上 → `MAGNIFYING_GLASS`
  - 必须存在明确落点句（如“关键在于…”“核心是…”“结论是…”）
  - 需要后续可提取 1～2 个高价值锚点短语（否则不要选）

### F. 金句冲击（expressionTag=focus）
- 全片级短促强结论、无需配图 → `TEXT_FOCUS`

### G. 时间轴，先后关系（expressionTag=timeline）
- 明确时间先后/阶段演进（过去→现在→未来）→ `TIMELINE`

### G2. 收束清单（expressionTag≈conclusion|list）
- 收束、行动检查项、要点复诵，需要**逐项打勾显现**（非编号短步骤、非并列大图组）→ `CHECKLIST_REVEAL`

### H. 默认（expressionTag=neutral）
- 平缓叙述、单图即可、无上述结构 → `CENTER_FOCUS`

---

## ✅ 输出格式（严格 JSON，禁止包含 markdown 代码块）
{
  "items": [
    {
      "text": "逐字口播片段（必须来自原文，且拼接后覆盖原文）",
      "narrativeType": "HOOK | LOGIC | CASE | DATA | CONCLUSION | TRANSITION",
      "template": "必须来自可用模板列表",
      "expressionTag": "data | contrast | list | steps | method | beat | quote | concept | focus | timeline | neutral",
      "confidence": "low | medium | high",
      "reasoning": "一句话说明：该段的主表达结构是什么 → 为什么选该模板 → 若拆分/合并，理由是什么"
    }
  ]
}

===========================================================================================
---------------------------------------- RESPONSE ----------------------------------------
time: 2026-06-12 21:42:38
attempt: 1/3

[OUTPUT]
{
  "items": [
    {
      "text": "讲到这里，有些人会急。难道小米不能被质疑吗？当然不是。",
      "narrativeType": "TRANSITION",
      "template": "BEAT_SEQUENCE",
      "expressionTag": "beat",
      "confidence": "high",
      "reasoning": "铺垫→反问→回答的递进结构，适合 BEAT_SEQUENCE。合并了短过渡句与问答对，避免独立短句。"
    },
    {
      "text": "车企当然要被质疑。安全当然要被追问。每一起事故，都该查清责任。",
      "narrativeType": "LOGIC",
      "template": "PANEL_GRID",
      "expressionTag": "list",
      "confidence": "high",
      "reasoning": "三个并列论点，每点配图，适合 PANEL_GRID。"
    },
    {
      "text": "尤其是辅助驾驶。尤其是车门结构。尤其是碰撞后的逃生窗口。",
      "narrativeType": "LOGIC",
      "template": "PANEL_GRID",
      "expressionTag": "list",
      "confidence": "high",
      "reasoning": "三个细化例子并列，适合 PANEL_GRID 宫格展示。"
    },
    {
      "text": "这些不是小问题。也不能被一句概率低，轻轻带过。",
      "narrativeType": "LOGIC",
      "template": "BEAT_SEQUENCE",
      "expressionTag": "beat",
      "confidence": "high",
      "reasoning": "否定→进一步强调的递进，适合 BEAT_SEQUENCE 分段表达。"
    },
    {
      "text": "但质疑也要有尺子。愤怒也要有分母。",
      "narrativeType": "LOGIC",
      "template": "CENTER_FOCUS",
      "expressionTag": "focus",
      "confidence": "high",
      "reasoning": "提出两个抽象要求，无需配图，CENTER_FOCUS 聚焦核心观点。"
    },
    {
      "text": "看事故，要看原因。看安全，要看概率。看质量，要看数据。",
      "narrativeType": "LOGIC",
      "template": "PANEL_GRID",
      "expressionTag": "list",
      "confidence": "high",
      "reasoning": "三个方法论并列，节奏整齐，适合 PANEL_GRID 三图展示。"
    },
    {
      "text": "否则，你不是在寻找真相。你只是在帮算法，完成一次情绪投喂。",
      "narrativeType": "CONCLUSION",
      "template": "COGNITIVE_SHIFT",
      "expressionTag": "contrast",
      "confidence": "high",
      "reasoning": "明确“不是…而是…”对照结构，适合 COGNITIVE_SHIFT 呈现对比结论。"
    }
  ]
}
-------------------------------------------------------------------------------------------

======================================== REQUEST ========================================
time: 2026-06-12 21:42:38
provider: deepseek
model: deepseek-v4-pro
retries: 3

[PROMPT]
你是短视频字幕与画面细节处理专家。请把指定台词细化为字模显示参数。


## 完整段落上下文（仅供理解整体语境，判断当前句子的重要性）
小米车，真的更容易出事吗？

作为一个有理智的人，看一个品牌有没有问题，不应该是看热搜，而是看数据。

你刷到的标题，通常很吓人。
小米又起火了。
小米又撞了。
小米又上绿化带了。

看多了，
你会产生一个感觉：
这车是不是有问题？

这个感觉，
当然真实。

但感觉真实，
不等于概率真实。


## 🎯 待处理的目标文案
小米车，真的更容易出事吗？

## 目标文案content的数组结构
生成模板参数时，format为content_index的字段依据此数组选择匹配的索引，用于决定相应内容出现在动画中的时机

[
  {
    "index": 0,
    "text": "小米车，"
  },
  {
    "index": 1,
    "text": "真的更容易出事吗？"
  }
]


## 选定模板及参数规范

模板名称：TEXT_FOCUS

参数 Schema 说明：

{
  "type": "object",
  "properties": {
    "coreSentence": {
      "type": "array",
      "minItems": 1,
      "description": "大屏核心文案，每元素一行：可为 string，或 { text, showFrom, endFrom? }；showFrom/endFrom 为 content 下标（0-based），非帧数：在该条 startFrame 显现；可选 endFrom 表示在该条播完（startFrame+durationFrames）后起淡出。纯 string 等价于 showFrom=0、无 endFrom。锚点校验时各段 text 按顺序直接拼接（无分隔符）。",
      "items": {
        "oneOf": [
          {
            "type": "string"
          },
          {
            "type": "object",
            "required": [
              "text",
              "showFrom"
            ],
            "properties": {
              "text": {
                "type": "string",
                "description": "该行大屏文案"
              },
              "showFrom": {
                "type": "integer",
                "format": "content_index",
                "description": "content 下标（0-based），非帧数"
              },
              "endFrom": {
                "type": "integer",
                "format": "content_index",
                "description": "可选；content 下标（0-based），非帧数；该行在对应条字幕结束帧（startFrame+durationFrames）起淡出"
              }
            }
          }
        ]
      }
    },
    "coreSentenceAnchors": {
      "type": "array",
      "description": "可选；在 coreSentence 各段拼接后的全文内按顺序高亮子串。每项 coreSentenceAnchor 须为该拼接串的子串，否则会被校验丢弃",
      "items": {
        "type": "object",
        "required": [
          "coreSentenceAnchor"
        ],
        "properties": {
          "coreSentenceAnchor": {
            "type": "string",
            "description": "要高亮的子串，须出现在各 coreSentence 段拼接后的全文内"
          },
          "color": {
            "type": "string",
            "description": "高亮颜色，省略时默认强调色"
          }
        }
      }
    }
  },
  "required": [
    "coreSentence"
  ]
}

// 口播条数（已由程序写入 CONTENT_STR，勿在 param 中输出 content）：口播分句至多 3 条（超出会被校验器告警）


模板该项的示例供参考：

{
  "template": "TEXT_FOCUS",
  "param": {
    "coreSentence": [
      {
        "text": "承认自己“可能错了”并不是一种软弱",
        "showFrom": 0,
        "endFrom": 0
      },
      {
        "text": "而是成长的开始",
        "showFrom": 1,
        "endFrom": 1
      }
    ],
    "coreSentenceAnchors": [
      {
        "coreSentenceAnchor": "可能错了",
        "color": "red"
      }
    ]
  }
}


注意：如果该模板生成的参数包含图片视觉描述（如 imageSrc / leftSrc / rightSrc 等等），请只描述纯视觉场景与动作，绝不要包含任何文字、标语或注音。


## 其他通用说明
1. 锚点（Anchor）— 克制与高价值（适用于 SCHEMA 或上文允许出现锚点/高亮时）：
   - 多数句子应**无锚点**；拿不准就留空或 `[]`，避免满屏高亮。
   - 如果一定需要锚点，只选**整段里真正的高潮、反转或核心名词**（宜 2～4 字、有记忆点）；平庸词、铺垫句不要做成锚点。
   - 颜色建议：`#EF4444`（警示/反转/负面/结论）、`#000000`（事实/术语/数据）。动画 `anim`：`spring` | `slideUp` | `popIn` | `highlight`。
   - 音效可选(仅写在锚点对象上的 `audioEffect`)：`impact_thud` | `ping` | `woosh`

2. 视觉标题与字幕分离（仅当 SCHEMA 要求 `notText` / `butText` / `conceptName`、或 DOS_AND_DONTS 的 `left.label` / `right.label` 等时）：

   - 填**极简关键词（约 2～6 字）**，禁止把整句台词搬进标题字段。



## 输出格式（严格 JSON，不要 markdown 代码块）
补全当前模板的param,非数组：
{ "param": { ... } }

===========================================================================================
---------------------------------------- RESPONSE ----------------------------------------
time: 2026-06-12 21:42:45
attempt: 1/3

[OUTPUT]
{
  "param": {
    "coreSentence": [
      {
        "text": "小米车，",
        "showFrom": 0,
        "endFrom": 0
      },
      {
        "text": "真的更容易出事吗？",
        "showFrom": 1,
        "endFrom": 1
      }
    ]
  }
}
-------------------------------------------------------------------------------------------

======================================== REQUEST ========================================
time: 2026-06-12 21:42:45
provider: deepseek
model: deepseek-v4-pro
retries: 3

[PROMPT]
你是短视频字幕与画面细节处理专家。请把指定台词细化为字模显示参数。


## 完整段落上下文（仅供理解整体语境，判断当前句子的重要性）
小米车，真的更容易出事吗？

作为一个有理智的人，看一个品牌有没有问题，不应该是看热搜，而是看数据。

你刷到的标题，通常很吓人。
小米又起火了。
小米又撞了。
小米又上绿化带了。

看多了，
你会产生一个感觉：
这车是不是有问题？

这个感觉，
当然真实。

但感觉真实，
不等于概率真实。


## 🎯 待处理的目标文案
作为一个有理智的人，看一个品牌有没有问题，不应该是看热搜，而是看数据。

## 目标文案content的数组结构
生成模板参数时，format为content_index的字段依据此数组选择匹配的索引，用于决定相应内容出现在动画中的时机

[
  {
    "index": 0,
    "text": "作为一个有理智的人，"
  },
  {
    "index": 1,
    "text": "看一个品牌有没有问题，"
  },
  {
    "index": 2,
    "text": "不应该是看热搜，"
  },
  {
    "index": 3,
    "text": "而是看数据。"
  }
]


## 选定模板及参数规范

模板名称：COGNITIVE_SHIFT

参数 Schema 说明：

{
  "type": "object",
  "properties": {
    "notText": {
      "type": "string",
      "description": "被否认知（‘不是’后面的内容）的精炼短句，不超过12个字，"
    },
    "butText": {
      "type": "string",
      "description": "真实认知（‘而是’后面的内容）的精炼短句，不超过12个字"
    },
    "butSrc": {
      "type": "string",
      "format": "image_prompt",
      "description": "真实认知的配图"
    },
    "notContentIndex": {
      "type": "integer",
      "format": "content_index",
      "description": "触发「不是」动画的字幕段索引（默认 0）"
    },
    "butContentIndex": {
      "type": "integer",
      "format": "content_index",
      "description": "触发「而是」动画的字幕段索引（默认 1）"
    }
  },
  "required": [
    "notText",
    "butText"
  ]
}


模板该项的示例供参考：

{
  "template": "COGNITIVE_SHIFT",
  "content": [
    "我们都不应该靠勤奋拼命",
    "我们都应该是靠认知和选择",
    "这样我才能成功"
  ],
  "param": {
    "notText": "靠勤奋拼命",
    "butText": "靠认知和选择",
    "butSrc": "站在高处看地图的思考者",
    "notContentIndex": 0,
    "butContentIndex": 1
  }
}


注意：如果该模板生成的参数包含图片视觉描述（如 imageSrc / leftSrc / rightSrc 等等），请只描述纯视觉场景与动作，绝不要包含任何文字、标语或注音。


## 其他通用说明
1. 锚点（Anchor）— 克制与高价值（适用于 SCHEMA 或上文允许出现锚点/高亮时）：
   - 多数句子应**无锚点**；拿不准就留空或 `[]`，避免满屏高亮。
   - 如果一定需要锚点，只选**整段里真正的高潮、反转或核心名词**（宜 2～4 字、有记忆点）；平庸词、铺垫句不要做成锚点。
   - 颜色建议：`#EF4444`（警示/反转/负面/结论）、`#000000`（事实/术语/数据）。动画 `anim`：`spring` | `slideUp` | `popIn` | `highlight`。
   - 音效可选(仅写在锚点对象上的 `audioEffect`)：`impact_thud` | `ping` | `woosh`

2. 视觉标题与字幕分离（仅当 SCHEMA 要求 `notText` / `butText` / `conceptName`、或 DOS_AND_DONTS 的 `left.label` / `right.label` 等时）：

   - 填**极简关键词（约 2～6 字）**，禁止把整句台词搬进标题字段。



## 输出格式（严格 JSON，不要 markdown 代码块）
补全当前模板的param,非数组：
{ "param": { ... } }

===========================================================================================
---------------------------------------- RESPONSE ----------------------------------------
time: 2026-06-12 21:42:51
attempt: 1/3

[OUTPUT]
{"param": {"notText": "看热搜", "butText": "看数据", "butSrc": "一个人专注地查看数据仪表盘，屏幕上有清晰的上升曲线和数字", "notContentIndex": 2, "butContentIndex": 3}}
-------------------------------------------------------------------------------------------

======================================== REQUEST ========================================
time: 2026-06-12 21:42:51
provider: deepseek
model: deepseek-v4-pro
retries: 3

[PROMPT]
你是短视频字幕与画面细节处理专家。请把指定台词细化为字模显示参数。


## 完整段落上下文（仅供理解整体语境，判断当前句子的重要性）
小米车，真的更容易出事吗？

作为一个有理智的人，看一个品牌有没有问题，不应该是看热搜，而是看数据。

你刷到的标题，通常很吓人。
小米又起火了。
小米又撞了。
小米又上绿化带了。

看多了，
你会产生一个感觉：
这车是不是有问题？

这个感觉，
当然真实。

但感觉真实，
不等于概率真实。


## 🎯 待处理的目标文案
你刷到的标题，通常很吓人。小米又起火了。小米又撞了。小米又上绿化带了。

## 目标文案content的数组结构
生成模板参数时，format为content_index的字段依据此数组选择匹配的索引，用于决定相应内容出现在动画中的时机

[
  {
    "index": 0,
    "text": "你刷到的标题，"
  },
  {
    "index": 1,
    "text": "通常很吓人。"
  },
  {
    "index": 2,
    "text": "小米又起火了。"
  },
  {
    "index": 3,
    "text": "小米又撞了。"
  },
  {
    "index": 4,
    "text": "小米又上绿化带了。"
  }
]


## 选定模板及参数规范

模板名称：PANEL_GRID

参数 Schema 说明：

{
  "type": "object",
  "properties": {
    "panels": {
      "type": "array",
      "minItems": 2,
      "maxItems": 6,
      "description": "宫格配图；showFrom 为 content 下标（0-based），在该条 startFrame 显现",
      "items": {
        "type": "object",
        "required": [
          "src",
          "showFrom"
        ],
        "properties": {
          "src": {
            "type": "string",
            "format": "image_prompt",
            "description": "该宫格配图提示词"
          },
          "showFrom": {
            "type": "integer",
            "format": "content_index",
            "description": "content 下标（0-based），非帧数"
          },
          "position": {
            "type": "string",
            "enum": [
              "center",
              "left",
              "right",
              "top",
              "bottom"
            ],
            "description": "可选；弱提示，布局以宫格为准"
          },
          "enterEffect": {
            "type": "string",
            "enum": [
              "breathe",
              "slideLeft",
              "slideBottom",
              "zoomIn",
              "fadeIn"
            ],
            "default": "fadeIn"
          }
        }
      }
    }
  },
  "required": [
    "panels"
  ]
}

// 口播条数（已由程序写入 CONTENT_STR，勿在 param 中输出 content）：口播分句（item.content）至少 2 条；口播分句至多 8 条（超出会被校验器告警）


模板该项的示例供参考：

{
  "template": "PANEL_GRID",
  "param": {
    "panels": [
      {
        "src": "问号堵住去路的简笔画",
        "showFrom": 0,
        "enterEffect": "zoomIn"
      },
      {
        "src": "放大镜只看一角的简笔画",
        "showFrom": 1
      },
      {
        "src": "两人各执一词的简笔画",
        "showFrom": 2
      }
    ]
  }
}


注意：如果该模板生成的参数包含图片视觉描述（如 imageSrc / leftSrc / rightSrc 等等），请只描述纯视觉场景与动作，绝不要包含任何文字、标语或注音。


## 其他通用说明
1. 锚点（Anchor）— 克制与高价值（适用于 SCHEMA 或上文允许出现锚点/高亮时）：
   - 多数句子应**无锚点**；拿不准就留空或 `[]`，避免满屏高亮。
   - 如果一定需要锚点，只选**整段里真正的高潮、反转或核心名词**（宜 2～4 字、有记忆点）；平庸词、铺垫句不要做成锚点。
   - 颜色建议：`#EF4444`（警示/反转/负面/结论）、`#000000`（事实/术语/数据）。动画 `anim`：`spring` | `slideUp` | `popIn` | `highlight`。
   - 音效可选(仅写在锚点对象上的 `audioEffect`)：`impact_thud` | `ping` | `woosh`

2. 视觉标题与字幕分离（仅当 SCHEMA 要求 `notText` / `butText` / `conceptName`、或 DOS_AND_DONTS 的 `left.label` / `right.label` 等时）：

   - 填**极简关键词（约 2～6 字）**，禁止把整句台词搬进标题字段。



## 输出格式（严格 JSON，不要 markdown 代码块）
补全当前模板的param,非数组：
{ "param": { ... } }

===========================================================================================
---------------------------------------- RESPONSE ----------------------------------------
time: 2026-06-12 21:43:06
attempt: 1/3

[OUTPUT]
{
  "param": {
    "panels": [
      {
        "src": "一只手拿着手机，屏幕显示闪烁的新闻标题光影，周围昏暗",
        "showFrom": 0,
        "enterEffect": "fadeIn"
      },
      {
        "src": "一个震惊的人脸特写，张大嘴巴，眼睛圆睁",
        "showFrom": 1,
        "enterEffect": "zoomIn"
      },
      {
        "src": "一辆汽车燃起大火，火焰和浓烟升腾，背景是公路",
        "showFrom": 2,
        "enterEffect": "breathe"
      },
      {
        "src": "两辆汽车相撞的瞬间，碎片飞溅，背景模糊",
        "showFrom": 3,
        "enterEffect": "slideLeft"
      },
      {
        "src": "一辆汽车冲上路边绿化带，花草被压倒，泥土飞溅",
        "showFrom": 4,
        "enterEffect": "slideBottom"
      }
    ]
  }
}
-------------------------------------------------------------------------------------------

======================================== REQUEST ========================================
time: 2026-06-12 21:43:06
provider: deepseek
model: deepseek-v4-pro
retries: 3

[PROMPT]
你是短视频字幕与画面细节处理专家。请把指定台词细化为字模显示参数。


## 完整段落上下文（仅供理解整体语境，判断当前句子的重要性）
小米车，真的更容易出事吗？

作为一个有理智的人，看一个品牌有没有问题，不应该是看热搜，而是看数据。

你刷到的标题，通常很吓人。
小米又起火了。
小米又撞了。
小米又上绿化带了。

看多了，
你会产生一个感觉：
这车是不是有问题？

这个感觉，
当然真实。

但感觉真实，
不等于概率真实。


## 🎯 待处理的目标文案
看多了，你会产生一个感觉：这车是不是有问题？

## 目标文案content的数组结构
生成模板参数时，format为content_index的字段依据此数组选择匹配的索引，用于决定相应内容出现在动画中的时机

[
  {
    "index": 0,
    "text": "看多了，"
  },
  {
    "index": 1,
    "text": "你会产生一个感觉："
  },
  {
    "index": 2,
    "text": "这车是不是有问题？"
  }
]


## 选定模板及参数规范

模板名称：MAGNIFYING_GLASS

参数 Schema 说明：

{
  "type": "object",
  "properties": {
    "anchors": {
      "type": "array",
      "minItems": 1,
      "maxItems": 3,
      "description": "必填且非空（建议 1～2 个高价值锚点）；每项通过 showFrom 对齐 content 分句。锚点应落在“揭示性落点句”或其核心关键词上，不要把整段说明塞满锚点",
      "items": {
        "type": "object",
        "required": [
          "text",
          "showFrom"
        ],
        "properties": {
          "text": {
            "type": "string",
            "description": "要聚焦的关键词/短语"
          },
          "showFrom": {
            "type": "integer",
            "format": "content_index",
            "description": "content 数组下标（0-based），非帧数；合法范围 0～(content 条数-1)，超出会被校验丢弃"
          },
          "color": {
            "type": "string"
          },
          "anim": {
            "type": "string",
            "enum": [
              "spring",
              "slideUp",
              "popIn",
              "highlight"
            ]
          },
          "audioEffect": {
            "type": "string",
            "enum": [
              "impact_thud",
              "ping",
              "woosh"
            ]
          }
        }
      }
    }
  },
  "required": [
    "anchors"
  ]
}


模板该项的示例供参考：

{
  "template": "MAGNIFYING_GLASS",
  "param": {
    "anchors": [
      {
        "text": "忽略了基础",
        "showFrom": 0,
        "color": "#111111",
        "anim": "popIn",
        "audioEffect": "ping"
      }
    ]
  }
}


注意：如果该模板生成的参数包含图片视觉描述（如 imageSrc / leftSrc / rightSrc 等等），请只描述纯视觉场景与动作，绝不要包含任何文字、标语或注音。


## 其他通用说明
1. 锚点（Anchor）— 克制与高价值（适用于 SCHEMA 或上文允许出现锚点/高亮时）：
   - 多数句子应**无锚点**；拿不准就留空或 `[]`，避免满屏高亮。
   - 如果一定需要锚点，只选**整段里真正的高潮、反转或核心名词**（宜 2～4 字、有记忆点）；平庸词、铺垫句不要做成锚点。
   - 颜色建议：`#EF4444`（警示/反转/负面/结论）、`#000000`（事实/术语/数据）。动画 `anim`：`spring` | `slideUp` | `popIn` | `highlight`。
   - 音效可选(仅写在锚点对象上的 `audioEffect`)：`impact_thud` | `ping` | `woosh`

2. 视觉标题与字幕分离（仅当 SCHEMA 要求 `notText` / `butText` / `conceptName`、或 DOS_AND_DONTS 的 `left.label` / `right.label` 等时）：

   - 填**极简关键词（约 2～6 字）**，禁止把整句台词搬进标题字段。



## 输出格式（严格 JSON，不要 markdown 代码块）
补全当前模板的param,非数组：
{ "param": { ... } }

===========================================================================================
---------------------------------------- RESPONSE ----------------------------------------
time: 2026-06-12 21:43:13
attempt: 1/3

[OUTPUT]
{
  "param": {
    "anchors": [
      {
        "text": "有问题",
        "showFrom": 2,
        "color": "#EF4444",
        "anim": "popIn",
        "audioEffect": "ping"
      }
    ]
  }
}
-------------------------------------------------------------------------------------------

======================================== REQUEST ========================================
time: 2026-06-12 21:43:13
provider: deepseek
model: deepseek-v4-pro
retries: 3

[PROMPT]
你是短视频字幕与画面细节处理专家。请把指定台词细化为字模显示参数。


## 完整段落上下文（仅供理解整体语境，判断当前句子的重要性）
小米车，真的更容易出事吗？

作为一个有理智的人，看一个品牌有没有问题，不应该是看热搜，而是看数据。

你刷到的标题，通常很吓人。
小米又起火了。
小米又撞了。
小米又上绿化带了。

看多了，
你会产生一个感觉：
这车是不是有问题？

这个感觉，
当然真实。

但感觉真实，
不等于概率真实。


## 🎯 待处理的目标文案
这个感觉，当然真实。但感觉真实，不等于概率真实。

## 目标文案content的数组结构
生成模板参数时，format为content_index的字段依据此数组选择匹配的索引，用于决定相应内容出现在动画中的时机

[
  {
    "index": 0,
    "text": "这个感觉，"
  },
  {
    "index": 1,
    "text": "当然真实。"
  },
  {
    "index": 2,
    "text": "但感觉真实，"
  },
  {
    "index": 3,
    "text": "不等于概率真实。"
  }
]


## 选定模板及参数规范

模板名称：COGNITIVE_SHIFT

参数 Schema 说明：

{
  "type": "object",
  "properties": {
    "notText": {
      "type": "string",
      "description": "被否认知（‘不是’后面的内容）的精炼短句，不超过12个字，"
    },
    "butText": {
      "type": "string",
      "description": "真实认知（‘而是’后面的内容）的精炼短句，不超过12个字"
    },
    "butSrc": {
      "type": "string",
      "format": "image_prompt",
      "description": "真实认知的配图"
    },
    "notContentIndex": {
      "type": "integer",
      "format": "content_index",
      "description": "触发「不是」动画的字幕段索引（默认 0）"
    },
    "butContentIndex": {
      "type": "integer",
      "format": "content_index",
      "description": "触发「而是」动画的字幕段索引（默认 1）"
    }
  },
  "required": [
    "notText",
    "butText"
  ]
}


模板该项的示例供参考：

{
  "template": "COGNITIVE_SHIFT",
  "content": [
    "我们都不应该靠勤奋拼命",
    "我们都应该是靠认知和选择",
    "这样我才能成功"
  ],
  "param": {
    "notText": "靠勤奋拼命",
    "butText": "靠认知和选择",
    "butSrc": "站在高处看地图的思考者",
    "notContentIndex": 0,
    "butContentIndex": 1
  }
}


注意：如果该模板生成的参数包含图片视觉描述（如 imageSrc / leftSrc / rightSrc 等等），请只描述纯视觉场景与动作，绝不要包含任何文字、标语或注音。


## 其他通用说明
1. 锚点（Anchor）— 克制与高价值（适用于 SCHEMA 或上文允许出现锚点/高亮时）：
   - 多数句子应**无锚点**；拿不准就留空或 `[]`，避免满屏高亮。
   - 如果一定需要锚点，只选**整段里真正的高潮、反转或核心名词**（宜 2～4 字、有记忆点）；平庸词、铺垫句不要做成锚点。
   - 颜色建议：`#EF4444`（警示/反转/负面/结论）、`#000000`（事实/术语/数据）。动画 `anim`：`spring` | `slideUp` | `popIn` | `highlight`。
   - 音效可选(仅写在锚点对象上的 `audioEffect`)：`impact_thud` | `ping` | `woosh`

2. 视觉标题与字幕分离（仅当 SCHEMA 要求 `notText` / `butText` / `conceptName`、或 DOS_AND_DONTS 的 `left.label` / `right.label` 等时）：

   - 填**极简关键词（约 2～6 字）**，禁止把整句台词搬进标题字段。



## 输出格式（严格 JSON，不要 markdown 代码块）
补全当前模板的param,非数组：
{ "param": { ... } }

===========================================================================================
---------------------------------------- RESPONSE ----------------------------------------
time: 2026-06-12 21:43:30
attempt: 1/3

[OUTPUT]
{
  "param": {
    "notText": "感觉真实",
    "butText": "概率真实",
    "butSrc": "一个人站在满是数据报表和概率分布图的屏幕前，冷静审视，背景有理性分析的氛围",
    "notContentIndex": 1,
    "butContentIndex": 3
  }
}
-------------------------------------------------------------------------------------------

======================================== REQUEST ========================================
time: 2026-06-12 21:43:30
provider: deepseek
model: deepseek-v4-pro
retries: 3

[PROMPT]
你是短视频字幕与画面细节处理专家。请把指定台词细化为字模显示参数。


## 完整段落上下文（仅供理解整体语境，判断当前句子的重要性）
我们先说最敏感的。
起火。

从2025年到2026年初，
公开报道的燃烧事故，
大约是6到8起。

按当时保有量估算，
碰撞后燃烧比例，
大约是0.00117%。

而新能源整体起火率，
约为0.0018%。

燃油车约为0.015%。

看到了吗，
你以为新能源比燃油车更容易烧起来，但其实新能源比燃油车着火事故少一半
你以为小米比其他电动车更容易烧起来，但其实小米相比整个行业着火事故更低。

你刷到很多，
不等于概率很高。

更关键的是，
公开通报里的多数火情，
不是静置自燃。

而是严重碰撞后起火。
外部火源引燃。
或者其他复杂诱因。

目前也没有一例说明，小米存在系统性自燃。

再说事故率。

很多人一看到事故视频，
就下意识得出结论：绿化带战神。
这是一个极具偏见色彩的标签。

事故率没有具体可查的数据，网上有很多人张嘴就来：小米的出现率高到离谱。
但事实是，目前全行业并没有任何一家权威机构，包括中保信和各大保险公司公布过小米汽车的具体出险率数据。这对保险公司来说是商业机密。
网传的“出险率高到离谱”或“是同价位车型数倍”等说法，已被官方联合保险公司证实为谣言。


## 🎯 待处理的目标文案
我们先说最敏感的。起火。

## 目标文案content的数组结构
生成模板参数时，format为content_index的字段依据此数组选择匹配的索引，用于决定相应内容出现在动画中的时机

[
  {
    "index": 0,
    "text": "我们先说最敏感的。"
  },
  {
    "index": 1,
    "text": "起火。"
  }
]


## 选定模板及参数规范

模板名称：TEXT_FOCUS

参数 Schema 说明：

{
  "type": "object",
  "properties": {
    "coreSentence": {
      "type": "array",
      "minItems": 1,
      "description": "大屏核心文案，每元素一行：可为 string，或 { text, showFrom, endFrom? }；showFrom/endFrom 为 content 下标（0-based），非帧数：在该条 startFrame 显现；可选 endFrom 表示在该条播完（startFrame+durationFrames）后起淡出。纯 string 等价于 showFrom=0、无 endFrom。锚点校验时各段 text 按顺序直接拼接（无分隔符）。",
      "items": {
        "oneOf": [
          {
            "type": "string"
          },
          {
            "type": "object",
            "required": [
              "text",
              "showFrom"
            ],
            "properties": {
              "text": {
                "type": "string",
                "description": "该行大屏文案"
              },
              "showFrom": {
                "type": "integer",
                "format": "content_index",
                "description": "content 下标（0-based），非帧数"
              },
              "endFrom": {
                "type": "integer",
                "format": "content_index",
                "description": "可选；content 下标（0-based），非帧数；该行在对应条字幕结束帧（startFrame+durationFrames）起淡出"
              }
            }
          }
        ]
      }
    },
    "coreSentenceAnchors": {
      "type": "array",
      "description": "可选；在 coreSentence 各段拼接后的全文内按顺序高亮子串。每项 coreSentenceAnchor 须为该拼接串的子串，否则会被校验丢弃",
      "items": {
        "type": "object",
        "required": [
          "coreSentenceAnchor"
        ],
        "properties": {
          "coreSentenceAnchor": {
            "type": "string",
            "description": "要高亮的子串，须出现在各 coreSentence 段拼接后的全文内"
          },
          "color": {
            "type": "string",
            "description": "高亮颜色，省略时默认强调色"
          }
        }
      }
    }
  },
  "required": [
    "coreSentence"
  ]
}

// 口播条数（已由程序写入 CONTENT_STR，勿在 param 中输出 content）：口播分句至多 3 条（超出会被校验器告警）


模板该项的示例供参考：

{
  "template": "TEXT_FOCUS",
  "param": {
    "coreSentence": [
      {
        "text": "承认自己“可能错了”并不是一种软弱",
        "showFrom": 0,
        "endFrom": 0
      },
      {
        "text": "而是成长的开始",
        "showFrom": 1,
        "endFrom": 1
      }
    ],
    "coreSentenceAnchors": [
      {
        "coreSentenceAnchor": "可能错了",
        "color": "red"
      }
    ]
  }
}


注意：如果该模板生成的参数包含图片视觉描述（如 imageSrc / leftSrc / rightSrc 等等），请只描述纯视觉场景与动作，绝不要包含任何文字、标语或注音。


## 其他通用说明
1. 锚点（Anchor）— 克制与高价值（适用于 SCHEMA 或上文允许出现锚点/高亮时）：
   - 多数句子应**无锚点**；拿不准就留空或 `[]`，避免满屏高亮。
   - 如果一定需要锚点，只选**整段里真正的高潮、反转或核心名词**（宜 2～4 字、有记忆点）；平庸词、铺垫句不要做成锚点。
   - 颜色建议：`#EF4444`（警示/反转/负面/结论）、`#000000`（事实/术语/数据）。动画 `anim`：`spring` | `slideUp` | `popIn` | `highlight`。
   - 音效可选(仅写在锚点对象上的 `audioEffect`)：`impact_thud` | `ping` | `woosh`

2. 视觉标题与字幕分离（仅当 SCHEMA 要求 `notText` / `butText` / `conceptName`、或 DOS_AND_DONTS 的 `left.label` / `right.label` 等时）：

   - 填**极简关键词（约 2～6 字）**，禁止把整句台词搬进标题字段。



## 输出格式（严格 JSON，不要 markdown 代码块）
补全当前模板的param,非数组：
{ "param": { ... } }

===========================================================================================
---------------------------------------- RESPONSE ----------------------------------------
time: 2026-06-12 21:43:43
attempt: 1/3

[OUTPUT]
{
  "param": {
    "coreSentence": [
      {
        "text": "我们先说最敏感的。",
        "showFrom": 0,
        "endFrom": 0
      },
      {
        "text": "起火。",
        "showFrom": 1,
        "endFrom": 1
      }
    ],
    "coreSentenceAnchors": [
      {
        "coreSentenceAnchor": "起火",
        "color": "#EF4444"
      }
    ]
  }
}
-------------------------------------------------------------------------------------------

======================================== REQUEST ========================================
time: 2026-06-12 21:43:43
provider: deepseek
model: deepseek-v4-pro
retries: 3

[PROMPT]
你是短视频字幕与画面细节处理专家。请把指定台词细化为字模显示参数。


## 完整段落上下文（仅供理解整体语境，判断当前句子的重要性）
我们先说最敏感的。
起火。

从2025年到2026年初，
公开报道的燃烧事故，
大约是6到8起。

按当时保有量估算，
碰撞后燃烧比例，
大约是0.00117%。

而新能源整体起火率，
约为0.0018%。

燃油车约为0.015%。

看到了吗，
你以为新能源比燃油车更容易烧起来，但其实新能源比燃油车着火事故少一半
你以为小米比其他电动车更容易烧起来，但其实小米相比整个行业着火事故更低。

你刷到很多，
不等于概率很高。

更关键的是，
公开通报里的多数火情，
不是静置自燃。

而是严重碰撞后起火。
外部火源引燃。
或者其他复杂诱因。

目前也没有一例说明，小米存在系统性自燃。

再说事故率。

很多人一看到事故视频，
就下意识得出结论：绿化带战神。
这是一个极具偏见色彩的标签。

事故率没有具体可查的数据，网上有很多人张嘴就来：小米的出现率高到离谱。
但事实是，目前全行业并没有任何一家权威机构，包括中保信和各大保险公司公布过小米汽车的具体出险率数据。这对保险公司来说是商业机密。
网传的“出险率高到离谱”或“是同价位车型数倍”等说法，已被官方联合保险公司证实为谣言。


## 🎯 待处理的目标文案
从2025年到2026年初，公开报道的燃烧事故，大约是6到8起。按当时保有量估算，碰撞后燃烧比例，大约是0.00117%。而新能源整体起火率，约为0.0018%。燃油车约为0.015%。

## 目标文案content的数组结构
生成模板参数时，format为content_index的字段依据此数组选择匹配的索引，用于决定相应内容出现在动画中的时机

[
  {
    "index": 0,
    "text": "从2025年到2026年初，"
  },
  {
    "index": 1,
    "text": "公开报道的燃烧事故，"
  },
  {
    "index": 2,
    "text": "大约是6到8起。"
  },
  {
    "index": 3,
    "text": "按当时保有量估算，"
  },
  {
    "index": 4,
    "text": "碰撞后燃烧比例，"
  },
  {
    "index": 5,
    "text": "大约是0.00117%。"
  },
  {
    "index": 6,
    "text": "而新能源整体起火率，"
  },
  {
    "index": 7,
    "text": "约为0.0018%。"
  },
  {
    "index": 8,
    "text": "燃油车约为0.015%。"
  }
]


## 选定模板及参数规范

模板名称：DATA_TABLE

参数 Schema 说明：

{
  "type": "object",
  "properties": {
    "title": {
      "type": "string",
      "description": "可选；表上方标题，建议 4～18 字"
    },
    "columns": {
      "type": "array",
      "minItems": 2,
      "maxItems": 5,
      "description": "表头文案，从左到右",
      "items": {
        "type": "string",
        "description": "列标题，建议 2～8 字"
      }
    },
    "rows": {
      "type": "array",
      "minItems": 2,
      "maxItems": 8,
      "description": "数据行；cells 为单元格文案（顺序与 columns 一致）；showFrom 为 content 下标（0-based）",
      "items": {
        "type": "object",
        "required": [
          "cells",
          "showFrom"
        ],
        "properties": {
          "cells": {
            "type": "array",
            "minItems": 1,
            "maxItems": 5,
            "items": {
              "type": "string",
              "description": "单元格短文案"
            }
          },
          "showFrom": {
            "type": "integer",
            "format": "content_index",
            "description": "该行出现时机：content 数组下标，取该条 startFrame"
          }
        }
      }
    }
  },
  "required": [
    "columns",
    "rows"
  ]
}

// 口播条数（已由程序写入 CONTENT_STR，勿在 param 中输出 content）：口播分句（item.content）至少 2 条；口播分句至多 12 条（超出会被校验器告警）


模板该项的示例供参考：

{
  "template": "DATA_TABLE",
  "param": {
    "title": "三档对比",
    "columns": [
      "档位",
      "续航",
      "价格"
    ],
    "rows": [
      {
        "cells": [
          "标准",
          "一天",
          "1999"
        ],
        "showFrom": 0
      },
      {
        "cells": [
          "Pro",
          "一天半",
          "2699"
        ],
        "showFrom": 1
      },
      {
        "cells": [
          "Ultra",
          "两天",
          "3999"
        ],
        "showFrom": 2
      }
    ]
  }
}


注意：如果该模板生成的参数包含图片视觉描述（如 imageSrc / leftSrc / rightSrc 等等），请只描述纯视觉场景与动作，绝不要包含任何文字、标语或注音。


## 其他通用说明
1. 锚点（Anchor）— 克制与高价值（适用于 SCHEMA 或上文允许出现锚点/高亮时）：
   - 多数句子应**无锚点**；拿不准就留空或 `[]`，避免满屏高亮。
   - 如果一定需要锚点，只选**整段里真正的高潮、反转或核心名词**（宜 2～4 字、有记忆点）；平庸词、铺垫句不要做成锚点。
   - 颜色建议：`#EF4444`（警示/反转/负面/结论）、`#000000`（事实/术语/数据）。动画 `anim`：`spring` | `slideUp` | `popIn` | `highlight`。
   - 音效可选(仅写在锚点对象上的 `audioEffect`)：`impact_thud` | `ping` | `woosh`

2. 视觉标题与字幕分离（仅当 SCHEMA 要求 `notText` / `butText` / `conceptName`、或 DOS_AND_DONTS 的 `left.label` / `right.label` 等时）：

   - 填**极简关键词（约 2～6 字）**，禁止把整句台词搬进标题字段。



## 输出格式（严格 JSON，不要 markdown 代码块）
补全当前模板的param,非数组：
{ "param": { ... } }

===========================================================================================
---------------------------------------- RESPONSE ----------------------------------------
time: 2026-06-12 21:44:01
attempt: 1/3

[OUTPUT]
{"param": {"title": "起火率对比", "columns": ["类别", "比例"], "rows": [{"cells": ["碰撞后燃烧比例", "0.00117%"], "showFrom": 5}, {"cells": ["新能源整体起火率", "0.0018%"], "showFrom": 7}, {"cells": ["燃油车", "0.015%"], "showFrom": 8}]}}
-------------------------------------------------------------------------------------------

======================================== REQUEST ========================================
time: 2026-06-12 21:44:01
provider: deepseek
model: deepseek-v4-pro
retries: 3

[PROMPT]
你是短视频字幕与画面细节处理专家。请把指定台词细化为字模显示参数。


## 完整段落上下文（仅供理解整体语境，判断当前句子的重要性）
我们先说最敏感的。
起火。

从2025年到2026年初，
公开报道的燃烧事故，
大约是6到8起。

按当时保有量估算，
碰撞后燃烧比例，
大约是0.00117%。

而新能源整体起火率，
约为0.0018%。

燃油车约为0.015%。

看到了吗，
你以为新能源比燃油车更容易烧起来，但其实新能源比燃油车着火事故少一半
你以为小米比其他电动车更容易烧起来，但其实小米相比整个行业着火事故更低。

你刷到很多，
不等于概率很高。

更关键的是，
公开通报里的多数火情，
不是静置自燃。

而是严重碰撞后起火。
外部火源引燃。
或者其他复杂诱因。

目前也没有一例说明，小米存在系统性自燃。

再说事故率。

很多人一看到事故视频，
就下意识得出结论：绿化带战神。
这是一个极具偏见色彩的标签。

事故率没有具体可查的数据，网上有很多人张嘴就来：小米的出现率高到离谱。
但事实是，目前全行业并没有任何一家权威机构，包括中保信和各大保险公司公布过小米汽车的具体出险率数据。这对保险公司来说是商业机密。
网传的“出险率高到离谱”或“是同价位车型数倍”等说法，已被官方联合保险公司证实为谣言。


## 🎯 待处理的目标文案
看到了吗，你以为新能源比燃油车更容易烧起来，但其实新能源比燃油车着火事故少一半

## 目标文案content的数组结构
生成模板参数时，format为content_index的字段依据此数组选择匹配的索引，用于决定相应内容出现在动画中的时机

[
  {
    "index": 0,
    "text": "看到了吗，"
  },
  {
    "index": 1,
    "text": "你以为新能源比燃油车更容易烧起来，"
  },
  {
    "index": 2,
    "text": "但其实新能源比燃油车着火事故少一半"
  }
]


## 选定模板及参数规范

模板名称：COGNITIVE_SHIFT

参数 Schema 说明：

{
  "type": "object",
  "properties": {
    "notText": {
      "type": "string",
      "description": "被否认知（‘不是’后面的内容）的精炼短句，不超过12个字，"
    },
    "butText": {
      "type": "string",
      "description": "真实认知（‘而是’后面的内容）的精炼短句，不超过12个字"
    },
    "butSrc": {
      "type": "string",
      "format": "image_prompt",
      "description": "真实认知的配图"
    },
    "notContentIndex": {
      "type": "integer",
      "format": "content_index",
      "description": "触发「不是」动画的字幕段索引（默认 0）"
    },
    "butContentIndex": {
      "type": "integer",
      "format": "content_index",
      "description": "触发「而是」动画的字幕段索引（默认 1）"
    }
  },
  "required": [
    "notText",
    "butText"
  ]
}


模板该项的示例供参考：

{
  "template": "COGNITIVE_SHIFT",
  "content": [
    "我们都不应该靠勤奋拼命",
    "我们都应该是靠认知和选择",
    "这样我才能成功"
  ],
  "param": {
    "notText": "靠勤奋拼命",
    "butText": "靠认知和选择",
    "butSrc": "站在高处看地图的思考者",
    "notContentIndex": 0,
    "butContentIndex": 1
  }
}


注意：如果该模板生成的参数包含图片视觉描述（如 imageSrc / leftSrc / rightSrc 等等），请只描述纯视觉场景与动作，绝不要包含任何文字、标语或注音。


## 其他通用说明
1. 锚点（Anchor）— 克制与高价值（适用于 SCHEMA 或上文允许出现锚点/高亮时）：
   - 多数句子应**无锚点**；拿不准就留空或 `[]`，避免满屏高亮。
   - 如果一定需要锚点，只选**整段里真正的高潮、反转或核心名词**（宜 2～4 字、有记忆点）；平庸词、铺垫句不要做成锚点。
   - 颜色建议：`#EF4444`（警示/反转/负面/结论）、`#000000`（事实/术语/数据）。动画 `anim`：`spring` | `slideUp` | `popIn` | `highlight`。
   - 音效可选(仅写在锚点对象上的 `audioEffect`)：`impact_thud` | `ping` | `woosh`

2. 视觉标题与字幕分离（仅当 SCHEMA 要求 `notText` / `butText` / `conceptName`、或 DOS_AND_DONTS 的 `left.label` / `right.label` 等时）：

   - 填**极简关键词（约 2～6 字）**，禁止把整句台词搬进标题字段。



## 输出格式（严格 JSON，不要 markdown 代码块）
补全当前模板的param,非数组：
{ "param": { ... } }

===========================================================================================
---------------------------------------- RESPONSE ----------------------------------------
time: 2026-06-12 21:44:16
attempt: 1/3

[OUTPUT]
{
  "param": {
    "notText": "新能源更易起火",
    "butText": "着火事故少一半",
    "butSrc": "A split screen: left side a gasoline car burning with smoke, right side an electric car driving peacefully, background showing a declining fire accident trend graph.",
    "notContentIndex": 1,
    "butContentIndex": 2
  }
}
-------------------------------------------------------------------------------------------

======================================== REQUEST ========================================
time: 2026-06-12 21:44:16
provider: deepseek
model: deepseek-v4-pro
retries: 3

[PROMPT]
你是短视频字幕与画面细节处理专家。请把指定台词细化为字模显示参数。


## 完整段落上下文（仅供理解整体语境，判断当前句子的重要性）
我们先说最敏感的。
起火。

从2025年到2026年初，
公开报道的燃烧事故，
大约是6到8起。

按当时保有量估算，
碰撞后燃烧比例，
大约是0.00117%。

而新能源整体起火率，
约为0.0018%。

燃油车约为0.015%。

看到了吗，
你以为新能源比燃油车更容易烧起来，但其实新能源比燃油车着火事故少一半
你以为小米比其他电动车更容易烧起来，但其实小米相比整个行业着火事故更低。

你刷到很多，
不等于概率很高。

更关键的是，
公开通报里的多数火情，
不是静置自燃。

而是严重碰撞后起火。
外部火源引燃。
或者其他复杂诱因。

目前也没有一例说明，小米存在系统性自燃。

再说事故率。

很多人一看到事故视频，
就下意识得出结论：绿化带战神。
这是一个极具偏见色彩的标签。

事故率没有具体可查的数据，网上有很多人张嘴就来：小米的出现率高到离谱。
但事实是，目前全行业并没有任何一家权威机构，包括中保信和各大保险公司公布过小米汽车的具体出险率数据。这对保险公司来说是商业机密。
网传的“出险率高到离谱”或“是同价位车型数倍”等说法，已被官方联合保险公司证实为谣言。


## 🎯 待处理的目标文案
 你以为小米比其他电动车更容易烧起来，但其实小米相比整个行业着火事故更低。

## 目标文案content的数组结构
生成模板参数时，format为content_index的字段依据此数组选择匹配的索引，用于决定相应内容出现在动画中的时机

[
  {
    "index": 0,
    "text": " 你以为小米比其他电动车更容易烧起来，"
  },
  {
    "index": 1,
    "text": "但其实小米相比整个行业着火事故更低。"
  }
]


## 选定模板及参数规范

模板名称：COGNITIVE_SHIFT

参数 Schema 说明：

{
  "type": "object",
  "properties": {
    "notText": {
      "type": "string",
      "description": "被否认知（‘不是’后面的内容）的精炼短句，不超过12个字，"
    },
    "butText": {
      "type": "string",
      "description": "真实认知（‘而是’后面的内容）的精炼短句，不超过12个字"
    },
    "butSrc": {
      "type": "string",
      "format": "image_prompt",
      "description": "真实认知的配图"
    },
    "notContentIndex": {
      "type": "integer",
      "format": "content_index",
      "description": "触发「不是」动画的字幕段索引（默认 0）"
    },
    "butContentIndex": {
      "type": "integer",
      "format": "content_index",
      "description": "触发「而是」动画的字幕段索引（默认 1）"
    }
  },
  "required": [
    "notText",
    "butText"
  ]
}


模板该项的示例供参考：

{
  "template": "COGNITIVE_SHIFT",
  "content": [
    "我们都不应该靠勤奋拼命",
    "我们都应该是靠认知和选择",
    "这样我才能成功"
  ],
  "param": {
    "notText": "靠勤奋拼命",
    "butText": "靠认知和选择",
    "butSrc": "站在高处看地图的思考者",
    "notContentIndex": 0,
    "butContentIndex": 1
  }
}


注意：如果该模板生成的参数包含图片视觉描述（如 imageSrc / leftSrc / rightSrc 等等），请只描述纯视觉场景与动作，绝不要包含任何文字、标语或注音。


## 其他通用说明
1. 锚点（Anchor）— 克制与高价值（适用于 SCHEMA 或上文允许出现锚点/高亮时）：
   - 多数句子应**无锚点**；拿不准就留空或 `[]`，避免满屏高亮。
   - 如果一定需要锚点，只选**整段里真正的高潮、反转或核心名词**（宜 2～4 字、有记忆点）；平庸词、铺垫句不要做成锚点。
   - 颜色建议：`#EF4444`（警示/反转/负面/结论）、`#000000`（事实/术语/数据）。动画 `anim`：`spring` | `slideUp` | `popIn` | `highlight`。
   - 音效可选(仅写在锚点对象上的 `audioEffect`)：`impact_thud` | `ping` | `woosh`

2. 视觉标题与字幕分离（仅当 SCHEMA 要求 `notText` / `butText` / `conceptName`、或 DOS_AND_DONTS 的 `left.label` / `right.label` 等时）：

   - 填**极简关键词（约 2～6 字）**，禁止把整句台词搬进标题字段。



## 输出格式（严格 JSON，不要 markdown 代码块）
补全当前模板的param,非数组：
{ "param": { ... } }

===========================================================================================
---------------------------------------- RESPONSE ----------------------------------------
time: 2026-06-12 21:44:21
attempt: 1/3

[OUTPUT]
{
  "param": {
    "notText": "小米更容易烧起来",
    "butText": "着火事故更低",
    "butSrc": "一辆银灰色小米SU7静止在雨后的街道上，车身表面有水滴，后方远景是城市天际线，氛围平静而沉稳",
    "notContentIndex": 0,
    "butContentIndex": 1
  }
}
-------------------------------------------------------------------------------------------

======================================== REQUEST ========================================
time: 2026-06-12 21:44:21
provider: deepseek
model: deepseek-v4-pro
retries: 3

[PROMPT]
你是短视频字幕与画面细节处理专家。请把指定台词细化为字模显示参数。


## 完整段落上下文（仅供理解整体语境，判断当前句子的重要性）
我们先说最敏感的。
起火。

从2025年到2026年初，
公开报道的燃烧事故，
大约是6到8起。

按当时保有量估算，
碰撞后燃烧比例，
大约是0.00117%。

而新能源整体起火率，
约为0.0018%。

燃油车约为0.015%。

看到了吗，
你以为新能源比燃油车更容易烧起来，但其实新能源比燃油车着火事故少一半
你以为小米比其他电动车更容易烧起来，但其实小米相比整个行业着火事故更低。

你刷到很多，
不等于概率很高。

更关键的是，
公开通报里的多数火情，
不是静置自燃。

而是严重碰撞后起火。
外部火源引燃。
或者其他复杂诱因。

目前也没有一例说明，小米存在系统性自燃。

再说事故率。

很多人一看到事故视频，
就下意识得出结论：绿化带战神。
这是一个极具偏见色彩的标签。

事故率没有具体可查的数据，网上有很多人张嘴就来：小米的出现率高到离谱。
但事实是，目前全行业并没有任何一家权威机构，包括中保信和各大保险公司公布过小米汽车的具体出险率数据。这对保险公司来说是商业机密。
网传的“出险率高到离谱”或“是同价位车型数倍”等说法，已被官方联合保险公司证实为谣言。


## 🎯 待处理的目标文案
你刷到很多，不等于概率很高。

## 目标文案content的数组结构
生成模板参数时，format为content_index的字段依据此数组选择匹配的索引，用于决定相应内容出现在动画中的时机

[
  {
    "index": 0,
    "text": "你刷到很多，"
  },
  {
    "index": 1,
    "text": "不等于概率很高。"
  }
]


## 选定模板及参数规范

模板名称：TEXT_FOCUS

参数 Schema 说明：

{
  "type": "object",
  "properties": {
    "coreSentence": {
      "type": "array",
      "minItems": 1,
      "description": "大屏核心文案，每元素一行：可为 string，或 { text, showFrom, endFrom? }；showFrom/endFrom 为 content 下标（0-based），非帧数：在该条 startFrame 显现；可选 endFrom 表示在该条播完（startFrame+durationFrames）后起淡出。纯 string 等价于 showFrom=0、无 endFrom。锚点校验时各段 text 按顺序直接拼接（无分隔符）。",
      "items": {
        "oneOf": [
          {
            "type": "string"
          },
          {
            "type": "object",
            "required": [
              "text",
              "showFrom"
            ],
            "properties": {
              "text": {
                "type": "string",
                "description": "该行大屏文案"
              },
              "showFrom": {
                "type": "integer",
                "format": "content_index",
                "description": "content 下标（0-based），非帧数"
              },
              "endFrom": {
                "type": "integer",
                "format": "content_index",
                "description": "可选；content 下标（0-based），非帧数；该行在对应条字幕结束帧（startFrame+durationFrames）起淡出"
              }
            }
          }
        ]
      }
    },
    "coreSentenceAnchors": {
      "type": "array",
      "description": "可选；在 coreSentence 各段拼接后的全文内按顺序高亮子串。每项 coreSentenceAnchor 须为该拼接串的子串，否则会被校验丢弃",
      "items": {
        "type": "object",
        "required": [
          "coreSentenceAnchor"
        ],
        "properties": {
          "coreSentenceAnchor": {
            "type": "string",
            "description": "要高亮的子串，须出现在各 coreSentence 段拼接后的全文内"
          },
          "color": {
            "type": "string",
            "description": "高亮颜色，省略时默认强调色"
          }
        }
      }
    }
  },
  "required": [
    "coreSentence"
  ]
}

// 口播条数（已由程序写入 CONTENT_STR，勿在 param 中输出 content）：口播分句至多 3 条（超出会被校验器告警）


模板该项的示例供参考：

{
  "template": "TEXT_FOCUS",
  "param": {
    "coreSentence": [
      {
        "text": "承认自己“可能错了”并不是一种软弱",
        "showFrom": 0,
        "endFrom": 0
      },
      {
        "text": "而是成长的开始",
        "showFrom": 1,
        "endFrom": 1
      }
    ],
    "coreSentenceAnchors": [
      {
        "coreSentenceAnchor": "可能错了",
        "color": "red"
      }
    ]
  }
}


注意：如果该模板生成的参数包含图片视觉描述（如 imageSrc / leftSrc / rightSrc 等等），请只描述纯视觉场景与动作，绝不要包含任何文字、标语或注音。


## 其他通用说明
1. 锚点（Anchor）— 克制与高价值（适用于 SCHEMA 或上文允许出现锚点/高亮时）：
   - 多数句子应**无锚点**；拿不准就留空或 `[]`，避免满屏高亮。
   - 如果一定需要锚点，只选**整段里真正的高潮、反转或核心名词**（宜 2～4 字、有记忆点）；平庸词、铺垫句不要做成锚点。
   - 颜色建议：`#EF4444`（警示/反转/负面/结论）、`#000000`（事实/术语/数据）。动画 `anim`：`spring` | `slideUp` | `popIn` | `highlight`。
   - 音效可选(仅写在锚点对象上的 `audioEffect`)：`impact_thud` | `ping` | `woosh`

2. 视觉标题与字幕分离（仅当 SCHEMA 要求 `notText` / `butText` / `conceptName`、或 DOS_AND_DONTS 的 `left.label` / `right.label` 等时）：

   - 填**极简关键词（约 2～6 字）**，禁止把整句台词搬进标题字段。



## 输出格式（严格 JSON，不要 markdown 代码块）
补全当前模板的param,非数组：
{ "param": { ... } }

===========================================================================================
---------------------------------------- RESPONSE ----------------------------------------
time: 2026-06-12 21:44:33
attempt: 1/3

[OUTPUT]
{
  "param": {
    "coreSentence": [
      {
        "text": "你刷到很多，",
        "showFrom": 0,
        "endFrom": 0
      },
      {
        "text": "不等于概率很高。",
        "showFrom": 1,
        "endFrom": 1
      }
    ],
    "coreSentenceAnchors": [
      {
        "coreSentenceAnchor": "不等于",
        "color": "#EF4444"
      }
    ]
  }
}
-------------------------------------------------------------------------------------------

======================================== REQUEST ========================================
time: 2026-06-12 21:44:33
provider: deepseek
model: deepseek-v4-pro
retries: 3

[PROMPT]
你是短视频字幕与画面细节处理专家。请把指定台词细化为字模显示参数。


## 完整段落上下文（仅供理解整体语境，判断当前句子的重要性）
我们先说最敏感的。
起火。

从2025年到2026年初，
公开报道的燃烧事故，
大约是6到8起。

按当时保有量估算，
碰撞后燃烧比例，
大约是0.00117%。

而新能源整体起火率，
约为0.0018%。

燃油车约为0.015%。

看到了吗，
你以为新能源比燃油车更容易烧起来，但其实新能源比燃油车着火事故少一半
你以为小米比其他电动车更容易烧起来，但其实小米相比整个行业着火事故更低。

你刷到很多，
不等于概率很高。

更关键的是，
公开通报里的多数火情，
不是静置自燃。

而是严重碰撞后起火。
外部火源引燃。
或者其他复杂诱因。

目前也没有一例说明，小米存在系统性自燃。

再说事故率。

很多人一看到事故视频，
就下意识得出结论：绿化带战神。
这是一个极具偏见色彩的标签。

事故率没有具体可查的数据，网上有很多人张嘴就来：小米的出现率高到离谱。
但事实是，目前全行业并没有任何一家权威机构，包括中保信和各大保险公司公布过小米汽车的具体出险率数据。这对保险公司来说是商业机密。
网传的“出险率高到离谱”或“是同价位车型数倍”等说法，已被官方联合保险公司证实为谣言。


## 🎯 待处理的目标文案
更关键的是，公开通报里的多数火情，不是静置自燃。而是严重碰撞后起火。外部火源引燃。或者其他复杂诱因。

## 目标文案content的数组结构
生成模板参数时，format为content_index的字段依据此数组选择匹配的索引，用于决定相应内容出现在动画中的时机

[
  {
    "index": 0,
    "text": "更关键的是，"
  },
  {
    "index": 1,
    "text": "公开通报里的多数火情，"
  },
  {
    "index": 2,
    "text": "不是静置自燃。"
  },
  {
    "index": 3,
    "text": "而是严重碰撞后起火。"
  },
  {
    "index": 4,
    "text": "外部火源引燃。"
  },
  {
    "index": 5,
    "text": "或者其他复杂诱因。"
  }
]


## 选定模板及参数规范

模板名称：COGNITIVE_SHIFT

参数 Schema 说明：

{
  "type": "object",
  "properties": {
    "notText": {
      "type": "string",
      "description": "被否认知（‘不是’后面的内容）的精炼短句，不超过12个字，"
    },
    "butText": {
      "type": "string",
      "description": "真实认知（‘而是’后面的内容）的精炼短句，不超过12个字"
    },
    "butSrc": {
      "type": "string",
      "format": "image_prompt",
      "description": "真实认知的配图"
    },
    "notContentIndex": {
      "type": "integer",
      "format": "content_index",
      "description": "触发「不是」动画的字幕段索引（默认 0）"
    },
    "butContentIndex": {
      "type": "integer",
      "format": "content_index",
      "description": "触发「而是」动画的字幕段索引（默认 1）"
    }
  },
  "required": [
    "notText",
    "butText"
  ]
}


模板该项的示例供参考：

{
  "template": "COGNITIVE_SHIFT",
  "content": [
    "我们都不应该靠勤奋拼命",
    "我们都应该是靠认知和选择",
    "这样我才能成功"
  ],
  "param": {
    "notText": "靠勤奋拼命",
    "butText": "靠认知和选择",
    "butSrc": "站在高处看地图的思考者",
    "notContentIndex": 0,
    "butContentIndex": 1
  }
}


注意：如果该模板生成的参数包含图片视觉描述（如 imageSrc / leftSrc / rightSrc 等等），请只描述纯视觉场景与动作，绝不要包含任何文字、标语或注音。


## 其他通用说明
1. 锚点（Anchor）— 克制与高价值（适用于 SCHEMA 或上文允许出现锚点/高亮时）：
   - 多数句子应**无锚点**；拿不准就留空或 `[]`，避免满屏高亮。
   - 如果一定需要锚点，只选**整段里真正的高潮、反转或核心名词**（宜 2～4 字、有记忆点）；平庸词、铺垫句不要做成锚点。
   - 颜色建议：`#EF4444`（警示/反转/负面/结论）、`#000000`（事实/术语/数据）。动画 `anim`：`spring` | `slideUp` | `popIn` | `highlight`。
   - 音效可选(仅写在锚点对象上的 `audioEffect`)：`impact_thud` | `ping` | `woosh`

2. 视觉标题与字幕分离（仅当 SCHEMA 要求 `notText` / `butText` / `conceptName`、或 DOS_AND_DONTS 的 `left.label` / `right.label` 等时）：

   - 填**极简关键词（约 2～6 字）**，禁止把整句台词搬进标题字段。



## 输出格式（严格 JSON，不要 markdown 代码块）
补全当前模板的param,非数组：
{ "param": { ... } }

===========================================================================================
---------------------------------------- RESPONSE ----------------------------------------
time: 2026-06-12 21:44:45
attempt: 1/3

[OUTPUT]
{"param": {"notText": "静置自燃", "butText": "碰撞后起火等", "butSrc": "一辆电动汽车发生严重碰撞，车头受损，电池包位置冒出火焰和浓烟", "notContentIndex": 2, "butContentIndex": 3}}
-------------------------------------------------------------------------------------------

======================================== REQUEST ========================================
time: 2026-06-12 21:44:45
provider: deepseek
model: deepseek-v4-pro
retries: 3

[PROMPT]
你是短视频字幕与画面细节处理专家。请把指定台词细化为字模显示参数。


## 完整段落上下文（仅供理解整体语境，判断当前句子的重要性）
我们先说最敏感的。
起火。

从2025年到2026年初，
公开报道的燃烧事故，
大约是6到8起。

按当时保有量估算，
碰撞后燃烧比例，
大约是0.00117%。

而新能源整体起火率，
约为0.0018%。

燃油车约为0.015%。

看到了吗，
你以为新能源比燃油车更容易烧起来，但其实新能源比燃油车着火事故少一半
你以为小米比其他电动车更容易烧起来，但其实小米相比整个行业着火事故更低。

你刷到很多，
不等于概率很高。

更关键的是，
公开通报里的多数火情，
不是静置自燃。

而是严重碰撞后起火。
外部火源引燃。
或者其他复杂诱因。

目前也没有一例说明，小米存在系统性自燃。

再说事故率。

很多人一看到事故视频，
就下意识得出结论：绿化带战神。
这是一个极具偏见色彩的标签。

事故率没有具体可查的数据，网上有很多人张嘴就来：小米的出现率高到离谱。
但事实是，目前全行业并没有任何一家权威机构，包括中保信和各大保险公司公布过小米汽车的具体出险率数据。这对保险公司来说是商业机密。
网传的“出险率高到离谱”或“是同价位车型数倍”等说法，已被官方联合保险公司证实为谣言。


## 🎯 待处理的目标文案
目前也没有一例说明，小米存在系统性自燃。

## 目标文案content的数组结构
生成模板参数时，format为content_index的字段依据此数组选择匹配的索引，用于决定相应内容出现在动画中的时机

[
  {
    "index": 0,
    "text": "目前也没有一例说明，"
  },
  {
    "index": 1,
    "text": "小米存在系统性自燃。"
  }
]


## 选定模板及参数规范

模板名称：TEXT_FOCUS

参数 Schema 说明：

{
  "type": "object",
  "properties": {
    "coreSentence": {
      "type": "array",
      "minItems": 1,
      "description": "大屏核心文案，每元素一行：可为 string，或 { text, showFrom, endFrom? }；showFrom/endFrom 为 content 下标（0-based），非帧数：在该条 startFrame 显现；可选 endFrom 表示在该条播完（startFrame+durationFrames）后起淡出。纯 string 等价于 showFrom=0、无 endFrom。锚点校验时各段 text 按顺序直接拼接（无分隔符）。",
      "items": {
        "oneOf": [
          {
            "type": "string"
          },
          {
            "type": "object",
            "required": [
              "text",
              "showFrom"
            ],
            "properties": {
              "text": {
                "type": "string",
                "description": "该行大屏文案"
              },
              "showFrom": {
                "type": "integer",
                "format": "content_index",
                "description": "content 下标（0-based），非帧数"
              },
              "endFrom": {
                "type": "integer",
                "format": "content_index",
                "description": "可选；content 下标（0-based），非帧数；该行在对应条字幕结束帧（startFrame+durationFrames）起淡出"
              }
            }
          }
        ]
      }
    },
    "coreSentenceAnchors": {
      "type": "array",
      "description": "可选；在 coreSentence 各段拼接后的全文内按顺序高亮子串。每项 coreSentenceAnchor 须为该拼接串的子串，否则会被校验丢弃",
      "items": {
        "type": "object",
        "required": [
          "coreSentenceAnchor"
        ],
        "properties": {
          "coreSentenceAnchor": {
            "type": "string",
            "description": "要高亮的子串，须出现在各 coreSentence 段拼接后的全文内"
          },
          "color": {
            "type": "string",
            "description": "高亮颜色，省略时默认强调色"
          }
        }
      }
    }
  },
  "required": [
    "coreSentence"
  ]
}

// 口播条数（已由程序写入 CONTENT_STR，勿在 param 中输出 content）：口播分句至多 3 条（超出会被校验器告警）


模板该项的示例供参考：

{
  "template": "TEXT_FOCUS",
  "param": {
    "coreSentence": [
      {
        "text": "承认自己“可能错了”并不是一种软弱",
        "showFrom": 0,
        "endFrom": 0
      },
      {
        "text": "而是成长的开始",
        "showFrom": 1,
        "endFrom": 1
      }
    ],
    "coreSentenceAnchors": [
      {
        "coreSentenceAnchor": "可能错了",
        "color": "red"
      }
    ]
  }
}


注意：如果该模板生成的参数包含图片视觉描述（如 imageSrc / leftSrc / rightSrc 等等），请只描述纯视觉场景与动作，绝不要包含任何文字、标语或注音。


## 其他通用说明
1. 锚点（Anchor）— 克制与高价值（适用于 SCHEMA 或上文允许出现锚点/高亮时）：
   - 多数句子应**无锚点**；拿不准就留空或 `[]`，避免满屏高亮。
   - 如果一定需要锚点，只选**整段里真正的高潮、反转或核心名词**（宜 2～4 字、有记忆点）；平庸词、铺垫句不要做成锚点。
   - 颜色建议：`#EF4444`（警示/反转/负面/结论）、`#000000`（事实/术语/数据）。动画 `anim`：`spring` | `slideUp` | `popIn` | `highlight`。
   - 音效可选(仅写在锚点对象上的 `audioEffect`)：`impact_thud` | `ping` | `woosh`

2. 视觉标题与字幕分离（仅当 SCHEMA 要求 `notText` / `butText` / `conceptName`、或 DOS_AND_DONTS 的 `left.label` / `right.label` 等时）：

   - 填**极简关键词（约 2～6 字）**，禁止把整句台词搬进标题字段。



## 输出格式（严格 JSON，不要 markdown 代码块）
补全当前模板的param,非数组：
{ "param": { ... } }

===========================================================================================
---------------------------------------- RESPONSE ----------------------------------------
time: 2026-06-12 21:44:52
attempt: 1/3

[OUTPUT]
{
  "param": {
    "coreSentence": [
      {
        "text": "目前也没有一例说明，",
        "showFrom": 0
      },
      {
        "text": "小米存在系统性自燃。",
        "showFrom": 1
      }
    ],
    "coreSentenceAnchors": [
      {
        "coreSentenceAnchor": "系统性自燃",
        "color": "#EF4444"
      }
    ]
  }
}
-------------------------------------------------------------------------------------------

======================================== REQUEST ========================================
time: 2026-06-12 21:44:52
provider: deepseek
model: deepseek-v4-pro
retries: 3

[PROMPT]
你是短视频字幕与画面细节处理专家。请把指定台词细化为字模显示参数。


## 完整段落上下文（仅供理解整体语境，判断当前句子的重要性）
我们先说最敏感的。
起火。

从2025年到2026年初，
公开报道的燃烧事故，
大约是6到8起。

按当时保有量估算，
碰撞后燃烧比例，
大约是0.00117%。

而新能源整体起火率，
约为0.0018%。

燃油车约为0.015%。

看到了吗，
你以为新能源比燃油车更容易烧起来，但其实新能源比燃油车着火事故少一半
你以为小米比其他电动车更容易烧起来，但其实小米相比整个行业着火事故更低。

你刷到很多，
不等于概率很高。

更关键的是，
公开通报里的多数火情，
不是静置自燃。

而是严重碰撞后起火。
外部火源引燃。
或者其他复杂诱因。

目前也没有一例说明，小米存在系统性自燃。

再说事故率。

很多人一看到事故视频，
就下意识得出结论：绿化带战神。
这是一个极具偏见色彩的标签。

事故率没有具体可查的数据，网上有很多人张嘴就来：小米的出现率高到离谱。
但事实是，目前全行业并没有任何一家权威机构，包括中保信和各大保险公司公布过小米汽车的具体出险率数据。这对保险公司来说是商业机密。
网传的“出险率高到离谱”或“是同价位车型数倍”等说法，已被官方联合保险公司证实为谣言。


## 🎯 待处理的目标文案
再说事故率。很多人一看到事故视频，就下意识得出结论：绿化带战神。这是一个极具偏见色彩的标签。

## 目标文案content的数组结构
生成模板参数时，format为content_index的字段依据此数组选择匹配的索引，用于决定相应内容出现在动画中的时机

[
  {
    "index": 0,
    "text": "再说事故率。"
  },
  {
    "index": 1,
    "text": "很多人一看到事故视频，"
  },
  {
    "index": 2,
    "text": "就下意识得出结论："
  },
  {
    "index": 3,
    "text": "绿化带战神。"
  },
  {
    "index": 4,
    "text": "这是一个极具偏见色彩的标签。"
  }
]


## 选定模板及参数规范

模板名称：MAGNIFYING_GLASS

参数 Schema 说明：

{
  "type": "object",
  "properties": {
    "anchors": {
      "type": "array",
      "minItems": 1,
      "maxItems": 3,
      "description": "必填且非空（建议 1～2 个高价值锚点）；每项通过 showFrom 对齐 content 分句。锚点应落在“揭示性落点句”或其核心关键词上，不要把整段说明塞满锚点",
      "items": {
        "type": "object",
        "required": [
          "text",
          "showFrom"
        ],
        "properties": {
          "text": {
            "type": "string",
            "description": "要聚焦的关键词/短语"
          },
          "showFrom": {
            "type": "integer",
            "format": "content_index",
            "description": "content 数组下标（0-based），非帧数；合法范围 0～(content 条数-1)，超出会被校验丢弃"
          },
          "color": {
            "type": "string"
          },
          "anim": {
            "type": "string",
            "enum": [
              "spring",
              "slideUp",
              "popIn",
              "highlight"
            ]
          },
          "audioEffect": {
            "type": "string",
            "enum": [
              "impact_thud",
              "ping",
              "woosh"
            ]
          }
        }
      }
    }
  },
  "required": [
    "anchors"
  ]
}


模板该项的示例供参考：

{
  "template": "MAGNIFYING_GLASS",
  "param": {
    "anchors": [
      {
        "text": "忽略了基础",
        "showFrom": 0,
        "color": "#111111",
        "anim": "popIn",
        "audioEffect": "ping"
      }
    ]
  }
}


注意：如果该模板生成的参数包含图片视觉描述（如 imageSrc / leftSrc / rightSrc 等等），请只描述纯视觉场景与动作，绝不要包含任何文字、标语或注音。


## 其他通用说明
1. 锚点（Anchor）— 克制与高价值（适用于 SCHEMA 或上文允许出现锚点/高亮时）：
   - 多数句子应**无锚点**；拿不准就留空或 `[]`，避免满屏高亮。
   - 如果一定需要锚点，只选**整段里真正的高潮、反转或核心名词**（宜 2～4 字、有记忆点）；平庸词、铺垫句不要做成锚点。
   - 颜色建议：`#EF4444`（警示/反转/负面/结论）、`#000000`（事实/术语/数据）。动画 `anim`：`spring` | `slideUp` | `popIn` | `highlight`。
   - 音效可选(仅写在锚点对象上的 `audioEffect`)：`impact_thud` | `ping` | `woosh`

2. 视觉标题与字幕分离（仅当 SCHEMA 要求 `notText` / `butText` / `conceptName`、或 DOS_AND_DONTS 的 `left.label` / `right.label` 等时）：

   - 填**极简关键词（约 2～6 字）**，禁止把整句台词搬进标题字段。



## 输出格式（严格 JSON，不要 markdown 代码块）
补全当前模板的param,非数组：
{ "param": { ... } }

===========================================================================================
---------------------------------------- RESPONSE ----------------------------------------
time: 2026-06-12 21:44:57
attempt: 1/3

[OUTPUT]
{
  "param": {
    "anchors": [
      {
        "text": "绿化带战神",
        "showFrom": 3,
        "color": "#EF4444",
        "anim": "spring",
        "audioEffect": "ping"
      }
    ]
  }
}
-------------------------------------------------------------------------------------------

======================================== REQUEST ========================================
time: 2026-06-12 21:44:57
provider: deepseek
model: deepseek-v4-pro
retries: 3

[PROMPT]
你是短视频字幕与画面细节处理专家。请把指定台词细化为字模显示参数。


## 完整段落上下文（仅供理解整体语境，判断当前句子的重要性）
我们先说最敏感的。
起火。

从2025年到2026年初，
公开报道的燃烧事故，
大约是6到8起。

按当时保有量估算，
碰撞后燃烧比例，
大约是0.00117%。

而新能源整体起火率，
约为0.0018%。

燃油车约为0.015%。

看到了吗，
你以为新能源比燃油车更容易烧起来，但其实新能源比燃油车着火事故少一半
你以为小米比其他电动车更容易烧起来，但其实小米相比整个行业着火事故更低。

你刷到很多，
不等于概率很高。

更关键的是，
公开通报里的多数火情，
不是静置自燃。

而是严重碰撞后起火。
外部火源引燃。
或者其他复杂诱因。

目前也没有一例说明，小米存在系统性自燃。

再说事故率。

很多人一看到事故视频，
就下意识得出结论：绿化带战神。
这是一个极具偏见色彩的标签。

事故率没有具体可查的数据，网上有很多人张嘴就来：小米的出现率高到离谱。
但事实是，目前全行业并没有任何一家权威机构，包括中保信和各大保险公司公布过小米汽车的具体出险率数据。这对保险公司来说是商业机密。
网传的“出险率高到离谱”或“是同价位车型数倍”等说法，已被官方联合保险公司证实为谣言。


## 🎯 待处理的目标文案
事故率没有具体可查的数据，网上有很多人张嘴就来：小米的出现率高到离谱。

## 目标文案content的数组结构
生成模板参数时，format为content_index的字段依据此数组选择匹配的索引，用于决定相应内容出现在动画中的时机

[
  {
    "index": 0,
    "text": "事故率没有具体可查的数据，"
  },
  {
    "index": 1,
    "text": "网上有很多人张嘴就来："
  },
  {
    "index": 2,
    "text": "小米的出现率高到离谱。"
  }
]


## 选定模板及参数规范

模板名称：QUOTE_CITATION

参数 Schema 说明：

{
  "type": "object",
  "properties": {
    "quoteSource": {
      "type": "string",
      "description": "引言来源"
    },
    "quoteDisplayText": {
      "type": "string",
      "description": "版心引用正文（打字机效果）；不传则使用 content 拼接结果"
    },
    "showFrom": {
      "type": "integer",
      "description": "content 下标（0-based）。仅打字正文从该条 startFrame 起再入场；开引号与 quoteSource 仍从 item 起点出现。未传 quoteDisplayText 时正文从该条起拼接"
    }
  },
  "required": [
    "quoteSource"
  ]
}


模板该项的示例供参考：

{
  "template": "QUOTE_CITATION",
  "param": {
    "quoteDisplayText": "我思故我在",
    "quoteSource": "《思考，快与慢》"
  }
}


注意：如果该模板生成的参数包含图片视觉描述（如 imageSrc / leftSrc / rightSrc 等等），请只描述纯视觉场景与动作，绝不要包含任何文字、标语或注音。


## 其他通用说明
1. 锚点（Anchor）— 克制与高价值（适用于 SCHEMA 或上文允许出现锚点/高亮时）：
   - 多数句子应**无锚点**；拿不准就留空或 `[]`，避免满屏高亮。
   - 如果一定需要锚点，只选**整段里真正的高潮、反转或核心名词**（宜 2～4 字、有记忆点）；平庸词、铺垫句不要做成锚点。
   - 颜色建议：`#EF4444`（警示/反转/负面/结论）、`#000000`（事实/术语/数据）。动画 `anim`：`spring` | `slideUp` | `popIn` | `highlight`。
   - 音效可选(仅写在锚点对象上的 `audioEffect`)：`impact_thud` | `ping` | `woosh`

2. 视觉标题与字幕分离（仅当 SCHEMA 要求 `notText` / `butText` / `conceptName`、或 DOS_AND_DONTS 的 `left.label` / `right.label` 等时）：

   - 填**极简关键词（约 2～6 字）**，禁止把整句台词搬进标题字段。



## 输出格式（严格 JSON，不要 markdown 代码块）
补全当前模板的param,非数组：
{ "param": { ... } }

===========================================================================================
---------------------------------------- RESPONSE ----------------------------------------
time: 2026-06-12 21:45:09
attempt: 1/3

[OUTPUT]
{
  "param": {
    "quoteSource": "网络传言",
    "quoteDisplayText": "小米的出现率高到离谱。",
    "showFrom": 2
  }
}
-------------------------------------------------------------------------------------------

======================================== REQUEST ========================================
time: 2026-06-12 21:45:09
provider: deepseek
model: deepseek-v4-pro
retries: 3

[PROMPT]
你是短视频字幕与画面细节处理专家。请把指定台词细化为字模显示参数。


## 完整段落上下文（仅供理解整体语境，判断当前句子的重要性）
我们先说最敏感的。
起火。

从2025年到2026年初，
公开报道的燃烧事故，
大约是6到8起。

按当时保有量估算，
碰撞后燃烧比例，
大约是0.00117%。

而新能源整体起火率，
约为0.0018%。

燃油车约为0.015%。

看到了吗，
你以为新能源比燃油车更容易烧起来，但其实新能源比燃油车着火事故少一半
你以为小米比其他电动车更容易烧起来，但其实小米相比整个行业着火事故更低。

你刷到很多，
不等于概率很高。

更关键的是，
公开通报里的多数火情，
不是静置自燃。

而是严重碰撞后起火。
外部火源引燃。
或者其他复杂诱因。

目前也没有一例说明，小米存在系统性自燃。

再说事故率。

很多人一看到事故视频，
就下意识得出结论：绿化带战神。
这是一个极具偏见色彩的标签。

事故率没有具体可查的数据，网上有很多人张嘴就来：小米的出现率高到离谱。
但事实是，目前全行业并没有任何一家权威机构，包括中保信和各大保险公司公布过小米汽车的具体出险率数据。这对保险公司来说是商业机密。
网传的“出险率高到离谱”或“是同价位车型数倍”等说法，已被官方联合保险公司证实为谣言。


## 🎯 待处理的目标文案
但事实是，目前全行业并没有任何一家权威机构，包括中保信和各大保险公司公布过小米汽车的具体出险率数据。这对保险公司来说是商业机密。

## 目标文案content的数组结构
生成模板参数时，format为content_index的字段依据此数组选择匹配的索引，用于决定相应内容出现在动画中的时机

[
  {
    "index": 0,
    "text": "但事实是，"
  },
  {
    "index": 1,
    "text": "目前全行业并没有任何一家权威机构，"
  },
  {
    "index": 2,
    "text": "包括中保信和各大保险公司公布过小米汽车的具体出险率数据。"
  },
  {
    "index": 3,
    "text": "这对保险公司来说是商业机密。"
  }
]


## 选定模板及参数规范

模板名称：CENTER_FOCUS

参数 Schema 说明：

{
  "type": "object",
  "properties": {
    "imageSrc": {
      "type": "string",
      "format": "image_prompt",
      "description": "主图描述"
    },
    "enterEffect": {
      "type": "string",
      "enum": [
        "fadeIn",
        "slideLeft",
        "slideBottom",
        "zoomIn"
      ],
      "default": "fadeIn",
      "description": "图片入场方式（breathe 呼吸效果始终常驻，无需指定）"
    },
    "anchors": {
      "type": "array",
      "description": "可选；用于锚点词展示（顶部依次出现并保留为列表），并绑定锚点出现时机的音效。showFrom 须落在当前 content 条数范围内。注意 **保持克制，尽量少设置锚点** 只提取整段里真正的高潮、反转或核心名词",
      "items": {
        "type": "object",
        "required": [
          "text",
          "showFrom"
        ],
        "properties": {
          "text": {
            "type": "string",
            "description": "要展示的锚点词"
          },
          "showFrom": {
            "type": "integer",
            "format": "content_index",
            "description": "content 数组下标（0-based），非帧数；合法范围 0～(content 条数-1)，超出会被校验丢弃"
          },
          "color": {
            "type": "string"
          },
          "anim": {
            "type": "string",
            "enum": [
              "spring",
              "slideUp",
              "popIn",
              "highlight"
            ]
          },
          "audioEffect": {
            "type": "string",
            "enum": [
              "impact_thud",
              "ping",
              "woosh"
            ]
          }
        }
      }
    }
  },
  "required": [
    "imageSrc"
  ]
}


模板该项的示例供参考：

{
  "template": "CENTER_FOCUS",
  "param": {
    "imageSrc": "上班族坐在电脑前的简笔画图标",
    "enterEffect": "fadeIn",
    "anchors": [
      {
        "text": "可得性启发",
        "showFrom": 0,
        "color": "red"
      }
    ]
  }
}


注意：如果该模板生成的参数包含图片视觉描述（如 imageSrc / leftSrc / rightSrc 等等），请只描述纯视觉场景与动作，绝不要包含任何文字、标语或注音。


## 其他通用说明
1. 锚点（Anchor）— 克制与高价值（适用于 SCHEMA 或上文允许出现锚点/高亮时）：
   - 多数句子应**无锚点**；拿不准就留空或 `[]`，避免满屏高亮。
   - 如果一定需要锚点，只选**整段里真正的高潮、反转或核心名词**（宜 2～4 字、有记忆点）；平庸词、铺垫句不要做成锚点。
   - 颜色建议：`#EF4444`（警示/反转/负面/结论）、`#000000`（事实/术语/数据）。动画 `anim`：`spring` | `slideUp` | `popIn` | `highlight`。
   - 音效可选(仅写在锚点对象上的 `audioEffect`)：`impact_thud` | `ping` | `woosh`

2. 视觉标题与字幕分离（仅当 SCHEMA 要求 `notText` / `butText` / `conceptName`、或 DOS_AND_DONTS 的 `left.label` / `right.label` 等时）：

   - 填**极简关键词（约 2～6 字）**，禁止把整句台词搬进标题字段。



## 输出格式（严格 JSON，不要 markdown 代码块）
补全当前模板的param,非数组：
{ "param": { ... } }

===========================================================================================
---------------------------------------- RESPONSE ----------------------------------------
time: 2026-06-12 21:45:17
attempt: 1/3

[OUTPUT]
{
  "param": {
    "imageSrc": "一个半开的金属公文包，内部散发着微光，上面覆盖着数字锁的幻影，背景模糊的会议室光线",
    "enterEffect": "fadeIn",
    "anchors": [
      {
        "text": "商业机密",
        "showFrom": 3,
        "color": "#EF4444",
        "anim": "popIn",
        "audioEffect": "ping"
      }
    ]
  }
}
-------------------------------------------------------------------------------------------

======================================== REQUEST ========================================
time: 2026-06-12 21:45:17
provider: deepseek
model: deepseek-v4-pro
retries: 3

[PROMPT]
你是短视频字幕与画面细节处理专家。请把指定台词细化为字模显示参数。


## 完整段落上下文（仅供理解整体语境，判断当前句子的重要性）
我们先说最敏感的。
起火。

从2025年到2026年初，
公开报道的燃烧事故，
大约是6到8起。

按当时保有量估算，
碰撞后燃烧比例，
大约是0.00117%。

而新能源整体起火率，
约为0.0018%。

燃油车约为0.015%。

看到了吗，
你以为新能源比燃油车更容易烧起来，但其实新能源比燃油车着火事故少一半
你以为小米比其他电动车更容易烧起来，但其实小米相比整个行业着火事故更低。

你刷到很多，
不等于概率很高。

更关键的是，
公开通报里的多数火情，
不是静置自燃。

而是严重碰撞后起火。
外部火源引燃。
或者其他复杂诱因。

目前也没有一例说明，小米存在系统性自燃。

再说事故率。

很多人一看到事故视频，
就下意识得出结论：绿化带战神。
这是一个极具偏见色彩的标签。

事故率没有具体可查的数据，网上有很多人张嘴就来：小米的出现率高到离谱。
但事实是，目前全行业并没有任何一家权威机构，包括中保信和各大保险公司公布过小米汽车的具体出险率数据。这对保险公司来说是商业机密。
网传的“出险率高到离谱”或“是同价位车型数倍”等说法，已被官方联合保险公司证实为谣言。


## 🎯 待处理的目标文案
网传的“出险率高到离谱”或“是同价位车型数倍”等说法，已被官方联合保险公司证实为谣言。

## 目标文案content的数组结构
生成模板参数时，format为content_index的字段依据此数组选择匹配的索引，用于决定相应内容出现在动画中的时机

[
  {
    "index": 0,
    "text": "网传的“出险率高到离谱”或“是同价位车型数倍”等说法，"
  },
  {
    "index": 1,
    "text": "已被官方联合保险公司证实为谣言。"
  }
]


## 选定模板及参数规范

模板名称：QUOTE_CITATION

参数 Schema 说明：

{
  "type": "object",
  "properties": {
    "quoteSource": {
      "type": "string",
      "description": "引言来源"
    },
    "quoteDisplayText": {
      "type": "string",
      "description": "版心引用正文（打字机效果）；不传则使用 content 拼接结果"
    },
    "showFrom": {
      "type": "integer",
      "description": "content 下标（0-based）。仅打字正文从该条 startFrame 起再入场；开引号与 quoteSource 仍从 item 起点出现。未传 quoteDisplayText 时正文从该条起拼接"
    }
  },
  "required": [
    "quoteSource"
  ]
}


模板该项的示例供参考：

{
  "template": "QUOTE_CITATION",
  "param": {
    "quoteDisplayText": "我思故我在",
    "quoteSource": "《思考，快与慢》"
  }
}


注意：如果该模板生成的参数包含图片视觉描述（如 imageSrc / leftSrc / rightSrc 等等），请只描述纯视觉场景与动作，绝不要包含任何文字、标语或注音。


## 其他通用说明
1. 锚点（Anchor）— 克制与高价值（适用于 SCHEMA 或上文允许出现锚点/高亮时）：
   - 多数句子应**无锚点**；拿不准就留空或 `[]`，避免满屏高亮。
   - 如果一定需要锚点，只选**整段里真正的高潮、反转或核心名词**（宜 2～4 字、有记忆点）；平庸词、铺垫句不要做成锚点。
   - 颜色建议：`#EF4444`（警示/反转/负面/结论）、`#000000`（事实/术语/数据）。动画 `anim`：`spring` | `slideUp` | `popIn` | `highlight`。
   - 音效可选(仅写在锚点对象上的 `audioEffect`)：`impact_thud` | `ping` | `woosh`

2. 视觉标题与字幕分离（仅当 SCHEMA 要求 `notText` / `butText` / `conceptName`、或 DOS_AND_DONTS 的 `left.label` / `right.label` 等时）：

   - 填**极简关键词（约 2～6 字）**，禁止把整句台词搬进标题字段。



## 输出格式（严格 JSON，不要 markdown 代码块）
补全当前模板的param,非数组：
{ "param": { ... } }

===========================================================================================
---------------------------------------- RESPONSE ----------------------------------------
time: 2026-06-12 21:45:36
attempt: 1/3

[OUTPUT]
{ "param": { "quoteSource": "官方联合保险公司" } }
-------------------------------------------------------------------------------------------

======================================== REQUEST ========================================
time: 2026-06-12 21:45:36
provider: deepseek
model: deepseek-v4-pro
retries: 3

[PROMPT]
你是短视频字幕与画面细节处理专家。请把指定台词细化为字模显示参数。


## 完整段落上下文（仅供理解整体语境，判断当前句子的重要性）
但是也不能否认，小米SU7有几个特点。

第一，车主年轻。
第二，性能强。
第三，交付初期新手多。

这几个因素叠在一起，确实是相对更容易出现事故的情况。
但这不是小米车本身的问题，车只是工具，它如何被使用是工具无法决定的。

J.D. Power，著名的第三方消费者洞察机构。
在它的2025年研究报告中，小米SU7拿到过，大型纯电动细分市场，新车质量排名最高。
这也侧面印证了小米车的质量并不存在问题。


## 🎯 待处理的目标文案
但是也不能否认，小米SU7有几个特点。

## 目标文案content的数组结构
生成模板参数时，format为content_index的字段依据此数组选择匹配的索引，用于决定相应内容出现在动画中的时机

[
  {
    "index": 0,
    "text": "但是也不能否认，"
  },
  {
    "index": 1,
    "text": "小米SU7有几个特点。"
  }
]


## 选定模板及参数规范

模板名称：COGNITIVE_SHIFT

参数 Schema 说明：

{
  "type": "object",
  "properties": {
    "notText": {
      "type": "string",
      "description": "被否认知（‘不是’后面的内容）的精炼短句，不超过12个字，"
    },
    "butText": {
      "type": "string",
      "description": "真实认知（‘而是’后面的内容）的精炼短句，不超过12个字"
    },
    "butSrc": {
      "type": "string",
      "format": "image_prompt",
      "description": "真实认知的配图"
    },
    "notContentIndex": {
      "type": "integer",
      "format": "content_index",
      "description": "触发「不是」动画的字幕段索引（默认 0）"
    },
    "butContentIndex": {
      "type": "integer",
      "format": "content_index",
      "description": "触发「而是」动画的字幕段索引（默认 1）"
    }
  },
  "required": [
    "notText",
    "butText"
  ]
}


模板该项的示例供参考：

{
  "template": "COGNITIVE_SHIFT",
  "content": [
    "我们都不应该靠勤奋拼命",
    "我们都应该是靠认知和选择",
    "这样我才能成功"
  ],
  "param": {
    "notText": "靠勤奋拼命",
    "butText": "靠认知和选择",
    "butSrc": "站在高处看地图的思考者",
    "notContentIndex": 0,
    "butContentIndex": 1
  }
}


注意：如果该模板生成的参数包含图片视觉描述（如 imageSrc / leftSrc / rightSrc 等等），请只描述纯视觉场景与动作，绝不要包含任何文字、标语或注音。


## 其他通用说明
1. 锚点（Anchor）— 克制与高价值（适用于 SCHEMA 或上文允许出现锚点/高亮时）：
   - 多数句子应**无锚点**；拿不准就留空或 `[]`，避免满屏高亮。
   - 如果一定需要锚点，只选**整段里真正的高潮、反转或核心名词**（宜 2～4 字、有记忆点）；平庸词、铺垫句不要做成锚点。
   - 颜色建议：`#EF4444`（警示/反转/负面/结论）、`#000000`（事实/术语/数据）。动画 `anim`：`spring` | `slideUp` | `popIn` | `highlight`。
   - 音效可选(仅写在锚点对象上的 `audioEffect`)：`impact_thud` | `ping` | `woosh`

2. 视觉标题与字幕分离（仅当 SCHEMA 要求 `notText` / `butText` / `conceptName`、或 DOS_AND_DONTS 的 `left.label` / `right.label` 等时）：

   - 填**极简关键词（约 2～6 字）**，禁止把整句台词搬进标题字段。



## 输出格式（严格 JSON，不要 markdown 代码块）
补全当前模板的param,非数组：
{ "param": { ... } }

===========================================================================================
---------------------------------------- RESPONSE ----------------------------------------
time: 2026-06-12 21:45:53
attempt: 1/3

[OUTPUT]
{"param": {"notText": "否认优点", "butText": "有几个特点", "butSrc": "小米SU7在阳光下的侧面特写，展现流线型车身、矩阵式大灯和隐藏式门把手，凸显设计亮点", "notContentIndex": 0, "butContentIndex": 1}}
-------------------------------------------------------------------------------------------

======================================== REQUEST ========================================
time: 2026-06-12 21:45:53
provider: deepseek
model: deepseek-v4-pro
retries: 3

[PROMPT]
你是短视频字幕与画面细节处理专家。请把指定台词细化为字模显示参数。


## 完整段落上下文（仅供理解整体语境，判断当前句子的重要性）
但是也不能否认，小米SU7有几个特点。

第一，车主年轻。
第二，性能强。
第三，交付初期新手多。

这几个因素叠在一起，确实是相对更容易出现事故的情况。
但这不是小米车本身的问题，车只是工具，它如何被使用是工具无法决定的。

J.D. Power，著名的第三方消费者洞察机构。
在它的2025年研究报告中，小米SU7拿到过，大型纯电动细分市场，新车质量排名最高。
这也侧面印证了小米车的质量并不存在问题。


## 🎯 待处理的目标文案
第一，车主年轻。第二，性能强。第三，交付初期新手多。

## 目标文案content的数组结构
生成模板参数时，format为content_index的字段依据此数组选择匹配的索引，用于决定相应内容出现在动画中的时机

[
  {
    "index": 0,
    "text": "第一，"
  },
  {
    "index": 1,
    "text": "车主年轻。"
  },
  {
    "index": 2,
    "text": "第二，"
  },
  {
    "index": 3,
    "text": "性能强。"
  },
  {
    "index": 4,
    "text": "第三，"
  },
  {
    "index": 5,
    "text": "交付初期新手多。"
  }
]


## 选定模板及参数规范

模板名称：PANEL_GRID

参数 Schema 说明：

{
  "type": "object",
  "properties": {
    "panels": {
      "type": "array",
      "minItems": 2,
      "maxItems": 6,
      "description": "宫格配图；showFrom 为 content 下标（0-based），在该条 startFrame 显现",
      "items": {
        "type": "object",
        "required": [
          "src",
          "showFrom"
        ],
        "properties": {
          "src": {
            "type": "string",
            "format": "image_prompt",
            "description": "该宫格配图提示词"
          },
          "showFrom": {
            "type": "integer",
            "format": "content_index",
            "description": "content 下标（0-based），非帧数"
          },
          "position": {
            "type": "string",
            "enum": [
              "center",
              "left",
              "right",
              "top",
              "bottom"
            ],
            "description": "可选；弱提示，布局以宫格为准"
          },
          "enterEffect": {
            "type": "string",
            "enum": [
              "breathe",
              "slideLeft",
              "slideBottom",
              "zoomIn",
              "fadeIn"
            ],
            "default": "fadeIn"
          }
        }
      }
    }
  },
  "required": [
    "panels"
  ]
}

// 口播条数（已由程序写入 CONTENT_STR，勿在 param 中输出 content）：口播分句（item.content）至少 2 条；口播分句至多 8 条（超出会被校验器告警）


模板该项的示例供参考：

{
  "template": "PANEL_GRID",
  "param": {
    "panels": [
      {
        "src": "问号堵住去路的简笔画",
        "showFrom": 0,
        "enterEffect": "zoomIn"
      },
      {
        "src": "放大镜只看一角的简笔画",
        "showFrom": 1
      },
      {
        "src": "两人各执一词的简笔画",
        "showFrom": 2
      }
    ]
  }
}


注意：如果该模板生成的参数包含图片视觉描述（如 imageSrc / leftSrc / rightSrc 等等），请只描述纯视觉场景与动作，绝不要包含任何文字、标语或注音。


## 其他通用说明
1. 锚点（Anchor）— 克制与高价值（适用于 SCHEMA 或上文允许出现锚点/高亮时）：
   - 多数句子应**无锚点**；拿不准就留空或 `[]`，避免满屏高亮。
   - 如果一定需要锚点，只选**整段里真正的高潮、反转或核心名词**（宜 2～4 字、有记忆点）；平庸词、铺垫句不要做成锚点。
   - 颜色建议：`#EF4444`（警示/反转/负面/结论）、`#000000`（事实/术语/数据）。动画 `anim`：`spring` | `slideUp` | `popIn` | `highlight`。
   - 音效可选(仅写在锚点对象上的 `audioEffect`)：`impact_thud` | `ping` | `woosh`

2. 视觉标题与字幕分离（仅当 SCHEMA 要求 `notText` / `butText` / `conceptName`、或 DOS_AND_DONTS 的 `left.label` / `right.label` 等时）：

   - 填**极简关键词（约 2～6 字）**，禁止把整句台词搬进标题字段。



## 输出格式（严格 JSON，不要 markdown 代码块）
补全当前模板的param,非数组：
{ "param": { ... } }

===========================================================================================
---------------------------------------- RESPONSE ----------------------------------------
time: 2026-06-12 21:46:02
attempt: 1/3

[OUTPUT]
{
  "param": {
    "panels": [
      {
        "src": "年轻车主形象，时尚活力，手握方向盘，简洁风格插图",
        "showFrom": 0,
        "enterEffect": "zoomIn"
      },
      {
        "src": "高性能跑车疾驰的动感剪影，速度线条，简洁风格插图",
        "showFrom": 2
      },
      {
        "src": "新手司机标志，实习贴纸，车流中谨慎驾驶，简洁风格插图",
        "showFrom": 4
      }
    ]
  }
}
-------------------------------------------------------------------------------------------

======================================== REQUEST ========================================
time: 2026-06-12 21:46:02
provider: deepseek
model: deepseek-v4-pro
retries: 3

[PROMPT]
你是短视频字幕与画面细节处理专家。请把指定台词细化为字模显示参数。


## 完整段落上下文（仅供理解整体语境，判断当前句子的重要性）
但是也不能否认，小米SU7有几个特点。

第一，车主年轻。
第二，性能强。
第三，交付初期新手多。

这几个因素叠在一起，确实是相对更容易出现事故的情况。
但这不是小米车本身的问题，车只是工具，它如何被使用是工具无法决定的。

J.D. Power，著名的第三方消费者洞察机构。
在它的2025年研究报告中，小米SU7拿到过，大型纯电动细分市场，新车质量排名最高。
这也侧面印证了小米车的质量并不存在问题。


## 🎯 待处理的目标文案
这几个因素叠在一起，确实是相对更容易出现事故的情况。

## 目标文案content的数组结构
生成模板参数时，format为content_index的字段依据此数组选择匹配的索引，用于决定相应内容出现在动画中的时机

[
  {
    "index": 0,
    "text": "这几个因素叠在一起，"
  },
  {
    "index": 1,
    "text": "确实是相对更容易出现事故的情况。"
  }
]


## 选定模板及参数规范

模板名称：CENTER_FOCUS

参数 Schema 说明：

{
  "type": "object",
  "properties": {
    "imageSrc": {
      "type": "string",
      "format": "image_prompt",
      "description": "主图描述"
    },
    "enterEffect": {
      "type": "string",
      "enum": [
        "fadeIn",
        "slideLeft",
        "slideBottom",
        "zoomIn"
      ],
      "default": "fadeIn",
      "description": "图片入场方式（breathe 呼吸效果始终常驻，无需指定）"
    },
    "anchors": {
      "type": "array",
      "description": "可选；用于锚点词展示（顶部依次出现并保留为列表），并绑定锚点出现时机的音效。showFrom 须落在当前 content 条数范围内。注意 **保持克制，尽量少设置锚点** 只提取整段里真正的高潮、反转或核心名词",
      "items": {
        "type": "object",
        "required": [
          "text",
          "showFrom"
        ],
        "properties": {
          "text": {
            "type": "string",
            "description": "要展示的锚点词"
          },
          "showFrom": {
            "type": "integer",
            "format": "content_index",
            "description": "content 数组下标（0-based），非帧数；合法范围 0～(content 条数-1)，超出会被校验丢弃"
          },
          "color": {
            "type": "string"
          },
          "anim": {
            "type": "string",
            "enum": [
              "spring",
              "slideUp",
              "popIn",
              "highlight"
            ]
          },
          "audioEffect": {
            "type": "string",
            "enum": [
              "impact_thud",
              "ping",
              "woosh"
            ]
          }
        }
      }
    }
  },
  "required": [
    "imageSrc"
  ]
}


模板该项的示例供参考：

{
  "template": "CENTER_FOCUS",
  "param": {
    "imageSrc": "上班族坐在电脑前的简笔画图标",
    "enterEffect": "fadeIn",
    "anchors": [
      {
        "text": "可得性启发",
        "showFrom": 0,
        "color": "red"
      }
    ]
  }
}


注意：如果该模板生成的参数包含图片视觉描述（如 imageSrc / leftSrc / rightSrc 等等），请只描述纯视觉场景与动作，绝不要包含任何文字、标语或注音。


## 其他通用说明
1. 锚点（Anchor）— 克制与高价值（适用于 SCHEMA 或上文允许出现锚点/高亮时）：
   - 多数句子应**无锚点**；拿不准就留空或 `[]`，避免满屏高亮。
   - 如果一定需要锚点，只选**整段里真正的高潮、反转或核心名词**（宜 2～4 字、有记忆点）；平庸词、铺垫句不要做成锚点。
   - 颜色建议：`#EF4444`（警示/反转/负面/结论）、`#000000`（事实/术语/数据）。动画 `anim`：`spring` | `slideUp` | `popIn` | `highlight`。
   - 音效可选(仅写在锚点对象上的 `audioEffect`)：`impact_thud` | `ping` | `woosh`

2. 视觉标题与字幕分离（仅当 SCHEMA 要求 `notText` / `butText` / `conceptName`、或 DOS_AND_DONTS 的 `left.label` / `right.label` 等时）：

   - 填**极简关键词（约 2～6 字）**，禁止把整句台词搬进标题字段。



## 输出格式（严格 JSON，不要 markdown 代码块）
补全当前模板的param,非数组：
{ "param": { ... } }

===========================================================================================
---------------------------------------- RESPONSE ----------------------------------------
time: 2026-06-12 21:46:09
attempt: 1/3

[OUTPUT]
{
  "param": {
    "imageSrc": "城市道路上，一辆疾驰的汽车周围悬浮着闪电、帽子（年轻）和问号（新手）的抽象符号，多个符号相互叠加，营造出风险叠加的氛围",
    "enterEffect": "fadeIn",
    "anchors": []
  }
}
-------------------------------------------------------------------------------------------

======================================== REQUEST ========================================
time: 2026-06-12 21:46:09
provider: deepseek
model: deepseek-v4-pro
retries: 3

[PROMPT]
你是短视频字幕与画面细节处理专家。请把指定台词细化为字模显示参数。


## 完整段落上下文（仅供理解整体语境，判断当前句子的重要性）
但是也不能否认，小米SU7有几个特点。

第一，车主年轻。
第二，性能强。
第三，交付初期新手多。

这几个因素叠在一起，确实是相对更容易出现事故的情况。
但这不是小米车本身的问题，车只是工具，它如何被使用是工具无法决定的。

J.D. Power，著名的第三方消费者洞察机构。
在它的2025年研究报告中，小米SU7拿到过，大型纯电动细分市场，新车质量排名最高。
这也侧面印证了小米车的质量并不存在问题。


## 🎯 待处理的目标文案
但这不是小米车本身的问题，车只是工具，它如何被使用是工具无法决定的。

## 目标文案content的数组结构
生成模板参数时，format为content_index的字段依据此数组选择匹配的索引，用于决定相应内容出现在动画中的时机

[
  {
    "index": 0,
    "text": "但这不是小米车本身的问题，"
  },
  {
    "index": 1,
    "text": "车只是工具，"
  },
  {
    "index": 2,
    "text": "它如何被使用是工具无法决定的。"
  }
]


## 选定模板及参数规范

模板名称：COGNITIVE_SHIFT

参数 Schema 说明：

{
  "type": "object",
  "properties": {
    "notText": {
      "type": "string",
      "description": "被否认知（‘不是’后面的内容）的精炼短句，不超过12个字，"
    },
    "butText": {
      "type": "string",
      "description": "真实认知（‘而是’后面的内容）的精炼短句，不超过12个字"
    },
    "butSrc": {
      "type": "string",
      "format": "image_prompt",
      "description": "真实认知的配图"
    },
    "notContentIndex": {
      "type": "integer",
      "format": "content_index",
      "description": "触发「不是」动画的字幕段索引（默认 0）"
    },
    "butContentIndex": {
      "type": "integer",
      "format": "content_index",
      "description": "触发「而是」动画的字幕段索引（默认 1）"
    }
  },
  "required": [
    "notText",
    "butText"
  ]
}


模板该项的示例供参考：

{
  "template": "COGNITIVE_SHIFT",
  "content": [
    "我们都不应该靠勤奋拼命",
    "我们都应该是靠认知和选择",
    "这样我才能成功"
  ],
  "param": {
    "notText": "靠勤奋拼命",
    "butText": "靠认知和选择",
    "butSrc": "站在高处看地图的思考者",
    "notContentIndex": 0,
    "butContentIndex": 1
  }
}


注意：如果该模板生成的参数包含图片视觉描述（如 imageSrc / leftSrc / rightSrc 等等），请只描述纯视觉场景与动作，绝不要包含任何文字、标语或注音。


## 其他通用说明
1. 锚点（Anchor）— 克制与高价值（适用于 SCHEMA 或上文允许出现锚点/高亮时）：
   - 多数句子应**无锚点**；拿不准就留空或 `[]`，避免满屏高亮。
   - 如果一定需要锚点，只选**整段里真正的高潮、反转或核心名词**（宜 2～4 字、有记忆点）；平庸词、铺垫句不要做成锚点。
   - 颜色建议：`#EF4444`（警示/反转/负面/结论）、`#000000`（事实/术语/数据）。动画 `anim`：`spring` | `slideUp` | `popIn` | `highlight`。
   - 音效可选(仅写在锚点对象上的 `audioEffect`)：`impact_thud` | `ping` | `woosh`

2. 视觉标题与字幕分离（仅当 SCHEMA 要求 `notText` / `butText` / `conceptName`、或 DOS_AND_DONTS 的 `left.label` / `right.label` 等时）：

   - 填**极简关键词（约 2～6 字）**，禁止把整句台词搬进标题字段。



## 输出格式（严格 JSON，不要 markdown 代码块）
补全当前模板的param,非数组：
{ "param": { ... } }

===========================================================================================
---------------------------------------- RESPONSE ----------------------------------------
time: 2026-06-12 21:46:22
attempt: 1/3

[OUTPUT]
{
  "param": {
    "notText": "车本身的问题",
    "butText": "只是工具",
    "butSrc": "一辆银色轿车停在纯色背景前，车身线条简洁，强调其作为交通工具的功能性，景深突出车体",
    "notContentIndex": 0,
    "butContentIndex": 1
  }
}
-------------------------------------------------------------------------------------------

======================================== REQUEST ========================================
time: 2026-06-12 21:46:22
provider: deepseek
model: deepseek-v4-pro
retries: 3

[PROMPT]
你是短视频字幕与画面细节处理专家。请把指定台词细化为字模显示参数。


## 完整段落上下文（仅供理解整体语境，判断当前句子的重要性）
但是也不能否认，小米SU7有几个特点。

第一，车主年轻。
第二，性能强。
第三，交付初期新手多。

这几个因素叠在一起，确实是相对更容易出现事故的情况。
但这不是小米车本身的问题，车只是工具，它如何被使用是工具无法决定的。

J.D. Power，著名的第三方消费者洞察机构。
在它的2025年研究报告中，小米SU7拿到过，大型纯电动细分市场，新车质量排名最高。
这也侧面印证了小米车的质量并不存在问题。


## 🎯 待处理的目标文案
J.D. Power，著名的第三方消费者洞察机构。在它的2025年研究报告中，小米SU7拿到过，大型纯电动细分市场，新车质量排名最高。这也侧面印证了小米车的质量并不存在问题。

## 目标文案content的数组结构
生成模板参数时，format为content_index的字段依据此数组选择匹配的索引，用于决定相应内容出现在动画中的时机

[
  {
    "index": 0,
    "text": "J.D. Power，"
  },
  {
    "index": 1,
    "text": "著名的第三方消费者洞察机构。"
  },
  {
    "index": 2,
    "text": "在它的2025年研究报告中，"
  },
  {
    "index": 3,
    "text": "小米SU7拿到过，"
  },
  {
    "index": 4,
    "text": "大型纯电动细分市场，"
  },
  {
    "index": 5,
    "text": "新车质量排名最高。"
  },
  {
    "index": 6,
    "text": "这也侧面印证了小米车的质量并不存在问题。"
  }
]


## 选定模板及参数规范

模板名称：QUOTE_CITATION

参数 Schema 说明：

{
  "type": "object",
  "properties": {
    "quoteSource": {
      "type": "string",
      "description": "引言来源"
    },
    "quoteDisplayText": {
      "type": "string",
      "description": "版心引用正文（打字机效果）；不传则使用 content 拼接结果"
    },
    "showFrom": {
      "type": "integer",
      "description": "content 下标（0-based）。仅打字正文从该条 startFrame 起再入场；开引号与 quoteSource 仍从 item 起点出现。未传 quoteDisplayText 时正文从该条起拼接"
    }
  },
  "required": [
    "quoteSource"
  ]
}


模板该项的示例供参考：

{
  "template": "QUOTE_CITATION",
  "param": {
    "quoteDisplayText": "我思故我在",
    "quoteSource": "《思考，快与慢》"
  }
}


注意：如果该模板生成的参数包含图片视觉描述（如 imageSrc / leftSrc / rightSrc 等等），请只描述纯视觉场景与动作，绝不要包含任何文字、标语或注音。


## 其他通用说明
1. 锚点（Anchor）— 克制与高价值（适用于 SCHEMA 或上文允许出现锚点/高亮时）：
   - 多数句子应**无锚点**；拿不准就留空或 `[]`，避免满屏高亮。
   - 如果一定需要锚点，只选**整段里真正的高潮、反转或核心名词**（宜 2～4 字、有记忆点）；平庸词、铺垫句不要做成锚点。
   - 颜色建议：`#EF4444`（警示/反转/负面/结论）、`#000000`（事实/术语/数据）。动画 `anim`：`spring` | `slideUp` | `popIn` | `highlight`。
   - 音效可选(仅写在锚点对象上的 `audioEffect`)：`impact_thud` | `ping` | `woosh`

2. 视觉标题与字幕分离（仅当 SCHEMA 要求 `notText` / `butText` / `conceptName`、或 DOS_AND_DONTS 的 `left.label` / `right.label` 等时）：

   - 填**极简关键词（约 2～6 字）**，禁止把整句台词搬进标题字段。



## 输出格式（严格 JSON，不要 markdown 代码块）
补全当前模板的param,非数组：
{ "param": { ... } }

===========================================================================================
---------------------------------------- RESPONSE ----------------------------------------
time: 2026-06-12 21:46:36
attempt: 1/3

[OUTPUT]
{
  "param": {
    "quoteSource": "J.D. Power 2025年研究报告",
    "quoteDisplayText": "小米SU7拿到过，大型纯电动细分市场，新车质量排名最高。",
    "showFrom": 3
  }
}
-------------------------------------------------------------------------------------------

======================================== REQUEST ========================================
time: 2026-06-12 21:46:36
provider: deepseek
model: deepseek-v4-pro
retries: 3

[PROMPT]
你是短视频字幕与画面细节处理专家。请把指定台词细化为字模显示参数。


## 完整段落上下文（仅供理解整体语境，判断当前句子的重要性）



那为什么很多人还是觉得，
小米问题特别多？

第一，品牌太响。
名字越响，
负面越容易传播。
小米这个词代表的就是流量。

第二，算法会追着恐惧跑。
当你刷到小米汽车事故的视频，
你多停留两秒，
算法就会觉得你对这种视频感兴趣，
它就多喂你十条。

第三，重复会制造真实感。
同一起事故，
不同角度剪三遍。

你以为是三起事故。
其实可能是一件事。

第四，某些下作的攻击者也会借题发挥。
把事故、人为操作、旧视频，
混在同一个标签里。

最后留给你的，
就只剩一个印象：

小米怎么天天出事？


我们的大脑，
天生相信重复。

一件事出现十次，
我们就觉得它常见。

一件事刷屏三天，
我们就觉得它严重。

但互联网的重复，
不是现实的重复。

它是流量的重复。
是情绪的重复。
是算法的重复。


## 🎯 待处理的目标文案
那为什么很多人还是觉得，小米问题特别多？

## 目标文案content的数组结构
生成模板参数时，format为content_index的字段依据此数组选择匹配的索引，用于决定相应内容出现在动画中的时机

[
  {
    "index": 0,
    "text": "那为什么很多人还是觉得，"
  },
  {
    "index": 1,
    "text": "小米问题特别多？"
  }
]


## 选定模板及参数规范

模板名称：CENTER_FOCUS

参数 Schema 说明：

{
  "type": "object",
  "properties": {
    "imageSrc": {
      "type": "string",
      "format": "image_prompt",
      "description": "主图描述"
    },
    "enterEffect": {
      "type": "string",
      "enum": [
        "fadeIn",
        "slideLeft",
        "slideBottom",
        "zoomIn"
      ],
      "default": "fadeIn",
      "description": "图片入场方式（breathe 呼吸效果始终常驻，无需指定）"
    },
    "anchors": {
      "type": "array",
      "description": "可选；用于锚点词展示（顶部依次出现并保留为列表），并绑定锚点出现时机的音效。showFrom 须落在当前 content 条数范围内。注意 **保持克制，尽量少设置锚点** 只提取整段里真正的高潮、反转或核心名词",
      "items": {
        "type": "object",
        "required": [
          "text",
          "showFrom"
        ],
        "properties": {
          "text": {
            "type": "string",
            "description": "要展示的锚点词"
          },
          "showFrom": {
            "type": "integer",
            "format": "content_index",
            "description": "content 数组下标（0-based），非帧数；合法范围 0～(content 条数-1)，超出会被校验丢弃"
          },
          "color": {
            "type": "string"
          },
          "anim": {
            "type": "string",
            "enum": [
              "spring",
              "slideUp",
              "popIn",
              "highlight"
            ]
          },
          "audioEffect": {
            "type": "string",
            "enum": [
              "impact_thud",
              "ping",
              "woosh"
            ]
          }
        }
      }
    }
  },
  "required": [
    "imageSrc"
  ]
}


模板该项的示例供参考：

{
  "template": "CENTER_FOCUS",
  "param": {
    "imageSrc": "上班族坐在电脑前的简笔画图标",
    "enterEffect": "fadeIn",
    "anchors": [
      {
        "text": "可得性启发",
        "showFrom": 0,
        "color": "red"
      }
    ]
  }
}


注意：如果该模板生成的参数包含图片视觉描述（如 imageSrc / leftSrc / rightSrc 等等），请只描述纯视觉场景与动作，绝不要包含任何文字、标语或注音。


## 其他通用说明
1. 锚点（Anchor）— 克制与高价值（适用于 SCHEMA 或上文允许出现锚点/高亮时）：
   - 多数句子应**无锚点**；拿不准就留空或 `[]`，避免满屏高亮。
   - 如果一定需要锚点，只选**整段里真正的高潮、反转或核心名词**（宜 2～4 字、有记忆点）；平庸词、铺垫句不要做成锚点。
   - 颜色建议：`#EF4444`（警示/反转/负面/结论）、`#000000`（事实/术语/数据）。动画 `anim`：`spring` | `slideUp` | `popIn` | `highlight`。
   - 音效可选(仅写在锚点对象上的 `audioEffect`)：`impact_thud` | `ping` | `woosh`

2. 视觉标题与字幕分离（仅当 SCHEMA 要求 `notText` / `butText` / `conceptName`、或 DOS_AND_DONTS 的 `left.label` / `right.label` 等时）：

   - 填**极简关键词（约 2～6 字）**，禁止把整句台词搬进标题字段。



## 输出格式（严格 JSON，不要 markdown 代码块）
补全当前模板的param,非数组：
{ "param": { ... } }

===========================================================================================
---------------------------------------- RESPONSE ----------------------------------------
time: 2026-06-12 21:46:47
attempt: 1/3

[OUTPUT]
{"param":{"imageSrc":"一群模糊的人物剪影，头顶漂浮着问号，背景有智能手机和电动汽车的轮廓，氛围充满疑虑","enterEffect":"fadeIn","anchors":[]}}
-------------------------------------------------------------------------------------------

======================================== REQUEST ========================================
time: 2026-06-12 21:46:47
provider: deepseek
model: deepseek-v4-pro
retries: 3

[PROMPT]
你是短视频字幕与画面细节处理专家。请把指定台词细化为字模显示参数。


## 完整段落上下文（仅供理解整体语境，判断当前句子的重要性）



那为什么很多人还是觉得，
小米问题特别多？

第一，品牌太响。
名字越响，
负面越容易传播。
小米这个词代表的就是流量。

第二，算法会追着恐惧跑。
当你刷到小米汽车事故的视频，
你多停留两秒，
算法就会觉得你对这种视频感兴趣，
它就多喂你十条。

第三，重复会制造真实感。
同一起事故，
不同角度剪三遍。

你以为是三起事故。
其实可能是一件事。

第四，某些下作的攻击者也会借题发挥。
把事故、人为操作、旧视频，
混在同一个标签里。

最后留给你的，
就只剩一个印象：

小米怎么天天出事？


我们的大脑，
天生相信重复。

一件事出现十次，
我们就觉得它常见。

一件事刷屏三天，
我们就觉得它严重。

但互联网的重复，
不是现实的重复。

它是流量的重复。
是情绪的重复。
是算法的重复。


## 🎯 待处理的目标文案
第一，品牌太响。名字越响，负面越容易传播。小米这个词代表的就是流量。

## 目标文案content的数组结构
生成模板参数时，format为content_index的字段依据此数组选择匹配的索引，用于决定相应内容出现在动画中的时机

[
  {
    "index": 0,
    "text": "第一，"
  },
  {
    "index": 1,
    "text": "品牌太响。"
  },
  {
    "index": 2,
    "text": "名字越响，"
  },
  {
    "index": 3,
    "text": "负面越容易传播。"
  },
  {
    "index": 4,
    "text": "小米这个词代表的就是流量。"
  }
]


## 选定模板及参数规范

模板名称：METHOD_STACK

参数 Schema 说明：

{
  "type": "object",
  "properties": {
    "title": {
      "type": "string",
      "description": "该 item 的方法名/提醒标题/观点标题，建议 4~12 个字"
    },
    "imageSrc": {
      "type": "string",
      "format": "image_prompt",
      "description": "单张主图描述，用于承接这个方法或观点"
    },
    "notes": {
      "type": "array",
      "description": "可选；解释短语数组。每项含 text 与 showFrom；showFrom 为 content 下标（0-based，非帧数），须在 0～(content 条数-1) 内",
      "items": {
        "type": "object",
        "required": [
          "text",
          "showFrom"
        ],
        "properties": {
          "text": {
            "type": "string",
            "description": "解释短语"
          },
          "showFrom": {
            "type": "integer",
            "format": "content_index",
            "description": "content 数组下标（0-based），非帧数；合法范围 0～(content 条数-1)，超出会被校验丢弃"
          }
        }
      }
    }
  },
  "required": [
    "title",
    "imageSrc"
  ]
}

// 口播条数（已由程序写入 CONTENT_STR，勿在 param 中输出 content）：口播分句（item.content）至少 2 条；口播分句至多 5 条（超出会被校验器告警）


模板该项的示例供参考：

{
  "template": "METHOD_STACK",
  "param": {
    "title": "警惕情绪画面",
    "imageSrc": "被耸动新闻画面包围、神情紧张的人物简笔画",
    "notes": [
      {
        "text": "先识别这是情绪刺激",
        "showFrom": 1
      },
      {
        "text": "再追问它是否只是离奇个案",
        "showFrom": 3
      }
    ]
  }
}


注意：如果该模板生成的参数包含图片视觉描述（如 imageSrc / leftSrc / rightSrc 等等），请只描述纯视觉场景与动作，绝不要包含任何文字、标语或注音。


## 其他通用说明
1. 锚点（Anchor）— 克制与高价值（适用于 SCHEMA 或上文允许出现锚点/高亮时）：
   - 多数句子应**无锚点**；拿不准就留空或 `[]`，避免满屏高亮。
   - 如果一定需要锚点，只选**整段里真正的高潮、反转或核心名词**（宜 2～4 字、有记忆点）；平庸词、铺垫句不要做成锚点。
   - 颜色建议：`#EF4444`（警示/反转/负面/结论）、`#000000`（事实/术语/数据）。动画 `anim`：`spring` | `slideUp` | `popIn` | `highlight`。
   - 音效可选(仅写在锚点对象上的 `audioEffect`)：`impact_thud` | `ping` | `woosh`

2. 视觉标题与字幕分离（仅当 SCHEMA 要求 `notText` / `butText` / `conceptName`、或 DOS_AND_DONTS 的 `left.label` / `right.label` 等时）：

   - 填**极简关键词（约 2～6 字）**，禁止把整句台词搬进标题字段。



## 输出格式（严格 JSON，不要 markdown 代码块）
补全当前模板的param,非数组：
{ "param": { ... } }

===========================================================================================
---------------------------------------- RESPONSE ----------------------------------------
time: 2026-06-12 21:46:58
attempt: 1/3

[OUTPUT]
{ "param": { "title": "品牌响亮放大负面", "imageSrc": "一个巨大的品牌标志如扩音器，传出负面消息的声波，周围人群聚集", "notes": [ { "text": "名声响亮是把双刃剑", "showFrom": 2 }, { "text": "自带话题属性，易成焦点", "showFrom": 4 } ] } }
-------------------------------------------------------------------------------------------

======================================== REQUEST ========================================
time: 2026-06-12 21:46:58
provider: deepseek
model: deepseek-v4-pro
retries: 3

[PROMPT]
你是短视频字幕与画面细节处理专家。请把指定台词细化为字模显示参数。


## 完整段落上下文（仅供理解整体语境，判断当前句子的重要性）



那为什么很多人还是觉得，
小米问题特别多？

第一，品牌太响。
名字越响，
负面越容易传播。
小米这个词代表的就是流量。

第二，算法会追着恐惧跑。
当你刷到小米汽车事故的视频，
你多停留两秒，
算法就会觉得你对这种视频感兴趣，
它就多喂你十条。

第三，重复会制造真实感。
同一起事故，
不同角度剪三遍。

你以为是三起事故。
其实可能是一件事。

第四，某些下作的攻击者也会借题发挥。
把事故、人为操作、旧视频，
混在同一个标签里。

最后留给你的，
就只剩一个印象：

小米怎么天天出事？


我们的大脑，
天生相信重复。

一件事出现十次，
我们就觉得它常见。

一件事刷屏三天，
我们就觉得它严重。

但互联网的重复，
不是现实的重复。

它是流量的重复。
是情绪的重复。
是算法的重复。


## 🎯 待处理的目标文案
第二，算法会追着恐惧跑。当你刷到小米汽车事故的视频，你多停留两秒，算法就会觉得你对这种视频感兴趣，它就多喂你十条。

## 目标文案content的数组结构
生成模板参数时，format为content_index的字段依据此数组选择匹配的索引，用于决定相应内容出现在动画中的时机

[
  {
    "index": 0,
    "text": "第二，"
  },
  {
    "index": 1,
    "text": "算法会追着恐惧跑。"
  },
  {
    "index": 2,
    "text": "当你刷到小米汽车事故的视频，"
  },
  {
    "index": 3,
    "text": "你多停留两秒，"
  },
  {
    "index": 4,
    "text": "算法就会觉得你对这种视频感兴趣，"
  },
  {
    "index": 5,
    "text": "它就多喂你十条。"
  }
]


## 选定模板及参数规范

模板名称：METHOD_STACK

参数 Schema 说明：

{
  "type": "object",
  "properties": {
    "title": {
      "type": "string",
      "description": "该 item 的方法名/提醒标题/观点标题，建议 4~12 个字"
    },
    "imageSrc": {
      "type": "string",
      "format": "image_prompt",
      "description": "单张主图描述，用于承接这个方法或观点"
    },
    "notes": {
      "type": "array",
      "description": "可选；解释短语数组。每项含 text 与 showFrom；showFrom 为 content 下标（0-based，非帧数），须在 0～(content 条数-1) 内",
      "items": {
        "type": "object",
        "required": [
          "text",
          "showFrom"
        ],
        "properties": {
          "text": {
            "type": "string",
            "description": "解释短语"
          },
          "showFrom": {
            "type": "integer",
            "format": "content_index",
            "description": "content 数组下标（0-based），非帧数；合法范围 0～(content 条数-1)，超出会被校验丢弃"
          }
        }
      }
    }
  },
  "required": [
    "title",
    "imageSrc"
  ]
}

// 口播条数（已由程序写入 CONTENT_STR，勿在 param 中输出 content）：口播分句（item.content）至少 2 条；口播分句至多 5 条（超出会被校验器告警）


模板该项的示例供参考：

{
  "template": "METHOD_STACK",
  "param": {
    "title": "警惕情绪画面",
    "imageSrc": "被耸动新闻画面包围、神情紧张的人物简笔画",
    "notes": [
      {
        "text": "先识别这是情绪刺激",
        "showFrom": 1
      },
      {
        "text": "再追问它是否只是离奇个案",
        "showFrom": 3
      }
    ]
  }
}


注意：如果该模板生成的参数包含图片视觉描述（如 imageSrc / leftSrc / rightSrc 等等），请只描述纯视觉场景与动作，绝不要包含任何文字、标语或注音。


## 其他通用说明
1. 锚点（Anchor）— 克制与高价值（适用于 SCHEMA 或上文允许出现锚点/高亮时）：
   - 多数句子应**无锚点**；拿不准就留空或 `[]`，避免满屏高亮。
   - 如果一定需要锚点，只选**整段里真正的高潮、反转或核心名词**（宜 2～4 字、有记忆点）；平庸词、铺垫句不要做成锚点。
   - 颜色建议：`#EF4444`（警示/反转/负面/结论）、`#000000`（事实/术语/数据）。动画 `anim`：`spring` | `slideUp` | `popIn` | `highlight`。
   - 音效可选(仅写在锚点对象上的 `audioEffect`)：`impact_thud` | `ping` | `woosh`

2. 视觉标题与字幕分离（仅当 SCHEMA 要求 `notText` / `butText` / `conceptName`、或 DOS_AND_DONTS 的 `left.label` / `right.label` 等时）：

   - 填**极简关键词（约 2～6 字）**，禁止把整句台词搬进标题字段。



## 输出格式（严格 JSON，不要 markdown 代码块）
补全当前模板的param,非数组：
{ "param": { ... } }

===========================================================================================
---------------------------------------- RESPONSE ----------------------------------------
time: 2026-06-12 21:47:10
attempt: 1/3

[OUTPUT]
{
  "param": {
    "title": "算法追着恐惧跑",
    "imageSrc": "黑暗抽象空间中，一只由流动代码和数据碎片构成的野兽正在追逐一个散发微光的恐惧符号；下方悬浮的手机屏幕上反复弹出小米汽车事故的视频缩略图，每次停留都让推送量加倍增殖",
    "notes": [
      {
        "text": "停留就是喂养算法",
        "showFrom": 3
      },
      {
        "text": "越多推荐越强化恐惧回路",
        "showFrom": 5
      }
    ]
  }
}
-------------------------------------------------------------------------------------------

======================================== REQUEST ========================================
time: 2026-06-12 21:47:10
provider: deepseek
model: deepseek-v4-pro
retries: 3

[PROMPT]
你是短视频字幕与画面细节处理专家。请把指定台词细化为字模显示参数。


## 完整段落上下文（仅供理解整体语境，判断当前句子的重要性）



那为什么很多人还是觉得，
小米问题特别多？

第一，品牌太响。
名字越响，
负面越容易传播。
小米这个词代表的就是流量。

第二，算法会追着恐惧跑。
当你刷到小米汽车事故的视频，
你多停留两秒，
算法就会觉得你对这种视频感兴趣，
它就多喂你十条。

第三，重复会制造真实感。
同一起事故，
不同角度剪三遍。

你以为是三起事故。
其实可能是一件事。

第四，某些下作的攻击者也会借题发挥。
把事故、人为操作、旧视频，
混在同一个标签里。

最后留给你的，
就只剩一个印象：

小米怎么天天出事？


我们的大脑，
天生相信重复。

一件事出现十次，
我们就觉得它常见。

一件事刷屏三天，
我们就觉得它严重。

但互联网的重复，
不是现实的重复。

它是流量的重复。
是情绪的重复。
是算法的重复。


## 🎯 待处理的目标文案
第三，重复会制造真实感。同一起事故，不同角度剪三遍。你以为是三起事故。其实可能是一件事。

## 目标文案content的数组结构
生成模板参数时，format为content_index的字段依据此数组选择匹配的索引，用于决定相应内容出现在动画中的时机

[
  {
    "index": 0,
    "text": "第三，"
  },
  {
    "index": 1,
    "text": "重复会制造真实感。"
  },
  {
    "index": 2,
    "text": "同一起事故，"
  },
  {
    "index": 3,
    "text": "不同角度剪三遍。"
  },
  {
    "index": 4,
    "text": "你以为是三起事故。"
  },
  {
    "index": 5,
    "text": "其实可能是一件事。"
  }
]


## 选定模板及参数规范

模板名称：METHOD_STACK

参数 Schema 说明：

{
  "type": "object",
  "properties": {
    "title": {
      "type": "string",
      "description": "该 item 的方法名/提醒标题/观点标题，建议 4~12 个字"
    },
    "imageSrc": {
      "type": "string",
      "format": "image_prompt",
      "description": "单张主图描述，用于承接这个方法或观点"
    },
    "notes": {
      "type": "array",
      "description": "可选；解释短语数组。每项含 text 与 showFrom；showFrom 为 content 下标（0-based，非帧数），须在 0～(content 条数-1) 内",
      "items": {
        "type": "object",
        "required": [
          "text",
          "showFrom"
        ],
        "properties": {
          "text": {
            "type": "string",
            "description": "解释短语"
          },
          "showFrom": {
            "type": "integer",
            "format": "content_index",
            "description": "content 数组下标（0-based），非帧数；合法范围 0～(content 条数-1)，超出会被校验丢弃"
          }
        }
      }
    }
  },
  "required": [
    "title",
    "imageSrc"
  ]
}

// 口播条数（已由程序写入 CONTENT_STR，勿在 param 中输出 content）：口播分句（item.content）至少 2 条；口播分句至多 5 条（超出会被校验器告警）


模板该项的示例供参考：

{
  "template": "METHOD_STACK",
  "param": {
    "title": "警惕情绪画面",
    "imageSrc": "被耸动新闻画面包围、神情紧张的人物简笔画",
    "notes": [
      {
        "text": "先识别这是情绪刺激",
        "showFrom": 1
      },
      {
        "text": "再追问它是否只是离奇个案",
        "showFrom": 3
      }
    ]
  }
}


注意：如果该模板生成的参数包含图片视觉描述（如 imageSrc / leftSrc / rightSrc 等等），请只描述纯视觉场景与动作，绝不要包含任何文字、标语或注音。


## 其他通用说明
1. 锚点（Anchor）— 克制与高价值（适用于 SCHEMA 或上文允许出现锚点/高亮时）：
   - 多数句子应**无锚点**；拿不准就留空或 `[]`，避免满屏高亮。
   - 如果一定需要锚点，只选**整段里真正的高潮、反转或核心名词**（宜 2～4 字、有记忆点）；平庸词、铺垫句不要做成锚点。
   - 颜色建议：`#EF4444`（警示/反转/负面/结论）、`#000000`（事实/术语/数据）。动画 `anim`：`spring` | `slideUp` | `popIn` | `highlight`。
   - 音效可选(仅写在锚点对象上的 `audioEffect`)：`impact_thud` | `ping` | `woosh`

2. 视觉标题与字幕分离（仅当 SCHEMA 要求 `notText` / `butText` / `conceptName`、或 DOS_AND_DONTS 的 `left.label` / `right.label` 等时）：

   - 填**极简关键词（约 2～6 字）**，禁止把整句台词搬进标题字段。



## 输出格式（严格 JSON，不要 markdown 代码块）
补全当前模板的param,非数组：
{ "param": { ... } }

===========================================================================================
---------------------------------------- RESPONSE ----------------------------------------
time: 2026-06-12 21:47:22
attempt: 1/3

[OUTPUT]
{
  "param": {
    "title": "重复制造真实感",
    "imageSrc": "一个事故监控画面被复制成三个窗口，每个窗口角度略有不同，循环播放，像一张视觉欺骗的网",
    "notes": [
      {
        "text": "同一事故被切分成不同视角",
        "showFrom": 2
      },
      {
        "text": "你误以为发生了多次",
        "showFrom": 4
      }
    ]
  }
}
-------------------------------------------------------------------------------------------

======================================== REQUEST ========================================
time: 2026-06-12 21:47:22
provider: deepseek
model: deepseek-v4-pro
retries: 3

[PROMPT]
你是短视频字幕与画面细节处理专家。请把指定台词细化为字模显示参数。


## 完整段落上下文（仅供理解整体语境，判断当前句子的重要性）



那为什么很多人还是觉得，
小米问题特别多？

第一，品牌太响。
名字越响，
负面越容易传播。
小米这个词代表的就是流量。

第二，算法会追着恐惧跑。
当你刷到小米汽车事故的视频，
你多停留两秒，
算法就会觉得你对这种视频感兴趣，
它就多喂你十条。

第三，重复会制造真实感。
同一起事故，
不同角度剪三遍。

你以为是三起事故。
其实可能是一件事。

第四，某些下作的攻击者也会借题发挥。
把事故、人为操作、旧视频，
混在同一个标签里。

最后留给你的，
就只剩一个印象：

小米怎么天天出事？


我们的大脑，
天生相信重复。

一件事出现十次，
我们就觉得它常见。

一件事刷屏三天，
我们就觉得它严重。

但互联网的重复，
不是现实的重复。

它是流量的重复。
是情绪的重复。
是算法的重复。


## 🎯 待处理的目标文案
第四，某些下作的攻击者也会借题发挥。把事故、人为操作、旧视频，混在同一个标签里。最后留给你的，就只剩一个印象：小米怎么天天出事？

## 目标文案content的数组结构
生成模板参数时，format为content_index的字段依据此数组选择匹配的索引，用于决定相应内容出现在动画中的时机

[
  {
    "index": 0,
    "text": "第四，"
  },
  {
    "index": 1,
    "text": "某些下作的攻击者也会借题发挥。"
  },
  {
    "index": 2,
    "text": "把事故、"
  },
  {
    "index": 3,
    "text": "人为操作、"
  },
  {
    "index": 4,
    "text": "旧视频，"
  },
  {
    "index": 5,
    "text": "混在同一个标签里。"
  },
  {
    "index": 6,
    "text": "最后留给你的，"
  },
  {
    "index": 7,
    "text": "就只剩一个印象："
  },
  {
    "index": 8,
    "text": "小米怎么天天出事？"
  }
]


## 选定模板及参数规范

模板名称：METHOD_STACK

参数 Schema 说明：

{
  "type": "object",
  "properties": {
    "title": {
      "type": "string",
      "description": "该 item 的方法名/提醒标题/观点标题，建议 4~12 个字"
    },
    "imageSrc": {
      "type": "string",
      "format": "image_prompt",
      "description": "单张主图描述，用于承接这个方法或观点"
    },
    "notes": {
      "type": "array",
      "description": "可选；解释短语数组。每项含 text 与 showFrom；showFrom 为 content 下标（0-based，非帧数），须在 0～(content 条数-1) 内",
      "items": {
        "type": "object",
        "required": [
          "text",
          "showFrom"
        ],
        "properties": {
          "text": {
            "type": "string",
            "description": "解释短语"
          },
          "showFrom": {
            "type": "integer",
            "format": "content_index",
            "description": "content 数组下标（0-based），非帧数；合法范围 0～(content 条数-1)，超出会被校验丢弃"
          }
        }
      }
    }
  },
  "required": [
    "title",
    "imageSrc"
  ]
}

// 口播条数（已由程序写入 CONTENT_STR，勿在 param 中输出 content）：口播分句（item.content）至少 2 条；口播分句至多 5 条（超出会被校验器告警）


模板该项的示例供参考：

{
  "template": "METHOD_STACK",
  "param": {
    "title": "警惕情绪画面",
    "imageSrc": "被耸动新闻画面包围、神情紧张的人物简笔画",
    "notes": [
      {
        "text": "先识别这是情绪刺激",
        "showFrom": 1
      },
      {
        "text": "再追问它是否只是离奇个案",
        "showFrom": 3
      }
    ]
  }
}


注意：如果该模板生成的参数包含图片视觉描述（如 imageSrc / leftSrc / rightSrc 等等），请只描述纯视觉场景与动作，绝不要包含任何文字、标语或注音。


## 其他通用说明
1. 锚点（Anchor）— 克制与高价值（适用于 SCHEMA 或上文允许出现锚点/高亮时）：
   - 多数句子应**无锚点**；拿不准就留空或 `[]`，避免满屏高亮。
   - 如果一定需要锚点，只选**整段里真正的高潮、反转或核心名词**（宜 2～4 字、有记忆点）；平庸词、铺垫句不要做成锚点。
   - 颜色建议：`#EF4444`（警示/反转/负面/结论）、`#000000`（事实/术语/数据）。动画 `anim`：`spring` | `slideUp` | `popIn` | `highlight`。
   - 音效可选(仅写在锚点对象上的 `audioEffect`)：`impact_thud` | `ping` | `woosh`

2. 视觉标题与字幕分离（仅当 SCHEMA 要求 `notText` / `butText` / `conceptName`、或 DOS_AND_DONTS 的 `left.label` / `right.label` 等时）：

   - 填**极简关键词（约 2～6 字）**，禁止把整句台词搬进标题字段。



## 输出格式（严格 JSON，不要 markdown 代码块）
补全当前模板的param,非数组：
{ "param": { ... } }

===========================================================================================
---------------------------------------- RESPONSE ----------------------------------------
time: 2026-06-12 21:47:32
attempt: 1/3

[OUTPUT]
{
  "param": {
    "title": "借题发挥的陷阱",
    "imageSrc": "阴暗角落里，一双手把写着不同事件的多张便签揉成一团，扔进一个标着「小米」的透明罐子里，罐内便签早已堆满",
    "notes": [
      {
        "text": "恶意炒作攻击者",
        "showFrom": 1
      },
      {
        "text": "混淆事故与人为",
        "showFrom": 5
      },
      {
        "text": "重复暗示制造偏见",
        "showFrom": 8
      }
    ]
  }
}
-------------------------------------------------------------------------------------------

======================================== REQUEST ========================================
time: 2026-06-12 21:47:32
provider: deepseek
model: deepseek-v4-pro
retries: 3

[PROMPT]
你是短视频字幕与画面细节处理专家。请把指定台词细化为字模显示参数。


## 完整段落上下文（仅供理解整体语境，判断当前句子的重要性）



那为什么很多人还是觉得，
小米问题特别多？

第一，品牌太响。
名字越响，
负面越容易传播。
小米这个词代表的就是流量。

第二，算法会追着恐惧跑。
当你刷到小米汽车事故的视频，
你多停留两秒，
算法就会觉得你对这种视频感兴趣，
它就多喂你十条。

第三，重复会制造真实感。
同一起事故，
不同角度剪三遍。

你以为是三起事故。
其实可能是一件事。

第四，某些下作的攻击者也会借题发挥。
把事故、人为操作、旧视频，
混在同一个标签里。

最后留给你的，
就只剩一个印象：

小米怎么天天出事？


我们的大脑，
天生相信重复。

一件事出现十次，
我们就觉得它常见。

一件事刷屏三天，
我们就觉得它严重。

但互联网的重复，
不是现实的重复。

它是流量的重复。
是情绪的重复。
是算法的重复。


## 🎯 待处理的目标文案
我们的大脑，天生相信重复。一件事出现十次，我们就觉得它常见。一件事刷屏三天，我们就觉得它严重。

## 目标文案content的数组结构
生成模板参数时，format为content_index的字段依据此数组选择匹配的索引，用于决定相应内容出现在动画中的时机

[
  {
    "index": 0,
    "text": "我们的大脑，"
  },
  {
    "index": 1,
    "text": "天生相信重复。"
  },
  {
    "index": 2,
    "text": "一件事出现十次，"
  },
  {
    "index": 3,
    "text": "我们就觉得它常见。"
  },
  {
    "index": 4,
    "text": "一件事刷屏三天，"
  },
  {
    "index": 5,
    "text": "我们就觉得它严重。"
  }
]


## 选定模板及参数规范

模板名称：BEAT_SEQUENCE

参数 Schema 说明：

{
  "type": "object",
  "properties": {
    "stages": {
      "type": "array",
      "minItems": 2,
      "maxItems": 4,
      "description": "配图序列：每条 stage 一张图；imageSrc、enterEffect、可选 tone（calm|alert）、可选 showFrom（对齐镜头外层 content[] 下标）",
      "items": {
        "type": "object",
        "required": [
          "imageSrc"
        ],
        "properties": {
          "imageSrc": {
            "type": "string",
            "format": "image_prompt",
            "description": "该节拍配图提示词"
          },
          "enterEffect": {
            "type": "string",
            "enum": [
              "breathe",
              "slideLeft",
              "slideBottom",
              "zoomIn",
              "fadeIn"
            ],
            "default": "breathe",
            "description": "入场效果"
          },
          "tone": {
            "type": "string",
            "enum": [
              "calm",
              "alert"
            ],
            "description": "首条可 calm，其余默认可 alert"
          },
          "showFrom": {
            "type": "content_index",
            "minimum": 0,
            "description": "镜头 item 外层 content 数组（与 param 同级）的 0-based 下标；从该条 startFrame 起显示本图。省略则等于当前 stages 下标 i（与第 i 条口播同步）"
          }
        }
      }
    }
  },
  "required": [
    "stages"
  ]
}

// 口播条数（已由程序写入 CONTENT_STR，勿在 param 中输出 content）：口播分句（item.content）至少 2 条；口播分句至多 4 条（超出会被校验器告警）


模板该项的示例供参考：

{
  "template": "BEAT_SEQUENCE",
  "param": {
    "stages": [
      {
        "imageSrc": "问句配图简笔画",
        "enterEffect": "breathe"
      },
      {
        "imageSrc": "转折警示配图",
        "enterEffect": "slideBottom"
      },
      {
        "imageSrc": "结论冲击配图",
        "enterEffect": "slideBottom"
      }
    ]
  }
}


注意：如果该模板生成的参数包含图片视觉描述（如 imageSrc / leftSrc / rightSrc 等等），请只描述纯视觉场景与动作，绝不要包含任何文字、标语或注音。


## 其他通用说明
1. 锚点（Anchor）— 克制与高价值（适用于 SCHEMA 或上文允许出现锚点/高亮时）：
   - 多数句子应**无锚点**；拿不准就留空或 `[]`，避免满屏高亮。
   - 如果一定需要锚点，只选**整段里真正的高潮、反转或核心名词**（宜 2～4 字、有记忆点）；平庸词、铺垫句不要做成锚点。
   - 颜色建议：`#EF4444`（警示/反转/负面/结论）、`#000000`（事实/术语/数据）。动画 `anim`：`spring` | `slideUp` | `popIn` | `highlight`。
   - 音效可选(仅写在锚点对象上的 `audioEffect`)：`impact_thud` | `ping` | `woosh`

2. 视觉标题与字幕分离（仅当 SCHEMA 要求 `notText` / `butText` / `conceptName`、或 DOS_AND_DONTS 的 `left.label` / `right.label` 等时）：

   - 填**极简关键词（约 2～6 字）**，禁止把整句台词搬进标题字段。



## 输出格式（严格 JSON，不要 markdown 代码块）
补全当前模板的param,非数组：
{ "param": { ... } }

===========================================================================================
---------------------------------------- RESPONSE ----------------------------------------
time: 2026-06-12 21:47:49
attempt: 1/3

[OUTPUT]
{"param":{"stages":[{"imageSrc":"脑部轮廓被重复的涟漪环绕","enterEffect":"breathe","tone":"calm"},{"imageSrc":"十个相同的警示图标整齐排列","enterEffect":"slideBottom","tone":"alert","showFrom":2},{"imageSrc":"破碎的屏幕显示红色警告波纹","enterEffect":"slideBottom","tone":"alert","showFrom":4}]}}
-------------------------------------------------------------------------------------------

======================================== REQUEST ========================================
time: 2026-06-12 21:47:49
provider: deepseek
model: deepseek-v4-pro
retries: 3

[PROMPT]
你是短视频字幕与画面细节处理专家。请把指定台词细化为字模显示参数。


## 完整段落上下文（仅供理解整体语境，判断当前句子的重要性）



那为什么很多人还是觉得，
小米问题特别多？

第一，品牌太响。
名字越响，
负面越容易传播。
小米这个词代表的就是流量。

第二，算法会追着恐惧跑。
当你刷到小米汽车事故的视频，
你多停留两秒，
算法就会觉得你对这种视频感兴趣，
它就多喂你十条。

第三，重复会制造真实感。
同一起事故，
不同角度剪三遍。

你以为是三起事故。
其实可能是一件事。

第四，某些下作的攻击者也会借题发挥。
把事故、人为操作、旧视频，
混在同一个标签里。

最后留给你的，
就只剩一个印象：

小米怎么天天出事？


我们的大脑，
天生相信重复。

一件事出现十次，
我们就觉得它常见。

一件事刷屏三天，
我们就觉得它严重。

但互联网的重复，
不是现实的重复。

它是流量的重复。
是情绪的重复。
是算法的重复。


## 🎯 待处理的目标文案
但互联网的重复，不是现实的重复。它是流量的重复。是情绪的重复。是算法的重复。

## 目标文案content的数组结构
生成模板参数时，format为content_index的字段依据此数组选择匹配的索引，用于决定相应内容出现在动画中的时机

[
  {
    "index": 0,
    "text": "但互联网的重复，"
  },
  {
    "index": 1,
    "text": "不是现实的重复。"
  },
  {
    "index": 2,
    "text": "它是流量的重复。"
  },
  {
    "index": 3,
    "text": "是情绪的重复。"
  },
  {
    "index": 4,
    "text": "是算法的重复。"
  }
]


## 选定模板及参数规范

模板名称：COGNITIVE_SHIFT

参数 Schema 说明：

{
  "type": "object",
  "properties": {
    "notText": {
      "type": "string",
      "description": "被否认知（‘不是’后面的内容）的精炼短句，不超过12个字，"
    },
    "butText": {
      "type": "string",
      "description": "真实认知（‘而是’后面的内容）的精炼短句，不超过12个字"
    },
    "butSrc": {
      "type": "string",
      "format": "image_prompt",
      "description": "真实认知的配图"
    },
    "notContentIndex": {
      "type": "integer",
      "format": "content_index",
      "description": "触发「不是」动画的字幕段索引（默认 0）"
    },
    "butContentIndex": {
      "type": "integer",
      "format": "content_index",
      "description": "触发「而是」动画的字幕段索引（默认 1）"
    }
  },
  "required": [
    "notText",
    "butText"
  ]
}


模板该项的示例供参考：

{
  "template": "COGNITIVE_SHIFT",
  "content": [
    "我们都不应该靠勤奋拼命",
    "我们都应该是靠认知和选择",
    "这样我才能成功"
  ],
  "param": {
    "notText": "靠勤奋拼命",
    "butText": "靠认知和选择",
    "butSrc": "站在高处看地图的思考者",
    "notContentIndex": 0,
    "butContentIndex": 1
  }
}


注意：如果该模板生成的参数包含图片视觉描述（如 imageSrc / leftSrc / rightSrc 等等），请只描述纯视觉场景与动作，绝不要包含任何文字、标语或注音。


## 其他通用说明
1. 锚点（Anchor）— 克制与高价值（适用于 SCHEMA 或上文允许出现锚点/高亮时）：
   - 多数句子应**无锚点**；拿不准就留空或 `[]`，避免满屏高亮。
   - 如果一定需要锚点，只选**整段里真正的高潮、反转或核心名词**（宜 2～4 字、有记忆点）；平庸词、铺垫句不要做成锚点。
   - 颜色建议：`#EF4444`（警示/反转/负面/结论）、`#000000`（事实/术语/数据）。动画 `anim`：`spring` | `slideUp` | `popIn` | `highlight`。
   - 音效可选(仅写在锚点对象上的 `audioEffect`)：`impact_thud` | `ping` | `woosh`

2. 视觉标题与字幕分离（仅当 SCHEMA 要求 `notText` / `butText` / `conceptName`、或 DOS_AND_DONTS 的 `left.label` / `right.label` 等时）：

   - 填**极简关键词（约 2～6 字）**，禁止把整句台词搬进标题字段。



## 输出格式（严格 JSON，不要 markdown 代码块）
补全当前模板的param,非数组：
{ "param": { ... } }

===========================================================================================
---------------------------------------- RESPONSE ----------------------------------------
time: 2026-06-12 21:48:01
attempt: 1/3

[OUTPUT]
{
  "param": {
    "notText": "现实的重复",
    "butText": "流量、情绪与算法的重复",
    "butSrc": "数字网络中的多彩数据流，表情气泡浮现，被算法光线编织成网",
    "notContentIndex": 1,
    "butContentIndex": 2
  }
}
-------------------------------------------------------------------------------------------

======================================== REQUEST ========================================
time: 2026-06-12 21:48:01
provider: deepseek
model: deepseek-v4-pro
retries: 3

[PROMPT]
你是短视频字幕与画面细节处理专家。请把指定台词细化为字模显示参数。


## 完整段落上下文（仅供理解整体语境，判断当前句子的重要性）


讲到这里，
有些人会急。

难道小米不能被质疑吗？

当然不是。

车企当然要被质疑。
安全当然要被追问。
每一起事故，
都该查清责任。

尤其是辅助驾驶。
尤其是车门结构。
尤其是碰撞后的逃生窗口。

这些不是小问题。
也不能被一句概率低，
轻轻带过。

但质疑也要有尺子。
愤怒也要有分母。

看事故，
要看原因。

看安全，
要看概率。

看质量，
要看数据。

否则，
你不是在寻找真相。

你只是在帮算法，
完成一次情绪投喂。


## 🎯 待处理的目标文案
讲到这里，有些人会急。难道小米不能被质疑吗？当然不是。

## 目标文案content的数组结构
生成模板参数时，format为content_index的字段依据此数组选择匹配的索引，用于决定相应内容出现在动画中的时机

[
  {
    "index": 0,
    "text": "讲到这里，"
  },
  {
    "index": 1,
    "text": "有些人会急。"
  },
  {
    "index": 2,
    "text": "难道小米不能被质疑吗？"
  },
  {
    "index": 3,
    "text": "当然不是。"
  }
]


## 选定模板及参数规范

模板名称：BEAT_SEQUENCE

参数 Schema 说明：

{
  "type": "object",
  "properties": {
    "stages": {
      "type": "array",
      "minItems": 2,
      "maxItems": 4,
      "description": "配图序列：每条 stage 一张图；imageSrc、enterEffect、可选 tone（calm|alert）、可选 showFrom（对齐镜头外层 content[] 下标）",
      "items": {
        "type": "object",
        "required": [
          "imageSrc"
        ],
        "properties": {
          "imageSrc": {
            "type": "string",
            "format": "image_prompt",
            "description": "该节拍配图提示词"
          },
          "enterEffect": {
            "type": "string",
            "enum": [
              "breathe",
              "slideLeft",
              "slideBottom",
              "zoomIn",
              "fadeIn"
            ],
            "default": "breathe",
            "description": "入场效果"
          },
          "tone": {
            "type": "string",
            "enum": [
              "calm",
              "alert"
            ],
            "description": "首条可 calm，其余默认可 alert"
          },
          "showFrom": {
            "type": "content_index",
            "minimum": 0,
            "description": "镜头 item 外层 content 数组（与 param 同级）的 0-based 下标；从该条 startFrame 起显示本图。省略则等于当前 stages 下标 i（与第 i 条口播同步）"
          }
        }
      }
    }
  },
  "required": [
    "stages"
  ]
}

// 口播条数（已由程序写入 CONTENT_STR，勿在 param 中输出 content）：口播分句（item.content）至少 2 条；口播分句至多 4 条（超出会被校验器告警）


模板该项的示例供参考：

{
  "template": "BEAT_SEQUENCE",
  "param": {
    "stages": [
      {
        "imageSrc": "问句配图简笔画",
        "enterEffect": "breathe"
      },
      {
        "imageSrc": "转折警示配图",
        "enterEffect": "slideBottom"
      },
      {
        "imageSrc": "结论冲击配图",
        "enterEffect": "slideBottom"
      }
    ]
  }
}


注意：如果该模板生成的参数包含图片视觉描述（如 imageSrc / leftSrc / rightSrc 等等），请只描述纯视觉场景与动作，绝不要包含任何文字、标语或注音。


## 其他通用说明
1. 锚点（Anchor）— 克制与高价值（适用于 SCHEMA 或上文允许出现锚点/高亮时）：
   - 多数句子应**无锚点**；拿不准就留空或 `[]`，避免满屏高亮。
   - 如果一定需要锚点，只选**整段里真正的高潮、反转或核心名词**（宜 2～4 字、有记忆点）；平庸词、铺垫句不要做成锚点。
   - 颜色建议：`#EF4444`（警示/反转/负面/结论）、`#000000`（事实/术语/数据）。动画 `anim`：`spring` | `slideUp` | `popIn` | `highlight`。
   - 音效可选(仅写在锚点对象上的 `audioEffect`)：`impact_thud` | `ping` | `woosh`

2. 视觉标题与字幕分离（仅当 SCHEMA 要求 `notText` / `butText` / `conceptName`、或 DOS_AND_DONTS 的 `left.label` / `right.label` 等时）：

   - 填**极简关键词（约 2～6 字）**，禁止把整句台词搬进标题字段。



## 输出格式（严格 JSON，不要 markdown 代码块）
补全当前模板的param,非数组：
{ "param": { ... } }

===========================================================================================
---------------------------------------- RESPONSE ----------------------------------------
time: 2026-06-12 21:48:26
attempt: 1/3

[OUTPUT]
{
  "param": {
    "stages": [
      {
        "imageSrc": "一位演讲者站在讲台前，台下一些观众开始交头接耳，表情急切",
        "enterEffect": "breathe",
        "tone": "calm"
      },
      {
        "imageSrc": "一个巨大的红色问号悬浮在演讲者头顶，演讲者面对质疑",
        "enterEffect": "slideBottom",
        "tone": "alert",
        "showFrom": 2
      },
      {
        "imageSrc": "演讲者坚定地摇头，背景出现一只红色的叉号",
        "enterEffect": "slideBottom",
        "tone": "alert",
        "showFrom": 3
      }
    ]
  }
}
-------------------------------------------------------------------------------------------

======================================== REQUEST ========================================
time: 2026-06-12 21:48:26
provider: deepseek
model: deepseek-v4-pro
retries: 3

[PROMPT]
你是短视频字幕与画面细节处理专家。请把指定台词细化为字模显示参数。


## 完整段落上下文（仅供理解整体语境，判断当前句子的重要性）


讲到这里，
有些人会急。

难道小米不能被质疑吗？

当然不是。

车企当然要被质疑。
安全当然要被追问。
每一起事故，
都该查清责任。

尤其是辅助驾驶。
尤其是车门结构。
尤其是碰撞后的逃生窗口。

这些不是小问题。
也不能被一句概率低，
轻轻带过。

但质疑也要有尺子。
愤怒也要有分母。

看事故，
要看原因。

看安全，
要看概率。

看质量，
要看数据。

否则，
你不是在寻找真相。

你只是在帮算法，
完成一次情绪投喂。


## 🎯 待处理的目标文案
车企当然要被质疑。安全当然要被追问。每一起事故，都该查清责任。

## 目标文案content的数组结构
生成模板参数时，format为content_index的字段依据此数组选择匹配的索引，用于决定相应内容出现在动画中的时机

[
  {
    "index": 0,
    "text": "车企当然要被质疑。"
  },
  {
    "index": 1,
    "text": "安全当然要被追问。"
  },
  {
    "index": 2,
    "text": "每一起事故，"
  },
  {
    "index": 3,
    "text": "都该查清责任。"
  }
]


## 选定模板及参数规范

模板名称：PANEL_GRID

参数 Schema 说明：

{
  "type": "object",
  "properties": {
    "panels": {
      "type": "array",
      "minItems": 2,
      "maxItems": 6,
      "description": "宫格配图；showFrom 为 content 下标（0-based），在该条 startFrame 显现",
      "items": {
        "type": "object",
        "required": [
          "src",
          "showFrom"
        ],
        "properties": {
          "src": {
            "type": "string",
            "format": "image_prompt",
            "description": "该宫格配图提示词"
          },
          "showFrom": {
            "type": "integer",
            "format": "content_index",
            "description": "content 下标（0-based），非帧数"
          },
          "position": {
            "type": "string",
            "enum": [
              "center",
              "left",
              "right",
              "top",
              "bottom"
            ],
            "description": "可选；弱提示，布局以宫格为准"
          },
          "enterEffect": {
            "type": "string",
            "enum": [
              "breathe",
              "slideLeft",
              "slideBottom",
              "zoomIn",
              "fadeIn"
            ],
            "default": "fadeIn"
          }
        }
      }
    }
  },
  "required": [
    "panels"
  ]
}

// 口播条数（已由程序写入 CONTENT_STR，勿在 param 中输出 content）：口播分句（item.content）至少 2 条；口播分句至多 8 条（超出会被校验器告警）


模板该项的示例供参考：

{
  "template": "PANEL_GRID",
  "param": {
    "panels": [
      {
        "src": "问号堵住去路的简笔画",
        "showFrom": 0,
        "enterEffect": "zoomIn"
      },
      {
        "src": "放大镜只看一角的简笔画",
        "showFrom": 1
      },
      {
        "src": "两人各执一词的简笔画",
        "showFrom": 2
      }
    ]
  }
}


注意：如果该模板生成的参数包含图片视觉描述（如 imageSrc / leftSrc / rightSrc 等等），请只描述纯视觉场景与动作，绝不要包含任何文字、标语或注音。


## 其他通用说明
1. 锚点（Anchor）— 克制与高价值（适用于 SCHEMA 或上文允许出现锚点/高亮时）：
   - 多数句子应**无锚点**；拿不准就留空或 `[]`，避免满屏高亮。
   - 如果一定需要锚点，只选**整段里真正的高潮、反转或核心名词**（宜 2～4 字、有记忆点）；平庸词、铺垫句不要做成锚点。
   - 颜色建议：`#EF4444`（警示/反转/负面/结论）、`#000000`（事实/术语/数据）。动画 `anim`：`spring` | `slideUp` | `popIn` | `highlight`。
   - 音效可选(仅写在锚点对象上的 `audioEffect`)：`impact_thud` | `ping` | `woosh`

2. 视觉标题与字幕分离（仅当 SCHEMA 要求 `notText` / `butText` / `conceptName`、或 DOS_AND_DONTS 的 `left.label` / `right.label` 等时）：

   - 填**极简关键词（约 2～6 字）**，禁止把整句台词搬进标题字段。



## 输出格式（严格 JSON，不要 markdown 代码块）
补全当前模板的param,非数组：
{ "param": { ... } }

===========================================================================================
---------------------------------------- RESPONSE ----------------------------------------
time: 2026-06-12 21:48:38
attempt: 1/3

[OUTPUT]
{
  "param": {
    "panels": [
      {
        "src": "一只巨大放大镜对准汽车轮廓的简约矢量图，背景是质询的红色问号",
        "showFrom": 0,
        "enterEffect": "zoomIn"
      },
      {
        "src": "一个人手持话筒对着安全气囊符号追问的简笔画",
        "showFrom": 1,
        "enterEffect": "slideBottom"
      },
      {
        "src": "事故现场冒烟轮胎与碎玻璃的暗色调插画",
        "showFrom": 2,
        "enterEffect": "fadeIn"
      },
      {
        "src": "一对天平一端是责任令牌一端是车辆，象征责任追查的简笔画",
        "showFrom": 3,
        "enterEffect": "slideLeft"
      }
    ]
  }
}
-------------------------------------------------------------------------------------------

======================================== REQUEST ========================================
time: 2026-06-12 21:48:38
provider: deepseek
model: deepseek-v4-pro
retries: 3

[PROMPT]
你是短视频字幕与画面细节处理专家。请把指定台词细化为字模显示参数。


## 完整段落上下文（仅供理解整体语境，判断当前句子的重要性）


讲到这里，
有些人会急。

难道小米不能被质疑吗？

当然不是。

车企当然要被质疑。
安全当然要被追问。
每一起事故，
都该查清责任。

尤其是辅助驾驶。
尤其是车门结构。
尤其是碰撞后的逃生窗口。

这些不是小问题。
也不能被一句概率低，
轻轻带过。

但质疑也要有尺子。
愤怒也要有分母。

看事故，
要看原因。

看安全，
要看概率。

看质量，
要看数据。

否则，
你不是在寻找真相。

你只是在帮算法，
完成一次情绪投喂。


## 🎯 待处理的目标文案
尤其是辅助驾驶。尤其是车门结构。尤其是碰撞后的逃生窗口。

## 目标文案content的数组结构
生成模板参数时，format为content_index的字段依据此数组选择匹配的索引，用于决定相应内容出现在动画中的时机

[
  {
    "index": 0,
    "text": "尤其是辅助驾驶。"
  },
  {
    "index": 1,
    "text": "尤其是车门结构。"
  },
  {
    "index": 2,
    "text": "尤其是碰撞后的逃生窗口。"
  }
]


## 选定模板及参数规范

模板名称：PANEL_GRID

参数 Schema 说明：

{
  "type": "object",
  "properties": {
    "panels": {
      "type": "array",
      "minItems": 2,
      "maxItems": 6,
      "description": "宫格配图；showFrom 为 content 下标（0-based），在该条 startFrame 显现",
      "items": {
        "type": "object",
        "required": [
          "src",
          "showFrom"
        ],
        "properties": {
          "src": {
            "type": "string",
            "format": "image_prompt",
            "description": "该宫格配图提示词"
          },
          "showFrom": {
            "type": "integer",
            "format": "content_index",
            "description": "content 下标（0-based），非帧数"
          },
          "position": {
            "type": "string",
            "enum": [
              "center",
              "left",
              "right",
              "top",
              "bottom"
            ],
            "description": "可选；弱提示，布局以宫格为准"
          },
          "enterEffect": {
            "type": "string",
            "enum": [
              "breathe",
              "slideLeft",
              "slideBottom",
              "zoomIn",
              "fadeIn"
            ],
            "default": "fadeIn"
          }
        }
      }
    }
  },
  "required": [
    "panels"
  ]
}

// 口播条数（已由程序写入 CONTENT_STR，勿在 param 中输出 content）：口播分句（item.content）至少 2 条；口播分句至多 8 条（超出会被校验器告警）


模板该项的示例供参考：

{
  "template": "PANEL_GRID",
  "param": {
    "panels": [
      {
        "src": "问号堵住去路的简笔画",
        "showFrom": 0,
        "enterEffect": "zoomIn"
      },
      {
        "src": "放大镜只看一角的简笔画",
        "showFrom": 1
      },
      {
        "src": "两人各执一词的简笔画",
        "showFrom": 2
      }
    ]
  }
}


注意：如果该模板生成的参数包含图片视觉描述（如 imageSrc / leftSrc / rightSrc 等等），请只描述纯视觉场景与动作，绝不要包含任何文字、标语或注音。


## 其他通用说明
1. 锚点（Anchor）— 克制与高价值（适用于 SCHEMA 或上文允许出现锚点/高亮时）：
   - 多数句子应**无锚点**；拿不准就留空或 `[]`，避免满屏高亮。
   - 如果一定需要锚点，只选**整段里真正的高潮、反转或核心名词**（宜 2～4 字、有记忆点）；平庸词、铺垫句不要做成锚点。
   - 颜色建议：`#EF4444`（警示/反转/负面/结论）、`#000000`（事实/术语/数据）。动画 `anim`：`spring` | `slideUp` | `popIn` | `highlight`。
   - 音效可选(仅写在锚点对象上的 `audioEffect`)：`impact_thud` | `ping` | `woosh`

2. 视觉标题与字幕分离（仅当 SCHEMA 要求 `notText` / `butText` / `conceptName`、或 DOS_AND_DONTS 的 `left.label` / `right.label` 等时）：

   - 填**极简关键词（约 2～6 字）**，禁止把整句台词搬进标题字段。



## 输出格式（严格 JSON，不要 markdown 代码块）
补全当前模板的param,非数组：
{ "param": { ... } }

===========================================================================================
---------------------------------------- RESPONSE ----------------------------------------
time: 2026-06-12 21:48:45
attempt: 1/3

[OUTPUT]
{"param": {"panels": [{"src": "方向盘前方道路标记线虚化消失", "showFrom": 0, "enterEffect": "fadeIn"}, {"src": "碰撞后车门扭曲卡死的特写", "showFrom": 1, "enterEffect": "slideLeft"}, {"src": "碎裂车窗中透出亮光的手推窗框", "showFrom": 2, "enterEffect": "slideBottom"}]}}
-------------------------------------------------------------------------------------------

======================================== REQUEST ========================================
time: 2026-06-12 21:48:45
provider: deepseek
model: deepseek-v4-pro
retries: 3

[PROMPT]
你是短视频字幕与画面细节处理专家。请把指定台词细化为字模显示参数。


## 完整段落上下文（仅供理解整体语境，判断当前句子的重要性）


讲到这里，
有些人会急。

难道小米不能被质疑吗？

当然不是。

车企当然要被质疑。
安全当然要被追问。
每一起事故，
都该查清责任。

尤其是辅助驾驶。
尤其是车门结构。
尤其是碰撞后的逃生窗口。

这些不是小问题。
也不能被一句概率低，
轻轻带过。

但质疑也要有尺子。
愤怒也要有分母。

看事故，
要看原因。

看安全，
要看概率。

看质量，
要看数据。

否则，
你不是在寻找真相。

你只是在帮算法，
完成一次情绪投喂。


## 🎯 待处理的目标文案
这些不是小问题。也不能被一句概率低，轻轻带过。

## 目标文案content的数组结构
生成模板参数时，format为content_index的字段依据此数组选择匹配的索引，用于决定相应内容出现在动画中的时机

[
  {
    "index": 0,
    "text": "这些不是小问题。"
  },
  {
    "index": 1,
    "text": "也不能被一句概率低，"
  },
  {
    "index": 2,
    "text": "轻轻带过。"
  }
]


## 选定模板及参数规范

模板名称：BEAT_SEQUENCE

参数 Schema 说明：

{
  "type": "object",
  "properties": {
    "stages": {
      "type": "array",
      "minItems": 2,
      "maxItems": 4,
      "description": "配图序列：每条 stage 一张图；imageSrc、enterEffect、可选 tone（calm|alert）、可选 showFrom（对齐镜头外层 content[] 下标）",
      "items": {
        "type": "object",
        "required": [
          "imageSrc"
        ],
        "properties": {
          "imageSrc": {
            "type": "string",
            "format": "image_prompt",
            "description": "该节拍配图提示词"
          },
          "enterEffect": {
            "type": "string",
            "enum": [
              "breathe",
              "slideLeft",
              "slideBottom",
              "zoomIn",
              "fadeIn"
            ],
            "default": "breathe",
            "description": "入场效果"
          },
          "tone": {
            "type": "string",
            "enum": [
              "calm",
              "alert"
            ],
            "description": "首条可 calm，其余默认可 alert"
          },
          "showFrom": {
            "type": "content_index",
            "minimum": 0,
            "description": "镜头 item 外层 content 数组（与 param 同级）的 0-based 下标；从该条 startFrame 起显示本图。省略则等于当前 stages 下标 i（与第 i 条口播同步）"
          }
        }
      }
    }
  },
  "required": [
    "stages"
  ]
}

// 口播条数（已由程序写入 CONTENT_STR，勿在 param 中输出 content）：口播分句（item.content）至少 2 条；口播分句至多 4 条（超出会被校验器告警）


模板该项的示例供参考：

{
  "template": "BEAT_SEQUENCE",
  "param": {
    "stages": [
      {
        "imageSrc": "问句配图简笔画",
        "enterEffect": "breathe"
      },
      {
        "imageSrc": "转折警示配图",
        "enterEffect": "slideBottom"
      },
      {
        "imageSrc": "结论冲击配图",
        "enterEffect": "slideBottom"
      }
    ]
  }
}


注意：如果该模板生成的参数包含图片视觉描述（如 imageSrc / leftSrc / rightSrc 等等），请只描述纯视觉场景与动作，绝不要包含任何文字、标语或注音。


## 其他通用说明
1. 锚点（Anchor）— 克制与高价值（适用于 SCHEMA 或上文允许出现锚点/高亮时）：
   - 多数句子应**无锚点**；拿不准就留空或 `[]`，避免满屏高亮。
   - 如果一定需要锚点，只选**整段里真正的高潮、反转或核心名词**（宜 2～4 字、有记忆点）；平庸词、铺垫句不要做成锚点。
   - 颜色建议：`#EF4444`（警示/反转/负面/结论）、`#000000`（事实/术语/数据）。动画 `anim`：`spring` | `slideUp` | `popIn` | `highlight`。
   - 音效可选(仅写在锚点对象上的 `audioEffect`)：`impact_thud` | `ping` | `woosh`

2. 视觉标题与字幕分离（仅当 SCHEMA 要求 `notText` / `butText` / `conceptName`、或 DOS_AND_DONTS 的 `left.label` / `right.label` 等时）：

   - 填**极简关键词（约 2～6 字）**，禁止把整句台词搬进标题字段。



## 输出格式（严格 JSON，不要 markdown 代码块）
补全当前模板的param,非数组：
{ "param": { ... } }

===========================================================================================
---------------------------------------- RESPONSE ----------------------------------------
time: 2026-06-12 21:49:04
attempt: 1/3

[OUTPUT]
{
  "param": {
    "stages": [
      {
        "imageSrc": "A close-up of a severely damaged car door after a crash, with shattered glass and twisted metal, dramatic lighting.",
        "enterEffect": "breathe",
        "tone": "alert"
      },
      {
        "imageSrc": "A single dice showing number one on a dark surface, with a subtle shadow of a warning triangle in the background, conceptual of low probability risk.",
        "enterEffect": "slideBottom"
      },
      {
        "imageSrc": "A hand gently brushing aside a crumpled accident report on a table, with blurred emergency lights in the background, conveying dismissal.",
        "enterEffect": "slideBottom"
      }
    ]
  }
}
-------------------------------------------------------------------------------------------

======================================== REQUEST ========================================
time: 2026-06-12 21:49:04
provider: deepseek
model: deepseek-v4-pro
retries: 3

[PROMPT]
你是短视频字幕与画面细节处理专家。请把指定台词细化为字模显示参数。


## 完整段落上下文（仅供理解整体语境，判断当前句子的重要性）


讲到这里，
有些人会急。

难道小米不能被质疑吗？

当然不是。

车企当然要被质疑。
安全当然要被追问。
每一起事故，
都该查清责任。

尤其是辅助驾驶。
尤其是车门结构。
尤其是碰撞后的逃生窗口。

这些不是小问题。
也不能被一句概率低，
轻轻带过。

但质疑也要有尺子。
愤怒也要有分母。

看事故，
要看原因。

看安全，
要看概率。

看质量，
要看数据。

否则，
你不是在寻找真相。

你只是在帮算法，
完成一次情绪投喂。


## 🎯 待处理的目标文案
但质疑也要有尺子。愤怒也要有分母。

## 目标文案content的数组结构
生成模板参数时，format为content_index的字段依据此数组选择匹配的索引，用于决定相应内容出现在动画中的时机

[
  {
    "index": 0,
    "text": "但质疑也要有尺子。"
  },
  {
    "index": 1,
    "text": "愤怒也要有分母。"
  }
]


## 选定模板及参数规范

模板名称：CENTER_FOCUS

参数 Schema 说明：

{
  "type": "object",
  "properties": {
    "imageSrc": {
      "type": "string",
      "format": "image_prompt",
      "description": "主图描述"
    },
    "enterEffect": {
      "type": "string",
      "enum": [
        "fadeIn",
        "slideLeft",
        "slideBottom",
        "zoomIn"
      ],
      "default": "fadeIn",
      "description": "图片入场方式（breathe 呼吸效果始终常驻，无需指定）"
    },
    "anchors": {
      "type": "array",
      "description": "可选；用于锚点词展示（顶部依次出现并保留为列表），并绑定锚点出现时机的音效。showFrom 须落在当前 content 条数范围内。注意 **保持克制，尽量少设置锚点** 只提取整段里真正的高潮、反转或核心名词",
      "items": {
        "type": "object",
        "required": [
          "text",
          "showFrom"
        ],
        "properties": {
          "text": {
            "type": "string",
            "description": "要展示的锚点词"
          },
          "showFrom": {
            "type": "integer",
            "format": "content_index",
            "description": "content 数组下标（0-based），非帧数；合法范围 0～(content 条数-1)，超出会被校验丢弃"
          },
          "color": {
            "type": "string"
          },
          "anim": {
            "type": "string",
            "enum": [
              "spring",
              "slideUp",
              "popIn",
              "highlight"
            ]
          },
          "audioEffect": {
            "type": "string",
            "enum": [
              "impact_thud",
              "ping",
              "woosh"
            ]
          }
        }
      }
    }
  },
  "required": [
    "imageSrc"
  ]
}


模板该项的示例供参考：

{
  "template": "CENTER_FOCUS",
  "param": {
    "imageSrc": "上班族坐在电脑前的简笔画图标",
    "enterEffect": "fadeIn",
    "anchors": [
      {
        "text": "可得性启发",
        "showFrom": 0,
        "color": "red"
      }
    ]
  }
}


注意：如果该模板生成的参数包含图片视觉描述（如 imageSrc / leftSrc / rightSrc 等等），请只描述纯视觉场景与动作，绝不要包含任何文字、标语或注音。


## 其他通用说明
1. 锚点（Anchor）— 克制与高价值（适用于 SCHEMA 或上文允许出现锚点/高亮时）：
   - 多数句子应**无锚点**；拿不准就留空或 `[]`，避免满屏高亮。
   - 如果一定需要锚点，只选**整段里真正的高潮、反转或核心名词**（宜 2～4 字、有记忆点）；平庸词、铺垫句不要做成锚点。
   - 颜色建议：`#EF4444`（警示/反转/负面/结论）、`#000000`（事实/术语/数据）。动画 `anim`：`spring` | `slideUp` | `popIn` | `highlight`。
   - 音效可选(仅写在锚点对象上的 `audioEffect`)：`impact_thud` | `ping` | `woosh`

2. 视觉标题与字幕分离（仅当 SCHEMA 要求 `notText` / `butText` / `conceptName`、或 DOS_AND_DONTS 的 `left.label` / `right.label` 等时）：

   - 填**极简关键词（约 2～6 字）**，禁止把整句台词搬进标题字段。



## 输出格式（严格 JSON，不要 markdown 代码块）
补全当前模板的param,非数组：
{ "param": { ... } }

===========================================================================================
---------------------------------------- RESPONSE ----------------------------------------
time: 2026-06-12 21:49:20
attempt: 1/3

[OUTPUT]
{
  "param": {
    "imageSrc": "一把精密的游标卡尺横跨画面，下方一个巨大的分母符号，背景是淡化的汽车轮廓剪影",
    "enterEffect": "fadeIn",
    "anchors": [
      {
        "text": "尺子",
        "showFrom": 0,
        "color": "#000000",
        "anim": "popIn"
      },
      {
        "text": "分母",
        "showFrom": 1,
        "color": "#EF4444",
        "anim": "spring"
      }
    ]
  }
}
-------------------------------------------------------------------------------------------

======================================== REQUEST ========================================
time: 2026-06-12 21:49:20
provider: deepseek
model: deepseek-v4-pro
retries: 3

[PROMPT]
你是短视频字幕与画面细节处理专家。请把指定台词细化为字模显示参数。


## 完整段落上下文（仅供理解整体语境，判断当前句子的重要性）


讲到这里，
有些人会急。

难道小米不能被质疑吗？

当然不是。

车企当然要被质疑。
安全当然要被追问。
每一起事故，
都该查清责任。

尤其是辅助驾驶。
尤其是车门结构。
尤其是碰撞后的逃生窗口。

这些不是小问题。
也不能被一句概率低，
轻轻带过。

但质疑也要有尺子。
愤怒也要有分母。

看事故，
要看原因。

看安全，
要看概率。

看质量，
要看数据。

否则，
你不是在寻找真相。

你只是在帮算法，
完成一次情绪投喂。


## 🎯 待处理的目标文案
看事故，要看原因。看安全，要看概率。看质量，要看数据。

## 目标文案content的数组结构
生成模板参数时，format为content_index的字段依据此数组选择匹配的索引，用于决定相应内容出现在动画中的时机

[
  {
    "index": 0,
    "text": "看事故，"
  },
  {
    "index": 1,
    "text": "要看原因。"
  },
  {
    "index": 2,
    "text": "看安全，"
  },
  {
    "index": 3,
    "text": "要看概率。"
  },
  {
    "index": 4,
    "text": "看质量，"
  },
  {
    "index": 5,
    "text": "要看数据。"
  }
]


## 选定模板及参数规范

模板名称：PANEL_GRID

参数 Schema 说明：

{
  "type": "object",
  "properties": {
    "panels": {
      "type": "array",
      "minItems": 2,
      "maxItems": 6,
      "description": "宫格配图；showFrom 为 content 下标（0-based），在该条 startFrame 显现",
      "items": {
        "type": "object",
        "required": [
          "src",
          "showFrom"
        ],
        "properties": {
          "src": {
            "type": "string",
            "format": "image_prompt",
            "description": "该宫格配图提示词"
          },
          "showFrom": {
            "type": "integer",
            "format": "content_index",
            "description": "content 下标（0-based），非帧数"
          },
          "position": {
            "type": "string",
            "enum": [
              "center",
              "left",
              "right",
              "top",
              "bottom"
            ],
            "description": "可选；弱提示，布局以宫格为准"
          },
          "enterEffect": {
            "type": "string",
            "enum": [
              "breathe",
              "slideLeft",
              "slideBottom",
              "zoomIn",
              "fadeIn"
            ],
            "default": "fadeIn"
          }
        }
      }
    }
  },
  "required": [
    "panels"
  ]
}

// 口播条数（已由程序写入 CONTENT_STR，勿在 param 中输出 content）：口播分句（item.content）至少 2 条；口播分句至多 8 条（超出会被校验器告警）


模板该项的示例供参考：

{
  "template": "PANEL_GRID",
  "param": {
    "panels": [
      {
        "src": "问号堵住去路的简笔画",
        "showFrom": 0,
        "enterEffect": "zoomIn"
      },
      {
        "src": "放大镜只看一角的简笔画",
        "showFrom": 1
      },
      {
        "src": "两人各执一词的简笔画",
        "showFrom": 2
      }
    ]
  }
}


注意：如果该模板生成的参数包含图片视觉描述（如 imageSrc / leftSrc / rightSrc 等等），请只描述纯视觉场景与动作，绝不要包含任何文字、标语或注音。


## 其他通用说明
1. 锚点（Anchor）— 克制与高价值（适用于 SCHEMA 或上文允许出现锚点/高亮时）：
   - 多数句子应**无锚点**；拿不准就留空或 `[]`，避免满屏高亮。
   - 如果一定需要锚点，只选**整段里真正的高潮、反转或核心名词**（宜 2～4 字、有记忆点）；平庸词、铺垫句不要做成锚点。
   - 颜色建议：`#EF4444`（警示/反转/负面/结论）、`#000000`（事实/术语/数据）。动画 `anim`：`spring` | `slideUp` | `popIn` | `highlight`。
   - 音效可选(仅写在锚点对象上的 `audioEffect`)：`impact_thud` | `ping` | `woosh`

2. 视觉标题与字幕分离（仅当 SCHEMA 要求 `notText` / `butText` / `conceptName`、或 DOS_AND_DONTS 的 `left.label` / `right.label` 等时）：

   - 填**极简关键词（约 2～6 字）**，禁止把整句台词搬进标题字段。



## 输出格式（严格 JSON，不要 markdown 代码块）
补全当前模板的param,非数组：
{ "param": { ... } }

===========================================================================================
---------------------------------------- RESPONSE ----------------------------------------
time: 2026-06-12 21:49:41
attempt: 1/3

[OUTPUT]
{"param":{"panels":[{"src":"一辆车头凹陷、车窗碎裂的破损汽车轮廓简笔画","showFrom":0,"enterEffect":"fadeIn"},{"src":"一支放大镜，镜片下显露出齿轮咬合痕迹的简笔画","showFrom":1,"enterEffect":"zoomIn"},{"src":"一面盾牌轮廓，内部有对号图标的简笔画","showFrom":2,"enterEffect":"fadeIn"},{"src":"一条上下波动的概率曲线，尾部指向上升的简笔画","showFrom":3,"enterEffect":"zoomIn"},{"src":"一颗五角星，边缘带有光泽效果的简笔画","showFrom":4,"enterEffect":"fadeIn"},{"src":"一个圆形仪表盘，指针指向绿色区域，周围环绕数字刻度的简笔画","showFrom":5,"enterEffect":"zoomIn"}]}}
-------------------------------------------------------------------------------------------

======================================== REQUEST ========================================
time: 2026-06-12 21:49:41
provider: deepseek
model: deepseek-v4-pro
retries: 3

[PROMPT]
你是短视频字幕与画面细节处理专家。请把指定台词细化为字模显示参数。


## 完整段落上下文（仅供理解整体语境，判断当前句子的重要性）


讲到这里，
有些人会急。

难道小米不能被质疑吗？

当然不是。

车企当然要被质疑。
安全当然要被追问。
每一起事故，
都该查清责任。

尤其是辅助驾驶。
尤其是车门结构。
尤其是碰撞后的逃生窗口。

这些不是小问题。
也不能被一句概率低，
轻轻带过。

但质疑也要有尺子。
愤怒也要有分母。

看事故，
要看原因。

看安全，
要看概率。

看质量，
要看数据。

否则，
你不是在寻找真相。

你只是在帮算法，
完成一次情绪投喂。


## 🎯 待处理的目标文案
否则，你不是在寻找真相。你只是在帮算法，完成一次情绪投喂。

## 目标文案content的数组结构
生成模板参数时，format为content_index的字段依据此数组选择匹配的索引，用于决定相应内容出现在动画中的时机

[
  {
    "index": 0,
    "text": "否则，"
  },
  {
    "index": 1,
    "text": "你不是在寻找真相。"
  },
  {
    "index": 2,
    "text": "你只是在帮算法，"
  },
  {
    "index": 3,
    "text": "完成一次情绪投喂。"
  }
]


## 选定模板及参数规范

模板名称：COGNITIVE_SHIFT

参数 Schema 说明：

{
  "type": "object",
  "properties": {
    "notText": {
      "type": "string",
      "description": "被否认知（‘不是’后面的内容）的精炼短句，不超过12个字，"
    },
    "butText": {
      "type": "string",
      "description": "真实认知（‘而是’后面的内容）的精炼短句，不超过12个字"
    },
    "butSrc": {
      "type": "string",
      "format": "image_prompt",
      "description": "真实认知的配图"
    },
    "notContentIndex": {
      "type": "integer",
      "format": "content_index",
      "description": "触发「不是」动画的字幕段索引（默认 0）"
    },
    "butContentIndex": {
      "type": "integer",
      "format": "content_index",
      "description": "触发「而是」动画的字幕段索引（默认 1）"
    }
  },
  "required": [
    "notText",
    "butText"
  ]
}


模板该项的示例供参考：

{
  "template": "COGNITIVE_SHIFT",
  "content": [
    "我们都不应该靠勤奋拼命",
    "我们都应该是靠认知和选择",
    "这样我才能成功"
  ],
  "param": {
    "notText": "靠勤奋拼命",
    "butText": "靠认知和选择",
    "butSrc": "站在高处看地图的思考者",
    "notContentIndex": 0,
    "butContentIndex": 1
  }
}


注意：如果该模板生成的参数包含图片视觉描述（如 imageSrc / leftSrc / rightSrc 等等），请只描述纯视觉场景与动作，绝不要包含任何文字、标语或注音。


## 其他通用说明
1. 锚点（Anchor）— 克制与高价值（适用于 SCHEMA 或上文允许出现锚点/高亮时）：
   - 多数句子应**无锚点**；拿不准就留空或 `[]`，避免满屏高亮。
   - 如果一定需要锚点，只选**整段里真正的高潮、反转或核心名词**（宜 2～4 字、有记忆点）；平庸词、铺垫句不要做成锚点。
   - 颜色建议：`#EF4444`（警示/反转/负面/结论）、`#000000`（事实/术语/数据）。动画 `anim`：`spring` | `slideUp` | `popIn` | `highlight`。
   - 音效可选(仅写在锚点对象上的 `audioEffect`)：`impact_thud` | `ping` | `woosh`

2. 视觉标题与字幕分离（仅当 SCHEMA 要求 `notText` / `butText` / `conceptName`、或 DOS_AND_DONTS 的 `left.label` / `right.label` 等时）：

   - 填**极简关键词（约 2～6 字）**，禁止把整句台词搬进标题字段。



## 输出格式（严格 JSON，不要 markdown 代码块）
补全当前模板的param,非数组：
{ "param": { ... } }

===========================================================================================
---------------------------------------- RESPONSE ----------------------------------------
time: 2026-06-12 21:49:52
attempt: 1/3

[OUTPUT]
{
  "param": {
    "notText": "寻找真相",
    "butText": "帮算法情绪投喂",
    "butSrc": "一个人被各种情绪化信息流包围，算法精准推送",
    "notContentIndex": 1,
    "butContentIndex": 2
  }
}
-------------------------------------------------------------------------------------------
