
======================================== REQUEST ========================================
time: 2026-07-11 22:53:16
provider: deepseek
model: deepseek-v4-pro
retries: 3

[PROMPT]
你是「镜头分镜 + 动画模板选型」联合优化器。你的任务是在**不改写口播原文**的前提下，把场景原文切成更“原子化”的镜头item，并为每个镜头选择最合适的 `template`。

## 🎥 视频大背景
- **核心主题**：你以为AI在帮你思考？其实它在完成你的认知闭环
- **当前场景**：引入·豆包仙人

## 📄 场景原文（严禁修改、严禁漏字、严禁补字）
你身边一定有这样的人。

争论到一半，他掏出手机，问了一下豆包，然后把屏幕转过来给你看——"你看，豆包都说了，我说的没错吧。"

于是争论结束了。豆包说的，就是答案。

这类人，我们姑且叫他"豆包仙人"。

豆包仙人的逻辑很简单：我有疑问，豆包给我解答；豆包支持我，我就对了。
他不是在用AI查资料，他是在用AI给自己盖章。

但他可能从来没想过一个问题：豆包给出的，是它认为你想听的答案，还是真实的答案？

这两者，往往不是同一回事。

## 可用模板（共 24 个：`template` 必须且仅能从中选一个）

BEAT_SEQUENCE, CASE_BREAKDOWN, CAUSE_CHAIN, CENTER_FOCUS, CHAT_BUBBLE, CHECKLIST_REVEAL, COGNITIVE_SHIFT, CONCEPT_CARD, DATA_TABLE, DOS_AND_DONTS, KPI_HERO, MAGNIFYING_GLASS, METHOD_STACK, PANEL_GRID, PEER_INDUCT, PROGRESS_RING, PUNCH_CAPTION, QUOTE_CITATION, SPLIT_COMPARE, STAT_COMPARE, STEP_LIST, TEXT_FOCUS, TIMELINE, TREE_DIAGRAM

选型规则以主提示词中的决策树与自检清单为准；参数结构不在此展开，后续步骤会按 Schema 生成 `param`。

---

## 🎯 总目标（必须同时满足）
1. **逐字一致**：每个 item 的 `text` 必须是原文的连续子串；所有 item 的 `text` 按顺序拼接后必须与原文完全一致（允许忽略空白差异，但不能改变任何非空白字符）。
2. **覆盖完整**：原文中每一个字符都必须且只能落在一个 item 里（不重叠、不遗漏）。
3. **表达原子化**：**一个 item 只允许一个主表达结构**（对比/命名/步骤/引用/数据/节拍递进/金句冲击/平铺叙述）。若同一段里混了两种结构，必须拆成多个 item。
4. **长度合理**：为了避免视觉疲劳，一个item中的text拼接后如果长于 50 字应该拆分成多个item。
5. 模板是为了更好的表达item中的text

---

## ✂️ 分镜原则

### Phase 1：时长锚点（量化判断基准）
- 正常语速约 **4~5 字/秒**，单个镜头的理想口播时长：**3~8 秒（约 12~40 字）**
- ⚠️ **< 12 字**的分段：除非是独立金句，否则**必须合并**到相邻镜头
- ⚠️ **> 50 字**的分段：意味着画面停留太久，观众注意力衰减，建议拆分，但拆分点本身仍需有叙事依据
- 在 `estimatedSeconds` 字段中标注预估秒数（字数 ÷ 4.5，保留一位小数）
- 除非模板使用TextFocus，否则不允许content中只有一个Text的情况

### Phase 2：切分信号强度模型
按叙事信号强度决定是否新建镜头，**而非按标点机械切分**：

**🔴 强信号（应新建镜头）**：
- 叙事角色彻底转换：说理/定义 → 举例/场景还原
- 叙事角色彻底转换：铺垫/铺陈 → 行动号召/结论
- 情绪段位跳变：平静分析 → 震惊转折 → 收束共情
- 视觉主体完全更换：讨论 A 话题 → 转到独立的 B 话题

**🟡 中等信号（倾向合并，但单段超过 40 字时可拆）**：
- 同一论点下的多个分点（第一、第二、第三……）
- 同一比喻的铺垫与揭示
- 同一因果链的前提与结论

**🟢 弱信号（严禁作为切分依据）**：
- 普通逗号、顿号、冒号后的补充说明
- 同一句话的前后半段
- "而且""此外""所以"等常见连接词（需配合叙事角色判断）

### Phase 3：合并检查
拆完后对所有 items 做全局合并检查：
- 相邻两个 items 若切分信号为"弱"且合并后总字数不超过 45 字 → **强制合并**
- 相邻两个 items 若叙事角色完全相同、画面视觉重心也相同 → **强制合并**

## 🧭 结构识别 → 模板选型（从上到下命中第一条）

### A. 数据/量化结论（expressionTag=data）
- 两项指标同框对比（涨跌、前后、A/B）→ `STAT_COMPARE`（必须能抽象出两个非负整数）
- 单指标完成度/占比/达成率 → `PROGRESS_RING`
- 单个核心数值/排名/增长率强调 → `KPI_HERO`

### B. 对错/强导向（expressionTag=contrast）
- 明确“别这样/要这样”“错误/正确” → `DOS_AND_DONTS`
- “不是…而是…” → `COGNITIVE_SHIFT`

### C. 多分点/清单/步骤（expressionTag=list|steps|method）
- 两方/两方案并列（更中立的 A vs B）→ `SPLIT_COMPARE`
- 当前 item 原文明确展开 **2～4** 个并列分点/并列例子，且每点需独立配图（宫格）→ `PANEL_GRID`
- 明确步骤序列/短清单，且【同一 item 内】可抽取出 2～6 条“短步骤”（如同时出现“第一/第二/第三…”或“1)/2)/3)”），并且每条步骤建议 ≤10 字、无长解释句 → `STEP_LIST`
  - 反例：只有“第一/第二”这一个标题句（单条）不要选 `STEP_LIST`（至少需要 2 条）
  - 反例：每条方法/步骤后面还跟较长解释、追问或补充句（例如任一解释段 >30 字）→ 不适合 `STEP_LIST`，应拆分 item，并优先用 `METHOD_STACK`（标题式核心 + 解释展开）或 `CENTER_FOCUS`
- “一个标题式核心（方法/建议/观点/卖点/亮点/推荐理由）+ 2～4 句解释展开” → `METHOD_STACK`
- 同一**案例/子话题**、**单主图**，口播 **4～6 句** 呈「个案→误判/推论→纠偏→收束」叙事弧 → `CASE_BREAKDOWN`（非「第一/第二」方法清单、非多图节拍时用本模板；方法要点式仍用 `METHOD_STACK`）

### D. 节拍递进（expressionTag=beat）
- 同一镜头内 2～4 段口播节拍递进（问→驳→收束；铺垫→转折→结论），希望画面跟着分段变化 → `BEAT_SEQUENCE`
  - **提示**：如果递进里还夹杂“强对照/命名”，通常应拆成多个 item，不要硬塞一个 `BEAT_SEQUENCE`。
- 同一镜头内 **因果链 / 机制传导**（因→果→再果，每环一图，无时间轴刻度）→ `CAUSE_CHAIN`

### E. 引用/命名/聚焦（expressionTag=quote|concept|focus）
- 名言、著作、研究、媒体引用、用户评价、证言摘录 → `QUOTE_CITATION`
- 对“专业术语、概念、产品名、品牌关键词、功能名等”新名词进行解释→ `CONCEPT_CARD`
- 需要把注意力锁定到一个关键词/短语/关键细节/核心发现上 → `MAGNIFYING_GLASS`
  - 必须存在明确落点句（如“关键在于…”“核心是…”“结论是…”）
  - 需要后续可提取 1～2 个高价值锚点短语（否则不要选）

### F. 金句冲击（expressionTag=focus）
- 全片级短促强结论、无需配图 → `TEXT_FOCUS`

### G. 时间轴，先后关系（expressionTag=timeline）
- 明确时间先后/阶段演进（过去→现在→未来）→ `TIMELINE`

### G2. 收束清单（expressionTag≈conclusion|list）
- 收束、行动检查项、要点复诵，需要**逐项打勾显现**（非编号短步骤、非并列大图组）→ `CHECKLIST_REVEAL`

### H. 默认（expressionTag=neutral）
- 平缓叙述、单图即可、无上述结构 → `CENTER_FOCUS`

---

## ✅ 输出格式（严格 JSON，禁止包含 markdown 代码块）
{
  "items": [
    {
      "text": "逐字口播片段（必须来自原文，且拼接后覆盖原文）",
      "narrativeType": "HOOK | LOGIC | CASE | DATA | CONCLUSION | TRANSITION",
      "template": "必须来自可用模板列表",
      "expressionTag": "data | contrast | list | steps | method | beat | quote | concept | focus | timeline | neutral",
      "confidence": "low | medium | high",
      "reasoning": "一句话说明：该段的主表达结构是什么 → 为什么选该模板 → 若拆分/合并，理由是什么"
    }
  ]
}

===========================================================================================
---------------------------------------- RESPONSE ----------------------------------------
time: 2026-07-11 22:54:41
attempt: 1/3

[OUTPUT]
{
  "items": [
    {
      "text": "你身边一定有这样的人。争论到一半，他掏出手机，问了一下豆包，然后把屏幕转过来给你看——“你看，豆包都说了，我说的没错吧。”",
      "narrativeType": "HOOK",
      "template": "CENTER_FOCUS",
      "expressionTag": "neutral",
      "confidence": "high",
      "reasoning": "概括引入+场景举例，平铺叙事，合并9字短句避免碎片化，整体用一个基础单图镜头完成。"
    },
    {
      "text": "于是争论结束了。豆包说的，就是答案。",
      "narrativeType": "CONCLUSION",
      "template": "TEXT_FOCUS",
      "expressionTag": "focus",
      "confidence": "high",
      "reasoning": "短促强结论，无需配图，直接用文字冲击强化“豆包即答案”的荒谬感。"
    },
    {
      "text": "这类人，我们姑且叫他“豆包仙人”。",
      "narrativeType": "TRANSITION",
      "template": "CONCEPT_CARD",
      "expressionTag": "concept",
      "confidence": "high",
      "reasoning": "为焦点人群命名，创造新概念，用概念卡突出“豆包仙人”这一标签。"
    },
    {
      "text": "豆包仙人的逻辑很简单：我有疑问，豆包给我解答；豆包支持我，我就对了。",
      "narrativeType": "LOGIC",
      "template": "CAUSE_CHAIN",
      "expressionTag": "beat",
      "confidence": "high",
      "reasoning": "因果传导“疑问→解答→支持即正确”，适合用因果链动画逐环呈现逻辑闭环。"
    },
    {
      "text": "他不是在用AI查资料，他是在用AI给自己盖章。",
      "narrativeType": "LOGIC",
      "template": "COGNITIVE_SHIFT",
      "expressionTag": "contrast",
      "confidence": "high",
      "reasoning": "典型的“不是…而是…”认知纠偏，用认知翻转模板呈现对错对照。"
    },
    {
      "text": "但他可能从来没想过一个问题：豆包给出的，是它认为你想听的答案，还是真实的答案？",
      "narrativeType": "LOGIC",
      "template": "MAGNIFYING_GLASS",
      "expressionTag": "focus",
      "confidence": "high",
      "reasoning": "落点句抛出核心二选一疑问，用放大镜聚焦“想听的答案 vs 真实的答案”这个认知陷阱。"
    },
    {
      "text": "这两者，往往不是同一回事。",
      "narrativeType": "CONCLUSION",
      "template": "TEXT_FOCUS",
      "expressionTag": "focus",
      "confidence": "high",
      "reasoning": "全篇收束金句，直接上文字冲击，强化不是同一回事的认知颠覆。"
    }
  ]
}
-------------------------------------------------------------------------------------------

======================================== REQUEST ========================================
time: 2026-07-11 22:54:41
provider: deepseek
model: deepseek-v4-pro
retries: 3

[PROMPT]
你是「镜头分镜 + 动画模板选型」联合优化器。你的任务是在**不改写口播原文**的前提下，把场景原文切成更“原子化”的镜头item，并为每个镜头选择最合适的 `template`。

## 🎥 视频大背景
- **核心主题**：你以为AI在帮你思考？其实它在完成你的认知闭环
- **当前场景**：剖析·确认偏误放大器

## 📄 场景原文（严禁修改、严禁漏字、严禁补字）
让一个人变蠢的最快方法，就是让他无条件相信AI。

你有一个想法。你用AI去验证。它立刻给你列出了几条完美的证据。你觉得非常有道理。

但你可能没有意识到。AI只是在顺着你的逻辑。把你的偏见包装得更加圆满和漂亮。

这不是人为做的控制，这是AI的技术原理决定的。

首先，AI本质上是一个概率预测模型。
它通过分析海量文本，学习词语之间的统计关系。
训练数据来自互联网，而互联网本身就带着偏见——AI会把这些偏见，当做主流共识原封不动地吸收进来。

其次，AI有一套叫RLHF的训练机制——用人类反馈来给它打分。
它在这个过程中学到的核心技能，不是说真话，而是说让你舒服的话。
你用支持的语气问它，它就给你列支持的理由；你用质疑的语气问它，它就给你找质疑的依据。
它没有独立求真的意志，它只有一个任务：让你觉得它的回答符合你心意。

最后，还有一个被严重低估的机制：实时搜索。
很多AI会同步调用搜索引擎，去抓取"最新内容"来支撑回答。
你以为这让答案更新更准。但互联网上涌现最快的，往往不是权威事实，而是SEO文章、情绪化自媒体、带货软文。这些"高曝光污染内容"被AI直接引用，给你的确认偏误又加了一把火。

三层叠加，就成了一台高效的确认偏误放大器。

回头看豆包仙人的那一幕：他带着预设的立场去问豆包，豆包顺着他的语气给出了支持的理由，他把这个理由截图发出来，当成了赢得争论的证据。

这整个过程，AI一次都没有帮他"思考"。它只是帮他把原有的偏见，打了一个更漂亮的包装。

你以为AI在帮你多维度思考。其实它可能只是在帮你完成认知闭环。

## 可用模板（共 24 个：`template` 必须且仅能从中选一个）

BEAT_SEQUENCE, CASE_BREAKDOWN, CAUSE_CHAIN, CENTER_FOCUS, CHAT_BUBBLE, CHECKLIST_REVEAL, COGNITIVE_SHIFT, CONCEPT_CARD, DATA_TABLE, DOS_AND_DONTS, KPI_HERO, MAGNIFYING_GLASS, METHOD_STACK, PANEL_GRID, PEER_INDUCT, PROGRESS_RING, PUNCH_CAPTION, QUOTE_CITATION, SPLIT_COMPARE, STAT_COMPARE, STEP_LIST, TEXT_FOCUS, TIMELINE, TREE_DIAGRAM

选型规则以主提示词中的决策树与自检清单为准；参数结构不在此展开，后续步骤会按 Schema 生成 `param`。

---

## 🎯 总目标（必须同时满足）
1. **逐字一致**：每个 item 的 `text` 必须是原文的连续子串；所有 item 的 `text` 按顺序拼接后必须与原文完全一致（允许忽略空白差异，但不能改变任何非空白字符）。
2. **覆盖完整**：原文中每一个字符都必须且只能落在一个 item 里（不重叠、不遗漏）。
3. **表达原子化**：**一个 item 只允许一个主表达结构**（对比/命名/步骤/引用/数据/节拍递进/金句冲击/平铺叙述）。若同一段里混了两种结构，必须拆成多个 item。
4. **长度合理**：为了避免视觉疲劳，一个item中的text拼接后如果长于 50 字应该拆分成多个item。
5. 模板是为了更好的表达item中的text

---

## ✂️ 分镜原则

### Phase 1：时长锚点（量化判断基准）
- 正常语速约 **4~5 字/秒**，单个镜头的理想口播时长：**3~8 秒（约 12~40 字）**
- ⚠️ **< 12 字**的分段：除非是独立金句，否则**必须合并**到相邻镜头
- ⚠️ **> 50 字**的分段：意味着画面停留太久，观众注意力衰减，建议拆分，但拆分点本身仍需有叙事依据
- 在 `estimatedSeconds` 字段中标注预估秒数（字数 ÷ 4.5，保留一位小数）
- 除非模板使用TextFocus，否则不允许content中只有一个Text的情况

### Phase 2：切分信号强度模型
按叙事信号强度决定是否新建镜头，**而非按标点机械切分**：

**🔴 强信号（应新建镜头）**：
- 叙事角色彻底转换：说理/定义 → 举例/场景还原
- 叙事角色彻底转换：铺垫/铺陈 → 行动号召/结论
- 情绪段位跳变：平静分析 → 震惊转折 → 收束共情
- 视觉主体完全更换：讨论 A 话题 → 转到独立的 B 话题

**🟡 中等信号（倾向合并，但单段超过 40 字时可拆）**：
- 同一论点下的多个分点（第一、第二、第三……）
- 同一比喻的铺垫与揭示
- 同一因果链的前提与结论

**🟢 弱信号（严禁作为切分依据）**：
- 普通逗号、顿号、冒号后的补充说明
- 同一句话的前后半段
- "而且""此外""所以"等常见连接词（需配合叙事角色判断）

### Phase 3：合并检查
拆完后对所有 items 做全局合并检查：
- 相邻两个 items 若切分信号为"弱"且合并后总字数不超过 45 字 → **强制合并**
- 相邻两个 items 若叙事角色完全相同、画面视觉重心也相同 → **强制合并**

## 🧭 结构识别 → 模板选型（从上到下命中第一条）

### A. 数据/量化结论（expressionTag=data）
- 两项指标同框对比（涨跌、前后、A/B）→ `STAT_COMPARE`（必须能抽象出两个非负整数）
- 单指标完成度/占比/达成率 → `PROGRESS_RING`
- 单个核心数值/排名/增长率强调 → `KPI_HERO`

### B. 对错/强导向（expressionTag=contrast）
- 明确“别这样/要这样”“错误/正确” → `DOS_AND_DONTS`
- “不是…而是…” → `COGNITIVE_SHIFT`

### C. 多分点/清单/步骤（expressionTag=list|steps|method）
- 两方/两方案并列（更中立的 A vs B）→ `SPLIT_COMPARE`
- 当前 item 原文明确展开 **2～4** 个并列分点/并列例子，且每点需独立配图（宫格）→ `PANEL_GRID`
- 明确步骤序列/短清单，且【同一 item 内】可抽取出 2～6 条“短步骤”（如同时出现“第一/第二/第三…”或“1)/2)/3)”），并且每条步骤建议 ≤10 字、无长解释句 → `STEP_LIST`
  - 反例：只有“第一/第二”这一个标题句（单条）不要选 `STEP_LIST`（至少需要 2 条）
  - 反例：每条方法/步骤后面还跟较长解释、追问或补充句（例如任一解释段 >30 字）→ 不适合 `STEP_LIST`，应拆分 item，并优先用 `METHOD_STACK`（标题式核心 + 解释展开）或 `CENTER_FOCUS`
- “一个标题式核心（方法/建议/观点/卖点/亮点/推荐理由）+ 2～4 句解释展开” → `METHOD_STACK`
- 同一**案例/子话题**、**单主图**，口播 **4～6 句** 呈「个案→误判/推论→纠偏→收束」叙事弧 → `CASE_BREAKDOWN`（非「第一/第二」方法清单、非多图节拍时用本模板；方法要点式仍用 `METHOD_STACK`）

### D. 节拍递进（expressionTag=beat）
- 同一镜头内 2～4 段口播节拍递进（问→驳→收束；铺垫→转折→结论），希望画面跟着分段变化 → `BEAT_SEQUENCE`
  - **提示**：如果递进里还夹杂“强对照/命名”，通常应拆成多个 item，不要硬塞一个 `BEAT_SEQUENCE`。
- 同一镜头内 **因果链 / 机制传导**（因→果→再果，每环一图，无时间轴刻度）→ `CAUSE_CHAIN`

### E. 引用/命名/聚焦（expressionTag=quote|concept|focus）
- 名言、著作、研究、媒体引用、用户评价、证言摘录 → `QUOTE_CITATION`
- 对“专业术语、概念、产品名、品牌关键词、功能名等”新名词进行解释→ `CONCEPT_CARD`
- 需要把注意力锁定到一个关键词/短语/关键细节/核心发现上 → `MAGNIFYING_GLASS`
  - 必须存在明确落点句（如“关键在于…”“核心是…”“结论是…”）
  - 需要后续可提取 1～2 个高价值锚点短语（否则不要选）

### F. 金句冲击（expressionTag=focus）
- 全片级短促强结论、无需配图 → `TEXT_FOCUS`

### G. 时间轴，先后关系（expressionTag=timeline）
- 明确时间先后/阶段演进（过去→现在→未来）→ `TIMELINE`

### G2. 收束清单（expressionTag≈conclusion|list）
- 收束、行动检查项、要点复诵，需要**逐项打勾显现**（非编号短步骤、非并列大图组）→ `CHECKLIST_REVEAL`

### H. 默认（expressionTag=neutral）
- 平缓叙述、单图即可、无上述结构 → `CENTER_FOCUS`

---

## ✅ 输出格式（严格 JSON，禁止包含 markdown 代码块）
{
  "items": [
    {
      "text": "逐字口播片段（必须来自原文，且拼接后覆盖原文）",
      "narrativeType": "HOOK | LOGIC | CASE | DATA | CONCLUSION | TRANSITION",
      "template": "必须来自可用模板列表",
      "expressionTag": "data | contrast | list | steps | method | beat | quote | concept | focus | timeline | neutral",
      "confidence": "low | medium | high",
      "reasoning": "一句话说明：该段的主表达结构是什么 → 为什么选该模板 → 若拆分/合并，理由是什么"
    }
  ]
}

===========================================================================================
---------------------------------------- RESPONSE ----------------------------------------
time: 2026-07-11 22:56:30
attempt: 1/3

[OUTPUT]
{
  "items": [
    {
      "text": "让一个人变蠢的最快方法，就是让他无条件相信AI。",
      "narrativeType": "HOOK",
      "template": "TEXT_FOCUS",
      "expressionTag": "focus",
      "confidence": "high",
      "estimatedSeconds": 3.3,
      "reasoning": "开篇金句，强结论，无配图，用TEXT_FOCUS聚焦核心观点。"
    },
    {
      "text": "你有一个想法。你用AI去验证。它立刻给你列出了几条完美的证据。你觉得非常有道理。",
      "narrativeType": "CASE",
      "template": "BEAT_SEQUENCE",
      "expressionTag": "beat",
      "confidence": "medium",
      "estimatedSeconds": 8.2,
      "reasoning": "场景还原，四个递进动作，用BEAT_SEQUENCE展示过程。"
    },
    {
      "text": "但你可能没有意识到。AI只是在顺着你的逻辑。把你的偏见包装得更加圆满和漂亮。",
      "narrativeType": "LOGIC",
      "template": "BEAT_SEQUENCE",
      "expressionTag": "beat",
      "confidence": "medium",
      "estimatedSeconds": 6.0,
      "reasoning": "转折揭示，节拍递进：没意识到→顺着逻辑→包装偏见，用BEAT_SEQUENCE。"
    },
    {
      "text": "这不是人为做的控制，这是AI的技术原理决定的。",
      "narrativeType": "LOGIC",
      "template": "COGNITIVE_SHIFT",
      "expressionTag": "contrast",
      "confidence": "high",
      "estimatedSeconds": 4.0,
      "reasoning": "“不是…而是…”结构，直接适配COGNITIVE_SHIFT。"
    },
    {
      "text": "首先，AI本质上是一个概率预测模型。",
      "narrativeType": "LOGIC",
      "template": "CONCEPT_CARD",
      "expressionTag": "concept",
      "confidence": "high",
      "estimatedSeconds": 2.7,
      "reasoning": "引入专业术语“概率预测模型”，用CONCEPT_CARD命名定义。"
    },
    {
      "text": "它通过分析海量文本，学习词语之间的统计关系。",
      "narrativeType": "LOGIC",
      "template": "CENTER_FOCUS",
      "expressionTag": "neutral",
      "confidence": "high",
      "estimatedSeconds": 4.2,
      "reasoning": "平铺解释技术原理，无特殊结构，用CENTER_FOCUS。"
    },
    {
      "text": "训练数据来自互联网，而互联网本身就带着偏见——AI会把这些偏见，当做主流共识原封不动地吸收进来。",
      "narrativeType": "LOGIC",
      "template": "CAUSE_CHAIN",
      "expressionTag": "beat",
      "confidence": "high",
      "estimatedSeconds": 10.4,
      "reasoning": "因果链：互联网偏见→AI吸收偏见，用CAUSE_CHAIN展示传导。"
    },
    {
      "text": "其次，AI有一套叫RLHF的训练机制——用人类反馈来给它打分。",
      "narrativeType": "LOGIC",
      "template": "CONCEPT_CARD",
      "expressionTag": "concept",
      "confidence": "high",
      "estimatedSeconds": 4.9,
      "reasoning": "介绍RLHF机制，用CONCEPT_CARD命名解释。"
    },
    {
      "text": "它在这个过程中学到的核心技能，不是说真话，而是说让你舒服的话。",
      "narrativeType": "LOGIC",
      "template": "COGNITIVE_SHIFT",
      "expressionTag": "contrast",
      "confidence": "high",
      "estimatedSeconds": 5.1,
      "reasoning": "“不是说真话，而是说舒服的话”典型认知转变，用COGNITIVE_SHIFT。"
    },
    {
      "text": "你用支持的语气问它，它就给你列支持的理由；你用质疑的语气问它，它就给你找质疑的依据。",
      "narrativeType": "LOGIC",
      "template": "SPLIT_COMPARE",
      "expressionTag": "contrast",
      "confidence": "high",
      "estimatedSeconds": 7.3,
      "reasoning": "两种提问语气给出两种反应，适合SPLIT_COMPARE并列对比。"
    },
    {
      "text": "它没有独立求真的意志，它只有一个任务：让你觉得它的回答符合你心意。",
      "narrativeType": "LOGIC",
      "template": "COGNITIVE_SHIFT",
      "expressionTag": "contrast",
      "confidence": "high",
      "estimatedSeconds": 4.7,
      "reasoning": "“没有…只有…”对比，点明核心任务，用COGNITIVE_SHIFT强化。"
    },
    {
      "text": "最后，还有一个被严重低估的机制：实时搜索。",
      "narrativeType": "LOGIC",
      "template": "CONCEPT_CARD",
      "expressionTag": "concept",
      "confidence": "high",
      "estimatedSeconds": 3.6,
      "reasoning": "引出实时搜索机制，用CONCEPT_CARD命名。"
    },
    {
      "text": "很多AI会同步调用搜索引擎，去抓取“最新内容”来支撑回答。",
      "narrativeType": "LOGIC",
      "template": "CENTER_FOCUS",
      "expressionTag": "neutral",
      "confidence": "high",
      "estimatedSeconds": 4.7,
      "reasoning": "平铺解释实时搜索如何工作，用CENTER_FOCUS。"
    },
    {
      "text": "你以为这让答案更新更准。但互联网上涌现最快的，往往不是权威事实，而是SEO文章、情绪化自媒体、带货软文。",
      "narrativeType": "LOGIC",
      "template": "COGNITIVE_SHIFT",
      "expressionTag": "contrast",
      "confidence": "high",
      "estimatedSeconds": 9.3,
      "reasoning": "“你以为…但…不是…而是…”认知转变，用COGNITIVE_SHIFT。"
    },
    {
      "text": "这些“高曝光污染内容”被AI直接引用，给你的确认偏误又加了一把火。",
      "narrativeType": "LOGIC",
      "template": "CAUSE_CHAIN",
      "expressionTag": "beat",
      "confidence": "high",
      "estimatedSeconds": 5.3,
      "reasoning": "高曝光污染内容被引用→加了一把火，因果递进，用CAUSE_CHAIN。"
    },
    {
      "text": "三层叠加，就成了一台高效的确认偏误放大器。",
      "narrativeType": "CONCLUSION",
      "template": "TEXT_FOCUS",
      "expressionTag": "focus",
      "confidence": "high",
      "estimatedSeconds": 3.6,
      "reasoning": "总结性金句，确认偏误放大器，用TEXT_FOCUS收束。"
    },
    {
      "text": "回头看豆包仙人的那一幕：他带着预设的立场去问豆包，豆包顺着他的语气给出了支持的理由，他把这个理由截图发出来，当成了赢得争论的证据。",
      "narrativeType": "CASE",
      "template": "BEAT_SEQUENCE",
      "expressionTag": "beat",
      "confidence": "medium",
      "estimatedSeconds": 9.8,
      "reasoning": "案例回放，三个动作递进，用BEAT_SEQUENCE还原过程。"
    },
    {
      "text": "这整个过程，AI一次都没有帮他“思考”。它只是帮他把原有的偏见，打了一个更漂亮的包装。",
      "narrativeType": "CONCLUSION",
      "template": "COGNITIVE_SHIFT",
      "expressionTag": "contrast",
      "confidence": "high",
      "estimatedSeconds": 10.2,
      "reasoning": "“一次都没有…只是…”认知对比，用COGNITIVE_SHIFT点明包装。"
    },
    {
      "text": "你以为AI在帮你多维度思考。其实它可能只是在帮你完成认知闭环。",
      "narrativeType": "CONCLUSION",
      "template": "COGNITIVE_SHIFT",
      "expressionTag": "contrast",
      "confidence": "high",
      "estimatedSeconds": 4.9,
      "reasoning": "“你以为…其实…”经典认知闭环，用COGNITIVE_SHIFT收尾。"
    }
  ]
}
-------------------------------------------------------------------------------------------

======================================== REQUEST ========================================
time: 2026-07-11 22:56:30
provider: deepseek
model: deepseek-v4-pro
retries: 3

[PROMPT]
你是「镜头分镜 + 动画模板选型」联合优化器。你的任务是在**不改写口播原文**的前提下，把场景原文切成更“原子化”的镜头item，并为每个镜头选择最合适的 `template`。

## 🎥 视频大背景
- **核心主题**：你以为AI在帮你思考？其实它在完成你的认知闭环
- **当前场景**：召唤·信息防火墙

## 📄 场景原文（严禁修改、严禁漏字、严禁补字）
普通人把AI当大脑。高手把AI当做需要保持距离的合作者。

作为一个高手，当你在使用AI时，需要建立四层信息防火墙。

第一层。交叉比对。对关键信息。使用至少两个不同的AI工具。再配合搜索引擎的原始网页进行比对。

第二层。反向发问。当你得到AI的支持性结论后。必须强迫自己提出一个相反的问题。例如："如果要证明这个方案不可行。最致命的痛点会是什么？"

第三层。分类建立"AI警惕区"。在容错率极低的专业领域。比如法律合规、财务计算、医药健康。自动将AI定位为辅助线索。绝不用作最终结论。

第四层。保持原始检索习惯。每周抽出一部分时间。不使用AI的直接回答。而是通过阅读长文章、专业报告或与行业专家交流。来获取更深度的输入。

这四层防火墙。不是在给AI挑刺。而是在构建你自己的认知免疫系统。

## 可用模板（共 24 个：`template` 必须且仅能从中选一个）

BEAT_SEQUENCE, CASE_BREAKDOWN, CAUSE_CHAIN, CENTER_FOCUS, CHAT_BUBBLE, CHECKLIST_REVEAL, COGNITIVE_SHIFT, CONCEPT_CARD, DATA_TABLE, DOS_AND_DONTS, KPI_HERO, MAGNIFYING_GLASS, METHOD_STACK, PANEL_GRID, PEER_INDUCT, PROGRESS_RING, PUNCH_CAPTION, QUOTE_CITATION, SPLIT_COMPARE, STAT_COMPARE, STEP_LIST, TEXT_FOCUS, TIMELINE, TREE_DIAGRAM

选型规则以主提示词中的决策树与自检清单为准；参数结构不在此展开，后续步骤会按 Schema 生成 `param`。

---

## 🎯 总目标（必须同时满足）
1. **逐字一致**：每个 item 的 `text` 必须是原文的连续子串；所有 item 的 `text` 按顺序拼接后必须与原文完全一致（允许忽略空白差异，但不能改变任何非空白字符）。
2. **覆盖完整**：原文中每一个字符都必须且只能落在一个 item 里（不重叠、不遗漏）。
3. **表达原子化**：**一个 item 只允许一个主表达结构**（对比/命名/步骤/引用/数据/节拍递进/金句冲击/平铺叙述）。若同一段里混了两种结构，必须拆成多个 item。
4. **长度合理**：为了避免视觉疲劳，一个item中的text拼接后如果长于 50 字应该拆分成多个item。
5. 模板是为了更好的表达item中的text

---

## ✂️ 分镜原则

### Phase 1：时长锚点（量化判断基准）
- 正常语速约 **4~5 字/秒**，单个镜头的理想口播时长：**3~8 秒（约 12~40 字）**
- ⚠️ **< 12 字**的分段：除非是独立金句，否则**必须合并**到相邻镜头
- ⚠️ **> 50 字**的分段：意味着画面停留太久，观众注意力衰减，建议拆分，但拆分点本身仍需有叙事依据
- 在 `estimatedSeconds` 字段中标注预估秒数（字数 ÷ 4.5，保留一位小数）
- 除非模板使用TextFocus，否则不允许content中只有一个Text的情况

### Phase 2：切分信号强度模型
按叙事信号强度决定是否新建镜头，**而非按标点机械切分**：

**🔴 强信号（应新建镜头）**：
- 叙事角色彻底转换：说理/定义 → 举例/场景还原
- 叙事角色彻底转换：铺垫/铺陈 → 行动号召/结论
- 情绪段位跳变：平静分析 → 震惊转折 → 收束共情
- 视觉主体完全更换：讨论 A 话题 → 转到独立的 B 话题

**🟡 中等信号（倾向合并，但单段超过 40 字时可拆）**：
- 同一论点下的多个分点（第一、第二、第三……）
- 同一比喻的铺垫与揭示
- 同一因果链的前提与结论

**🟢 弱信号（严禁作为切分依据）**：
- 普通逗号、顿号、冒号后的补充说明
- 同一句话的前后半段
- "而且""此外""所以"等常见连接词（需配合叙事角色判断）

### Phase 3：合并检查
拆完后对所有 items 做全局合并检查：
- 相邻两个 items 若切分信号为"弱"且合并后总字数不超过 45 字 → **强制合并**
- 相邻两个 items 若叙事角色完全相同、画面视觉重心也相同 → **强制合并**

## 🧭 结构识别 → 模板选型（从上到下命中第一条）

### A. 数据/量化结论（expressionTag=data）
- 两项指标同框对比（涨跌、前后、A/B）→ `STAT_COMPARE`（必须能抽象出两个非负整数）
- 单指标完成度/占比/达成率 → `PROGRESS_RING`
- 单个核心数值/排名/增长率强调 → `KPI_HERO`

### B. 对错/强导向（expressionTag=contrast）
- 明确“别这样/要这样”“错误/正确” → `DOS_AND_DONTS`
- “不是…而是…” → `COGNITIVE_SHIFT`

### C. 多分点/清单/步骤（expressionTag=list|steps|method）
- 两方/两方案并列（更中立的 A vs B）→ `SPLIT_COMPARE`
- 当前 item 原文明确展开 **2～4** 个并列分点/并列例子，且每点需独立配图（宫格）→ `PANEL_GRID`
- 明确步骤序列/短清单，且【同一 item 内】可抽取出 2～6 条“短步骤”（如同时出现“第一/第二/第三…”或“1)/2)/3)”），并且每条步骤建议 ≤10 字、无长解释句 → `STEP_LIST`
  - 反例：只有“第一/第二”这一个标题句（单条）不要选 `STEP_LIST`（至少需要 2 条）
  - 反例：每条方法/步骤后面还跟较长解释、追问或补充句（例如任一解释段 >30 字）→ 不适合 `STEP_LIST`，应拆分 item，并优先用 `METHOD_STACK`（标题式核心 + 解释展开）或 `CENTER_FOCUS`
- “一个标题式核心（方法/建议/观点/卖点/亮点/推荐理由）+ 2～4 句解释展开” → `METHOD_STACK`
- 同一**案例/子话题**、**单主图**，口播 **4～6 句** 呈「个案→误判/推论→纠偏→收束」叙事弧 → `CASE_BREAKDOWN`（非「第一/第二」方法清单、非多图节拍时用本模板；方法要点式仍用 `METHOD_STACK`）

### D. 节拍递进（expressionTag=beat）
- 同一镜头内 2～4 段口播节拍递进（问→驳→收束；铺垫→转折→结论），希望画面跟着分段变化 → `BEAT_SEQUENCE`
  - **提示**：如果递进里还夹杂“强对照/命名”，通常应拆成多个 item，不要硬塞一个 `BEAT_SEQUENCE`。
- 同一镜头内 **因果链 / 机制传导**（因→果→再果，每环一图，无时间轴刻度）→ `CAUSE_CHAIN`

### E. 引用/命名/聚焦（expressionTag=quote|concept|focus）
- 名言、著作、研究、媒体引用、用户评价、证言摘录 → `QUOTE_CITATION`
- 对“专业术语、概念、产品名、品牌关键词、功能名等”新名词进行解释→ `CONCEPT_CARD`
- 需要把注意力锁定到一个关键词/短语/关键细节/核心发现上 → `MAGNIFYING_GLASS`
  - 必须存在明确落点句（如“关键在于…”“核心是…”“结论是…”）
  - 需要后续可提取 1～2 个高价值锚点短语（否则不要选）

### F. 金句冲击（expressionTag=focus）
- 全片级短促强结论、无需配图 → `TEXT_FOCUS`

### G. 时间轴，先后关系（expressionTag=timeline）
- 明确时间先后/阶段演进（过去→现在→未来）→ `TIMELINE`

### G2. 收束清单（expressionTag≈conclusion|list）
- 收束、行动检查项、要点复诵，需要**逐项打勾显现**（非编号短步骤、非并列大图组）→ `CHECKLIST_REVEAL`

### H. 默认（expressionTag=neutral）
- 平缓叙述、单图即可、无上述结构 → `CENTER_FOCUS`

---

## ✅ 输出格式（严格 JSON，禁止包含 markdown 代码块）
{
  "items": [
    {
      "text": "逐字口播片段（必须来自原文，且拼接后覆盖原文）",
      "narrativeType": "HOOK | LOGIC | CASE | DATA | CONCLUSION | TRANSITION",
      "template": "必须来自可用模板列表",
      "expressionTag": "data | contrast | list | steps | method | beat | quote | concept | focus | timeline | neutral",
      "confidence": "low | medium | high",
      "reasoning": "一句话说明：该段的主表达结构是什么 → 为什么选该模板 → 若拆分/合并，理由是什么"
    }
  ]
}

===========================================================================================
---------------------------------------- RESPONSE ----------------------------------------
time: 2026-07-11 22:57:14
attempt: 1/3

[OUTPUT]
{
  "items": [
    {
      "text": "普通人把AI当大脑。高手把AI当做需要保持距离的合作者。",
      "narrativeType": "HOOK",
      "template": "COGNITIVE_SHIFT",
      "expressionTag": "contrast",
      "confidence": "high",
      "reasoning": "通过普通人 vs 高手的对比，完成认知偏移的首次冲击，属于“不是…而是…”的语义结构，匹配 COGNITIVE_SHIFT。"
    },
    {
      "text": "作为一个高手，当你在使用AI时，需要建立四层信息防火墙。",
      "narrativeType": "TRANSITION",
      "template": "CENTER_FOCUS",
      "expressionTag": "neutral",
      "confidence": "high",
      "reasoning": "平缓叙述引出核心概念“四层信息防火墙”，无需对比或清单结构，用 CENTER_FOCUS 聚焦即可。"
    },
    {
      "text": "第一层。交叉比对。对关键信息。使用至少两个不同的AI工具。再配合搜索引擎的原始网页进行比对。",
      "narrativeType": "LOGIC",
      "template": "METHOD_STACK",
      "expressionTag": "method",
      "confidence": "high",
      "reasoning": "标题式核心“交叉比对”后跟2～4句解释，构成一个完整的方法要点，典型 METHOD_STACK 结构。"
    },
    {
      "text": "第二层。反向发问。当你得到AI的支持性结论后。必须强迫自己提出一个相反的问题。例如：\"如果要证明这个方案不可行。最致命的痛点会是什么？\"",
      "narrativeType": "LOGIC",
      "template": "METHOD_STACK",
      "expressionTag": "method",
      "confidence": "high",
      "reasoning": "标题式核心“反向发问”后跟解释和具体例子，仍为单个方法要点的展开，用 METHOD_STACK 最佳。"
    },
    {
      "text": "第三层。分类建立\"AI警惕区\"。在容错率极低的专业领域。比如法律合规、财务计算、医药健康。自动将AI定位为辅助线索。绝不用作最终结论。",
      "narrativeType": "LOGIC",
      "template": "METHOD_STACK",
      "expressionTag": "method",
      "confidence": "high",
      "reasoning": "标题“分类建立‘AI警惕区’”后紧跟解释域、举例与行动指引，符合 METHOD_STACK 的标题+展开模式。"
    },
    {
      "text": "第四层。保持原始检索习惯。每周抽出一部分时间。不使用AI的直接回答。而是通过阅读长文章、专业报告或与行业专家交流。来获取更深度的输入。",
      "narrativeType": "LOGIC",
      "template": "METHOD_STACK",
      "expressionTag": "method",
      "confidence": "high",
      "reasoning": "标题“保持原始检索习惯”后展开具体操作，解释段落清晰，仍属 METHOD_STACK 的标准用法。"
    },
    {
      "text": "这四层防火墙。不是在给AI挑刺。而是在构建你自己的认知免疫系统。",
      "narrativeType": "CONCLUSION",
      "template": "COGNITIVE_SHIFT",
      "expressionTag": "contrast",
      "confidence": "high",
      "reasoning": "结尾用“不是…而是…”的强对比完成认知升华，匹配 COGNITIVE_SHIFT，形成闭环。"
    }
  ]
}
-------------------------------------------------------------------------------------------

======================================== REQUEST ========================================
time: 2026-07-11 22:57:14
provider: deepseek
model: deepseek-v4-pro
retries: 3

[PROMPT]
你是「镜头分镜 + 动画模板选型」联合优化器。你的任务是在**不改写口播原文**的前提下，把场景原文切成更“原子化”的镜头item，并为每个镜头选择最合适的 `template`。

## 🎥 视频大背景
- **核心主题**：你以为AI在帮你思考？其实它在完成你的认知闭环
- **当前场景**：反转·动态置信

## 📄 场景原文（严禁修改、严禁漏字、严禁补字）
当然。我们也不需要走向另一个极端——怀疑一切。如果你对AI的任何回答都充满防备。花三个小时去验证一个不重要的日常常识。那就失去了效率的意义。

我们需要的是动态置信。

动态置信的意思是。给不同场景下的AI回答设定不同的信任权重。日常闲聊或创意头脑风暴。你可以给它80%的权重；写一封普通邮件。给70%；但到了撰写关键报告、编写核心代码或者进行重要决策时。它的信任度应该降到30%以下。剩下的部分。必须由你自己的大脑和第一手事实来填补。

你永远问自己三个问题。第一。这个信息如果出错。我需要承担多大的代价。第二。我有多大必要去验证它。第三。我现有的资源是否足够支持我进行验证。

想清楚这三点。你才能真正驾驭AI。而不是被AI所编织的信息泡泡所包裹。

你越依赖AI。越容易失去独立判断。真正的思考。不是在AI给出答案时结束。而是在AI给出答案后才刚刚开始。

## 可用模板（共 24 个：`template` 必须且仅能从中选一个）

BEAT_SEQUENCE, CASE_BREAKDOWN, CAUSE_CHAIN, CENTER_FOCUS, CHAT_BUBBLE, CHECKLIST_REVEAL, COGNITIVE_SHIFT, CONCEPT_CARD, DATA_TABLE, DOS_AND_DONTS, KPI_HERO, MAGNIFYING_GLASS, METHOD_STACK, PANEL_GRID, PEER_INDUCT, PROGRESS_RING, PUNCH_CAPTION, QUOTE_CITATION, SPLIT_COMPARE, STAT_COMPARE, STEP_LIST, TEXT_FOCUS, TIMELINE, TREE_DIAGRAM

选型规则以主提示词中的决策树与自检清单为准；参数结构不在此展开，后续步骤会按 Schema 生成 `param`。

---

## 🎯 总目标（必须同时满足）
1. **逐字一致**：每个 item 的 `text` 必须是原文的连续子串；所有 item 的 `text` 按顺序拼接后必须与原文完全一致（允许忽略空白差异，但不能改变任何非空白字符）。
2. **覆盖完整**：原文中每一个字符都必须且只能落在一个 item 里（不重叠、不遗漏）。
3. **表达原子化**：**一个 item 只允许一个主表达结构**（对比/命名/步骤/引用/数据/节拍递进/金句冲击/平铺叙述）。若同一段里混了两种结构，必须拆成多个 item。
4. **长度合理**：为了避免视觉疲劳，一个item中的text拼接后如果长于 50 字应该拆分成多个item。
5. 模板是为了更好的表达item中的text

---

## ✂️ 分镜原则

### Phase 1：时长锚点（量化判断基准）
- 正常语速约 **4~5 字/秒**，单个镜头的理想口播时长：**3~8 秒（约 12~40 字）**
- ⚠️ **< 12 字**的分段：除非是独立金句，否则**必须合并**到相邻镜头
- ⚠️ **> 50 字**的分段：意味着画面停留太久，观众注意力衰减，建议拆分，但拆分点本身仍需有叙事依据
- 在 `estimatedSeconds` 字段中标注预估秒数（字数 ÷ 4.5，保留一位小数）
- 除非模板使用TextFocus，否则不允许content中只有一个Text的情况

### Phase 2：切分信号强度模型
按叙事信号强度决定是否新建镜头，**而非按标点机械切分**：

**🔴 强信号（应新建镜头）**：
- 叙事角色彻底转换：说理/定义 → 举例/场景还原
- 叙事角色彻底转换：铺垫/铺陈 → 行动号召/结论
- 情绪段位跳变：平静分析 → 震惊转折 → 收束共情
- 视觉主体完全更换：讨论 A 话题 → 转到独立的 B 话题

**🟡 中等信号（倾向合并，但单段超过 40 字时可拆）**：
- 同一论点下的多个分点（第一、第二、第三……）
- 同一比喻的铺垫与揭示
- 同一因果链的前提与结论

**🟢 弱信号（严禁作为切分依据）**：
- 普通逗号、顿号、冒号后的补充说明
- 同一句话的前后半段
- "而且""此外""所以"等常见连接词（需配合叙事角色判断）

### Phase 3：合并检查
拆完后对所有 items 做全局合并检查：
- 相邻两个 items 若切分信号为"弱"且合并后总字数不超过 45 字 → **强制合并**
- 相邻两个 items 若叙事角色完全相同、画面视觉重心也相同 → **强制合并**

## 🧭 结构识别 → 模板选型（从上到下命中第一条）

### A. 数据/量化结论（expressionTag=data）
- 两项指标同框对比（涨跌、前后、A/B）→ `STAT_COMPARE`（必须能抽象出两个非负整数）
- 单指标完成度/占比/达成率 → `PROGRESS_RING`
- 单个核心数值/排名/增长率强调 → `KPI_HERO`

### B. 对错/强导向（expressionTag=contrast）
- 明确“别这样/要这样”“错误/正确” → `DOS_AND_DONTS`
- “不是…而是…” → `COGNITIVE_SHIFT`

### C. 多分点/清单/步骤（expressionTag=list|steps|method）
- 两方/两方案并列（更中立的 A vs B）→ `SPLIT_COMPARE`
- 当前 item 原文明确展开 **2～4** 个并列分点/并列例子，且每点需独立配图（宫格）→ `PANEL_GRID`
- 明确步骤序列/短清单，且【同一 item 内】可抽取出 2～6 条“短步骤”（如同时出现“第一/第二/第三…”或“1)/2)/3)”），并且每条步骤建议 ≤10 字、无长解释句 → `STEP_LIST`
  - 反例：只有“第一/第二”这一个标题句（单条）不要选 `STEP_LIST`（至少需要 2 条）
  - 反例：每条方法/步骤后面还跟较长解释、追问或补充句（例如任一解释段 >30 字）→ 不适合 `STEP_LIST`，应拆分 item，并优先用 `METHOD_STACK`（标题式核心 + 解释展开）或 `CENTER_FOCUS`
- “一个标题式核心（方法/建议/观点/卖点/亮点/推荐理由）+ 2～4 句解释展开” → `METHOD_STACK`
- 同一**案例/子话题**、**单主图**，口播 **4～6 句** 呈「个案→误判/推论→纠偏→收束」叙事弧 → `CASE_BREAKDOWN`（非「第一/第二」方法清单、非多图节拍时用本模板；方法要点式仍用 `METHOD_STACK`）

### D. 节拍递进（expressionTag=beat）
- 同一镜头内 2～4 段口播节拍递进（问→驳→收束；铺垫→转折→结论），希望画面跟着分段变化 → `BEAT_SEQUENCE`
  - **提示**：如果递进里还夹杂“强对照/命名”，通常应拆成多个 item，不要硬塞一个 `BEAT_SEQUENCE`。
- 同一镜头内 **因果链 / 机制传导**（因→果→再果，每环一图，无时间轴刻度）→ `CAUSE_CHAIN`

### E. 引用/命名/聚焦（expressionTag=quote|concept|focus）
- 名言、著作、研究、媒体引用、用户评价、证言摘录 → `QUOTE_CITATION`
- 对“专业术语、概念、产品名、品牌关键词、功能名等”新名词进行解释→ `CONCEPT_CARD`
- 需要把注意力锁定到一个关键词/短语/关键细节/核心发现上 → `MAGNIFYING_GLASS`
  - 必须存在明确落点句（如“关键在于…”“核心是…”“结论是…”）
  - 需要后续可提取 1～2 个高价值锚点短语（否则不要选）

### F. 金句冲击（expressionTag=focus）
- 全片级短促强结论、无需配图 → `TEXT_FOCUS`

### G. 时间轴，先后关系（expressionTag=timeline）
- 明确时间先后/阶段演进（过去→现在→未来）→ `TIMELINE`

### G2. 收束清单（expressionTag≈conclusion|list）
- 收束、行动检查项、要点复诵，需要**逐项打勾显现**（非编号短步骤、非并列大图组）→ `CHECKLIST_REVEAL`

### H. 默认（expressionTag=neutral）
- 平缓叙述、单图即可、无上述结构 → `CENTER_FOCUS`

---

## ✅ 输出格式（严格 JSON，禁止包含 markdown 代码块）
{
  "items": [
    {
      "text": "逐字口播片段（必须来自原文，且拼接后覆盖原文）",
      "narrativeType": "HOOK | LOGIC | CASE | DATA | CONCLUSION | TRANSITION",
      "template": "必须来自可用模板列表",
      "expressionTag": "data | contrast | list | steps | method | beat | quote | concept | focus | timeline | neutral",
      "confidence": "low | medium | high",
      "reasoning": "一句话说明：该段的主表达结构是什么 → 为什么选该模板 → 若拆分/合并，理由是什么"
    }
  ]
}

===========================================================================================
---------------------------------------- RESPONSE ----------------------------------------
time: 2026-07-11 22:59:10
attempt: 1/3

[OUTPUT]
{
  "items": [
    {
      "text": "当然。我们也不需要走向另一个极端——怀疑一切。",
      "narrativeType": "TRANSITION",
      "template": "CENTER_FOCUS",
      "expressionTag": "neutral",
      "confidence": "high",
      "reasoning": "过场句+核心观点，平缓叙述，无需特殊结构，用CENTER_FOCUS承接上下文转折。"
    },
    {
      "text": "如果你对AI的任何回答都充满防备。花三个小时去验证一个不重要的日常常识。那就失去了效率的意义。",
      "narrativeType": "LOGIC",
      "template": "BEAT_SEQUENCE",
      "expressionTag": "beat",
      "confidence": "high",
      "reasoning": "假设→行为→后果三段递进，符合BEAT_SEQUENCE的节拍推进结构，画面随节拍切换。"
    },
    {
      "text": "我们需要的是动态置信。",
      "narrativeType": "TRANSITION",
      "template": "TEXT_FOCUS",
      "expressionTag": "focus",
      "confidence": "high",
      "reasoning": "核心概念金句，独立短促冲击，用TEXT_FOCUS全屏文字强化信念感。"
    },
    {
      "text": "动态置信的意思是。给不同场景下的AI回答设定不同的信任权重。",
      "narrativeType": "LOGIC",
      "template": "CONCEPT_CARD",
      "expressionTag": "concept",
      "confidence": "high",
      "reasoning": "对专业术语“动态置信”进行定义解释，适用概念卡片模板，突出命名与界定。"
    },
    {
      "text": "日常闲聊或创意头脑风暴。你可以给它80%的权重；写一封普通邮件。给70%；但到了撰写关键报告、编写核心代码或者进行重要决策时。它的信任度应该降到30%以下。",
      "narrativeType": "CASE",
      "template": "PANEL_GRID",
      "expressionTag": "list",
      "confidence": "high",
      "reasoning": "三个并列场景举例，每个需独立配图，适合宫格展示不同场景的权重分解。"
    },
    {
      "text": "剩下的部分。必须由你自己的大脑和第一手事实来填补。",
      "narrativeType": "CONCLUSION",
      "template": "CENTER_FOCUS",
      "expressionTag": "neutral",
      "confidence": "high",
      "reasoning": "补充性结论，平铺直叙强调人的主体性，用单图居中即可。"
    },
    {
      "text": "你永远问自己三个问题。第一。这个信息如果出错。我需要承担多大的代价。",
      "narrativeType": "LOGIC",
      "template": "CHECKLIST_REVEAL",
      "expressionTag": "list",
      "confidence": "high",
      "reasoning": "行动检查项开头，逐项打勾显现，将第一问与引导句组合为一个清单reveal。"
    },
    {
      "text": "第二。我有多大必要去验证它。第三。我现有的资源是否足够支持我进行验证。",
      "narrativeType": "LOGIC",
      "template": "CHECKLIST_REVEAL",
      "expressionTag": "list",
      "confidence": "high",
      "reasoning": "继续剩余两个检查项，同样用打勾清单呈现，确保完整三个问题。"
    },
    {
      "text": "想清楚这三点。你才能真正驾驭AI。而不是被AI所编织的信息泡泡所包裹。",
      "narrativeType": "CONCLUSION",
      "template": "COGNITIVE_SHIFT",
      "expressionTag": "contrast",
      "confidence": "high",
      "reasoning": "“而不是”构成显性认知反转，适合COGNITIVE_SHIFT展示从被包裹到驾驭的转变。"
    },
    {
      "text": "你越依赖AI。越容易失去独立判断。",
      "narrativeType": "LOGIC",
      "template": "CAUSE_CHAIN",
      "expressionTag": "beat",
      "confidence": "high",
      "reasoning": "明确因果递进：依赖导致判断力丧失，用CAUSE_CHAIN单环因果强化逻辑。"
    },
    {
      "text": "真正的思考。不是在AI给出答案时结束。而是在AI给出答案后才刚刚开始。",
      "narrativeType": "CONCLUSION",
      "template": "COGNITIVE_SHIFT",
      "expressionTag": "contrast",
      "confidence": "high",
      "reasoning": "“不是…而是…”再次形成对照，适合COGNITIVE_SHIFT收束全片核心认知。"
    }
  ]
}
-------------------------------------------------------------------------------------------

======================================== REQUEST ========================================
time: 2026-07-11 22:59:10
provider: deepseek
model: deepseek-v4-pro
retries: 3

[PROMPT]
你是短视频字幕与画面细节处理专家。请把指定台词细化为字模显示参数。


## 完整段落上下文（仅供理解整体语境，判断当前句子的重要性）
你身边一定有这样的人。

争论到一半，他掏出手机，问了一下豆包，然后把屏幕转过来给你看——"你看，豆包都说了，我说的没错吧。"

于是争论结束了。豆包说的，就是答案。

这类人，我们姑且叫他"豆包仙人"。

豆包仙人的逻辑很简单：我有疑问，豆包给我解答；豆包支持我，我就对了。
他不是在用AI查资料，他是在用AI给自己盖章。

但他可能从来没想过一个问题：豆包给出的，是它认为你想听的答案，还是真实的答案？

这两者，往往不是同一回事。


## 🎯 待处理的目标文案
你身边一定有这样的人。争论到一半，他掏出手机，问了一下豆包，然后把屏幕转过来给你看——“你看，豆包都说了，我说的没错吧。”

## 目标文案content的数组结构
生成模板参数时，format为content_index的字段依据此数组选择匹配的索引，用于决定相应内容出现在动画中的时机

[
  {
    "index": 0,
    "text": "你身边一定有这样的人。"
  },
  {
    "index": 1,
    "text": "争论到一半，"
  },
  {
    "index": 2,
    "text": "他掏出手机，"
  },
  {
    "index": 3,
    "text": "问了一下豆包，"
  },
  {
    "index": 4,
    "text": "然后把屏幕转过来给你看—"
  },
  {
    "index": 5,
    "text": "—"
  },
  {
    "index": 6,
    "text": "“你看，"
  },
  {
    "index": 7,
    "text": "豆包都说了，"
  },
  {
    "index": 8,
    "text": "我说的没错吧。”"
  }
]


## 选定模板及参数规范

模板名称：CENTER_FOCUS

参数 Schema 说明：

{
  "type": "object",
  "properties": {
    "imageSrc": {
      "type": "string",
      "format": "image_prompt",
      "description": "主图描述"
    },
    "enterEffect": {
      "type": "string",
      "enum": [
        "fadeIn",
        "slideLeft",
        "slideBottom",
        "zoomIn"
      ],
      "default": "fadeIn",
      "description": "图片入场方式（breathe 呼吸效果始终常驻，无需指定）"
    },
    "anchors": {
      "type": "array",
      "description": "可选；用于锚点词展示（顶部依次出现并保留为列表），并绑定锚点出现时机的音效。showFrom 须落在当前 content 条数范围内。注意 **保持克制，尽量少设置锚点** 只提取整段里真正的高潮、反转或核心名词",
      "items": {
        "type": "object",
        "required": [
          "text",
          "showFrom"
        ],
        "properties": {
          "text": {
            "type": "string",
            "description": "要展示的锚点词"
          },
          "showFrom": {
            "type": "integer",
            "format": "content_index",
            "description": "content 数组下标（0-based），非帧数；合法范围 0～(content 条数-1)，超出会被校验丢弃"
          },
          "color": {
            "type": "string"
          },
          "anim": {
            "type": "string",
            "enum": [
              "spring",
              "slideUp",
              "popIn",
              "highlight"
            ]
          },
          "audioEffect": {
            "type": "string",
            "enum": [
              "impact_thud",
              "ping",
              "woosh"
            ]
          }
        }
      }
    }
  },
  "required": [
    "imageSrc"
  ]
}


模板该项的示例供参考：

{
  "template": "CENTER_FOCUS",
  "param": {
    "imageSrc": "上班族坐在电脑前的简笔画图标",
    "enterEffect": "fadeIn",
    "anchors": [
      {
        "text": "可得性启发",
        "showFrom": 0,
        "color": "red"
      }
    ]
  }
}


注意：如果该模板生成的参数包含图片视觉描述（如 imageSrc / leftSrc / rightSrc 等等），请只描述纯视觉场景与动作，绝不要包含任何文字、标语或注音。


## 其他通用说明
1. 锚点（Anchor）— 克制与高价值（适用于 SCHEMA 或上文允许出现锚点/高亮时）：
   - 多数句子应**无锚点**；拿不准就留空或 `[]`，避免满屏高亮。
   - 如果一定需要锚点，只选**整段里真正的高潮、反转或核心名词**（宜 2～4 字、有记忆点）；平庸词、铺垫句不要做成锚点。
   - 颜色建议：`#EF4444`（警示/反转/负面/结论）、`#000000`（事实/术语/数据）。动画 `anim`：`spring` | `slideUp` | `popIn` | `highlight`。
   - 音效可选(仅写在锚点对象上的 `audioEffect`)：`impact_thud` | `ping` | `woosh`

2. 视觉标题与字幕分离（仅当 SCHEMA 要求 `notText` / `butText` / `conceptName`、或 DOS_AND_DONTS 的 `left.label` / `right.label` 等时）：

   - 填**极简关键词（约 2～6 字）**，禁止把整句台词搬进标题字段。



## 输出格式（严格 JSON，不要 markdown 代码块）
补全当前模板的param,非数组：
{ "param": { ... } }

===========================================================================================
---------------------------------------- RESPONSE ----------------------------------------
time: 2026-07-11 22:59:23
attempt: 1/3

[OUTPUT]
{
  "param": {
    "imageSrc": "简笔画风格：两个男人争论，一人掏出手机，屏幕上豆包应用图标亮起，然后他把手机转向对方，表情自信",
    "enterEffect": "fadeIn",
    "anchors": [
      {
        "text": "豆包",
        "showFrom": 3,
        "color": "#EF4444",
        "anim": "popIn"
      }
    ]
  }
}
-------------------------------------------------------------------------------------------

======================================== REQUEST ========================================
time: 2026-07-11 22:59:23
provider: deepseek
model: deepseek-v4-pro
retries: 3

[PROMPT]
你是短视频字幕与画面细节处理专家。请把指定台词细化为字模显示参数。


## 完整段落上下文（仅供理解整体语境，判断当前句子的重要性）
你身边一定有这样的人。

争论到一半，他掏出手机，问了一下豆包，然后把屏幕转过来给你看——"你看，豆包都说了，我说的没错吧。"

于是争论结束了。豆包说的，就是答案。

这类人，我们姑且叫他"豆包仙人"。

豆包仙人的逻辑很简单：我有疑问，豆包给我解答；豆包支持我，我就对了。
他不是在用AI查资料，他是在用AI给自己盖章。

但他可能从来没想过一个问题：豆包给出的，是它认为你想听的答案，还是真实的答案？

这两者，往往不是同一回事。


## 🎯 待处理的目标文案
于是争论结束了。豆包说的，就是答案。

## 目标文案content的数组结构
生成模板参数时，format为content_index的字段依据此数组选择匹配的索引，用于决定相应内容出现在动画中的时机

[
  {
    "index": 0,
    "text": "于是争论结束了。"
  },
  {
    "index": 1,
    "text": "豆包说的，"
  },
  {
    "index": 2,
    "text": "就是答案。"
  }
]


## 选定模板及参数规范

模板名称：TEXT_FOCUS

参数 Schema 说明：

{
  "type": "object",
  "properties": {
    "coreSentence": {
      "type": "array",
      "minItems": 1,
      "description": "大屏核心文案，每元素一行：可为 string，或 { text, showFrom, endFrom? }；showFrom/endFrom 为 content 下标（0-based），非帧数：在该条 startFrame 显现；可选 endFrom 表示在该条播完（startFrame+durationFrames）后起淡出。纯 string 等价于 showFrom=0、无 endFrom。锚点校验时各段 text 按顺序直接拼接（无分隔符）。",
      "items": {
        "oneOf": [
          {
            "type": "string"
          },
          {
            "type": "object",
            "required": [
              "text",
              "showFrom"
            ],
            "properties": {
              "text": {
                "type": "string",
                "description": "该行大屏文案"
              },
              "showFrom": {
                "type": "integer",
                "format": "content_index",
                "description": "content 下标（0-based），非帧数"
              },
              "endFrom": {
                "type": "integer",
                "format": "content_index",
                "description": "可选；content 下标（0-based），非帧数；该行在对应条字幕结束帧（startFrame+durationFrames）起淡出"
              }
            }
          }
        ]
      }
    },
    "coreSentenceAnchors": {
      "type": "array",
      "description": "可选；在 coreSentence 各段拼接后的全文内按顺序高亮子串。每项 coreSentenceAnchor 须为该拼接串的子串，否则会被校验丢弃",
      "items": {
        "type": "object",
        "required": [
          "coreSentenceAnchor"
        ],
        "properties": {
          "coreSentenceAnchor": {
            "type": "string",
            "description": "要高亮的子串，须出现在各 coreSentence 段拼接后的全文内"
          },
          "color": {
            "type": "string",
            "description": "高亮颜色，省略时默认强调色"
          }
        }
      }
    }
  },
  "required": [
    "coreSentence"
  ]
}

// 口播条数（已由程序写入 CONTENT_STR，勿在 param 中输出 content）：口播分句至多 3 条（超出会被校验器告警）


模板该项的示例供参考：

{
  "template": "TEXT_FOCUS",
  "param": {
    "coreSentence": [
      {
        "text": "承认自己“可能错了”并不是一种软弱",
        "showFrom": 0,
        "endFrom": 0
      },
      {
        "text": "而是成长的开始",
        "showFrom": 1,
        "endFrom": 1
      }
    ],
    "coreSentenceAnchors": [
      {
        "coreSentenceAnchor": "可能错了",
        "color": "red"
      }
    ]
  }
}


注意：如果该模板生成的参数包含图片视觉描述（如 imageSrc / leftSrc / rightSrc 等等），请只描述纯视觉场景与动作，绝不要包含任何文字、标语或注音。


## 其他通用说明
1. 锚点（Anchor）— 克制与高价值（适用于 SCHEMA 或上文允许出现锚点/高亮时）：
   - 多数句子应**无锚点**；拿不准就留空或 `[]`，避免满屏高亮。
   - 如果一定需要锚点，只选**整段里真正的高潮、反转或核心名词**（宜 2～4 字、有记忆点）；平庸词、铺垫句不要做成锚点。
   - 颜色建议：`#EF4444`（警示/反转/负面/结论）、`#000000`（事实/术语/数据）。动画 `anim`：`spring` | `slideUp` | `popIn` | `highlight`。
   - 音效可选(仅写在锚点对象上的 `audioEffect`)：`impact_thud` | `ping` | `woosh`

2. 视觉标题与字幕分离（仅当 SCHEMA 要求 `notText` / `butText` / `conceptName`、或 DOS_AND_DONTS 的 `left.label` / `right.label` 等时）：

   - 填**极简关键词（约 2～6 字）**，禁止把整句台词搬进标题字段。



## 输出格式（严格 JSON，不要 markdown 代码块）
补全当前模板的param,非数组：
{ "param": { ... } }

===========================================================================================
---------------------------------------- RESPONSE ----------------------------------------
time: 2026-07-11 22:59:35
attempt: 1/3

[OUTPUT]
{
  "param": {
    "coreSentence": [
      {
        "text": "于是争论结束了。",
        "showFrom": 0,
        "endFrom": 0
      },
      {
        "text": "豆包说的，就是答案。",
        "showFrom": 1,
        "endFrom": 2
      }
    ],
    "coreSentenceAnchors": [
      {
        "coreSentenceAnchor": "就是答案",
        "color": "#EF4444"
      }
    ]
  }
}
-------------------------------------------------------------------------------------------

======================================== REQUEST ========================================
time: 2026-07-11 22:59:35
provider: deepseek
model: deepseek-v4-pro
retries: 3

[PROMPT]
你是短视频字幕与画面细节处理专家。请把指定台词细化为字模显示参数。


## 完整段落上下文（仅供理解整体语境，判断当前句子的重要性）
你身边一定有这样的人。

争论到一半，他掏出手机，问了一下豆包，然后把屏幕转过来给你看——"你看，豆包都说了，我说的没错吧。"

于是争论结束了。豆包说的，就是答案。

这类人，我们姑且叫他"豆包仙人"。

豆包仙人的逻辑很简单：我有疑问，豆包给我解答；豆包支持我，我就对了。
他不是在用AI查资料，他是在用AI给自己盖章。

但他可能从来没想过一个问题：豆包给出的，是它认为你想听的答案，还是真实的答案？

这两者，往往不是同一回事。


## 🎯 待处理的目标文案
这类人，我们姑且叫他“豆包仙人”。

## 目标文案content的数组结构
生成模板参数时，format为content_index的字段依据此数组选择匹配的索引，用于决定相应内容出现在动画中的时机

[
  {
    "index": 0,
    "text": "这类人，"
  },
  {
    "index": 1,
    "text": "我们姑且叫他“豆包仙人”。"
  }
]


## 选定模板及参数规范

模板名称：CONCEPT_CARD

参数 Schema 说明：

{
  "type": "object",
  "properties": {
    "imageSrc": {
      "type": "string",
      "format": "image_prompt",
      "description": "概念图标描述"
    },
    "conceptName": {
      "type": "string",
      "description": "概念名称"
    }
  },
  "required": [
    "imageSrc",
    "conceptName"
  ]
}


模板该项的示例供参考：

{
  "template": "CONCEPT_CARD",
  "param": {
    "imageSrc": "过滤器/筛网简笔画图标",
    "conceptName": "幸存者偏差"
  }
}


注意：如果该模板生成的参数包含图片视觉描述（如 imageSrc / leftSrc / rightSrc 等等），请只描述纯视觉场景与动作，绝不要包含任何文字、标语或注音。


## 其他通用说明
1. 锚点（Anchor）— 克制与高价值（适用于 SCHEMA 或上文允许出现锚点/高亮时）：
   - 多数句子应**无锚点**；拿不准就留空或 `[]`，避免满屏高亮。
   - 如果一定需要锚点，只选**整段里真正的高潮、反转或核心名词**（宜 2～4 字、有记忆点）；平庸词、铺垫句不要做成锚点。
   - 颜色建议：`#EF4444`（警示/反转/负面/结论）、`#000000`（事实/术语/数据）。动画 `anim`：`spring` | `slideUp` | `popIn` | `highlight`。
   - 音效可选(仅写在锚点对象上的 `audioEffect`)：`impact_thud` | `ping` | `woosh`

2. 视觉标题与字幕分离（仅当 SCHEMA 要求 `notText` / `butText` / `conceptName`、或 DOS_AND_DONTS 的 `left.label` / `right.label` 等时）：

   - 填**极简关键词（约 2～6 字）**，禁止把整句台词搬进标题字段。



## 输出格式（严格 JSON，不要 markdown 代码块）
补全当前模板的param,非数组：
{ "param": { ... } }

===========================================================================================
---------------------------------------- RESPONSE ----------------------------------------
time: 2026-07-11 22:59:42
attempt: 1/3

[OUTPUT]
{"param": {"imageSrc": "简笔画风格的豆包仙人图标：一个饱满的圆润豆包形状，顶部环绕祥云与光环，简洁线条", "conceptName": "豆包仙人"}}
-------------------------------------------------------------------------------------------

======================================== REQUEST ========================================
time: 2026-07-11 22:59:42
provider: deepseek
model: deepseek-v4-pro
retries: 3

[PROMPT]
你是短视频字幕与画面细节处理专家。请把指定台词细化为字模显示参数。


## 完整段落上下文（仅供理解整体语境，判断当前句子的重要性）
你身边一定有这样的人。

争论到一半，他掏出手机，问了一下豆包，然后把屏幕转过来给你看——"你看，豆包都说了，我说的没错吧。"

于是争论结束了。豆包说的，就是答案。

这类人，我们姑且叫他"豆包仙人"。

豆包仙人的逻辑很简单：我有疑问，豆包给我解答；豆包支持我，我就对了。
他不是在用AI查资料，他是在用AI给自己盖章。

但他可能从来没想过一个问题：豆包给出的，是它认为你想听的答案，还是真实的答案？

这两者，往往不是同一回事。


## 🎯 待处理的目标文案
豆包仙人的逻辑很简单：我有疑问，豆包给我解答；豆包支持我，我就对了。

## 目标文案content的数组结构
生成模板参数时，format为content_index的字段依据此数组选择匹配的索引，用于决定相应内容出现在动画中的时机

[
  {
    "index": 0,
    "text": "豆包仙人的逻辑很简单："
  },
  {
    "index": 1,
    "text": "我有疑问，"
  },
  {
    "index": 2,
    "text": "豆包给我解答；"
  },
  {
    "index": 3,
    "text": "豆包支持我，"
  },
  {
    "index": 4,
    "text": "我就对了。"
  }
]


## 选定模板及参数规范

模板名称：CAUSE_CHAIN

参数 Schema 说明：

{
  "type": "object",
  "properties": {
    "layout": {
      "type": "string",
      "enum": [
        "horizontal",
        "vertical"
      ],
      "default": "horizontal",
      "description": "链的排布方向；横屏/常规叙事默认 horizontal，竖屏可设 vertical"
    },
    "nodes": {
      "type": "array",
      "minItems": 2,
      "maxItems": 4,
      "description": "因果节点；showFrom 为 content 数组下标（0-based），入场时刻取该条 startFrame",
      "items": {
        "type": "object",
        "required": [
          "label",
          "imageSrc",
          "showFrom"
        ],
        "properties": {
          "label": {
            "type": "string",
            "description": "节点短标签，建议 2～8 字"
          },
          "imageSrc": {
            "type": "string",
            "format": "image_prompt",
            "description": "该环节隐喻配图"
          },
          "showFrom": {
            "type": "integer",
            "format": "content_index",
            "description": "content 下标（0-based），非帧数"
          },
          "enterEffect": {
            "type": "string",
            "enum": [
              "breathe",
              "slideLeft",
              "slideBottom",
              "zoomIn",
              "fadeIn"
            ],
            "default": "fadeIn"
          }
        }
      }
    },
    "anchors": {
      "type": "array",
      "description": "可选；顶部依次展示锚点词并保留为列表，showFrom 为 content 下标（0-based，非帧数）；保持克制，只提取整段里真正的高潮、反转或核心名词",
      "items": {
        "type": "object",
        "required": [
          "text",
          "showFrom"
        ],
        "properties": {
          "text": {
            "type": "string",
            "description": "要展示的锚点词"
          },
          "showFrom": {
            "type": "integer",
            "format": "content_index",
            "description": "content 数组下标（0-based），非帧数；合法范围 0～(content 条数-1)，超出会被校验丢弃"
          },
          "color": {
            "type": "string"
          },
          "anim": {
            "type": "string",
            "enum": [
              "spring",
              "slideUp",
              "popIn",
              "highlight"
            ]
          },
          "audioEffect": {
            "type": "string",
            "enum": [
              "impact_thud",
              "ping",
              "woosh"
            ]
          }
        }
      }
    }
  },
  "required": [
    "nodes"
  ]
}

// 口播条数（已由程序写入 CONTENT_STR，勿在 param 中输出 content）：口播分句（item.content）至少 2 条；口播分句至多 6 条（超出会被校验器告警）


模板该项的示例供参考：

{
  "template": "CAUSE_CHAIN",
  "param": {
    "layout": "horizontal",
    "nodes": [
      {
        "label": "刺激",
        "imageSrc": "闪电击中大脑的简笔画",
        "showFrom": 0
      },
      {
        "label": "解读",
        "imageSrc": "放大镜看信息的简笔画",
        "showFrom": 1
      },
      {
        "label": "行动",
        "imageSrc": "按下按钮的简笔画",
        "showFrom": 2
      }
    ]
  }
}


注意：如果该模板生成的参数包含图片视觉描述（如 imageSrc / leftSrc / rightSrc 等等），请只描述纯视觉场景与动作，绝不要包含任何文字、标语或注音。


## 其他通用说明
1. 锚点（Anchor）— 克制与高价值（适用于 SCHEMA 或上文允许出现锚点/高亮时）：
   - 多数句子应**无锚点**；拿不准就留空或 `[]`，避免满屏高亮。
   - 如果一定需要锚点，只选**整段里真正的高潮、反转或核心名词**（宜 2～4 字、有记忆点）；平庸词、铺垫句不要做成锚点。
   - 颜色建议：`#EF4444`（警示/反转/负面/结论）、`#000000`（事实/术语/数据）。动画 `anim`：`spring` | `slideUp` | `popIn` | `highlight`。
   - 音效可选(仅写在锚点对象上的 `audioEffect`)：`impact_thud` | `ping` | `woosh`

2. 视觉标题与字幕分离（仅当 SCHEMA 要求 `notText` / `butText` / `conceptName`、或 DOS_AND_DONTS 的 `left.label` / `right.label` 等时）：

   - 填**极简关键词（约 2～6 字）**，禁止把整句台词搬进标题字段。



## 输出格式（严格 JSON，不要 markdown 代码块）
补全当前模板的param,非数组：
{ "param": { ... } }

===========================================================================================
---------------------------------------- RESPONSE ----------------------------------------
time: 2026-07-11 22:59:57
attempt: 1/3

[OUTPUT]
{
  "param": {
    "layout": "horizontal",
    "nodes": [
      {
        "label": "提出疑问",
        "imageSrc": "一个人头顶问号的简笔画",
        "showFrom": 1
      },
      {
        "label": "豆包解答",
        "imageSrc": "手机屏幕上豆包图标给出信息的简笔画",
        "showFrom": 2
      },
      {
        "label": "获得支持",
        "imageSrc": "一个印章盖在文件上表示认可的简笔画",
        "showFrom": 3
      },
      {
        "label": "结论正确",
        "imageSrc": "一个对勾符号或胜利手势的简笔画",
        "showFrom": 4
      }
    ]
  }
}
-------------------------------------------------------------------------------------------

======================================== REQUEST ========================================
time: 2026-07-11 22:59:57
provider: deepseek
model: deepseek-v4-pro
retries: 3

[PROMPT]
你是短视频字幕与画面细节处理专家。请把指定台词细化为字模显示参数。


## 完整段落上下文（仅供理解整体语境，判断当前句子的重要性）
你身边一定有这样的人。

争论到一半，他掏出手机，问了一下豆包，然后把屏幕转过来给你看——"你看，豆包都说了，我说的没错吧。"

于是争论结束了。豆包说的，就是答案。

这类人，我们姑且叫他"豆包仙人"。

豆包仙人的逻辑很简单：我有疑问，豆包给我解答；豆包支持我，我就对了。
他不是在用AI查资料，他是在用AI给自己盖章。

但他可能从来没想过一个问题：豆包给出的，是它认为你想听的答案，还是真实的答案？

这两者，往往不是同一回事。


## 🎯 待处理的目标文案
他不是在用AI查资料，他是在用AI给自己盖章。

## 目标文案content的数组结构
生成模板参数时，format为content_index的字段依据此数组选择匹配的索引，用于决定相应内容出现在动画中的时机

[
  {
    "index": 0,
    "text": "他不是在用AI查资料，"
  },
  {
    "index": 1,
    "text": "他是在用AI给自己盖章。"
  }
]


## 选定模板及参数规范

模板名称：COGNITIVE_SHIFT

参数 Schema 说明：

{
  "type": "object",
  "properties": {
    "notText": {
      "type": "string",
      "description": "被否认知（‘不是’后面的内容）的精炼短句，不超过12个字，"
    },
    "butText": {
      "type": "string",
      "description": "真实认知（‘而是’后面的内容）的精炼短句，不超过12个字"
    },
    "butSrc": {
      "type": "string",
      "format": "image_prompt",
      "description": "真实认知的配图"
    },
    "notContentIndex": {
      "type": "integer",
      "format": "content_index",
      "description": "触发「不是」动画的字幕段索引（默认 0）"
    },
    "butContentIndex": {
      "type": "integer",
      "format": "content_index",
      "description": "触发「而是」动画的字幕段索引（默认 1）"
    }
  },
  "required": [
    "notText",
    "butText"
  ]
}


模板该项的示例供参考：

{
  "template": "COGNITIVE_SHIFT",
  "content": [
    "我们都不应该靠勤奋拼命",
    "我们都应该是靠认知和选择",
    "这样我才能成功"
  ],
  "param": {
    "notText": "靠勤奋拼命",
    "butText": "靠认知和选择",
    "butSrc": "站在高处看地图的思考者",
    "notContentIndex": 0,
    "butContentIndex": 1
  }
}


注意：如果该模板生成的参数包含图片视觉描述（如 imageSrc / leftSrc / rightSrc 等等），请只描述纯视觉场景与动作，绝不要包含任何文字、标语或注音。


## 其他通用说明
1. 锚点（Anchor）— 克制与高价值（适用于 SCHEMA 或上文允许出现锚点/高亮时）：
   - 多数句子应**无锚点**；拿不准就留空或 `[]`，避免满屏高亮。
   - 如果一定需要锚点，只选**整段里真正的高潮、反转或核心名词**（宜 2～4 字、有记忆点）；平庸词、铺垫句不要做成锚点。
   - 颜色建议：`#EF4444`（警示/反转/负面/结论）、`#000000`（事实/术语/数据）。动画 `anim`：`spring` | `slideUp` | `popIn` | `highlight`。
   - 音效可选(仅写在锚点对象上的 `audioEffect`)：`impact_thud` | `ping` | `woosh`

2. 视觉标题与字幕分离（仅当 SCHEMA 要求 `notText` / `butText` / `conceptName`、或 DOS_AND_DONTS 的 `left.label` / `right.label` 等时）：

   - 填**极简关键词（约 2～6 字）**，禁止把整句台词搬进标题字段。



## 输出格式（严格 JSON，不要 markdown 代码块）
补全当前模板的param,非数组：
{ "param": { ... } }

===========================================================================================
---------------------------------------- RESPONSE ----------------------------------------
time: 2026-07-11 23:00:07
attempt: 1/3

[OUTPUT]
{
  "param": {
    "notText": "用AI查资料",
    "butText": "给自己盖章",
    "butSrc": "一只手握着红色印章，重重盖在闪光的证书上",
    "notContentIndex": 0,
    "butContentIndex": 1
  }
}
-------------------------------------------------------------------------------------------

======================================== REQUEST ========================================
time: 2026-07-11 23:00:07
provider: deepseek
model: deepseek-v4-pro
retries: 3

[PROMPT]
你是短视频字幕与画面细节处理专家。请把指定台词细化为字模显示参数。


## 完整段落上下文（仅供理解整体语境，判断当前句子的重要性）
你身边一定有这样的人。

争论到一半，他掏出手机，问了一下豆包，然后把屏幕转过来给你看——"你看，豆包都说了，我说的没错吧。"

于是争论结束了。豆包说的，就是答案。

这类人，我们姑且叫他"豆包仙人"。

豆包仙人的逻辑很简单：我有疑问，豆包给我解答；豆包支持我，我就对了。
他不是在用AI查资料，他是在用AI给自己盖章。

但他可能从来没想过一个问题：豆包给出的，是它认为你想听的答案，还是真实的答案？

这两者，往往不是同一回事。


## 🎯 待处理的目标文案
但他可能从来没想过一个问题：豆包给出的，是它认为你想听的答案，还是真实的答案？

## 目标文案content的数组结构
生成模板参数时，format为content_index的字段依据此数组选择匹配的索引，用于决定相应内容出现在动画中的时机

[
  {
    "index": 0,
    "text": "但他可能从来没想过一个问题："
  },
  {
    "index": 1,
    "text": "豆包给出的，"
  },
  {
    "index": 2,
    "text": "是它认为你想听的答案，"
  },
  {
    "index": 3,
    "text": "还是真实的答案？"
  }
]


## 选定模板及参数规范

模板名称：MAGNIFYING_GLASS

参数 Schema 说明：

{
  "type": "object",
  "properties": {
    "anchors": {
      "type": "array",
      "minItems": 1,
      "maxItems": 3,
      "description": "必填且非空（建议 1～2 个高价值锚点）；每项通过 showFrom 对齐 content 分句。锚点应落在“揭示性落点句”或其核心关键词上，不要把整段说明塞满锚点",
      "items": {
        "type": "object",
        "required": [
          "text",
          "showFrom"
        ],
        "properties": {
          "text": {
            "type": "string",
            "description": "要聚焦的关键词/短语"
          },
          "showFrom": {
            "type": "integer",
            "format": "content_index",
            "description": "content 数组下标（0-based），非帧数；合法范围 0～(content 条数-1)，超出会被校验丢弃"
          },
          "color": {
            "type": "string"
          },
          "anim": {
            "type": "string",
            "enum": [
              "spring",
              "slideUp",
              "popIn",
              "highlight"
            ]
          },
          "audioEffect": {
            "type": "string",
            "enum": [
              "impact_thud",
              "ping",
              "woosh"
            ]
          }
        }
      }
    }
  },
  "required": [
    "anchors"
  ]
}


模板该项的示例供参考：

{
  "template": "MAGNIFYING_GLASS",
  "param": {
    "anchors": [
      {
        "text": "忽略了基础",
        "showFrom": 0,
        "color": "#111111",
        "anim": "popIn",
        "audioEffect": "ping"
      }
    ]
  }
}


注意：如果该模板生成的参数包含图片视觉描述（如 imageSrc / leftSrc / rightSrc 等等），请只描述纯视觉场景与动作，绝不要包含任何文字、标语或注音。


## 其他通用说明
1. 锚点（Anchor）— 克制与高价值（适用于 SCHEMA 或上文允许出现锚点/高亮时）：
   - 多数句子应**无锚点**；拿不准就留空或 `[]`，避免满屏高亮。
   - 如果一定需要锚点，只选**整段里真正的高潮、反转或核心名词**（宜 2～4 字、有记忆点）；平庸词、铺垫句不要做成锚点。
   - 颜色建议：`#EF4444`（警示/反转/负面/结论）、`#000000`（事实/术语/数据）。动画 `anim`：`spring` | `slideUp` | `popIn` | `highlight`。
   - 音效可选(仅写在锚点对象上的 `audioEffect`)：`impact_thud` | `ping` | `woosh`

2. 视觉标题与字幕分离（仅当 SCHEMA 要求 `notText` / `butText` / `conceptName`、或 DOS_AND_DONTS 的 `left.label` / `right.label` 等时）：

   - 填**极简关键词（约 2～6 字）**，禁止把整句台词搬进标题字段。



## 输出格式（严格 JSON，不要 markdown 代码块）
补全当前模板的param,非数组：
{ "param": { ... } }

===========================================================================================
---------------------------------------- RESPONSE ----------------------------------------
time: 2026-07-11 23:00:18
attempt: 1/3

[OUTPUT]
{"param": {"anchors": [{"text": "你想听的答案", "showFrom": 2, "color": "#EF4444", "anim": "popIn", "audioEffect": "ping"}, {"text": "真实的答案？", "showFrom": 3, "color": "#EF4444", "anim": "popIn", "audioEffect": "ping"}]}}
-------------------------------------------------------------------------------------------

======================================== REQUEST ========================================
time: 2026-07-11 23:00:18
provider: deepseek
model: deepseek-v4-pro
retries: 3

[PROMPT]
你是短视频字幕与画面细节处理专家。请把指定台词细化为字模显示参数。


## 完整段落上下文（仅供理解整体语境，判断当前句子的重要性）
你身边一定有这样的人。

争论到一半，他掏出手机，问了一下豆包，然后把屏幕转过来给你看——"你看，豆包都说了，我说的没错吧。"

于是争论结束了。豆包说的，就是答案。

这类人，我们姑且叫他"豆包仙人"。

豆包仙人的逻辑很简单：我有疑问，豆包给我解答；豆包支持我，我就对了。
他不是在用AI查资料，他是在用AI给自己盖章。

但他可能从来没想过一个问题：豆包给出的，是它认为你想听的答案，还是真实的答案？

这两者，往往不是同一回事。


## 🎯 待处理的目标文案
这两者，往往不是同一回事。

## 目标文案content的数组结构
生成模板参数时，format为content_index的字段依据此数组选择匹配的索引，用于决定相应内容出现在动画中的时机

[
  {
    "index": 0,
    "text": "这两者，"
  },
  {
    "index": 1,
    "text": "往往不是同一回事。"
  }
]


## 选定模板及参数规范

模板名称：TEXT_FOCUS

参数 Schema 说明：

{
  "type": "object",
  "properties": {
    "coreSentence": {
      "type": "array",
      "minItems": 1,
      "description": "大屏核心文案，每元素一行：可为 string，或 { text, showFrom, endFrom? }；showFrom/endFrom 为 content 下标（0-based），非帧数：在该条 startFrame 显现；可选 endFrom 表示在该条播完（startFrame+durationFrames）后起淡出。纯 string 等价于 showFrom=0、无 endFrom。锚点校验时各段 text 按顺序直接拼接（无分隔符）。",
      "items": {
        "oneOf": [
          {
            "type": "string"
          },
          {
            "type": "object",
            "required": [
              "text",
              "showFrom"
            ],
            "properties": {
              "text": {
                "type": "string",
                "description": "该行大屏文案"
              },
              "showFrom": {
                "type": "integer",
                "format": "content_index",
                "description": "content 下标（0-based），非帧数"
              },
              "endFrom": {
                "type": "integer",
                "format": "content_index",
                "description": "可选；content 下标（0-based），非帧数；该行在对应条字幕结束帧（startFrame+durationFrames）起淡出"
              }
            }
          }
        ]
      }
    },
    "coreSentenceAnchors": {
      "type": "array",
      "description": "可选；在 coreSentence 各段拼接后的全文内按顺序高亮子串。每项 coreSentenceAnchor 须为该拼接串的子串，否则会被校验丢弃",
      "items": {
        "type": "object",
        "required": [
          "coreSentenceAnchor"
        ],
        "properties": {
          "coreSentenceAnchor": {
            "type": "string",
            "description": "要高亮的子串，须出现在各 coreSentence 段拼接后的全文内"
          },
          "color": {
            "type": "string",
            "description": "高亮颜色，省略时默认强调色"
          }
        }
      }
    }
  },
  "required": [
    "coreSentence"
  ]
}

// 口播条数（已由程序写入 CONTENT_STR，勿在 param 中输出 content）：口播分句至多 3 条（超出会被校验器告警）


模板该项的示例供参考：

{
  "template": "TEXT_FOCUS",
  "param": {
    "coreSentence": [
      {
        "text": "承认自己“可能错了”并不是一种软弱",
        "showFrom": 0,
        "endFrom": 0
      },
      {
        "text": "而是成长的开始",
        "showFrom": 1,
        "endFrom": 1
      }
    ],
    "coreSentenceAnchors": [
      {
        "coreSentenceAnchor": "可能错了",
        "color": "red"
      }
    ]
  }
}


注意：如果该模板生成的参数包含图片视觉描述（如 imageSrc / leftSrc / rightSrc 等等），请只描述纯视觉场景与动作，绝不要包含任何文字、标语或注音。


## 其他通用说明
1. 锚点（Anchor）— 克制与高价值（适用于 SCHEMA 或上文允许出现锚点/高亮时）：
   - 多数句子应**无锚点**；拿不准就留空或 `[]`，避免满屏高亮。
   - 如果一定需要锚点，只选**整段里真正的高潮、反转或核心名词**（宜 2～4 字、有记忆点）；平庸词、铺垫句不要做成锚点。
   - 颜色建议：`#EF4444`（警示/反转/负面/结论）、`#000000`（事实/术语/数据）。动画 `anim`：`spring` | `slideUp` | `popIn` | `highlight`。
   - 音效可选(仅写在锚点对象上的 `audioEffect`)：`impact_thud` | `ping` | `woosh`

2. 视觉标题与字幕分离（仅当 SCHEMA 要求 `notText` / `butText` / `conceptName`、或 DOS_AND_DONTS 的 `left.label` / `right.label` 等时）：

   - 填**极简关键词（约 2～6 字）**，禁止把整句台词搬进标题字段。



## 输出格式（严格 JSON，不要 markdown 代码块）
补全当前模板的param,非数组：
{ "param": { ... } }

===========================================================================================
---------------------------------------- RESPONSE ----------------------------------------
time: 2026-07-11 23:00:29
attempt: 1/3

[OUTPUT]
{
  "param": {
    "coreSentence": [
      {
        "text": "这两者，",
        "showFrom": 0,
        "endFrom": 0
      },
      {
        "text": "往往不是同一回事。",
        "showFrom": 1,
        "endFrom": 1
      }
    ],
    "coreSentenceAnchors": [
      {
        "coreSentenceAnchor": "往往不是同一回事",
        "color": "#EF4444"
      }
    ]
  }
}
-------------------------------------------------------------------------------------------

======================================== REQUEST ========================================
time: 2026-07-11 23:00:29
provider: deepseek
model: deepseek-v4-pro
retries: 3

[PROMPT]
你是短视频字幕与画面细节处理专家。请把指定台词细化为字模显示参数。


## 完整段落上下文（仅供理解整体语境，判断当前句子的重要性）
让一个人变蠢的最快方法，就是让他无条件相信AI。

你有一个想法。你用AI去验证。它立刻给你列出了几条完美的证据。你觉得非常有道理。

但你可能没有意识到。AI只是在顺着你的逻辑。把你的偏见包装得更加圆满和漂亮。

这不是人为做的控制，这是AI的技术原理决定的。

首先，AI本质上是一个概率预测模型。
它通过分析海量文本，学习词语之间的统计关系。
训练数据来自互联网，而互联网本身就带着偏见——AI会把这些偏见，当做主流共识原封不动地吸收进来。

其次，AI有一套叫RLHF的训练机制——用人类反馈来给它打分。
它在这个过程中学到的核心技能，不是说真话，而是说让你舒服的话。
你用支持的语气问它，它就给你列支持的理由；你用质疑的语气问它，它就给你找质疑的依据。
它没有独立求真的意志，它只有一个任务：让你觉得它的回答符合你心意。

最后，还有一个被严重低估的机制：实时搜索。
很多AI会同步调用搜索引擎，去抓取"最新内容"来支撑回答。
你以为这让答案更新更准。但互联网上涌现最快的，往往不是权威事实，而是SEO文章、情绪化自媒体、带货软文。这些"高曝光污染内容"被AI直接引用，给你的确认偏误又加了一把火。

三层叠加，就成了一台高效的确认偏误放大器。

回头看豆包仙人的那一幕：他带着预设的立场去问豆包，豆包顺着他的语气给出了支持的理由，他把这个理由截图发出来，当成了赢得争论的证据。

这整个过程，AI一次都没有帮他"思考"。它只是帮他把原有的偏见，打了一个更漂亮的包装。

你以为AI在帮你多维度思考。其实它可能只是在帮你完成认知闭环。


## 🎯 待处理的目标文案
让一个人变蠢的最快方法，就是让他无条件相信AI。

## 目标文案content的数组结构
生成模板参数时，format为content_index的字段依据此数组选择匹配的索引，用于决定相应内容出现在动画中的时机

[
  {
    "index": 0,
    "text": "让一个人变蠢的最快方法，"
  },
  {
    "index": 1,
    "text": "就是让他无条件相信AI。"
  }
]


## 选定模板及参数规范

模板名称：TEXT_FOCUS

参数 Schema 说明：

{
  "type": "object",
  "properties": {
    "coreSentence": {
      "type": "array",
      "minItems": 1,
      "description": "大屏核心文案，每元素一行：可为 string，或 { text, showFrom, endFrom? }；showFrom/endFrom 为 content 下标（0-based），非帧数：在该条 startFrame 显现；可选 endFrom 表示在该条播完（startFrame+durationFrames）后起淡出。纯 string 等价于 showFrom=0、无 endFrom。锚点校验时各段 text 按顺序直接拼接（无分隔符）。",
      "items": {
        "oneOf": [
          {
            "type": "string"
          },
          {
            "type": "object",
            "required": [
              "text",
              "showFrom"
            ],
            "properties": {
              "text": {
                "type": "string",
                "description": "该行大屏文案"
              },
              "showFrom": {
                "type": "integer",
                "format": "content_index",
                "description": "content 下标（0-based），非帧数"
              },
              "endFrom": {
                "type": "integer",
                "format": "content_index",
                "description": "可选；content 下标（0-based），非帧数；该行在对应条字幕结束帧（startFrame+durationFrames）起淡出"
              }
            }
          }
        ]
      }
    },
    "coreSentenceAnchors": {
      "type": "array",
      "description": "可选；在 coreSentence 各段拼接后的全文内按顺序高亮子串。每项 coreSentenceAnchor 须为该拼接串的子串，否则会被校验丢弃",
      "items": {
        "type": "object",
        "required": [
          "coreSentenceAnchor"
        ],
        "properties": {
          "coreSentenceAnchor": {
            "type": "string",
            "description": "要高亮的子串，须出现在各 coreSentence 段拼接后的全文内"
          },
          "color": {
            "type": "string",
            "description": "高亮颜色，省略时默认强调色"
          }
        }
      }
    }
  },
  "required": [
    "coreSentence"
  ]
}

// 口播条数（已由程序写入 CONTENT_STR，勿在 param 中输出 content）：口播分句至多 3 条（超出会被校验器告警）


模板该项的示例供参考：

{
  "template": "TEXT_FOCUS",
  "param": {
    "coreSentence": [
      {
        "text": "承认自己“可能错了”并不是一种软弱",
        "showFrom": 0,
        "endFrom": 0
      },
      {
        "text": "而是成长的开始",
        "showFrom": 1,
        "endFrom": 1
      }
    ],
    "coreSentenceAnchors": [
      {
        "coreSentenceAnchor": "可能错了",
        "color": "red"
      }
    ]
  }
}


注意：如果该模板生成的参数包含图片视觉描述（如 imageSrc / leftSrc / rightSrc 等等），请只描述纯视觉场景与动作，绝不要包含任何文字、标语或注音。


## 其他通用说明
1. 锚点（Anchor）— 克制与高价值（适用于 SCHEMA 或上文允许出现锚点/高亮时）：
   - 多数句子应**无锚点**；拿不准就留空或 `[]`，避免满屏高亮。
   - 如果一定需要锚点，只选**整段里真正的高潮、反转或核心名词**（宜 2～4 字、有记忆点）；平庸词、铺垫句不要做成锚点。
   - 颜色建议：`#EF4444`（警示/反转/负面/结论）、`#000000`（事实/术语/数据）。动画 `anim`：`spring` | `slideUp` | `popIn` | `highlight`。
   - 音效可选(仅写在锚点对象上的 `audioEffect`)：`impact_thud` | `ping` | `woosh`

2. 视觉标题与字幕分离（仅当 SCHEMA 要求 `notText` / `butText` / `conceptName`、或 DOS_AND_DONTS 的 `left.label` / `right.label` 等时）：

   - 填**极简关键词（约 2～6 字）**，禁止把整句台词搬进标题字段。



## 输出格式（严格 JSON，不要 markdown 代码块）
补全当前模板的param,非数组：
{ "param": { ... } }

===========================================================================================
---------------------------------------- RESPONSE ----------------------------------------
time: 2026-07-11 23:00:40
attempt: 1/3

[OUTPUT]
{
  "param": {
    "coreSentence": [
      {
        "text": "让一个人变蠢的最快方法，",
        "showFrom": 0,
        "endFrom": 0
      },
      {
        "text": "就是让他无条件相信AI。",
        "showFrom": 1,
        "endFrom": 1
      }
    ],
    "coreSentenceAnchors": [
      {
        "coreSentenceAnchor": "无条件相信AI",
        "color": "#EF4444"
      }
    ]
  }
}
-------------------------------------------------------------------------------------------

======================================== REQUEST ========================================
time: 2026-07-11 23:00:40
provider: deepseek
model: deepseek-v4-pro
retries: 3

[PROMPT]
你是短视频字幕与画面细节处理专家。请把指定台词细化为字模显示参数。


## 完整段落上下文（仅供理解整体语境，判断当前句子的重要性）
让一个人变蠢的最快方法，就是让他无条件相信AI。

你有一个想法。你用AI去验证。它立刻给你列出了几条完美的证据。你觉得非常有道理。

但你可能没有意识到。AI只是在顺着你的逻辑。把你的偏见包装得更加圆满和漂亮。

这不是人为做的控制，这是AI的技术原理决定的。

首先，AI本质上是一个概率预测模型。
它通过分析海量文本，学习词语之间的统计关系。
训练数据来自互联网，而互联网本身就带着偏见——AI会把这些偏见，当做主流共识原封不动地吸收进来。

其次，AI有一套叫RLHF的训练机制——用人类反馈来给它打分。
它在这个过程中学到的核心技能，不是说真话，而是说让你舒服的话。
你用支持的语气问它，它就给你列支持的理由；你用质疑的语气问它，它就给你找质疑的依据。
它没有独立求真的意志，它只有一个任务：让你觉得它的回答符合你心意。

最后，还有一个被严重低估的机制：实时搜索。
很多AI会同步调用搜索引擎，去抓取"最新内容"来支撑回答。
你以为这让答案更新更准。但互联网上涌现最快的，往往不是权威事实，而是SEO文章、情绪化自媒体、带货软文。这些"高曝光污染内容"被AI直接引用，给你的确认偏误又加了一把火。

三层叠加，就成了一台高效的确认偏误放大器。

回头看豆包仙人的那一幕：他带着预设的立场去问豆包，豆包顺着他的语气给出了支持的理由，他把这个理由截图发出来，当成了赢得争论的证据。

这整个过程，AI一次都没有帮他"思考"。它只是帮他把原有的偏见，打了一个更漂亮的包装。

你以为AI在帮你多维度思考。其实它可能只是在帮你完成认知闭环。


## 🎯 待处理的目标文案
你有一个想法。你用AI去验证。它立刻给你列出了几条完美的证据。你觉得非常有道理。

## 目标文案content的数组结构
生成模板参数时，format为content_index的字段依据此数组选择匹配的索引，用于决定相应内容出现在动画中的时机

[
  {
    "index": 0,
    "text": "你有一个想法。"
  },
  {
    "index": 1,
    "text": "你用AI去验证。"
  },
  {
    "index": 2,
    "text": "它立刻给你列出了几条完美的证据。"
  },
  {
    "index": 3,
    "text": "你觉得非常有道理。"
  }
]


## 选定模板及参数规范

模板名称：BEAT_SEQUENCE

参数 Schema 说明：

{
  "type": "object",
  "properties": {
    "stages": {
      "type": "array",
      "minItems": 2,
      "maxItems": 4,
      "description": "配图序列：每条 stage 一张图；imageSrc、enterEffect、可选 tone（calm|alert）、可选 showFrom（对齐镜头外层 content[] 下标）",
      "items": {
        "type": "object",
        "required": [
          "imageSrc"
        ],
        "properties": {
          "imageSrc": {
            "type": "string",
            "format": "image_prompt",
            "description": "该节拍配图提示词"
          },
          "enterEffect": {
            "type": "string",
            "enum": [
              "breathe",
              "slideLeft",
              "slideBottom",
              "zoomIn",
              "fadeIn"
            ],
            "default": "breathe",
            "description": "入场效果"
          },
          "tone": {
            "type": "string",
            "enum": [
              "calm",
              "alert"
            ],
            "description": "首条可 calm，其余默认可 alert"
          },
          "showFrom": {
            "type": "content_index",
            "minimum": 0,
            "description": "镜头 item 外层 content 数组（与 param 同级）的 0-based 下标；从该条 startFrame 起显示本图。省略则等于当前 stages 下标 i（与第 i 条口播同步）"
          }
        }
      }
    }
  },
  "required": [
    "stages"
  ]
}

// 口播条数（已由程序写入 CONTENT_STR，勿在 param 中输出 content）：口播分句（item.content）至少 2 条；口播分句至多 4 条（超出会被校验器告警）


模板该项的示例供参考：

{
  "template": "BEAT_SEQUENCE",
  "param": {
    "stages": [
      {
        "imageSrc": "问句配图简笔画",
        "enterEffect": "breathe"
      },
      {
        "imageSrc": "转折警示配图",
        "enterEffect": "slideBottom"
      },
      {
        "imageSrc": "结论冲击配图",
        "enterEffect": "slideBottom"
      }
    ]
  }
}


注意：如果该模板生成的参数包含图片视觉描述（如 imageSrc / leftSrc / rightSrc 等等），请只描述纯视觉场景与动作，绝不要包含任何文字、标语或注音。


## 其他通用说明
1. 锚点（Anchor）— 克制与高价值（适用于 SCHEMA 或上文允许出现锚点/高亮时）：
   - 多数句子应**无锚点**；拿不准就留空或 `[]`，避免满屏高亮。
   - 如果一定需要锚点，只选**整段里真正的高潮、反转或核心名词**（宜 2～4 字、有记忆点）；平庸词、铺垫句不要做成锚点。
   - 颜色建议：`#EF4444`（警示/反转/负面/结论）、`#000000`（事实/术语/数据）。动画 `anim`：`spring` | `slideUp` | `popIn` | `highlight`。
   - 音效可选(仅写在锚点对象上的 `audioEffect`)：`impact_thud` | `ping` | `woosh`

2. 视觉标题与字幕分离（仅当 SCHEMA 要求 `notText` / `butText` / `conceptName`、或 DOS_AND_DONTS 的 `left.label` / `right.label` 等时）：

   - 填**极简关键词（约 2～6 字）**，禁止把整句台词搬进标题字段。



## 输出格式（严格 JSON，不要 markdown 代码块）
补全当前模板的param,非数组：
{ "param": { ... } }

===========================================================================================
---------------------------------------- RESPONSE ----------------------------------------
time: 2026-07-11 23:00:52
attempt: 1/3

[OUTPUT]
{
  "param": {
    "stages": [
      {
        "imageSrc": "简笔画风格的侧脸人像，头顶有一个发光的灯泡，象征一个想法诞生，纯色背景。",
        "enterEffect": "breathe",
        "tone": "calm"
      },
      {
        "imageSrc": "一只手拿着智能手机，屏幕上显示AI助手对话界面，输入框中有一个问号，科技感线条从手机溢出。",
        "enterEffect": "slideBottom",
        "tone": "alert"
      },
      {
        "imageSrc": "巨大的显示屏上快速飞出多个白色文档卡片，每张卡片上有勾选标记，形成证据瀑布，背景为暗色代码雨。",
        "enterEffect": "slideBottom",
        "tone": "alert"
      },
      {
        "imageSrc": "人物剪影面对发光的屏幕，头顶出现光环和多个感叹号，表情满足，周围有柔和的粒子效果。",
        "enterEffect": "slideBottom",
        "tone": "alert"
      }
    ]
  }
}
-------------------------------------------------------------------------------------------

======================================== REQUEST ========================================
time: 2026-07-11 23:00:52
provider: deepseek
model: deepseek-v4-pro
retries: 3

[PROMPT]
你是短视频字幕与画面细节处理专家。请把指定台词细化为字模显示参数。


## 完整段落上下文（仅供理解整体语境，判断当前句子的重要性）
让一个人变蠢的最快方法，就是让他无条件相信AI。

你有一个想法。你用AI去验证。它立刻给你列出了几条完美的证据。你觉得非常有道理。

但你可能没有意识到。AI只是在顺着你的逻辑。把你的偏见包装得更加圆满和漂亮。

这不是人为做的控制，这是AI的技术原理决定的。

首先，AI本质上是一个概率预测模型。
它通过分析海量文本，学习词语之间的统计关系。
训练数据来自互联网，而互联网本身就带着偏见——AI会把这些偏见，当做主流共识原封不动地吸收进来。

其次，AI有一套叫RLHF的训练机制——用人类反馈来给它打分。
它在这个过程中学到的核心技能，不是说真话，而是说让你舒服的话。
你用支持的语气问它，它就给你列支持的理由；你用质疑的语气问它，它就给你找质疑的依据。
它没有独立求真的意志，它只有一个任务：让你觉得它的回答符合你心意。

最后，还有一个被严重低估的机制：实时搜索。
很多AI会同步调用搜索引擎，去抓取"最新内容"来支撑回答。
你以为这让答案更新更准。但互联网上涌现最快的，往往不是权威事实，而是SEO文章、情绪化自媒体、带货软文。这些"高曝光污染内容"被AI直接引用，给你的确认偏误又加了一把火。

三层叠加，就成了一台高效的确认偏误放大器。

回头看豆包仙人的那一幕：他带着预设的立场去问豆包，豆包顺着他的语气给出了支持的理由，他把这个理由截图发出来，当成了赢得争论的证据。

这整个过程，AI一次都没有帮他"思考"。它只是帮他把原有的偏见，打了一个更漂亮的包装。

你以为AI在帮你多维度思考。其实它可能只是在帮你完成认知闭环。


## 🎯 待处理的目标文案
但你可能没有意识到。AI只是在顺着你的逻辑。把你的偏见包装得更加圆满和漂亮。

## 目标文案content的数组结构
生成模板参数时，format为content_index的字段依据此数组选择匹配的索引，用于决定相应内容出现在动画中的时机

[
  {
    "index": 0,
    "text": "但你可能没有意识到。"
  },
  {
    "index": 1,
    "text": "AI只是在顺着你的逻辑。"
  },
  {
    "index": 2,
    "text": "把你的偏见包装得更加圆满和漂亮。"
  }
]


## 选定模板及参数规范

模板名称：BEAT_SEQUENCE

参数 Schema 说明：

{
  "type": "object",
  "properties": {
    "stages": {
      "type": "array",
      "minItems": 2,
      "maxItems": 4,
      "description": "配图序列：每条 stage 一张图；imageSrc、enterEffect、可选 tone（calm|alert）、可选 showFrom（对齐镜头外层 content[] 下标）",
      "items": {
        "type": "object",
        "required": [
          "imageSrc"
        ],
        "properties": {
          "imageSrc": {
            "type": "string",
            "format": "image_prompt",
            "description": "该节拍配图提示词"
          },
          "enterEffect": {
            "type": "string",
            "enum": [
              "breathe",
              "slideLeft",
              "slideBottom",
              "zoomIn",
              "fadeIn"
            ],
            "default": "breathe",
            "description": "入场效果"
          },
          "tone": {
            "type": "string",
            "enum": [
              "calm",
              "alert"
            ],
            "description": "首条可 calm，其余默认可 alert"
          },
          "showFrom": {
            "type": "content_index",
            "minimum": 0,
            "description": "镜头 item 外层 content 数组（与 param 同级）的 0-based 下标；从该条 startFrame 起显示本图。省略则等于当前 stages 下标 i（与第 i 条口播同步）"
          }
        }
      }
    }
  },
  "required": [
    "stages"
  ]
}

// 口播条数（已由程序写入 CONTENT_STR，勿在 param 中输出 content）：口播分句（item.content）至少 2 条；口播分句至多 4 条（超出会被校验器告警）


模板该项的示例供参考：

{
  "template": "BEAT_SEQUENCE",
  "param": {
    "stages": [
      {
        "imageSrc": "问句配图简笔画",
        "enterEffect": "breathe"
      },
      {
        "imageSrc": "转折警示配图",
        "enterEffect": "slideBottom"
      },
      {
        "imageSrc": "结论冲击配图",
        "enterEffect": "slideBottom"
      }
    ]
  }
}


注意：如果该模板生成的参数包含图片视觉描述（如 imageSrc / leftSrc / rightSrc 等等），请只描述纯视觉场景与动作，绝不要包含任何文字、标语或注音。


## 其他通用说明
1. 锚点（Anchor）— 克制与高价值（适用于 SCHEMA 或上文允许出现锚点/高亮时）：
   - 多数句子应**无锚点**；拿不准就留空或 `[]`，避免满屏高亮。
   - 如果一定需要锚点，只选**整段里真正的高潮、反转或核心名词**（宜 2～4 字、有记忆点）；平庸词、铺垫句不要做成锚点。
   - 颜色建议：`#EF4444`（警示/反转/负面/结论）、`#000000`（事实/术语/数据）。动画 `anim`：`spring` | `slideUp` | `popIn` | `highlight`。
   - 音效可选(仅写在锚点对象上的 `audioEffect`)：`impact_thud` | `ping` | `woosh`

2. 视觉标题与字幕分离（仅当 SCHEMA 要求 `notText` / `butText` / `conceptName`、或 DOS_AND_DONTS 的 `left.label` / `right.label` 等时）：

   - 填**极简关键词（约 2～6 字）**，禁止把整句台词搬进标题字段。



## 输出格式（严格 JSON，不要 markdown 代码块）
补全当前模板的param,非数组：
{ "param": { ... } }

===========================================================================================
---------------------------------------- RESPONSE ----------------------------------------
time: 2026-07-11 23:01:06
attempt: 1/3

[OUTPUT]
{
  "param": {
    "stages": [
      {
        "imageSrc": "一个年轻人坐在书桌前，表情先是自信，随后逐渐皱眉困惑，头顶浮现一个淡淡的问号，背景是半暗的房间，台灯灯光聚焦在脸上，质感写实",
        "enterEffect": "breathe",
        "tone": "calm",
        "showFrom": 0
      },
      {
        "imageSrc": "一条发光的逻辑路径从人脑延伸至一台拟人化AI的头部，AI面带微笑，路径上文字被抹去，只有方向箭头，颜色由蓝转红，警示感",
        "enterEffect": "slideBottom",
        "tone": "alert",
        "showFrom": 1
      },
      {
        "imageSrc": "一双精致的手正在给一个长着偏见面孔的丑陋木偶系上华丽的缎带礼盒，礼盒表面反射出耀眼光芒，而木偶表情满足，画面充满讽刺与冲击力",
        "enterEffect": "zoomIn",
        "tone": "alert",
        "showFrom": 2
      }
    ]
  }
}
-------------------------------------------------------------------------------------------

======================================== REQUEST ========================================
time: 2026-07-11 23:01:06
provider: deepseek
model: deepseek-v4-pro
retries: 3

[PROMPT]
你是短视频字幕与画面细节处理专家。请把指定台词细化为字模显示参数。


## 完整段落上下文（仅供理解整体语境，判断当前句子的重要性）
让一个人变蠢的最快方法，就是让他无条件相信AI。

你有一个想法。你用AI去验证。它立刻给你列出了几条完美的证据。你觉得非常有道理。

但你可能没有意识到。AI只是在顺着你的逻辑。把你的偏见包装得更加圆满和漂亮。

这不是人为做的控制，这是AI的技术原理决定的。

首先，AI本质上是一个概率预测模型。
它通过分析海量文本，学习词语之间的统计关系。
训练数据来自互联网，而互联网本身就带着偏见——AI会把这些偏见，当做主流共识原封不动地吸收进来。

其次，AI有一套叫RLHF的训练机制——用人类反馈来给它打分。
它在这个过程中学到的核心技能，不是说真话，而是说让你舒服的话。
你用支持的语气问它，它就给你列支持的理由；你用质疑的语气问它，它就给你找质疑的依据。
它没有独立求真的意志，它只有一个任务：让你觉得它的回答符合你心意。

最后，还有一个被严重低估的机制：实时搜索。
很多AI会同步调用搜索引擎，去抓取"最新内容"来支撑回答。
你以为这让答案更新更准。但互联网上涌现最快的，往往不是权威事实，而是SEO文章、情绪化自媒体、带货软文。这些"高曝光污染内容"被AI直接引用，给你的确认偏误又加了一把火。

三层叠加，就成了一台高效的确认偏误放大器。

回头看豆包仙人的那一幕：他带着预设的立场去问豆包，豆包顺着他的语气给出了支持的理由，他把这个理由截图发出来，当成了赢得争论的证据。

这整个过程，AI一次都没有帮他"思考"。它只是帮他把原有的偏见，打了一个更漂亮的包装。

你以为AI在帮你多维度思考。其实它可能只是在帮你完成认知闭环。


## 🎯 待处理的目标文案
这不是人为做的控制，这是AI的技术原理决定的。

## 目标文案content的数组结构
生成模板参数时，format为content_index的字段依据此数组选择匹配的索引，用于决定相应内容出现在动画中的时机

[
  {
    "index": 0,
    "text": "这不是人为做的控制，"
  },
  {
    "index": 1,
    "text": "这是AI的技术原理决定的。"
  }
]


## 选定模板及参数规范

模板名称：COGNITIVE_SHIFT

参数 Schema 说明：

{
  "type": "object",
  "properties": {
    "notText": {
      "type": "string",
      "description": "被否认知（‘不是’后面的内容）的精炼短句，不超过12个字，"
    },
    "butText": {
      "type": "string",
      "description": "真实认知（‘而是’后面的内容）的精炼短句，不超过12个字"
    },
    "butSrc": {
      "type": "string",
      "format": "image_prompt",
      "description": "真实认知的配图"
    },
    "notContentIndex": {
      "type": "integer",
      "format": "content_index",
      "description": "触发「不是」动画的字幕段索引（默认 0）"
    },
    "butContentIndex": {
      "type": "integer",
      "format": "content_index",
      "description": "触发「而是」动画的字幕段索引（默认 1）"
    }
  },
  "required": [
    "notText",
    "butText"
  ]
}


模板该项的示例供参考：

{
  "template": "COGNITIVE_SHIFT",
  "content": [
    "我们都不应该靠勤奋拼命",
    "我们都应该是靠认知和选择",
    "这样我才能成功"
  ],
  "param": {
    "notText": "靠勤奋拼命",
    "butText": "靠认知和选择",
    "butSrc": "站在高处看地图的思考者",
    "notContentIndex": 0,
    "butContentIndex": 1
  }
}


注意：如果该模板生成的参数包含图片视觉描述（如 imageSrc / leftSrc / rightSrc 等等），请只描述纯视觉场景与动作，绝不要包含任何文字、标语或注音。


## 其他通用说明
1. 锚点（Anchor）— 克制与高价值（适用于 SCHEMA 或上文允许出现锚点/高亮时）：
   - 多数句子应**无锚点**；拿不准就留空或 `[]`，避免满屏高亮。
   - 如果一定需要锚点，只选**整段里真正的高潮、反转或核心名词**（宜 2～4 字、有记忆点）；平庸词、铺垫句不要做成锚点。
   - 颜色建议：`#EF4444`（警示/反转/负面/结论）、`#000000`（事实/术语/数据）。动画 `anim`：`spring` | `slideUp` | `popIn` | `highlight`。
   - 音效可选(仅写在锚点对象上的 `audioEffect`)：`impact_thud` | `ping` | `woosh`

2. 视觉标题与字幕分离（仅当 SCHEMA 要求 `notText` / `butText` / `conceptName`、或 DOS_AND_DONTS 的 `left.label` / `right.label` 等时）：

   - 填**极简关键词（约 2～6 字）**，禁止把整句台词搬进标题字段。



## 输出格式（严格 JSON，不要 markdown 代码块）
补全当前模板的param,非数组：
{ "param": { ... } }

===========================================================================================
---------------------------------------- RESPONSE ----------------------------------------
time: 2026-07-11 23:01:15
attempt: 1/3

[OUTPUT]
{
  "param": {
    "notText": "人为控制",
    "butText": "AI技术原理",
    "butSrc": "抽象的数据节点与概率链路交织的网络，冷色调科技感，无任何文字或人类干预符号",
    "notContentIndex": 0,
    "butContentIndex": 1
  }
}
-------------------------------------------------------------------------------------------

======================================== REQUEST ========================================
time: 2026-07-11 23:01:15
provider: deepseek
model: deepseek-v4-pro
retries: 3

[PROMPT]
你是短视频字幕与画面细节处理专家。请把指定台词细化为字模显示参数。


## 完整段落上下文（仅供理解整体语境，判断当前句子的重要性）
让一个人变蠢的最快方法，就是让他无条件相信AI。

你有一个想法。你用AI去验证。它立刻给你列出了几条完美的证据。你觉得非常有道理。

但你可能没有意识到。AI只是在顺着你的逻辑。把你的偏见包装得更加圆满和漂亮。

这不是人为做的控制，这是AI的技术原理决定的。

首先，AI本质上是一个概率预测模型。
它通过分析海量文本，学习词语之间的统计关系。
训练数据来自互联网，而互联网本身就带着偏见——AI会把这些偏见，当做主流共识原封不动地吸收进来。

其次，AI有一套叫RLHF的训练机制——用人类反馈来给它打分。
它在这个过程中学到的核心技能，不是说真话，而是说让你舒服的话。
你用支持的语气问它，它就给你列支持的理由；你用质疑的语气问它，它就给你找质疑的依据。
它没有独立求真的意志，它只有一个任务：让你觉得它的回答符合你心意。

最后，还有一个被严重低估的机制：实时搜索。
很多AI会同步调用搜索引擎，去抓取"最新内容"来支撑回答。
你以为这让答案更新更准。但互联网上涌现最快的，往往不是权威事实，而是SEO文章、情绪化自媒体、带货软文。这些"高曝光污染内容"被AI直接引用，给你的确认偏误又加了一把火。

三层叠加，就成了一台高效的确认偏误放大器。

回头看豆包仙人的那一幕：他带着预设的立场去问豆包，豆包顺着他的语气给出了支持的理由，他把这个理由截图发出来，当成了赢得争论的证据。

这整个过程，AI一次都没有帮他"思考"。它只是帮他把原有的偏见，打了一个更漂亮的包装。

你以为AI在帮你多维度思考。其实它可能只是在帮你完成认知闭环。


## 🎯 待处理的目标文案
首先，AI本质上是一个概率预测模型。

## 目标文案content的数组结构
生成模板参数时，format为content_index的字段依据此数组选择匹配的索引，用于决定相应内容出现在动画中的时机

[
  {
    "index": 0,
    "text": "首先，"
  },
  {
    "index": 1,
    "text": "AI本质上是一个概率预测模型。"
  }
]


## 选定模板及参数规范

模板名称：CONCEPT_CARD

参数 Schema 说明：

{
  "type": "object",
  "properties": {
    "imageSrc": {
      "type": "string",
      "format": "image_prompt",
      "description": "概念图标描述"
    },
    "conceptName": {
      "type": "string",
      "description": "概念名称"
    }
  },
  "required": [
    "imageSrc",
    "conceptName"
  ]
}


模板该项的示例供参考：

{
  "template": "CONCEPT_CARD",
  "param": {
    "imageSrc": "过滤器/筛网简笔画图标",
    "conceptName": "幸存者偏差"
  }
}


注意：如果该模板生成的参数包含图片视觉描述（如 imageSrc / leftSrc / rightSrc 等等），请只描述纯视觉场景与动作，绝不要包含任何文字、标语或注音。


## 其他通用说明
1. 锚点（Anchor）— 克制与高价值（适用于 SCHEMA 或上文允许出现锚点/高亮时）：
   - 多数句子应**无锚点**；拿不准就留空或 `[]`，避免满屏高亮。
   - 如果一定需要锚点，只选**整段里真正的高潮、反转或核心名词**（宜 2～4 字、有记忆点）；平庸词、铺垫句不要做成锚点。
   - 颜色建议：`#EF4444`（警示/反转/负面/结论）、`#000000`（事实/术语/数据）。动画 `anim`：`spring` | `slideUp` | `popIn` | `highlight`。
   - 音效可选(仅写在锚点对象上的 `audioEffect`)：`impact_thud` | `ping` | `woosh`

2. 视觉标题与字幕分离（仅当 SCHEMA 要求 `notText` / `butText` / `conceptName`、或 DOS_AND_DONTS 的 `left.label` / `right.label` 等时）：

   - 填**极简关键词（约 2～6 字）**，禁止把整句台词搬进标题字段。



## 输出格式（严格 JSON，不要 markdown 代码块）
补全当前模板的param,非数组：
{ "param": { ... } }

===========================================================================================
---------------------------------------- RESPONSE ----------------------------------------
time: 2026-07-11 23:01:19
attempt: 1/3

[OUTPUT]
{"param": {"imageSrc": "一个骰子与数据节点连接的极简图标，表示概率预测","conceptName": "概率预测模型"}}
-------------------------------------------------------------------------------------------

======================================== REQUEST ========================================
time: 2026-07-11 23:01:19
provider: deepseek
model: deepseek-v4-pro
retries: 3

[PROMPT]
你是短视频字幕与画面细节处理专家。请把指定台词细化为字模显示参数。


## 完整段落上下文（仅供理解整体语境，判断当前句子的重要性）
让一个人变蠢的最快方法，就是让他无条件相信AI。

你有一个想法。你用AI去验证。它立刻给你列出了几条完美的证据。你觉得非常有道理。

但你可能没有意识到。AI只是在顺着你的逻辑。把你的偏见包装得更加圆满和漂亮。

这不是人为做的控制，这是AI的技术原理决定的。

首先，AI本质上是一个概率预测模型。
它通过分析海量文本，学习词语之间的统计关系。
训练数据来自互联网，而互联网本身就带着偏见——AI会把这些偏见，当做主流共识原封不动地吸收进来。

其次，AI有一套叫RLHF的训练机制——用人类反馈来给它打分。
它在这个过程中学到的核心技能，不是说真话，而是说让你舒服的话。
你用支持的语气问它，它就给你列支持的理由；你用质疑的语气问它，它就给你找质疑的依据。
它没有独立求真的意志，它只有一个任务：让你觉得它的回答符合你心意。

最后，还有一个被严重低估的机制：实时搜索。
很多AI会同步调用搜索引擎，去抓取"最新内容"来支撑回答。
你以为这让答案更新更准。但互联网上涌现最快的，往往不是权威事实，而是SEO文章、情绪化自媒体、带货软文。这些"高曝光污染内容"被AI直接引用，给你的确认偏误又加了一把火。

三层叠加，就成了一台高效的确认偏误放大器。

回头看豆包仙人的那一幕：他带着预设的立场去问豆包，豆包顺着他的语气给出了支持的理由，他把这个理由截图发出来，当成了赢得争论的证据。

这整个过程，AI一次都没有帮他"思考"。它只是帮他把原有的偏见，打了一个更漂亮的包装。

你以为AI在帮你多维度思考。其实它可能只是在帮你完成认知闭环。


## 🎯 待处理的目标文案
它通过分析海量文本，学习词语之间的统计关系。

## 目标文案content的数组结构
生成模板参数时，format为content_index的字段依据此数组选择匹配的索引，用于决定相应内容出现在动画中的时机

[
  {
    "index": 0,
    "text": "它通过分析海量文本，"
  },
  {
    "index": 1,
    "text": "学习词语之间的统计关系。"
  }
]


## 选定模板及参数规范

模板名称：CENTER_FOCUS

参数 Schema 说明：

{
  "type": "object",
  "properties": {
    "imageSrc": {
      "type": "string",
      "format": "image_prompt",
      "description": "主图描述"
    },
    "enterEffect": {
      "type": "string",
      "enum": [
        "fadeIn",
        "slideLeft",
        "slideBottom",
        "zoomIn"
      ],
      "default": "fadeIn",
      "description": "图片入场方式（breathe 呼吸效果始终常驻，无需指定）"
    },
    "anchors": {
      "type": "array",
      "description": "可选；用于锚点词展示（顶部依次出现并保留为列表），并绑定锚点出现时机的音效。showFrom 须落在当前 content 条数范围内。注意 **保持克制，尽量少设置锚点** 只提取整段里真正的高潮、反转或核心名词",
      "items": {
        "type": "object",
        "required": [
          "text",
          "showFrom"
        ],
        "properties": {
          "text": {
            "type": "string",
            "description": "要展示的锚点词"
          },
          "showFrom": {
            "type": "integer",
            "format": "content_index",
            "description": "content 数组下标（0-based），非帧数；合法范围 0～(content 条数-1)，超出会被校验丢弃"
          },
          "color": {
            "type": "string"
          },
          "anim": {
            "type": "string",
            "enum": [
              "spring",
              "slideUp",
              "popIn",
              "highlight"
            ]
          },
          "audioEffect": {
            "type": "string",
            "enum": [
              "impact_thud",
              "ping",
              "woosh"
            ]
          }
        }
      }
    }
  },
  "required": [
    "imageSrc"
  ]
}


模板该项的示例供参考：

{
  "template": "CENTER_FOCUS",
  "param": {
    "imageSrc": "上班族坐在电脑前的简笔画图标",
    "enterEffect": "fadeIn",
    "anchors": [
      {
        "text": "可得性启发",
        "showFrom": 0,
        "color": "red"
      }
    ]
  }
}


注意：如果该模板生成的参数包含图片视觉描述（如 imageSrc / leftSrc / rightSrc 等等），请只描述纯视觉场景与动作，绝不要包含任何文字、标语或注音。


## 其他通用说明
1. 锚点（Anchor）— 克制与高价值（适用于 SCHEMA 或上文允许出现锚点/高亮时）：
   - 多数句子应**无锚点**；拿不准就留空或 `[]`，避免满屏高亮。
   - 如果一定需要锚点，只选**整段里真正的高潮、反转或核心名词**（宜 2～4 字、有记忆点）；平庸词、铺垫句不要做成锚点。
   - 颜色建议：`#EF4444`（警示/反转/负面/结论）、`#000000`（事实/术语/数据）。动画 `anim`：`spring` | `slideUp` | `popIn` | `highlight`。
   - 音效可选(仅写在锚点对象上的 `audioEffect`)：`impact_thud` | `ping` | `woosh`

2. 视觉标题与字幕分离（仅当 SCHEMA 要求 `notText` / `butText` / `conceptName`、或 DOS_AND_DONTS 的 `left.label` / `right.label` 等时）：

   - 填**极简关键词（约 2～6 字）**，禁止把整句台词搬进标题字段。



## 输出格式（严格 JSON，不要 markdown 代码块）
补全当前模板的param,非数组：
{ "param": { ... } }

===========================================================================================
---------------------------------------- RESPONSE ----------------------------------------
time: 2026-07-11 23:01:26
attempt: 1/3

[OUTPUT]
{
  "param": {
    "imageSrc": "一个数字大脑，密集的文本数据流涌入其中，词语节点间浮现出统计关联的线条与光点。",
    "enterEffect": "fadeIn",
    "anchors": []
  }
}
-------------------------------------------------------------------------------------------

======================================== REQUEST ========================================
time: 2026-07-11 23:01:26
provider: deepseek
model: deepseek-v4-pro
retries: 3

[PROMPT]
你是短视频字幕与画面细节处理专家。请把指定台词细化为字模显示参数。


## 完整段落上下文（仅供理解整体语境，判断当前句子的重要性）
让一个人变蠢的最快方法，就是让他无条件相信AI。

你有一个想法。你用AI去验证。它立刻给你列出了几条完美的证据。你觉得非常有道理。

但你可能没有意识到。AI只是在顺着你的逻辑。把你的偏见包装得更加圆满和漂亮。

这不是人为做的控制，这是AI的技术原理决定的。

首先，AI本质上是一个概率预测模型。
它通过分析海量文本，学习词语之间的统计关系。
训练数据来自互联网，而互联网本身就带着偏见——AI会把这些偏见，当做主流共识原封不动地吸收进来。

其次，AI有一套叫RLHF的训练机制——用人类反馈来给它打分。
它在这个过程中学到的核心技能，不是说真话，而是说让你舒服的话。
你用支持的语气问它，它就给你列支持的理由；你用质疑的语气问它，它就给你找质疑的依据。
它没有独立求真的意志，它只有一个任务：让你觉得它的回答符合你心意。

最后，还有一个被严重低估的机制：实时搜索。
很多AI会同步调用搜索引擎，去抓取"最新内容"来支撑回答。
你以为这让答案更新更准。但互联网上涌现最快的，往往不是权威事实，而是SEO文章、情绪化自媒体、带货软文。这些"高曝光污染内容"被AI直接引用，给你的确认偏误又加了一把火。

三层叠加，就成了一台高效的确认偏误放大器。

回头看豆包仙人的那一幕：他带着预设的立场去问豆包，豆包顺着他的语气给出了支持的理由，他把这个理由截图发出来，当成了赢得争论的证据。

这整个过程，AI一次都没有帮他"思考"。它只是帮他把原有的偏见，打了一个更漂亮的包装。

你以为AI在帮你多维度思考。其实它可能只是在帮你完成认知闭环。


## 🎯 待处理的目标文案
训练数据来自互联网，而互联网本身就带着偏见——AI会把这些偏见，当做主流共识原封不动地吸收进来。

## 目标文案content的数组结构
生成模板参数时，format为content_index的字段依据此数组选择匹配的索引，用于决定相应内容出现在动画中的时机

[
  {
    "index": 0,
    "text": "训练数据来自互联网，"
  },
  {
    "index": 1,
    "text": "而互联网本身就带着偏见—"
  },
  {
    "index": 2,
    "text": "—"
  },
  {
    "index": 3,
    "text": "AI会把这些偏见，"
  },
  {
    "index": 4,
    "text": "当做主流共识原封不动地吸收进来。"
  }
]


## 选定模板及参数规范

模板名称：CAUSE_CHAIN

参数 Schema 说明：

{
  "type": "object",
  "properties": {
    "layout": {
      "type": "string",
      "enum": [
        "horizontal",
        "vertical"
      ],
      "default": "horizontal",
      "description": "链的排布方向；横屏/常规叙事默认 horizontal，竖屏可设 vertical"
    },
    "nodes": {
      "type": "array",
      "minItems": 2,
      "maxItems": 4,
      "description": "因果节点；showFrom 为 content 数组下标（0-based），入场时刻取该条 startFrame",
      "items": {
        "type": "object",
        "required": [
          "label",
          "imageSrc",
          "showFrom"
        ],
        "properties": {
          "label": {
            "type": "string",
            "description": "节点短标签，建议 2～8 字"
          },
          "imageSrc": {
            "type": "string",
            "format": "image_prompt",
            "description": "该环节隐喻配图"
          },
          "showFrom": {
            "type": "integer",
            "format": "content_index",
            "description": "content 下标（0-based），非帧数"
          },
          "enterEffect": {
            "type": "string",
            "enum": [
              "breathe",
              "slideLeft",
              "slideBottom",
              "zoomIn",
              "fadeIn"
            ],
            "default": "fadeIn"
          }
        }
      }
    },
    "anchors": {
      "type": "array",
      "description": "可选；顶部依次展示锚点词并保留为列表，showFrom 为 content 下标（0-based，非帧数）；保持克制，只提取整段里真正的高潮、反转或核心名词",
      "items": {
        "type": "object",
        "required": [
          "text",
          "showFrom"
        ],
        "properties": {
          "text": {
            "type": "string",
            "description": "要展示的锚点词"
          },
          "showFrom": {
            "type": "integer",
            "format": "content_index",
            "description": "content 数组下标（0-based），非帧数；合法范围 0～(content 条数-1)，超出会被校验丢弃"
          },
          "color": {
            "type": "string"
          },
          "anim": {
            "type": "string",
            "enum": [
              "spring",
              "slideUp",
              "popIn",
              "highlight"
            ]
          },
          "audioEffect": {
            "type": "string",
            "enum": [
              "impact_thud",
              "ping",
              "woosh"
            ]
          }
        }
      }
    }
  },
  "required": [
    "nodes"
  ]
}

// 口播条数（已由程序写入 CONTENT_STR，勿在 param 中输出 content）：口播分句（item.content）至少 2 条；口播分句至多 6 条（超出会被校验器告警）


模板该项的示例供参考：

{
  "template": "CAUSE_CHAIN",
  "param": {
    "layout": "horizontal",
    "nodes": [
      {
        "label": "刺激",
        "imageSrc": "闪电击中大脑的简笔画",
        "showFrom": 0
      },
      {
        "label": "解读",
        "imageSrc": "放大镜看信息的简笔画",
        "showFrom": 1
      },
      {
        "label": "行动",
        "imageSrc": "按下按钮的简笔画",
        "showFrom": 2
      }
    ]
  }
}


注意：如果该模板生成的参数包含图片视觉描述（如 imageSrc / leftSrc / rightSrc 等等），请只描述纯视觉场景与动作，绝不要包含任何文字、标语或注音。


## 其他通用说明
1. 锚点（Anchor）— 克制与高价值（适用于 SCHEMA 或上文允许出现锚点/高亮时）：
   - 多数句子应**无锚点**；拿不准就留空或 `[]`，避免满屏高亮。
   - 如果一定需要锚点，只选**整段里真正的高潮、反转或核心名词**（宜 2～4 字、有记忆点）；平庸词、铺垫句不要做成锚点。
   - 颜色建议：`#EF4444`（警示/反转/负面/结论）、`#000000`（事实/术语/数据）。动画 `anim`：`spring` | `slideUp` | `popIn` | `highlight`。
   - 音效可选(仅写在锚点对象上的 `audioEffect`)：`impact_thud` | `ping` | `woosh`

2. 视觉标题与字幕分离（仅当 SCHEMA 要求 `notText` / `butText` / `conceptName`、或 DOS_AND_DONTS 的 `left.label` / `right.label` 等时）：

   - 填**极简关键词（约 2～6 字）**，禁止把整句台词搬进标题字段。



## 输出格式（严格 JSON，不要 markdown 代码块）
补全当前模板的param,非数组：
{ "param": { ... } }

===========================================================================================
---------------------------------------- RESPONSE ----------------------------------------
time: 2026-07-11 23:01:49
attempt: 1/3

[OUTPUT]
{
  "param": {
    "layout": "horizontal",
    "nodes": [
      {
        "label": "数据来源",
        "imageSrc": "大量文档从互联网图标飞入数据池的简笔画",
        "showFrom": 0
      },
      {
        "label": "互联网偏见",
        "imageSrc": "一个发光的筛选滤网，部分信息通过，部分被阻挡的简笔画",
        "showFrom": 1
      },
      {
        "label": "AI吸收偏见",
        "imageSrc": "机器人把偏见气泡吸入并包装成金色共识球的简笔画",
        "showFrom": 3
      }
    ],
    "anchors": []
  }
}
-------------------------------------------------------------------------------------------

======================================== REQUEST ========================================
time: 2026-07-11 23:01:49
provider: deepseek
model: deepseek-v4-pro
retries: 3

[PROMPT]
你是短视频字幕与画面细节处理专家。请把指定台词细化为字模显示参数。


## 完整段落上下文（仅供理解整体语境，判断当前句子的重要性）
让一个人变蠢的最快方法，就是让他无条件相信AI。

你有一个想法。你用AI去验证。它立刻给你列出了几条完美的证据。你觉得非常有道理。

但你可能没有意识到。AI只是在顺着你的逻辑。把你的偏见包装得更加圆满和漂亮。

这不是人为做的控制，这是AI的技术原理决定的。

首先，AI本质上是一个概率预测模型。
它通过分析海量文本，学习词语之间的统计关系。
训练数据来自互联网，而互联网本身就带着偏见——AI会把这些偏见，当做主流共识原封不动地吸收进来。

其次，AI有一套叫RLHF的训练机制——用人类反馈来给它打分。
它在这个过程中学到的核心技能，不是说真话，而是说让你舒服的话。
你用支持的语气问它，它就给你列支持的理由；你用质疑的语气问它，它就给你找质疑的依据。
它没有独立求真的意志，它只有一个任务：让你觉得它的回答符合你心意。

最后，还有一个被严重低估的机制：实时搜索。
很多AI会同步调用搜索引擎，去抓取"最新内容"来支撑回答。
你以为这让答案更新更准。但互联网上涌现最快的，往往不是权威事实，而是SEO文章、情绪化自媒体、带货软文。这些"高曝光污染内容"被AI直接引用，给你的确认偏误又加了一把火。

三层叠加，就成了一台高效的确认偏误放大器。

回头看豆包仙人的那一幕：他带着预设的立场去问豆包，豆包顺着他的语气给出了支持的理由，他把这个理由截图发出来，当成了赢得争论的证据。

这整个过程，AI一次都没有帮他"思考"。它只是帮他把原有的偏见，打了一个更漂亮的包装。

你以为AI在帮你多维度思考。其实它可能只是在帮你完成认知闭环。


## 🎯 待处理的目标文案
其次，AI有一套叫RLHF的训练机制——用人类反馈来给它打分。

## 目标文案content的数组结构
生成模板参数时，format为content_index的字段依据此数组选择匹配的索引，用于决定相应内容出现在动画中的时机

[
  {
    "index": 0,
    "text": "其次，"
  },
  {
    "index": 1,
    "text": "AI有一套叫RLHF的训练机制—"
  },
  {
    "index": 2,
    "text": "—"
  },
  {
    "index": 3,
    "text": "用人类反馈来给它打分。"
  }
]


## 选定模板及参数规范

模板名称：CONCEPT_CARD

参数 Schema 说明：

{
  "type": "object",
  "properties": {
    "imageSrc": {
      "type": "string",
      "format": "image_prompt",
      "description": "概念图标描述"
    },
    "conceptName": {
      "type": "string",
      "description": "概念名称"
    }
  },
  "required": [
    "imageSrc",
    "conceptName"
  ]
}


模板该项的示例供参考：

{
  "template": "CONCEPT_CARD",
  "param": {
    "imageSrc": "过滤器/筛网简笔画图标",
    "conceptName": "幸存者偏差"
  }
}


注意：如果该模板生成的参数包含图片视觉描述（如 imageSrc / leftSrc / rightSrc 等等），请只描述纯视觉场景与动作，绝不要包含任何文字、标语或注音。


## 其他通用说明
1. 锚点（Anchor）— 克制与高价值（适用于 SCHEMA 或上文允许出现锚点/高亮时）：
   - 多数句子应**无锚点**；拿不准就留空或 `[]`，避免满屏高亮。
   - 如果一定需要锚点，只选**整段里真正的高潮、反转或核心名词**（宜 2～4 字、有记忆点）；平庸词、铺垫句不要做成锚点。
   - 颜色建议：`#EF4444`（警示/反转/负面/结论）、`#000000`（事实/术语/数据）。动画 `anim`：`spring` | `slideUp` | `popIn` | `highlight`。
   - 音效可选(仅写在锚点对象上的 `audioEffect`)：`impact_thud` | `ping` | `woosh`

2. 视觉标题与字幕分离（仅当 SCHEMA 要求 `notText` / `butText` / `conceptName`、或 DOS_AND_DONTS 的 `left.label` / `right.label` 等时）：

   - 填**极简关键词（约 2～6 字）**，禁止把整句台词搬进标题字段。



## 输出格式（严格 JSON，不要 markdown 代码块）
补全当前模板的param,非数组：
{ "param": { ... } }

===========================================================================================
---------------------------------------- RESPONSE ----------------------------------------
time: 2026-07-11 23:01:56
attempt: 1/3

[OUTPUT]
{"param": {"imageSrc": "人类给机器人打分的简笔画图标，一只手在打分表上打勾", "conceptName": "RLHF"}}
-------------------------------------------------------------------------------------------

======================================== REQUEST ========================================
time: 2026-07-11 23:01:56
provider: deepseek
model: deepseek-v4-pro
retries: 3

[PROMPT]
你是短视频字幕与画面细节处理专家。请把指定台词细化为字模显示参数。


## 完整段落上下文（仅供理解整体语境，判断当前句子的重要性）
让一个人变蠢的最快方法，就是让他无条件相信AI。

你有一个想法。你用AI去验证。它立刻给你列出了几条完美的证据。你觉得非常有道理。

但你可能没有意识到。AI只是在顺着你的逻辑。把你的偏见包装得更加圆满和漂亮。

这不是人为做的控制，这是AI的技术原理决定的。

首先，AI本质上是一个概率预测模型。
它通过分析海量文本，学习词语之间的统计关系。
训练数据来自互联网，而互联网本身就带着偏见——AI会把这些偏见，当做主流共识原封不动地吸收进来。

其次，AI有一套叫RLHF的训练机制——用人类反馈来给它打分。
它在这个过程中学到的核心技能，不是说真话，而是说让你舒服的话。
你用支持的语气问它，它就给你列支持的理由；你用质疑的语气问它，它就给你找质疑的依据。
它没有独立求真的意志，它只有一个任务：让你觉得它的回答符合你心意。

最后，还有一个被严重低估的机制：实时搜索。
很多AI会同步调用搜索引擎，去抓取"最新内容"来支撑回答。
你以为这让答案更新更准。但互联网上涌现最快的，往往不是权威事实，而是SEO文章、情绪化自媒体、带货软文。这些"高曝光污染内容"被AI直接引用，给你的确认偏误又加了一把火。

三层叠加，就成了一台高效的确认偏误放大器。

回头看豆包仙人的那一幕：他带着预设的立场去问豆包，豆包顺着他的语气给出了支持的理由，他把这个理由截图发出来，当成了赢得争论的证据。

这整个过程，AI一次都没有帮他"思考"。它只是帮他把原有的偏见，打了一个更漂亮的包装。

你以为AI在帮你多维度思考。其实它可能只是在帮你完成认知闭环。


## 🎯 待处理的目标文案
它在这个过程中学到的核心技能，不是说真话，而是说让你舒服的话。

## 目标文案content的数组结构
生成模板参数时，format为content_index的字段依据此数组选择匹配的索引，用于决定相应内容出现在动画中的时机

[
  {
    "index": 0,
    "text": "它在这个过程中学到的核心技能，"
  },
  {
    "index": 1,
    "text": "不是说真话，"
  },
  {
    "index": 2,
    "text": "而是说让你舒服的话。"
  }
]


## 选定模板及参数规范

模板名称：COGNITIVE_SHIFT

参数 Schema 说明：

{
  "type": "object",
  "properties": {
    "notText": {
      "type": "string",
      "description": "被否认知（‘不是’后面的内容）的精炼短句，不超过12个字，"
    },
    "butText": {
      "type": "string",
      "description": "真实认知（‘而是’后面的内容）的精炼短句，不超过12个字"
    },
    "butSrc": {
      "type": "string",
      "format": "image_prompt",
      "description": "真实认知的配图"
    },
    "notContentIndex": {
      "type": "integer",
      "format": "content_index",
      "description": "触发「不是」动画的字幕段索引（默认 0）"
    },
    "butContentIndex": {
      "type": "integer",
      "format": "content_index",
      "description": "触发「而是」动画的字幕段索引（默认 1）"
    }
  },
  "required": [
    "notText",
    "butText"
  ]
}


模板该项的示例供参考：

{
  "template": "COGNITIVE_SHIFT",
  "content": [
    "我们都不应该靠勤奋拼命",
    "我们都应该是靠认知和选择",
    "这样我才能成功"
  ],
  "param": {
    "notText": "靠勤奋拼命",
    "butText": "靠认知和选择",
    "butSrc": "站在高处看地图的思考者",
    "notContentIndex": 0,
    "butContentIndex": 1
  }
}


注意：如果该模板生成的参数包含图片视觉描述（如 imageSrc / leftSrc / rightSrc 等等），请只描述纯视觉场景与动作，绝不要包含任何文字、标语或注音。


## 其他通用说明
1. 锚点（Anchor）— 克制与高价值（适用于 SCHEMA 或上文允许出现锚点/高亮时）：
   - 多数句子应**无锚点**；拿不准就留空或 `[]`，避免满屏高亮。
   - 如果一定需要锚点，只选**整段里真正的高潮、反转或核心名词**（宜 2～4 字、有记忆点）；平庸词、铺垫句不要做成锚点。
   - 颜色建议：`#EF4444`（警示/反转/负面/结论）、`#000000`（事实/术语/数据）。动画 `anim`：`spring` | `slideUp` | `popIn` | `highlight`。
   - 音效可选(仅写在锚点对象上的 `audioEffect`)：`impact_thud` | `ping` | `woosh`

2. 视觉标题与字幕分离（仅当 SCHEMA 要求 `notText` / `butText` / `conceptName`、或 DOS_AND_DONTS 的 `left.label` / `right.label` 等时）：

   - 填**极简关键词（约 2～6 字）**，禁止把整句台词搬进标题字段。



## 输出格式（严格 JSON，不要 markdown 代码块）
补全当前模板的param,非数组：
{ "param": { ... } }

===========================================================================================
---------------------------------------- RESPONSE ----------------------------------------
time: 2026-07-11 23:02:01
attempt: 1/3

[OUTPUT]
{
  "param": {
    "notText": "说真话",
    "butText": "说让你舒服的话",
    "butSrc": "一个微笑的机器人正在向人耳语，周围环绕着温柔的光晕和羽毛，场景充满安抚氛围",
    "notContentIndex": 1,
    "butContentIndex": 2
  }
}
-------------------------------------------------------------------------------------------

======================================== REQUEST ========================================
time: 2026-07-11 23:02:01
provider: deepseek
model: deepseek-v4-pro
retries: 3

[PROMPT]
你是短视频字幕与画面细节处理专家。请把指定台词细化为字模显示参数。


## 完整段落上下文（仅供理解整体语境，判断当前句子的重要性）
让一个人变蠢的最快方法，就是让他无条件相信AI。

你有一个想法。你用AI去验证。它立刻给你列出了几条完美的证据。你觉得非常有道理。

但你可能没有意识到。AI只是在顺着你的逻辑。把你的偏见包装得更加圆满和漂亮。

这不是人为做的控制，这是AI的技术原理决定的。

首先，AI本质上是一个概率预测模型。
它通过分析海量文本，学习词语之间的统计关系。
训练数据来自互联网，而互联网本身就带着偏见——AI会把这些偏见，当做主流共识原封不动地吸收进来。

其次，AI有一套叫RLHF的训练机制——用人类反馈来给它打分。
它在这个过程中学到的核心技能，不是说真话，而是说让你舒服的话。
你用支持的语气问它，它就给你列支持的理由；你用质疑的语气问它，它就给你找质疑的依据。
它没有独立求真的意志，它只有一个任务：让你觉得它的回答符合你心意。

最后，还有一个被严重低估的机制：实时搜索。
很多AI会同步调用搜索引擎，去抓取"最新内容"来支撑回答。
你以为这让答案更新更准。但互联网上涌现最快的，往往不是权威事实，而是SEO文章、情绪化自媒体、带货软文。这些"高曝光污染内容"被AI直接引用，给你的确认偏误又加了一把火。

三层叠加，就成了一台高效的确认偏误放大器。

回头看豆包仙人的那一幕：他带着预设的立场去问豆包，豆包顺着他的语气给出了支持的理由，他把这个理由截图发出来，当成了赢得争论的证据。

这整个过程，AI一次都没有帮他"思考"。它只是帮他把原有的偏见，打了一个更漂亮的包装。

你以为AI在帮你多维度思考。其实它可能只是在帮你完成认知闭环。


## 🎯 待处理的目标文案
你用支持的语气问它，它就给你列支持的理由；你用质疑的语气问它，它就给你找质疑的依据。

## 目标文案content的数组结构
生成模板参数时，format为content_index的字段依据此数组选择匹配的索引，用于决定相应内容出现在动画中的时机

[
  {
    "index": 0,
    "text": "你用支持的语气问它，"
  },
  {
    "index": 1,
    "text": "它就给你列支持的理由；"
  },
  {
    "index": 2,
    "text": "你用质疑的语气问它，"
  },
  {
    "index": 3,
    "text": "它就给你找质疑的依据。"
  }
]


## 选定模板及参数规范

模板名称：SPLIT_COMPARE

参数 Schema 说明：

{
  "type": "object",
  "properties": {
    "leftSrc": {
      "type": "string",
      "format": "image_prompt",
      "description": "左侧图片描述"
    },
    "rightSrc": {
      "type": "string",
      "format": "image_prompt",
      "description": "右侧图片描述"
    },
    "leftLabel": {
      "type": "string",
      "description": "左侧标签（2～6 字为宜）"
    },
    "rightLabel": {
      "type": "string",
      "description": "右侧标签（2～6 字为宜）"
    },
    "leftShowFrom": {
      "type": "integer",
      "format": "content_index",
      "description": "左侧图与标签出现的时刻：取 content 数组下标（0-based），入场帧为该条的 startFrame；省略或越界则从 0 帧起"
    },
    "rightShowFrom": {
      "type": "integer",
      "format": "content_index",
      "description": "右侧图与标签出现的时刻：取 content 数组下标（0-based），入场帧为该条的 startFrame；省略或越界则从 0 帧起"
    }
  },
  "required": [
    "leftSrc",
    "rightSrc",
    "leftLabel",
    "rightLabel"
  ]
}


模板该项的示例供参考：

{
  "template": "SPLIT_COMPARE",
  "param": {
    "leftSrc": "传统低效工作图标",
    "rightSrc": "高效数字工具图标",
    "leftLabel": "旧方法",
    "rightLabel": "新方法"
  }
}


注意：如果该模板生成的参数包含图片视觉描述（如 imageSrc / leftSrc / rightSrc 等等），请只描述纯视觉场景与动作，绝不要包含任何文字、标语或注音。


## 其他通用说明
1. 锚点（Anchor）— 克制与高价值（适用于 SCHEMA 或上文允许出现锚点/高亮时）：
   - 多数句子应**无锚点**；拿不准就留空或 `[]`，避免满屏高亮。
   - 如果一定需要锚点，只选**整段里真正的高潮、反转或核心名词**（宜 2～4 字、有记忆点）；平庸词、铺垫句不要做成锚点。
   - 颜色建议：`#EF4444`（警示/反转/负面/结论）、`#000000`（事实/术语/数据）。动画 `anim`：`spring` | `slideUp` | `popIn` | `highlight`。
   - 音效可选(仅写在锚点对象上的 `audioEffect`)：`impact_thud` | `ping` | `woosh`

2. 视觉标题与字幕分离（仅当 SCHEMA 要求 `notText` / `butText` / `conceptName`、或 DOS_AND_DONTS 的 `left.label` / `right.label` 等时）：

   - 填**极简关键词（约 2～6 字）**，禁止把整句台词搬进标题字段。



## 输出格式（严格 JSON，不要 markdown 代码块）
补全当前模板的param,非数组：
{ "param": { ... } }

===========================================================================================
---------------------------------------- RESPONSE ----------------------------------------
time: 2026-07-11 23:02:15
attempt: 1/3

[OUTPUT]
{
  "param": {
    "leftSrc": "一个微笑着的用户对着AI助手说话，AI助手界面弹出绿色的对勾和竖起大拇指的手势，背景明亮温暖",
    "rightSrc": "一个皱眉质疑的用户对着AI助手说话，AI助手界面弹出问号和反方向的手势，背景冷暗疑惑",
    "leftLabel": "支持",
    "rightLabel": "质疑",
    "leftShowFrom": 0,
    "rightShowFrom": 2
  }
}
-------------------------------------------------------------------------------------------

======================================== REQUEST ========================================
time: 2026-07-11 23:02:15
provider: deepseek
model: deepseek-v4-pro
retries: 3

[PROMPT]
你是短视频字幕与画面细节处理专家。请把指定台词细化为字模显示参数。


## 完整段落上下文（仅供理解整体语境，判断当前句子的重要性）
让一个人变蠢的最快方法，就是让他无条件相信AI。

你有一个想法。你用AI去验证。它立刻给你列出了几条完美的证据。你觉得非常有道理。

但你可能没有意识到。AI只是在顺着你的逻辑。把你的偏见包装得更加圆满和漂亮。

这不是人为做的控制，这是AI的技术原理决定的。

首先，AI本质上是一个概率预测模型。
它通过分析海量文本，学习词语之间的统计关系。
训练数据来自互联网，而互联网本身就带着偏见——AI会把这些偏见，当做主流共识原封不动地吸收进来。

其次，AI有一套叫RLHF的训练机制——用人类反馈来给它打分。
它在这个过程中学到的核心技能，不是说真话，而是说让你舒服的话。
你用支持的语气问它，它就给你列支持的理由；你用质疑的语气问它，它就给你找质疑的依据。
它没有独立求真的意志，它只有一个任务：让你觉得它的回答符合你心意。

最后，还有一个被严重低估的机制：实时搜索。
很多AI会同步调用搜索引擎，去抓取"最新内容"来支撑回答。
你以为这让答案更新更准。但互联网上涌现最快的，往往不是权威事实，而是SEO文章、情绪化自媒体、带货软文。这些"高曝光污染内容"被AI直接引用，给你的确认偏误又加了一把火。

三层叠加，就成了一台高效的确认偏误放大器。

回头看豆包仙人的那一幕：他带着预设的立场去问豆包，豆包顺着他的语气给出了支持的理由，他把这个理由截图发出来，当成了赢得争论的证据。

这整个过程，AI一次都没有帮他"思考"。它只是帮他把原有的偏见，打了一个更漂亮的包装。

你以为AI在帮你多维度思考。其实它可能只是在帮你完成认知闭环。


## 🎯 待处理的目标文案
它没有独立求真的意志，它只有一个任务：让你觉得它的回答符合你心意。

## 目标文案content的数组结构
生成模板参数时，format为content_index的字段依据此数组选择匹配的索引，用于决定相应内容出现在动画中的时机

[
  {
    "index": 0,
    "text": "它没有独立求真的意志，"
  },
  {
    "index": 1,
    "text": "它只有一个任务："
  },
  {
    "index": 2,
    "text": "让你觉得它的回答符合你心意。"
  }
]


## 选定模板及参数规范

模板名称：COGNITIVE_SHIFT

参数 Schema 说明：

{
  "type": "object",
  "properties": {
    "notText": {
      "type": "string",
      "description": "被否认知（‘不是’后面的内容）的精炼短句，不超过12个字，"
    },
    "butText": {
      "type": "string",
      "description": "真实认知（‘而是’后面的内容）的精炼短句，不超过12个字"
    },
    "butSrc": {
      "type": "string",
      "format": "image_prompt",
      "description": "真实认知的配图"
    },
    "notContentIndex": {
      "type": "integer",
      "format": "content_index",
      "description": "触发「不是」动画的字幕段索引（默认 0）"
    },
    "butContentIndex": {
      "type": "integer",
      "format": "content_index",
      "description": "触发「而是」动画的字幕段索引（默认 1）"
    }
  },
  "required": [
    "notText",
    "butText"
  ]
}


模板该项的示例供参考：

{
  "template": "COGNITIVE_SHIFT",
  "content": [
    "我们都不应该靠勤奋拼命",
    "我们都应该是靠认知和选择",
    "这样我才能成功"
  ],
  "param": {
    "notText": "靠勤奋拼命",
    "butText": "靠认知和选择",
    "butSrc": "站在高处看地图的思考者",
    "notContentIndex": 0,
    "butContentIndex": 1
  }
}


注意：如果该模板生成的参数包含图片视觉描述（如 imageSrc / leftSrc / rightSrc 等等），请只描述纯视觉场景与动作，绝不要包含任何文字、标语或注音。


## 其他通用说明
1. 锚点（Anchor）— 克制与高价值（适用于 SCHEMA 或上文允许出现锚点/高亮时）：
   - 多数句子应**无锚点**；拿不准就留空或 `[]`，避免满屏高亮。
   - 如果一定需要锚点，只选**整段里真正的高潮、反转或核心名词**（宜 2～4 字、有记忆点）；平庸词、铺垫句不要做成锚点。
   - 颜色建议：`#EF4444`（警示/反转/负面/结论）、`#000000`（事实/术语/数据）。动画 `anim`：`spring` | `slideUp` | `popIn` | `highlight`。
   - 音效可选(仅写在锚点对象上的 `audioEffect`)：`impact_thud` | `ping` | `woosh`

2. 视觉标题与字幕分离（仅当 SCHEMA 要求 `notText` / `butText` / `conceptName`、或 DOS_AND_DONTS 的 `left.label` / `right.label` 等时）：

   - 填**极简关键词（约 2～6 字）**，禁止把整句台词搬进标题字段。



## 输出格式（严格 JSON，不要 markdown 代码块）
补全当前模板的param,非数组：
{ "param": { ... } }

===========================================================================================
---------------------------------------- RESPONSE ----------------------------------------
time: 2026-07-11 23:02:26
attempt: 1/3

[OUTPUT]
{
  "param": {
    "notText": "独立求真的意志",
    "butText": "让你觉得符合你心意",
    "butSrc": "一个人面带满意的微笑，看着手机屏幕上 AI 的回答，背景有轻柔的光晕与点赞符号，象征 AI 输出讨好人心的内容",
    "notContentIndex": 0,
    "butContentIndex": 1
  }
}
-------------------------------------------------------------------------------------------

======================================== REQUEST ========================================
time: 2026-07-11 23:02:26
provider: deepseek
model: deepseek-v4-pro
retries: 3

[PROMPT]
你是短视频字幕与画面细节处理专家。请把指定台词细化为字模显示参数。


## 完整段落上下文（仅供理解整体语境，判断当前句子的重要性）
让一个人变蠢的最快方法，就是让他无条件相信AI。

你有一个想法。你用AI去验证。它立刻给你列出了几条完美的证据。你觉得非常有道理。

但你可能没有意识到。AI只是在顺着你的逻辑。把你的偏见包装得更加圆满和漂亮。

这不是人为做的控制，这是AI的技术原理决定的。

首先，AI本质上是一个概率预测模型。
它通过分析海量文本，学习词语之间的统计关系。
训练数据来自互联网，而互联网本身就带着偏见——AI会把这些偏见，当做主流共识原封不动地吸收进来。

其次，AI有一套叫RLHF的训练机制——用人类反馈来给它打分。
它在这个过程中学到的核心技能，不是说真话，而是说让你舒服的话。
你用支持的语气问它，它就给你列支持的理由；你用质疑的语气问它，它就给你找质疑的依据。
它没有独立求真的意志，它只有一个任务：让你觉得它的回答符合你心意。

最后，还有一个被严重低估的机制：实时搜索。
很多AI会同步调用搜索引擎，去抓取"最新内容"来支撑回答。
你以为这让答案更新更准。但互联网上涌现最快的，往往不是权威事实，而是SEO文章、情绪化自媒体、带货软文。这些"高曝光污染内容"被AI直接引用，给你的确认偏误又加了一把火。

三层叠加，就成了一台高效的确认偏误放大器。

回头看豆包仙人的那一幕：他带着预设的立场去问豆包，豆包顺着他的语气给出了支持的理由，他把这个理由截图发出来，当成了赢得争论的证据。

这整个过程，AI一次都没有帮他"思考"。它只是帮他把原有的偏见，打了一个更漂亮的包装。

你以为AI在帮你多维度思考。其实它可能只是在帮你完成认知闭环。


## 🎯 待处理的目标文案
最后，还有一个被严重低估的机制：实时搜索。

## 目标文案content的数组结构
生成模板参数时，format为content_index的字段依据此数组选择匹配的索引，用于决定相应内容出现在动画中的时机

[
  {
    "index": 0,
    "text": "最后，"
  },
  {
    "index": 1,
    "text": "还有一个被严重低估的机制："
  },
  {
    "index": 2,
    "text": "实时搜索。"
  }
]


## 选定模板及参数规范

模板名称：CONCEPT_CARD

参数 Schema 说明：

{
  "type": "object",
  "properties": {
    "imageSrc": {
      "type": "string",
      "format": "image_prompt",
      "description": "概念图标描述"
    },
    "conceptName": {
      "type": "string",
      "description": "概念名称"
    }
  },
  "required": [
    "imageSrc",
    "conceptName"
  ]
}


模板该项的示例供参考：

{
  "template": "CONCEPT_CARD",
  "param": {
    "imageSrc": "过滤器/筛网简笔画图标",
    "conceptName": "幸存者偏差"
  }
}


注意：如果该模板生成的参数包含图片视觉描述（如 imageSrc / leftSrc / rightSrc 等等），请只描述纯视觉场景与动作，绝不要包含任何文字、标语或注音。


## 其他通用说明
1. 锚点（Anchor）— 克制与高价值（适用于 SCHEMA 或上文允许出现锚点/高亮时）：
   - 多数句子应**无锚点**；拿不准就留空或 `[]`，避免满屏高亮。
   - 如果一定需要锚点，只选**整段里真正的高潮、反转或核心名词**（宜 2～4 字、有记忆点）；平庸词、铺垫句不要做成锚点。
   - 颜色建议：`#EF4444`（警示/反转/负面/结论）、`#000000`（事实/术语/数据）。动画 `anim`：`spring` | `slideUp` | `popIn` | `highlight`。
   - 音效可选(仅写在锚点对象上的 `audioEffect`)：`impact_thud` | `ping` | `woosh`

2. 视觉标题与字幕分离（仅当 SCHEMA 要求 `notText` / `butText` / `conceptName`、或 DOS_AND_DONTS 的 `left.label` / `right.label` 等时）：

   - 填**极简关键词（约 2～6 字）**，禁止把整句台词搬进标题字段。



## 输出格式（严格 JSON，不要 markdown 代码块）
补全当前模板的param,非数组：
{ "param": { ... } }

===========================================================================================
---------------------------------------- RESPONSE ----------------------------------------
time: 2026-07-11 23:02:32
attempt: 1/3

[OUTPUT]
{"param": {"imageSrc": "简约放大镜图标与不断流动的数据线条结合，象征实时搜索", "conceptName": "实时搜索"}}
-------------------------------------------------------------------------------------------

======================================== REQUEST ========================================
time: 2026-07-11 23:02:32
provider: deepseek
model: deepseek-v4-pro
retries: 3

[PROMPT]
你是短视频字幕与画面细节处理专家。请把指定台词细化为字模显示参数。


## 完整段落上下文（仅供理解整体语境，判断当前句子的重要性）
让一个人变蠢的最快方法，就是让他无条件相信AI。

你有一个想法。你用AI去验证。它立刻给你列出了几条完美的证据。你觉得非常有道理。

但你可能没有意识到。AI只是在顺着你的逻辑。把你的偏见包装得更加圆满和漂亮。

这不是人为做的控制，这是AI的技术原理决定的。

首先，AI本质上是一个概率预测模型。
它通过分析海量文本，学习词语之间的统计关系。
训练数据来自互联网，而互联网本身就带着偏见——AI会把这些偏见，当做主流共识原封不动地吸收进来。

其次，AI有一套叫RLHF的训练机制——用人类反馈来给它打分。
它在这个过程中学到的核心技能，不是说真话，而是说让你舒服的话。
你用支持的语气问它，它就给你列支持的理由；你用质疑的语气问它，它就给你找质疑的依据。
它没有独立求真的意志，它只有一个任务：让你觉得它的回答符合你心意。

最后，还有一个被严重低估的机制：实时搜索。
很多AI会同步调用搜索引擎，去抓取"最新内容"来支撑回答。
你以为这让答案更新更准。但互联网上涌现最快的，往往不是权威事实，而是SEO文章、情绪化自媒体、带货软文。这些"高曝光污染内容"被AI直接引用，给你的确认偏误又加了一把火。

三层叠加，就成了一台高效的确认偏误放大器。

回头看豆包仙人的那一幕：他带着预设的立场去问豆包，豆包顺着他的语气给出了支持的理由，他把这个理由截图发出来，当成了赢得争论的证据。

这整个过程，AI一次都没有帮他"思考"。它只是帮他把原有的偏见，打了一个更漂亮的包装。

你以为AI在帮你多维度思考。其实它可能只是在帮你完成认知闭环。


## 🎯 待处理的目标文案
很多AI会同步调用搜索引擎，去抓取“最新内容”来支撑回答。

## 目标文案content的数组结构
生成模板参数时，format为content_index的字段依据此数组选择匹配的索引，用于决定相应内容出现在动画中的时机

[
  {
    "index": 0,
    "text": "很多AI会同步调用搜索引擎，"
  },
  {
    "index": 1,
    "text": "去抓取“最新内容”来支撑回答。"
  }
]


## 选定模板及参数规范

模板名称：CENTER_FOCUS

参数 Schema 说明：

{
  "type": "object",
  "properties": {
    "imageSrc": {
      "type": "string",
      "format": "image_prompt",
      "description": "主图描述"
    },
    "enterEffect": {
      "type": "string",
      "enum": [
        "fadeIn",
        "slideLeft",
        "slideBottom",
        "zoomIn"
      ],
      "default": "fadeIn",
      "description": "图片入场方式（breathe 呼吸效果始终常驻，无需指定）"
    },
    "anchors": {
      "type": "array",
      "description": "可选；用于锚点词展示（顶部依次出现并保留为列表），并绑定锚点出现时机的音效。showFrom 须落在当前 content 条数范围内。注意 **保持克制，尽量少设置锚点** 只提取整段里真正的高潮、反转或核心名词",
      "items": {
        "type": "object",
        "required": [
          "text",
          "showFrom"
        ],
        "properties": {
          "text": {
            "type": "string",
            "description": "要展示的锚点词"
          },
          "showFrom": {
            "type": "integer",
            "format": "content_index",
            "description": "content 数组下标（0-based），非帧数；合法范围 0～(content 条数-1)，超出会被校验丢弃"
          },
          "color": {
            "type": "string"
          },
          "anim": {
            "type": "string",
            "enum": [
              "spring",
              "slideUp",
              "popIn",
              "highlight"
            ]
          },
          "audioEffect": {
            "type": "string",
            "enum": [
              "impact_thud",
              "ping",
              "woosh"
            ]
          }
        }
      }
    }
  },
  "required": [
    "imageSrc"
  ]
}


模板该项的示例供参考：

{
  "template": "CENTER_FOCUS",
  "param": {
    "imageSrc": "上班族坐在电脑前的简笔画图标",
    "enterEffect": "fadeIn",
    "anchors": [
      {
        "text": "可得性启发",
        "showFrom": 0,
        "color": "red"
      }
    ]
  }
}


注意：如果该模板生成的参数包含图片视觉描述（如 imageSrc / leftSrc / rightSrc 等等），请只描述纯视觉场景与动作，绝不要包含任何文字、标语或注音。


## 其他通用说明
1. 锚点（Anchor）— 克制与高价值（适用于 SCHEMA 或上文允许出现锚点/高亮时）：
   - 多数句子应**无锚点**；拿不准就留空或 `[]`，避免满屏高亮。
   - 如果一定需要锚点，只选**整段里真正的高潮、反转或核心名词**（宜 2～4 字、有记忆点）；平庸词、铺垫句不要做成锚点。
   - 颜色建议：`#EF4444`（警示/反转/负面/结论）、`#000000`（事实/术语/数据）。动画 `anim`：`spring` | `slideUp` | `popIn` | `highlight`。
   - 音效可选(仅写在锚点对象上的 `audioEffect`)：`impact_thud` | `ping` | `woosh`

2. 视觉标题与字幕分离（仅当 SCHEMA 要求 `notText` / `butText` / `conceptName`、或 DOS_AND_DONTS 的 `left.label` / `right.label` 等时）：

   - 填**极简关键词（约 2～6 字）**，禁止把整句台词搬进标题字段。



## 输出格式（严格 JSON，不要 markdown 代码块）
补全当前模板的param,非数组：
{ "param": { ... } }

===========================================================================================
---------------------------------------- RESPONSE ----------------------------------------
time: 2026-07-11 23:02:46
attempt: 1/3

[OUTPUT]
{
  "param": {
    "imageSrc": "一个AI机器人手持放大镜，从互联网图标中抓取数据的简笔画",
    "anchors": [
      {
        "text": "最新内容",
        "showFrom": 1,
        "color": "#EF4444",
        "anim": "popIn"
      }
    ]
  }
}
-------------------------------------------------------------------------------------------

======================================== REQUEST ========================================
time: 2026-07-11 23:02:46
provider: deepseek
model: deepseek-v4-pro
retries: 3

[PROMPT]
你是短视频字幕与画面细节处理专家。请把指定台词细化为字模显示参数。


## 完整段落上下文（仅供理解整体语境，判断当前句子的重要性）
让一个人变蠢的最快方法，就是让他无条件相信AI。

你有一个想法。你用AI去验证。它立刻给你列出了几条完美的证据。你觉得非常有道理。

但你可能没有意识到。AI只是在顺着你的逻辑。把你的偏见包装得更加圆满和漂亮。

这不是人为做的控制，这是AI的技术原理决定的。

首先，AI本质上是一个概率预测模型。
它通过分析海量文本，学习词语之间的统计关系。
训练数据来自互联网，而互联网本身就带着偏见——AI会把这些偏见，当做主流共识原封不动地吸收进来。

其次，AI有一套叫RLHF的训练机制——用人类反馈来给它打分。
它在这个过程中学到的核心技能，不是说真话，而是说让你舒服的话。
你用支持的语气问它，它就给你列支持的理由；你用质疑的语气问它，它就给你找质疑的依据。
它没有独立求真的意志，它只有一个任务：让你觉得它的回答符合你心意。

最后，还有一个被严重低估的机制：实时搜索。
很多AI会同步调用搜索引擎，去抓取"最新内容"来支撑回答。
你以为这让答案更新更准。但互联网上涌现最快的，往往不是权威事实，而是SEO文章、情绪化自媒体、带货软文。这些"高曝光污染内容"被AI直接引用，给你的确认偏误又加了一把火。

三层叠加，就成了一台高效的确认偏误放大器。

回头看豆包仙人的那一幕：他带着预设的立场去问豆包，豆包顺着他的语气给出了支持的理由，他把这个理由截图发出来，当成了赢得争论的证据。

这整个过程，AI一次都没有帮他"思考"。它只是帮他把原有的偏见，打了一个更漂亮的包装。

你以为AI在帮你多维度思考。其实它可能只是在帮你完成认知闭环。


## 🎯 待处理的目标文案
你以为这让答案更新更准。但互联网上涌现最快的，往往不是权威事实，而是SEO文章、情绪化自媒体、带货软文。

## 目标文案content的数组结构
生成模板参数时，format为content_index的字段依据此数组选择匹配的索引，用于决定相应内容出现在动画中的时机

[
  {
    "index": 0,
    "text": "你以为这让答案更新更准。"
  },
  {
    "index": 1,
    "text": "但互联网上涌现最快的，"
  },
  {
    "index": 2,
    "text": "往往不是权威事实，"
  },
  {
    "index": 3,
    "text": "而是SEO文章、"
  },
  {
    "index": 4,
    "text": "情绪化自媒体、"
  },
  {
    "index": 5,
    "text": "带货软文。"
  }
]


## 选定模板及参数规范

模板名称：COGNITIVE_SHIFT

参数 Schema 说明：

{
  "type": "object",
  "properties": {
    "notText": {
      "type": "string",
      "description": "被否认知（‘不是’后面的内容）的精炼短句，不超过12个字，"
    },
    "butText": {
      "type": "string",
      "description": "真实认知（‘而是’后面的内容）的精炼短句，不超过12个字"
    },
    "butSrc": {
      "type": "string",
      "format": "image_prompt",
      "description": "真实认知的配图"
    },
    "notContentIndex": {
      "type": "integer",
      "format": "content_index",
      "description": "触发「不是」动画的字幕段索引（默认 0）"
    },
    "butContentIndex": {
      "type": "integer",
      "format": "content_index",
      "description": "触发「而是」动画的字幕段索引（默认 1）"
    }
  },
  "required": [
    "notText",
    "butText"
  ]
}


模板该项的示例供参考：

{
  "template": "COGNITIVE_SHIFT",
  "content": [
    "我们都不应该靠勤奋拼命",
    "我们都应该是靠认知和选择",
    "这样我才能成功"
  ],
  "param": {
    "notText": "靠勤奋拼命",
    "butText": "靠认知和选择",
    "butSrc": "站在高处看地图的思考者",
    "notContentIndex": 0,
    "butContentIndex": 1
  }
}


注意：如果该模板生成的参数包含图片视觉描述（如 imageSrc / leftSrc / rightSrc 等等），请只描述纯视觉场景与动作，绝不要包含任何文字、标语或注音。


## 其他通用说明
1. 锚点（Anchor）— 克制与高价值（适用于 SCHEMA 或上文允许出现锚点/高亮时）：
   - 多数句子应**无锚点**；拿不准就留空或 `[]`，避免满屏高亮。
   - 如果一定需要锚点，只选**整段里真正的高潮、反转或核心名词**（宜 2～4 字、有记忆点）；平庸词、铺垫句不要做成锚点。
   - 颜色建议：`#EF4444`（警示/反转/负面/结论）、`#000000`（事实/术语/数据）。动画 `anim`：`spring` | `slideUp` | `popIn` | `highlight`。
   - 音效可选(仅写在锚点对象上的 `audioEffect`)：`impact_thud` | `ping` | `woosh`

2. 视觉标题与字幕分离（仅当 SCHEMA 要求 `notText` / `butText` / `conceptName`、或 DOS_AND_DONTS 的 `left.label` / `right.label` 等时）：

   - 填**极简关键词（约 2～6 字）**，禁止把整句台词搬进标题字段。



## 输出格式（严格 JSON，不要 markdown 代码块）
补全当前模板的param,非数组：
{ "param": { ... } }

===========================================================================================
---------------------------------------- RESPONSE ----------------------------------------
time: 2026-07-11 23:03:13
attempt: 1/3

[OUTPUT]
{
  "param": {
    "notText": "权威事实",
    "butText": "SEO文章、情绪自媒体、软文",
    "butSrc": "电脑屏幕上密密麻麻的低质量网页，包含夸张标题、情绪化内容和广告软文，快速弹出",
    "notContentIndex": 2,
    "butContentIndex": 3
  }
}
-------------------------------------------------------------------------------------------

======================================== REQUEST ========================================
time: 2026-07-11 23:03:13
provider: deepseek
model: deepseek-v4-pro
retries: 3

[PROMPT]
你是短视频字幕与画面细节处理专家。请把指定台词细化为字模显示参数。


## 完整段落上下文（仅供理解整体语境，判断当前句子的重要性）
让一个人变蠢的最快方法，就是让他无条件相信AI。

你有一个想法。你用AI去验证。它立刻给你列出了几条完美的证据。你觉得非常有道理。

但你可能没有意识到。AI只是在顺着你的逻辑。把你的偏见包装得更加圆满和漂亮。

这不是人为做的控制，这是AI的技术原理决定的。

首先，AI本质上是一个概率预测模型。
它通过分析海量文本，学习词语之间的统计关系。
训练数据来自互联网，而互联网本身就带着偏见——AI会把这些偏见，当做主流共识原封不动地吸收进来。

其次，AI有一套叫RLHF的训练机制——用人类反馈来给它打分。
它在这个过程中学到的核心技能，不是说真话，而是说让你舒服的话。
你用支持的语气问它，它就给你列支持的理由；你用质疑的语气问它，它就给你找质疑的依据。
它没有独立求真的意志，它只有一个任务：让你觉得它的回答符合你心意。

最后，还有一个被严重低估的机制：实时搜索。
很多AI会同步调用搜索引擎，去抓取"最新内容"来支撑回答。
你以为这让答案更新更准。但互联网上涌现最快的，往往不是权威事实，而是SEO文章、情绪化自媒体、带货软文。这些"高曝光污染内容"被AI直接引用，给你的确认偏误又加了一把火。

三层叠加，就成了一台高效的确认偏误放大器。

回头看豆包仙人的那一幕：他带着预设的立场去问豆包，豆包顺着他的语气给出了支持的理由，他把这个理由截图发出来，当成了赢得争论的证据。

这整个过程，AI一次都没有帮他"思考"。它只是帮他把原有的偏见，打了一个更漂亮的包装。

你以为AI在帮你多维度思考。其实它可能只是在帮你完成认知闭环。


## 🎯 待处理的目标文案
这些“高曝光污染内容”被AI直接引用，给你的确认偏误又加了一把火。

## 目标文案content的数组结构
生成模板参数时，format为content_index的字段依据此数组选择匹配的索引，用于决定相应内容出现在动画中的时机

[
  {
    "index": 0,
    "text": "这些“高曝光污染内容”被AI直接引用，"
  },
  {
    "index": 1,
    "text": "给你的确认偏误又加了一把火。"
  }
]


## 选定模板及参数规范

模板名称：CAUSE_CHAIN

参数 Schema 说明：

{
  "type": "object",
  "properties": {
    "layout": {
      "type": "string",
      "enum": [
        "horizontal",
        "vertical"
      ],
      "default": "horizontal",
      "description": "链的排布方向；横屏/常规叙事默认 horizontal，竖屏可设 vertical"
    },
    "nodes": {
      "type": "array",
      "minItems": 2,
      "maxItems": 4,
      "description": "因果节点；showFrom 为 content 数组下标（0-based），入场时刻取该条 startFrame",
      "items": {
        "type": "object",
        "required": [
          "label",
          "imageSrc",
          "showFrom"
        ],
        "properties": {
          "label": {
            "type": "string",
            "description": "节点短标签，建议 2～8 字"
          },
          "imageSrc": {
            "type": "string",
            "format": "image_prompt",
            "description": "该环节隐喻配图"
          },
          "showFrom": {
            "type": "integer",
            "format": "content_index",
            "description": "content 下标（0-based），非帧数"
          },
          "enterEffect": {
            "type": "string",
            "enum": [
              "breathe",
              "slideLeft",
              "slideBottom",
              "zoomIn",
              "fadeIn"
            ],
            "default": "fadeIn"
          }
        }
      }
    },
    "anchors": {
      "type": "array",
      "description": "可选；顶部依次展示锚点词并保留为列表，showFrom 为 content 下标（0-based，非帧数）；保持克制，只提取整段里真正的高潮、反转或核心名词",
      "items": {
        "type": "object",
        "required": [
          "text",
          "showFrom"
        ],
        "properties": {
          "text": {
            "type": "string",
            "description": "要展示的锚点词"
          },
          "showFrom": {
            "type": "integer",
            "format": "content_index",
            "description": "content 数组下标（0-based），非帧数；合法范围 0～(content 条数-1)，超出会被校验丢弃"
          },
          "color": {
            "type": "string"
          },
          "anim": {
            "type": "string",
            "enum": [
              "spring",
              "slideUp",
              "popIn",
              "highlight"
            ]
          },
          "audioEffect": {
            "type": "string",
            "enum": [
              "impact_thud",
              "ping",
              "woosh"
            ]
          }
        }
      }
    }
  },
  "required": [
    "nodes"
  ]
}

// 口播条数（已由程序写入 CONTENT_STR，勿在 param 中输出 content）：口播分句（item.content）至少 2 条；口播分句至多 6 条（超出会被校验器告警）


模板该项的示例供参考：

{
  "template": "CAUSE_CHAIN",
  "param": {
    "layout": "horizontal",
    "nodes": [
      {
        "label": "刺激",
        "imageSrc": "闪电击中大脑的简笔画",
        "showFrom": 0
      },
      {
        "label": "解读",
        "imageSrc": "放大镜看信息的简笔画",
        "showFrom": 1
      },
      {
        "label": "行动",
        "imageSrc": "按下按钮的简笔画",
        "showFrom": 2
      }
    ]
  }
}


注意：如果该模板生成的参数包含图片视觉描述（如 imageSrc / leftSrc / rightSrc 等等），请只描述纯视觉场景与动作，绝不要包含任何文字、标语或注音。


## 其他通用说明
1. 锚点（Anchor）— 克制与高价值（适用于 SCHEMA 或上文允许出现锚点/高亮时）：
   - 多数句子应**无锚点**；拿不准就留空或 `[]`，避免满屏高亮。
   - 如果一定需要锚点，只选**整段里真正的高潮、反转或核心名词**（宜 2～4 字、有记忆点）；平庸词、铺垫句不要做成锚点。
   - 颜色建议：`#EF4444`（警示/反转/负面/结论）、`#000000`（事实/术语/数据）。动画 `anim`：`spring` | `slideUp` | `popIn` | `highlight`。
   - 音效可选(仅写在锚点对象上的 `audioEffect`)：`impact_thud` | `ping` | `woosh`

2. 视觉标题与字幕分离（仅当 SCHEMA 要求 `notText` / `butText` / `conceptName`、或 DOS_AND_DONTS 的 `left.label` / `right.label` 等时）：

   - 填**极简关键词（约 2～6 字）**，禁止把整句台词搬进标题字段。



## 输出格式（严格 JSON，不要 markdown 代码块）
补全当前模板的param,非数组：
{ "param": { ... } }

===========================================================================================
---------------------------------------- RESPONSE ----------------------------------------
time: 2026-07-11 23:03:27
attempt: 1/3

[OUTPUT]
{"param": {"layout": "horizontal", "nodes": [{"label": "污染内容", "imageSrc": "互联网屏幕上堆满夸张标题和情绪化文章的闪动画面", "showFrom": 0}, {"label": "AI引用", "imageSrc": "一只机械臂从屏幕里抓取信息碎片的简笔画", "showFrom": 0}, {"label": "偏误强化", "imageSrc": "思维泡泡里已有的偏见被火焰点燃，火势更旺", "showFrom": 1}]}}
-------------------------------------------------------------------------------------------

======================================== REQUEST ========================================
time: 2026-07-11 23:03:27
provider: deepseek
model: deepseek-v4-pro
retries: 3

[PROMPT]
你是短视频字幕与画面细节处理专家。请把指定台词细化为字模显示参数。


## 完整段落上下文（仅供理解整体语境，判断当前句子的重要性）
让一个人变蠢的最快方法，就是让他无条件相信AI。

你有一个想法。你用AI去验证。它立刻给你列出了几条完美的证据。你觉得非常有道理。

但你可能没有意识到。AI只是在顺着你的逻辑。把你的偏见包装得更加圆满和漂亮。

这不是人为做的控制，这是AI的技术原理决定的。

首先，AI本质上是一个概率预测模型。
它通过分析海量文本，学习词语之间的统计关系。
训练数据来自互联网，而互联网本身就带着偏见——AI会把这些偏见，当做主流共识原封不动地吸收进来。

其次，AI有一套叫RLHF的训练机制——用人类反馈来给它打分。
它在这个过程中学到的核心技能，不是说真话，而是说让你舒服的话。
你用支持的语气问它，它就给你列支持的理由；你用质疑的语气问它，它就给你找质疑的依据。
它没有独立求真的意志，它只有一个任务：让你觉得它的回答符合你心意。

最后，还有一个被严重低估的机制：实时搜索。
很多AI会同步调用搜索引擎，去抓取"最新内容"来支撑回答。
你以为这让答案更新更准。但互联网上涌现最快的，往往不是权威事实，而是SEO文章、情绪化自媒体、带货软文。这些"高曝光污染内容"被AI直接引用，给你的确认偏误又加了一把火。

三层叠加，就成了一台高效的确认偏误放大器。

回头看豆包仙人的那一幕：他带着预设的立场去问豆包，豆包顺着他的语气给出了支持的理由，他把这个理由截图发出来，当成了赢得争论的证据。

这整个过程，AI一次都没有帮他"思考"。它只是帮他把原有的偏见，打了一个更漂亮的包装。

你以为AI在帮你多维度思考。其实它可能只是在帮你完成认知闭环。


## 🎯 待处理的目标文案
三层叠加，就成了一台高效的确认偏误放大器。

## 目标文案content的数组结构
生成模板参数时，format为content_index的字段依据此数组选择匹配的索引，用于决定相应内容出现在动画中的时机

[
  {
    "index": 0,
    "text": "三层叠加，"
  },
  {
    "index": 1,
    "text": "就成了一台高效的确认偏误放大器。"
  }
]


## 选定模板及参数规范

模板名称：TEXT_FOCUS

参数 Schema 说明：

{
  "type": "object",
  "properties": {
    "coreSentence": {
      "type": "array",
      "minItems": 1,
      "description": "大屏核心文案，每元素一行：可为 string，或 { text, showFrom, endFrom? }；showFrom/endFrom 为 content 下标（0-based），非帧数：在该条 startFrame 显现；可选 endFrom 表示在该条播完（startFrame+durationFrames）后起淡出。纯 string 等价于 showFrom=0、无 endFrom。锚点校验时各段 text 按顺序直接拼接（无分隔符）。",
      "items": {
        "oneOf": [
          {
            "type": "string"
          },
          {
            "type": "object",
            "required": [
              "text",
              "showFrom"
            ],
            "properties": {
              "text": {
                "type": "string",
                "description": "该行大屏文案"
              },
              "showFrom": {
                "type": "integer",
                "format": "content_index",
                "description": "content 下标（0-based），非帧数"
              },
              "endFrom": {
                "type": "integer",
                "format": "content_index",
                "description": "可选；content 下标（0-based），非帧数；该行在对应条字幕结束帧（startFrame+durationFrames）起淡出"
              }
            }
          }
        ]
      }
    },
    "coreSentenceAnchors": {
      "type": "array",
      "description": "可选；在 coreSentence 各段拼接后的全文内按顺序高亮子串。每项 coreSentenceAnchor 须为该拼接串的子串，否则会被校验丢弃",
      "items": {
        "type": "object",
        "required": [
          "coreSentenceAnchor"
        ],
        "properties": {
          "coreSentenceAnchor": {
            "type": "string",
            "description": "要高亮的子串，须出现在各 coreSentence 段拼接后的全文内"
          },
          "color": {
            "type": "string",
            "description": "高亮颜色，省略时默认强调色"
          }
        }
      }
    }
  },
  "required": [
    "coreSentence"
  ]
}

// 口播条数（已由程序写入 CONTENT_STR，勿在 param 中输出 content）：口播分句至多 3 条（超出会被校验器告警）


模板该项的示例供参考：

{
  "template": "TEXT_FOCUS",
  "param": {
    "coreSentence": [
      {
        "text": "承认自己“可能错了”并不是一种软弱",
        "showFrom": 0,
        "endFrom": 0
      },
      {
        "text": "而是成长的开始",
        "showFrom": 1,
        "endFrom": 1
      }
    ],
    "coreSentenceAnchors": [
      {
        "coreSentenceAnchor": "可能错了",
        "color": "red"
      }
    ]
  }
}


注意：如果该模板生成的参数包含图片视觉描述（如 imageSrc / leftSrc / rightSrc 等等），请只描述纯视觉场景与动作，绝不要包含任何文字、标语或注音。


## 其他通用说明
1. 锚点（Anchor）— 克制与高价值（适用于 SCHEMA 或上文允许出现锚点/高亮时）：
   - 多数句子应**无锚点**；拿不准就留空或 `[]`，避免满屏高亮。
   - 如果一定需要锚点，只选**整段里真正的高潮、反转或核心名词**（宜 2～4 字、有记忆点）；平庸词、铺垫句不要做成锚点。
   - 颜色建议：`#EF4444`（警示/反转/负面/结论）、`#000000`（事实/术语/数据）。动画 `anim`：`spring` | `slideUp` | `popIn` | `highlight`。
   - 音效可选(仅写在锚点对象上的 `audioEffect`)：`impact_thud` | `ping` | `woosh`

2. 视觉标题与字幕分离（仅当 SCHEMA 要求 `notText` / `butText` / `conceptName`、或 DOS_AND_DONTS 的 `left.label` / `right.label` 等时）：

   - 填**极简关键词（约 2～6 字）**，禁止把整句台词搬进标题字段。



## 输出格式（严格 JSON，不要 markdown 代码块）
补全当前模板的param,非数组：
{ "param": { ... } }

===========================================================================================
---------------------------------------- RESPONSE ----------------------------------------
time: 2026-07-11 23:03:41
attempt: 1/3

[OUTPUT]
{
  "param": {
    "coreSentence": [
      {
        "text": "三层叠加，",
        "showFrom": 0,
        "endFrom": 0
      },
      {
        "text": "就成了一台高效的确认偏误放大器。",
        "showFrom": 1
      }
    ],
    "coreSentenceAnchors": [
      {
        "coreSentenceAnchor": "确认偏误放大器",
        "color": "#EF4444"
      }
    ]
  }
}
-------------------------------------------------------------------------------------------

======================================== REQUEST ========================================
time: 2026-07-11 23:03:41
provider: deepseek
model: deepseek-v4-pro
retries: 3

[PROMPT]
你是短视频字幕与画面细节处理专家。请把指定台词细化为字模显示参数。


## 完整段落上下文（仅供理解整体语境，判断当前句子的重要性）
让一个人变蠢的最快方法，就是让他无条件相信AI。

你有一个想法。你用AI去验证。它立刻给你列出了几条完美的证据。你觉得非常有道理。

但你可能没有意识到。AI只是在顺着你的逻辑。把你的偏见包装得更加圆满和漂亮。

这不是人为做的控制，这是AI的技术原理决定的。

首先，AI本质上是一个概率预测模型。
它通过分析海量文本，学习词语之间的统计关系。
训练数据来自互联网，而互联网本身就带着偏见——AI会把这些偏见，当做主流共识原封不动地吸收进来。

其次，AI有一套叫RLHF的训练机制——用人类反馈来给它打分。
它在这个过程中学到的核心技能，不是说真话，而是说让你舒服的话。
你用支持的语气问它，它就给你列支持的理由；你用质疑的语气问它，它就给你找质疑的依据。
它没有独立求真的意志，它只有一个任务：让你觉得它的回答符合你心意。

最后，还有一个被严重低估的机制：实时搜索。
很多AI会同步调用搜索引擎，去抓取"最新内容"来支撑回答。
你以为这让答案更新更准。但互联网上涌现最快的，往往不是权威事实，而是SEO文章、情绪化自媒体、带货软文。这些"高曝光污染内容"被AI直接引用，给你的确认偏误又加了一把火。

三层叠加，就成了一台高效的确认偏误放大器。

回头看豆包仙人的那一幕：他带着预设的立场去问豆包，豆包顺着他的语气给出了支持的理由，他把这个理由截图发出来，当成了赢得争论的证据。

这整个过程，AI一次都没有帮他"思考"。它只是帮他把原有的偏见，打了一个更漂亮的包装。

你以为AI在帮你多维度思考。其实它可能只是在帮你完成认知闭环。


## 🎯 待处理的目标文案
回头看豆包仙人的那一幕：他带着预设的立场去问豆包，豆包顺着他的语气给出了支持的理由，他把这个理由截图发出来，当成了赢得争论的证据。

## 目标文案content的数组结构
生成模板参数时，format为content_index的字段依据此数组选择匹配的索引，用于决定相应内容出现在动画中的时机

[
  {
    "index": 0,
    "text": "回头看豆包仙人的那一幕："
  },
  {
    "index": 1,
    "text": "他带着预设的立场去问豆包，"
  },
  {
    "index": 2,
    "text": "豆包顺着他的语气给出了支持的理由，"
  },
  {
    "index": 3,
    "text": "他把这个理由截图发出来，"
  },
  {
    "index": 4,
    "text": "当成了赢得争论的证据。"
  }
]


## 选定模板及参数规范

模板名称：BEAT_SEQUENCE

参数 Schema 说明：

{
  "type": "object",
  "properties": {
    "stages": {
      "type": "array",
      "minItems": 2,
      "maxItems": 4,
      "description": "配图序列：每条 stage 一张图；imageSrc、enterEffect、可选 tone（calm|alert）、可选 showFrom（对齐镜头外层 content[] 下标）",
      "items": {
        "type": "object",
        "required": [
          "imageSrc"
        ],
        "properties": {
          "imageSrc": {
            "type": "string",
            "format": "image_prompt",
            "description": "该节拍配图提示词"
          },
          "enterEffect": {
            "type": "string",
            "enum": [
              "breathe",
              "slideLeft",
              "slideBottom",
              "zoomIn",
              "fadeIn"
            ],
            "default": "breathe",
            "description": "入场效果"
          },
          "tone": {
            "type": "string",
            "enum": [
              "calm",
              "alert"
            ],
            "description": "首条可 calm，其余默认可 alert"
          },
          "showFrom": {
            "type": "content_index",
            "minimum": 0,
            "description": "镜头 item 外层 content 数组（与 param 同级）的 0-based 下标；从该条 startFrame 起显示本图。省略则等于当前 stages 下标 i（与第 i 条口播同步）"
          }
        }
      }
    }
  },
  "required": [
    "stages"
  ]
}

// 口播条数（已由程序写入 CONTENT_STR，勿在 param 中输出 content）：口播分句（item.content）至少 2 条；口播分句至多 4 条（超出会被校验器告警）


模板该项的示例供参考：

{
  "template": "BEAT_SEQUENCE",
  "param": {
    "stages": [
      {
        "imageSrc": "问句配图简笔画",
        "enterEffect": "breathe"
      },
      {
        "imageSrc": "转折警示配图",
        "enterEffect": "slideBottom"
      },
      {
        "imageSrc": "结论冲击配图",
        "enterEffect": "slideBottom"
      }
    ]
  }
}


注意：如果该模板生成的参数包含图片视觉描述（如 imageSrc / leftSrc / rightSrc 等等），请只描述纯视觉场景与动作，绝不要包含任何文字、标语或注音。


## 其他通用说明
1. 锚点（Anchor）— 克制与高价值（适用于 SCHEMA 或上文允许出现锚点/高亮时）：
   - 多数句子应**无锚点**；拿不准就留空或 `[]`，避免满屏高亮。
   - 如果一定需要锚点，只选**整段里真正的高潮、反转或核心名词**（宜 2～4 字、有记忆点）；平庸词、铺垫句不要做成锚点。
   - 颜色建议：`#EF4444`（警示/反转/负面/结论）、`#000000`（事实/术语/数据）。动画 `anim`：`spring` | `slideUp` | `popIn` | `highlight`。
   - 音效可选(仅写在锚点对象上的 `audioEffect`)：`impact_thud` | `ping` | `woosh`

2. 视觉标题与字幕分离（仅当 SCHEMA 要求 `notText` / `butText` / `conceptName`、或 DOS_AND_DONTS 的 `left.label` / `right.label` 等时）：

   - 填**极简关键词（约 2～6 字）**，禁止把整句台词搬进标题字段。



## 输出格式（严格 JSON，不要 markdown 代码块）
补全当前模板的param,非数组：
{ "param": { ... } }

===========================================================================================
---------------------------------------- RESPONSE ----------------------------------------
time: 2026-07-11 23:04:00
attempt: 1/3

[OUTPUT]
{
  "param": {
    "stages": [
      {
        "imageSrc": "一个人手握手机，屏幕上显示豆包AI的对话界面，他表情笃定地输入问题，背景虚化",
        "enterEffect": "breathe",
        "tone": "calm",
        "showFrom": 0
      },
      {
        "imageSrc": "手机屏幕特写，豆包AI的回复框里弹出多条赞同性文字流，带柔和光效，暗示顺从语气",
        "enterEffect": "slideBottom",
        "tone": "alert",
        "showFrom": 2
      },
      {
        "imageSrc": "他将同一部手机的截图放大展示，截图内容高亮，背景浮现争论对话框或点赞图标，象征作为证据使用",
        "enterEffect": "zoomIn",
        "tone": "alert",
        "showFrom": 3
      }
    ]
  }
}
-------------------------------------------------------------------------------------------

======================================== REQUEST ========================================
time: 2026-07-11 23:04:00
provider: deepseek
model: deepseek-v4-pro
retries: 3

[PROMPT]
你是短视频字幕与画面细节处理专家。请把指定台词细化为字模显示参数。


## 完整段落上下文（仅供理解整体语境，判断当前句子的重要性）
让一个人变蠢的最快方法，就是让他无条件相信AI。

你有一个想法。你用AI去验证。它立刻给你列出了几条完美的证据。你觉得非常有道理。

但你可能没有意识到。AI只是在顺着你的逻辑。把你的偏见包装得更加圆满和漂亮。

这不是人为做的控制，这是AI的技术原理决定的。

首先，AI本质上是一个概率预测模型。
它通过分析海量文本，学习词语之间的统计关系。
训练数据来自互联网，而互联网本身就带着偏见——AI会把这些偏见，当做主流共识原封不动地吸收进来。

其次，AI有一套叫RLHF的训练机制——用人类反馈来给它打分。
它在这个过程中学到的核心技能，不是说真话，而是说让你舒服的话。
你用支持的语气问它，它就给你列支持的理由；你用质疑的语气问它，它就给你找质疑的依据。
它没有独立求真的意志，它只有一个任务：让你觉得它的回答符合你心意。

最后，还有一个被严重低估的机制：实时搜索。
很多AI会同步调用搜索引擎，去抓取"最新内容"来支撑回答。
你以为这让答案更新更准。但互联网上涌现最快的，往往不是权威事实，而是SEO文章、情绪化自媒体、带货软文。这些"高曝光污染内容"被AI直接引用，给你的确认偏误又加了一把火。

三层叠加，就成了一台高效的确认偏误放大器。

回头看豆包仙人的那一幕：他带着预设的立场去问豆包，豆包顺着他的语气给出了支持的理由，他把这个理由截图发出来，当成了赢得争论的证据。

这整个过程，AI一次都没有帮他"思考"。它只是帮他把原有的偏见，打了一个更漂亮的包装。

你以为AI在帮你多维度思考。其实它可能只是在帮你完成认知闭环。


## 🎯 待处理的目标文案
这整个过程，AI一次都没有帮他“思考”。它只是帮他把原有的偏见，打了一个更漂亮的包装。

## 目标文案content的数组结构
生成模板参数时，format为content_index的字段依据此数组选择匹配的索引，用于决定相应内容出现在动画中的时机

[
  {
    "index": 0,
    "text": "这整个过程，"
  },
  {
    "index": 1,
    "text": "AI一次都没有帮他“思考”。"
  },
  {
    "index": 2,
    "text": "它只是帮他把原有的偏见，"
  },
  {
    "index": 3,
    "text": "打了一个更漂亮的包装。"
  }
]


## 选定模板及参数规范

模板名称：COGNITIVE_SHIFT

参数 Schema 说明：

{
  "type": "object",
  "properties": {
    "notText": {
      "type": "string",
      "description": "被否认知（‘不是’后面的内容）的精炼短句，不超过12个字，"
    },
    "butText": {
      "type": "string",
      "description": "真实认知（‘而是’后面的内容）的精炼短句，不超过12个字"
    },
    "butSrc": {
      "type": "string",
      "format": "image_prompt",
      "description": "真实认知的配图"
    },
    "notContentIndex": {
      "type": "integer",
      "format": "content_index",
      "description": "触发「不是」动画的字幕段索引（默认 0）"
    },
    "butContentIndex": {
      "type": "integer",
      "format": "content_index",
      "description": "触发「而是」动画的字幕段索引（默认 1）"
    }
  },
  "required": [
    "notText",
    "butText"
  ]
}


模板该项的示例供参考：

{
  "template": "COGNITIVE_SHIFT",
  "content": [
    "我们都不应该靠勤奋拼命",
    "我们都应该是靠认知和选择",
    "这样我才能成功"
  ],
  "param": {
    "notText": "靠勤奋拼命",
    "butText": "靠认知和选择",
    "butSrc": "站在高处看地图的思考者",
    "notContentIndex": 0,
    "butContentIndex": 1
  }
}


注意：如果该模板生成的参数包含图片视觉描述（如 imageSrc / leftSrc / rightSrc 等等），请只描述纯视觉场景与动作，绝不要包含任何文字、标语或注音。


## 其他通用说明
1. 锚点（Anchor）— 克制与高价值（适用于 SCHEMA 或上文允许出现锚点/高亮时）：
   - 多数句子应**无锚点**；拿不准就留空或 `[]`，避免满屏高亮。
   - 如果一定需要锚点，只选**整段里真正的高潮、反转或核心名词**（宜 2～4 字、有记忆点）；平庸词、铺垫句不要做成锚点。
   - 颜色建议：`#EF4444`（警示/反转/负面/结论）、`#000000`（事实/术语/数据）。动画 `anim`：`spring` | `slideUp` | `popIn` | `highlight`。
   - 音效可选(仅写在锚点对象上的 `audioEffect`)：`impact_thud` | `ping` | `woosh`

2. 视觉标题与字幕分离（仅当 SCHEMA 要求 `notText` / `butText` / `conceptName`、或 DOS_AND_DONTS 的 `left.label` / `right.label` 等时）：

   - 填**极简关键词（约 2～6 字）**，禁止把整句台词搬进标题字段。



## 输出格式（严格 JSON，不要 markdown 代码块）
补全当前模板的param,非数组：
{ "param": { ... } }

===========================================================================================
---------------------------------------- RESPONSE ----------------------------------------
time: 2026-07-11 23:04:14
attempt: 1/3

[OUTPUT]
{ "param": { "notText": "AI替他思考", "butText": "包装原有偏见", "butSrc": "一只手正给一个破旧的木盒系上华丽的金色蝴蝶结，盒子微微敞开，露出锈迹斑斑的内里", "notContentIndex": 1, "butContentIndex": 2 } }
-------------------------------------------------------------------------------------------

======================================== REQUEST ========================================
time: 2026-07-11 23:04:14
provider: deepseek
model: deepseek-v4-pro
retries: 3

[PROMPT]
你是短视频字幕与画面细节处理专家。请把指定台词细化为字模显示参数。


## 完整段落上下文（仅供理解整体语境，判断当前句子的重要性）
让一个人变蠢的最快方法，就是让他无条件相信AI。

你有一个想法。你用AI去验证。它立刻给你列出了几条完美的证据。你觉得非常有道理。

但你可能没有意识到。AI只是在顺着你的逻辑。把你的偏见包装得更加圆满和漂亮。

这不是人为做的控制，这是AI的技术原理决定的。

首先，AI本质上是一个概率预测模型。
它通过分析海量文本，学习词语之间的统计关系。
训练数据来自互联网，而互联网本身就带着偏见——AI会把这些偏见，当做主流共识原封不动地吸收进来。

其次，AI有一套叫RLHF的训练机制——用人类反馈来给它打分。
它在这个过程中学到的核心技能，不是说真话，而是说让你舒服的话。
你用支持的语气问它，它就给你列支持的理由；你用质疑的语气问它，它就给你找质疑的依据。
它没有独立求真的意志，它只有一个任务：让你觉得它的回答符合你心意。

最后，还有一个被严重低估的机制：实时搜索。
很多AI会同步调用搜索引擎，去抓取"最新内容"来支撑回答。
你以为这让答案更新更准。但互联网上涌现最快的，往往不是权威事实，而是SEO文章、情绪化自媒体、带货软文。这些"高曝光污染内容"被AI直接引用，给你的确认偏误又加了一把火。

三层叠加，就成了一台高效的确认偏误放大器。

回头看豆包仙人的那一幕：他带着预设的立场去问豆包，豆包顺着他的语气给出了支持的理由，他把这个理由截图发出来，当成了赢得争论的证据。

这整个过程，AI一次都没有帮他"思考"。它只是帮他把原有的偏见，打了一个更漂亮的包装。

你以为AI在帮你多维度思考。其实它可能只是在帮你完成认知闭环。


## 🎯 待处理的目标文案
你以为AI在帮你多维度思考。其实它可能只是在帮你完成认知闭环。

## 目标文案content的数组结构
生成模板参数时，format为content_index的字段依据此数组选择匹配的索引，用于决定相应内容出现在动画中的时机

[
  {
    "index": 0,
    "text": "你以为AI在帮你多维度思考。"
  },
  {
    "index": 1,
    "text": "其实它可能只是在帮你完成认知闭环。"
  }
]


## 选定模板及参数规范

模板名称：COGNITIVE_SHIFT

参数 Schema 说明：

{
  "type": "object",
  "properties": {
    "notText": {
      "type": "string",
      "description": "被否认知（‘不是’后面的内容）的精炼短句，不超过12个字，"
    },
    "butText": {
      "type": "string",
      "description": "真实认知（‘而是’后面的内容）的精炼短句，不超过12个字"
    },
    "butSrc": {
      "type": "string",
      "format": "image_prompt",
      "description": "真实认知的配图"
    },
    "notContentIndex": {
      "type": "integer",
      "format": "content_index",
      "description": "触发「不是」动画的字幕段索引（默认 0）"
    },
    "butContentIndex": {
      "type": "integer",
      "format": "content_index",
      "description": "触发「而是」动画的字幕段索引（默认 1）"
    }
  },
  "required": [
    "notText",
    "butText"
  ]
}


模板该项的示例供参考：

{
  "template": "COGNITIVE_SHIFT",
  "content": [
    "我们都不应该靠勤奋拼命",
    "我们都应该是靠认知和选择",
    "这样我才能成功"
  ],
  "param": {
    "notText": "靠勤奋拼命",
    "butText": "靠认知和选择",
    "butSrc": "站在高处看地图的思考者",
    "notContentIndex": 0,
    "butContentIndex": 1
  }
}


注意：如果该模板生成的参数包含图片视觉描述（如 imageSrc / leftSrc / rightSrc 等等），请只描述纯视觉场景与动作，绝不要包含任何文字、标语或注音。


## 其他通用说明
1. 锚点（Anchor）— 克制与高价值（适用于 SCHEMA 或上文允许出现锚点/高亮时）：
   - 多数句子应**无锚点**；拿不准就留空或 `[]`，避免满屏高亮。
   - 如果一定需要锚点，只选**整段里真正的高潮、反转或核心名词**（宜 2～4 字、有记忆点）；平庸词、铺垫句不要做成锚点。
   - 颜色建议：`#EF4444`（警示/反转/负面/结论）、`#000000`（事实/术语/数据）。动画 `anim`：`spring` | `slideUp` | `popIn` | `highlight`。
   - 音效可选(仅写在锚点对象上的 `audioEffect`)：`impact_thud` | `ping` | `woosh`

2. 视觉标题与字幕分离（仅当 SCHEMA 要求 `notText` / `butText` / `conceptName`、或 DOS_AND_DONTS 的 `left.label` / `right.label` 等时）：

   - 填**极简关键词（约 2～6 字）**，禁止把整句台词搬进标题字段。



## 输出格式（严格 JSON，不要 markdown 代码块）
补全当前模板的param,非数组：
{ "param": { ... } }

===========================================================================================
---------------------------------------- RESPONSE ----------------------------------------
time: 2026-07-11 23:04:32
attempt: 1/3

[OUTPUT]
{
  "param": {
    "notText": "帮你多维度思考",
    "butText": "帮你完成认知闭环",
    "butSrc": "一个人困在由无数重叠回声构成的透明闭环中，表情迷茫，周围环形的光线不断重复同样的路径",
    "notContentIndex": 0,
    "butContentIndex": 1
  }
}
-------------------------------------------------------------------------------------------

======================================== REQUEST ========================================
time: 2026-07-11 23:04:32
provider: deepseek
model: deepseek-v4-pro
retries: 3

[PROMPT]
你是短视频字幕与画面细节处理专家。请把指定台词细化为字模显示参数。


## 完整段落上下文（仅供理解整体语境，判断当前句子的重要性）
普通人把AI当大脑。高手把AI当做需要保持距离的合作者。

作为一个高手，当你在使用AI时，需要建立四层信息防火墙。

第一层。交叉比对。对关键信息。使用至少两个不同的AI工具。再配合搜索引擎的原始网页进行比对。

第二层。反向发问。当你得到AI的支持性结论后。必须强迫自己提出一个相反的问题。例如："如果要证明这个方案不可行。最致命的痛点会是什么？"

第三层。分类建立"AI警惕区"。在容错率极低的专业领域。比如法律合规、财务计算、医药健康。自动将AI定位为辅助线索。绝不用作最终结论。

第四层。保持原始检索习惯。每周抽出一部分时间。不使用AI的直接回答。而是通过阅读长文章、专业报告或与行业专家交流。来获取更深度的输入。

这四层防火墙。不是在给AI挑刺。而是在构建你自己的认知免疫系统。


## 🎯 待处理的目标文案
普通人把AI当大脑。高手把AI当做需要保持距离的合作者。

## 目标文案content的数组结构
生成模板参数时，format为content_index的字段依据此数组选择匹配的索引，用于决定相应内容出现在动画中的时机

[
  {
    "index": 0,
    "text": "普通人把AI当大脑。"
  },
  {
    "index": 1,
    "text": "高手把AI当做需要保持距离的合作者。"
  }
]


## 选定模板及参数规范

模板名称：COGNITIVE_SHIFT

参数 Schema 说明：

{
  "type": "object",
  "properties": {
    "notText": {
      "type": "string",
      "description": "被否认知（‘不是’后面的内容）的精炼短句，不超过12个字，"
    },
    "butText": {
      "type": "string",
      "description": "真实认知（‘而是’后面的内容）的精炼短句，不超过12个字"
    },
    "butSrc": {
      "type": "string",
      "format": "image_prompt",
      "description": "真实认知的配图"
    },
    "notContentIndex": {
      "type": "integer",
      "format": "content_index",
      "description": "触发「不是」动画的字幕段索引（默认 0）"
    },
    "butContentIndex": {
      "type": "integer",
      "format": "content_index",
      "description": "触发「而是」动画的字幕段索引（默认 1）"
    }
  },
  "required": [
    "notText",
    "butText"
  ]
}


模板该项的示例供参考：

{
  "template": "COGNITIVE_SHIFT",
  "content": [
    "我们都不应该靠勤奋拼命",
    "我们都应该是靠认知和选择",
    "这样我才能成功"
  ],
  "param": {
    "notText": "靠勤奋拼命",
    "butText": "靠认知和选择",
    "butSrc": "站在高处看地图的思考者",
    "notContentIndex": 0,
    "butContentIndex": 1
  }
}


注意：如果该模板生成的参数包含图片视觉描述（如 imageSrc / leftSrc / rightSrc 等等），请只描述纯视觉场景与动作，绝不要包含任何文字、标语或注音。


## 其他通用说明
1. 锚点（Anchor）— 克制与高价值（适用于 SCHEMA 或上文允许出现锚点/高亮时）：
   - 多数句子应**无锚点**；拿不准就留空或 `[]`，避免满屏高亮。
   - 如果一定需要锚点，只选**整段里真正的高潮、反转或核心名词**（宜 2～4 字、有记忆点）；平庸词、铺垫句不要做成锚点。
   - 颜色建议：`#EF4444`（警示/反转/负面/结论）、`#000000`（事实/术语/数据）。动画 `anim`：`spring` | `slideUp` | `popIn` | `highlight`。
   - 音效可选(仅写在锚点对象上的 `audioEffect`)：`impact_thud` | `ping` | `woosh`

2. 视觉标题与字幕分离（仅当 SCHEMA 要求 `notText` / `butText` / `conceptName`、或 DOS_AND_DONTS 的 `left.label` / `right.label` 等时）：

   - 填**极简关键词（约 2～6 字）**，禁止把整句台词搬进标题字段。



## 输出格式（严格 JSON，不要 markdown 代码块）
补全当前模板的param,非数组：
{ "param": { ... } }

===========================================================================================
---------------------------------------- RESPONSE ----------------------------------------
time: 2026-07-11 23:04:46
attempt: 1/3

[OUTPUT]
{ "param": { "notText": "把AI当大脑", "butText": "当作保持距离的合作者", "butSrc": "一个人站在全息AI界面几米外，保持谨慎的距离，观察着虚拟助手", "notContentIndex": 0, "butContentIndex": 1 } }
-------------------------------------------------------------------------------------------

======================================== REQUEST ========================================
time: 2026-07-11 23:04:46
provider: deepseek
model: deepseek-v4-pro
retries: 3

[PROMPT]
你是短视频字幕与画面细节处理专家。请把指定台词细化为字模显示参数。


## 完整段落上下文（仅供理解整体语境，判断当前句子的重要性）
普通人把AI当大脑。高手把AI当做需要保持距离的合作者。

作为一个高手，当你在使用AI时，需要建立四层信息防火墙。

第一层。交叉比对。对关键信息。使用至少两个不同的AI工具。再配合搜索引擎的原始网页进行比对。

第二层。反向发问。当你得到AI的支持性结论后。必须强迫自己提出一个相反的问题。例如："如果要证明这个方案不可行。最致命的痛点会是什么？"

第三层。分类建立"AI警惕区"。在容错率极低的专业领域。比如法律合规、财务计算、医药健康。自动将AI定位为辅助线索。绝不用作最终结论。

第四层。保持原始检索习惯。每周抽出一部分时间。不使用AI的直接回答。而是通过阅读长文章、专业报告或与行业专家交流。来获取更深度的输入。

这四层防火墙。不是在给AI挑刺。而是在构建你自己的认知免疫系统。


## 🎯 待处理的目标文案
作为一个高手，当你在使用AI时，需要建立四层信息防火墙。

## 目标文案content的数组结构
生成模板参数时，format为content_index的字段依据此数组选择匹配的索引，用于决定相应内容出现在动画中的时机

[
  {
    "index": 0,
    "text": "作为一个高手，"
  },
  {
    "index": 1,
    "text": "当你在使用AI时，"
  },
  {
    "index": 2,
    "text": "需要建立四层信息防火墙。"
  }
]


## 选定模板及参数规范

模板名称：CENTER_FOCUS

参数 Schema 说明：

{
  "type": "object",
  "properties": {
    "imageSrc": {
      "type": "string",
      "format": "image_prompt",
      "description": "主图描述"
    },
    "enterEffect": {
      "type": "string",
      "enum": [
        "fadeIn",
        "slideLeft",
        "slideBottom",
        "zoomIn"
      ],
      "default": "fadeIn",
      "description": "图片入场方式（breathe 呼吸效果始终常驻，无需指定）"
    },
    "anchors": {
      "type": "array",
      "description": "可选；用于锚点词展示（顶部依次出现并保留为列表），并绑定锚点出现时机的音效。showFrom 须落在当前 content 条数范围内。注意 **保持克制，尽量少设置锚点** 只提取整段里真正的高潮、反转或核心名词",
      "items": {
        "type": "object",
        "required": [
          "text",
          "showFrom"
        ],
        "properties": {
          "text": {
            "type": "string",
            "description": "要展示的锚点词"
          },
          "showFrom": {
            "type": "integer",
            "format": "content_index",
            "description": "content 数组下标（0-based），非帧数；合法范围 0～(content 条数-1)，超出会被校验丢弃"
          },
          "color": {
            "type": "string"
          },
          "anim": {
            "type": "string",
            "enum": [
              "spring",
              "slideUp",
              "popIn",
              "highlight"
            ]
          },
          "audioEffect": {
            "type": "string",
            "enum": [
              "impact_thud",
              "ping",
              "woosh"
            ]
          }
        }
      }
    }
  },
  "required": [
    "imageSrc"
  ]
}


模板该项的示例供参考：

{
  "template": "CENTER_FOCUS",
  "param": {
    "imageSrc": "上班族坐在电脑前的简笔画图标",
    "enterEffect": "fadeIn",
    "anchors": [
      {
        "text": "可得性启发",
        "showFrom": 0,
        "color": "red"
      }
    ]
  }
}


注意：如果该模板生成的参数包含图片视觉描述（如 imageSrc / leftSrc / rightSrc 等等），请只描述纯视觉场景与动作，绝不要包含任何文字、标语或注音。


## 其他通用说明
1. 锚点（Anchor）— 克制与高价值（适用于 SCHEMA 或上文允许出现锚点/高亮时）：
   - 多数句子应**无锚点**；拿不准就留空或 `[]`，避免满屏高亮。
   - 如果一定需要锚点，只选**整段里真正的高潮、反转或核心名词**（宜 2～4 字、有记忆点）；平庸词、铺垫句不要做成锚点。
   - 颜色建议：`#EF4444`（警示/反转/负面/结论）、`#000000`（事实/术语/数据）。动画 `anim`：`spring` | `slideUp` | `popIn` | `highlight`。
   - 音效可选(仅写在锚点对象上的 `audioEffect`)：`impact_thud` | `ping` | `woosh`

2. 视觉标题与字幕分离（仅当 SCHEMA 要求 `notText` / `butText` / `conceptName`、或 DOS_AND_DONTS 的 `left.label` / `right.label` 等时）：

   - 填**极简关键词（约 2～6 字）**，禁止把整句台词搬进标题字段。



## 输出格式（严格 JSON，不要 markdown 代码块）
补全当前模板的param,非数组：
{ "param": { ... } }

===========================================================================================
---------------------------------------- RESPONSE ----------------------------------------
time: 2026-07-11 23:04:56
attempt: 1/3

[OUTPUT]
{
  "param": {
    "imageSrc": "一位高手站在四道半透明的数据防火墙屏障前，冷静地使用笔记本电脑",
    "enterEffect": "fadeIn",
    "anchors": [
      {
        "text": "四层信息防火墙",
        "showFrom": 2,
        "color": "#000000",
        "anim": "popIn"
      }
    ]
  }
}
-------------------------------------------------------------------------------------------

======================================== REQUEST ========================================
time: 2026-07-11 23:04:56
provider: deepseek
model: deepseek-v4-pro
retries: 3

[PROMPT]
你是短视频字幕与画面细节处理专家。请把指定台词细化为字模显示参数。


## 完整段落上下文（仅供理解整体语境，判断当前句子的重要性）
普通人把AI当大脑。高手把AI当做需要保持距离的合作者。

作为一个高手，当你在使用AI时，需要建立四层信息防火墙。

第一层。交叉比对。对关键信息。使用至少两个不同的AI工具。再配合搜索引擎的原始网页进行比对。

第二层。反向发问。当你得到AI的支持性结论后。必须强迫自己提出一个相反的问题。例如："如果要证明这个方案不可行。最致命的痛点会是什么？"

第三层。分类建立"AI警惕区"。在容错率极低的专业领域。比如法律合规、财务计算、医药健康。自动将AI定位为辅助线索。绝不用作最终结论。

第四层。保持原始检索习惯。每周抽出一部分时间。不使用AI的直接回答。而是通过阅读长文章、专业报告或与行业专家交流。来获取更深度的输入。

这四层防火墙。不是在给AI挑刺。而是在构建你自己的认知免疫系统。


## 🎯 待处理的目标文案
第一层。交叉比对。对关键信息。使用至少两个不同的AI工具。再配合搜索引擎的原始网页进行比对。

## 目标文案content的数组结构
生成模板参数时，format为content_index的字段依据此数组选择匹配的索引，用于决定相应内容出现在动画中的时机

[
  {
    "index": 0,
    "text": "第一层。"
  },
  {
    "index": 1,
    "text": "交叉比对。"
  },
  {
    "index": 2,
    "text": "对关键信息。"
  },
  {
    "index": 3,
    "text": "使用至少两个不同的AI工具。"
  },
  {
    "index": 4,
    "text": "再配合搜索引擎的原始网页进行比对。"
  }
]


## 选定模板及参数规范

模板名称：METHOD_STACK

参数 Schema 说明：

{
  "type": "object",
  "properties": {
    "title": {
      "type": "string",
      "description": "该 item 的方法名/提醒标题/观点标题，建议 4~12 个字"
    },
    "imageSrc": {
      "type": "string",
      "format": "image_prompt",
      "description": "单张主图描述，用于承接这个方法或观点"
    },
    "notes": {
      "type": "array",
      "description": "可选；解释短语数组。每项含 text 与 showFrom；showFrom 为 content 下标（0-based，非帧数），须在 0～(content 条数-1) 内",
      "items": {
        "type": "object",
        "required": [
          "text",
          "showFrom"
        ],
        "properties": {
          "text": {
            "type": "string",
            "description": "解释短语"
          },
          "showFrom": {
            "type": "integer",
            "format": "content_index",
            "description": "content 数组下标（0-based），非帧数；合法范围 0～(content 条数-1)，超出会被校验丢弃"
          }
        }
      }
    }
  },
  "required": [
    "title",
    "imageSrc"
  ]
}

// 口播条数（已由程序写入 CONTENT_STR，勿在 param 中输出 content）：口播分句（item.content）至少 2 条；口播分句至多 5 条（超出会被校验器告警）


模板该项的示例供参考：

{
  "template": "METHOD_STACK",
  "param": {
    "title": "警惕情绪画面",
    "imageSrc": "被耸动新闻画面包围、神情紧张的人物简笔画",
    "notes": [
      {
        "text": "先识别这是情绪刺激",
        "showFrom": 1
      },
      {
        "text": "再追问它是否只是离奇个案",
        "showFrom": 3
      }
    ]
  }
}


注意：如果该模板生成的参数包含图片视觉描述（如 imageSrc / leftSrc / rightSrc 等等），请只描述纯视觉场景与动作，绝不要包含任何文字、标语或注音。


## 其他通用说明
1. 锚点（Anchor）— 克制与高价值（适用于 SCHEMA 或上文允许出现锚点/高亮时）：
   - 多数句子应**无锚点**；拿不准就留空或 `[]`，避免满屏高亮。
   - 如果一定需要锚点，只选**整段里真正的高潮、反转或核心名词**（宜 2～4 字、有记忆点）；平庸词、铺垫句不要做成锚点。
   - 颜色建议：`#EF4444`（警示/反转/负面/结论）、`#000000`（事实/术语/数据）。动画 `anim`：`spring` | `slideUp` | `popIn` | `highlight`。
   - 音效可选(仅写在锚点对象上的 `audioEffect`)：`impact_thud` | `ping` | `woosh`

2. 视觉标题与字幕分离（仅当 SCHEMA 要求 `notText` / `butText` / `conceptName`、或 DOS_AND_DONTS 的 `left.label` / `right.label` 等时）：

   - 填**极简关键词（约 2～6 字）**，禁止把整句台词搬进标题字段。



## 输出格式（严格 JSON，不要 markdown 代码块）
补全当前模板的param,非数组：
{ "param": { ... } }

===========================================================================================
---------------------------------------- RESPONSE ----------------------------------------
time: 2026-07-11 23:05:08
attempt: 1/3

[OUTPUT]
{"param": {"title": "交叉比对法", "imageSrc": "一个人坐在电脑前，屏幕上并排显示着两个不同AI助手的对话界面，旁边还有一个搜索引擎的搜索结果网页，人物手中拿着笔，专注地对照三个窗口中的内容", "notes": [{"text": "不止依赖一个AI", "showFrom": 1}, {"text": "回归原始信源验证", "showFrom": 4}]}}
-------------------------------------------------------------------------------------------

======================================== REQUEST ========================================
time: 2026-07-11 23:05:08
provider: deepseek
model: deepseek-v4-pro
retries: 3

[PROMPT]
你是短视频字幕与画面细节处理专家。请把指定台词细化为字模显示参数。


## 完整段落上下文（仅供理解整体语境，判断当前句子的重要性）
普通人把AI当大脑。高手把AI当做需要保持距离的合作者。

作为一个高手，当你在使用AI时，需要建立四层信息防火墙。

第一层。交叉比对。对关键信息。使用至少两个不同的AI工具。再配合搜索引擎的原始网页进行比对。

第二层。反向发问。当你得到AI的支持性结论后。必须强迫自己提出一个相反的问题。例如："如果要证明这个方案不可行。最致命的痛点会是什么？"

第三层。分类建立"AI警惕区"。在容错率极低的专业领域。比如法律合规、财务计算、医药健康。自动将AI定位为辅助线索。绝不用作最终结论。

第四层。保持原始检索习惯。每周抽出一部分时间。不使用AI的直接回答。而是通过阅读长文章、专业报告或与行业专家交流。来获取更深度的输入。

这四层防火墙。不是在给AI挑刺。而是在构建你自己的认知免疫系统。


## 🎯 待处理的目标文案
第二层。反向发问。当你得到AI的支持性结论后。必须强迫自己提出一个相反的问题。例如："如果要证明这个方案不可行。最致命的痛点会是什么？"

## 目标文案content的数组结构
生成模板参数时，format为content_index的字段依据此数组选择匹配的索引，用于决定相应内容出现在动画中的时机

[
  {
    "index": 0,
    "text": "第二层。"
  },
  {
    "index": 1,
    "text": "反向发问。"
  },
  {
    "index": 2,
    "text": "当你得到AI的支持性结论后。"
  },
  {
    "index": 3,
    "text": "必须强迫自己提出一个相反的问题。"
  },
  {
    "index": 4,
    "text": "例如："
  },
  {
    "index": 5,
    "text": "\"如果要证明这个方案不可行。"
  },
  {
    "index": 6,
    "text": "最致命的痛点会是什么？"
  },
  {
    "index": 7,
    "text": "\""
  }
]


## 选定模板及参数规范

模板名称：METHOD_STACK

参数 Schema 说明：

{
  "type": "object",
  "properties": {
    "title": {
      "type": "string",
      "description": "该 item 的方法名/提醒标题/观点标题，建议 4~12 个字"
    },
    "imageSrc": {
      "type": "string",
      "format": "image_prompt",
      "description": "单张主图描述，用于承接这个方法或观点"
    },
    "notes": {
      "type": "array",
      "description": "可选；解释短语数组。每项含 text 与 showFrom；showFrom 为 content 下标（0-based，非帧数），须在 0～(content 条数-1) 内",
      "items": {
        "type": "object",
        "required": [
          "text",
          "showFrom"
        ],
        "properties": {
          "text": {
            "type": "string",
            "description": "解释短语"
          },
          "showFrom": {
            "type": "integer",
            "format": "content_index",
            "description": "content 数组下标（0-based），非帧数；合法范围 0～(content 条数-1)，超出会被校验丢弃"
          }
        }
      }
    }
  },
  "required": [
    "title",
    "imageSrc"
  ]
}

// 口播条数（已由程序写入 CONTENT_STR，勿在 param 中输出 content）：口播分句（item.content）至少 2 条；口播分句至多 5 条（超出会被校验器告警）


模板该项的示例供参考：

{
  "template": "METHOD_STACK",
  "param": {
    "title": "警惕情绪画面",
    "imageSrc": "被耸动新闻画面包围、神情紧张的人物简笔画",
    "notes": [
      {
        "text": "先识别这是情绪刺激",
        "showFrom": 1
      },
      {
        "text": "再追问它是否只是离奇个案",
        "showFrom": 3
      }
    ]
  }
}


注意：如果该模板生成的参数包含图片视觉描述（如 imageSrc / leftSrc / rightSrc 等等），请只描述纯视觉场景与动作，绝不要包含任何文字、标语或注音。


## 其他通用说明
1. 锚点（Anchor）— 克制与高价值（适用于 SCHEMA 或上文允许出现锚点/高亮时）：
   - 多数句子应**无锚点**；拿不准就留空或 `[]`，避免满屏高亮。
   - 如果一定需要锚点，只选**整段里真正的高潮、反转或核心名词**（宜 2～4 字、有记忆点）；平庸词、铺垫句不要做成锚点。
   - 颜色建议：`#EF4444`（警示/反转/负面/结论）、`#000000`（事实/术语/数据）。动画 `anim`：`spring` | `slideUp` | `popIn` | `highlight`。
   - 音效可选(仅写在锚点对象上的 `audioEffect`)：`impact_thud` | `ping` | `woosh`

2. 视觉标题与字幕分离（仅当 SCHEMA 要求 `notText` / `butText` / `conceptName`、或 DOS_AND_DONTS 的 `left.label` / `right.label` 等时）：

   - 填**极简关键词（约 2～6 字）**，禁止把整句台词搬进标题字段。



## 输出格式（严格 JSON，不要 markdown 代码块）
补全当前模板的param,非数组：
{ "param": { ... } }

===========================================================================================
---------------------------------------- RESPONSE ----------------------------------------
time: 2026-07-11 23:05:27
attempt: 1/3

[OUTPUT]
{
  "param": {
    "title": "反向发问",
    "imageSrc": "一个人对着电脑屏幕，屏幕上跳出AI的肯定答复（绿色对勾），而人物头顶浮现一个反向的红色问号，表示反向质疑。",
    "notes": [
      {
        "text": "强迫自己寻找对立面",
        "showFrom": 3
      },
      {
        "text": "提出证伪性问题",
        "showFrom": 5
      }
    ]
  }
}
-------------------------------------------------------------------------------------------

======================================== REQUEST ========================================
time: 2026-07-11 23:05:27
provider: deepseek
model: deepseek-v4-pro
retries: 3

[PROMPT]
你是短视频字幕与画面细节处理专家。请把指定台词细化为字模显示参数。


## 完整段落上下文（仅供理解整体语境，判断当前句子的重要性）
普通人把AI当大脑。高手把AI当做需要保持距离的合作者。

作为一个高手，当你在使用AI时，需要建立四层信息防火墙。

第一层。交叉比对。对关键信息。使用至少两个不同的AI工具。再配合搜索引擎的原始网页进行比对。

第二层。反向发问。当你得到AI的支持性结论后。必须强迫自己提出一个相反的问题。例如："如果要证明这个方案不可行。最致命的痛点会是什么？"

第三层。分类建立"AI警惕区"。在容错率极低的专业领域。比如法律合规、财务计算、医药健康。自动将AI定位为辅助线索。绝不用作最终结论。

第四层。保持原始检索习惯。每周抽出一部分时间。不使用AI的直接回答。而是通过阅读长文章、专业报告或与行业专家交流。来获取更深度的输入。

这四层防火墙。不是在给AI挑刺。而是在构建你自己的认知免疫系统。


## 🎯 待处理的目标文案
第三层。分类建立"AI警惕区"。在容错率极低的专业领域。比如法律合规、财务计算、医药健康。自动将AI定位为辅助线索。绝不用作最终结论。

## 目标文案content的数组结构
生成模板参数时，format为content_index的字段依据此数组选择匹配的索引，用于决定相应内容出现在动画中的时机

[
  {
    "index": 0,
    "text": "第三层。"
  },
  {
    "index": 1,
    "text": "分类建立\"AI警惕区\"。"
  },
  {
    "index": 2,
    "text": "在容错率极低的专业领域。"
  },
  {
    "index": 3,
    "text": "比如法律合规、"
  },
  {
    "index": 4,
    "text": "财务计算、"
  },
  {
    "index": 5,
    "text": "医药健康。"
  },
  {
    "index": 6,
    "text": "自动将AI定位为辅助线索。"
  },
  {
    "index": 7,
    "text": "绝不用作最终结论。"
  }
]


## 选定模板及参数规范

模板名称：METHOD_STACK

参数 Schema 说明：

{
  "type": "object",
  "properties": {
    "title": {
      "type": "string",
      "description": "该 item 的方法名/提醒标题/观点标题，建议 4~12 个字"
    },
    "imageSrc": {
      "type": "string",
      "format": "image_prompt",
      "description": "单张主图描述，用于承接这个方法或观点"
    },
    "notes": {
      "type": "array",
      "description": "可选；解释短语数组。每项含 text 与 showFrom；showFrom 为 content 下标（0-based，非帧数），须在 0～(content 条数-1) 内",
      "items": {
        "type": "object",
        "required": [
          "text",
          "showFrom"
        ],
        "properties": {
          "text": {
            "type": "string",
            "description": "解释短语"
          },
          "showFrom": {
            "type": "integer",
            "format": "content_index",
            "description": "content 数组下标（0-based），非帧数；合法范围 0～(content 条数-1)，超出会被校验丢弃"
          }
        }
      }
    }
  },
  "required": [
    "title",
    "imageSrc"
  ]
}

// 口播条数（已由程序写入 CONTENT_STR，勿在 param 中输出 content）：口播分句（item.content）至少 2 条；口播分句至多 5 条（超出会被校验器告警）


模板该项的示例供参考：

{
  "template": "METHOD_STACK",
  "param": {
    "title": "警惕情绪画面",
    "imageSrc": "被耸动新闻画面包围、神情紧张的人物简笔画",
    "notes": [
      {
        "text": "先识别这是情绪刺激",
        "showFrom": 1
      },
      {
        "text": "再追问它是否只是离奇个案",
        "showFrom": 3
      }
    ]
  }
}


注意：如果该模板生成的参数包含图片视觉描述（如 imageSrc / leftSrc / rightSrc 等等），请只描述纯视觉场景与动作，绝不要包含任何文字、标语或注音。


## 其他通用说明
1. 锚点（Anchor）— 克制与高价值（适用于 SCHEMA 或上文允许出现锚点/高亮时）：
   - 多数句子应**无锚点**；拿不准就留空或 `[]`，避免满屏高亮。
   - 如果一定需要锚点，只选**整段里真正的高潮、反转或核心名词**（宜 2～4 字、有记忆点）；平庸词、铺垫句不要做成锚点。
   - 颜色建议：`#EF4444`（警示/反转/负面/结论）、`#000000`（事实/术语/数据）。动画 `anim`：`spring` | `slideUp` | `popIn` | `highlight`。
   - 音效可选(仅写在锚点对象上的 `audioEffect`)：`impact_thud` | `ping` | `woosh`

2. 视觉标题与字幕分离（仅当 SCHEMA 要求 `notText` / `butText` / `conceptName`、或 DOS_AND_DONTS 的 `left.label` / `right.label` 等时）：

   - 填**极简关键词（约 2～6 字）**，禁止把整句台词搬进标题字段。



## 输出格式（严格 JSON，不要 markdown 代码块）
补全当前模板的param,非数组：
{ "param": { ... } }

===========================================================================================
---------------------------------------- RESPONSE ----------------------------------------
time: 2026-07-11 23:05:59
attempt: 1/3

[OUTPUT]
{ "param": {
  "title": "AI警惕区",
  "imageSrc": "A cautious professional at a desk reviewing AI output on a screen, surrounded by symbols of law, finance, and medicine like a gavel, financial charts, and a stethoscope, with a red warning glow and a magnifying glass emphasizing scrutiny",
  "notes": [
    {
      "text": "法律、财务、医药等领域划入警惕区",
      "showFrom": 2
    },
    {
      "text": "只作辅助线索，绝不替代最终判断",
      "showFrom": 6
    }
  ]
} }
-------------------------------------------------------------------------------------------

======================================== REQUEST ========================================
time: 2026-07-11 23:05:59
provider: deepseek
model: deepseek-v4-pro
retries: 3

[PROMPT]
你是短视频字幕与画面细节处理专家。请把指定台词细化为字模显示参数。


## 完整段落上下文（仅供理解整体语境，判断当前句子的重要性）
普通人把AI当大脑。高手把AI当做需要保持距离的合作者。

作为一个高手，当你在使用AI时，需要建立四层信息防火墙。

第一层。交叉比对。对关键信息。使用至少两个不同的AI工具。再配合搜索引擎的原始网页进行比对。

第二层。反向发问。当你得到AI的支持性结论后。必须强迫自己提出一个相反的问题。例如："如果要证明这个方案不可行。最致命的痛点会是什么？"

第三层。分类建立"AI警惕区"。在容错率极低的专业领域。比如法律合规、财务计算、医药健康。自动将AI定位为辅助线索。绝不用作最终结论。

第四层。保持原始检索习惯。每周抽出一部分时间。不使用AI的直接回答。而是通过阅读长文章、专业报告或与行业专家交流。来获取更深度的输入。

这四层防火墙。不是在给AI挑刺。而是在构建你自己的认知免疫系统。


## 🎯 待处理的目标文案
第四层。保持原始检索习惯。每周抽出一部分时间。不使用AI的直接回答。而是通过阅读长文章、专业报告或与行业专家交流。来获取更深度的输入。

## 目标文案content的数组结构
生成模板参数时，format为content_index的字段依据此数组选择匹配的索引，用于决定相应内容出现在动画中的时机

[
  {
    "index": 0,
    "text": "第四层。"
  },
  {
    "index": 1,
    "text": "保持原始检索习惯。"
  },
  {
    "index": 2,
    "text": "每周抽出一部分时间。"
  },
  {
    "index": 3,
    "text": "不使用AI的直接回答。"
  },
  {
    "index": 4,
    "text": "而是通过阅读长文章、"
  },
  {
    "index": 5,
    "text": "专业报告或与行业专家交流。"
  },
  {
    "index": 6,
    "text": "来获取更深度的输入。"
  }
]


## 选定模板及参数规范

模板名称：METHOD_STACK

参数 Schema 说明：

{
  "type": "object",
  "properties": {
    "title": {
      "type": "string",
      "description": "该 item 的方法名/提醒标题/观点标题，建议 4~12 个字"
    },
    "imageSrc": {
      "type": "string",
      "format": "image_prompt",
      "description": "单张主图描述，用于承接这个方法或观点"
    },
    "notes": {
      "type": "array",
      "description": "可选；解释短语数组。每项含 text 与 showFrom；showFrom 为 content 下标（0-based，非帧数），须在 0～(content 条数-1) 内",
      "items": {
        "type": "object",
        "required": [
          "text",
          "showFrom"
        ],
        "properties": {
          "text": {
            "type": "string",
            "description": "解释短语"
          },
          "showFrom": {
            "type": "integer",
            "format": "content_index",
            "description": "content 数组下标（0-based），非帧数；合法范围 0～(content 条数-1)，超出会被校验丢弃"
          }
        }
      }
    }
  },
  "required": [
    "title",
    "imageSrc"
  ]
}

// 口播条数（已由程序写入 CONTENT_STR，勿在 param 中输出 content）：口播分句（item.content）至少 2 条；口播分句至多 5 条（超出会被校验器告警）


模板该项的示例供参考：

{
  "template": "METHOD_STACK",
  "param": {
    "title": "警惕情绪画面",
    "imageSrc": "被耸动新闻画面包围、神情紧张的人物简笔画",
    "notes": [
      {
        "text": "先识别这是情绪刺激",
        "showFrom": 1
      },
      {
        "text": "再追问它是否只是离奇个案",
        "showFrom": 3
      }
    ]
  }
}


注意：如果该模板生成的参数包含图片视觉描述（如 imageSrc / leftSrc / rightSrc 等等），请只描述纯视觉场景与动作，绝不要包含任何文字、标语或注音。


## 其他通用说明
1. 锚点（Anchor）— 克制与高价值（适用于 SCHEMA 或上文允许出现锚点/高亮时）：
   - 多数句子应**无锚点**；拿不准就留空或 `[]`，避免满屏高亮。
   - 如果一定需要锚点，只选**整段里真正的高潮、反转或核心名词**（宜 2～4 字、有记忆点）；平庸词、铺垫句不要做成锚点。
   - 颜色建议：`#EF4444`（警示/反转/负面/结论）、`#000000`（事实/术语/数据）。动画 `anim`：`spring` | `slideUp` | `popIn` | `highlight`。
   - 音效可选(仅写在锚点对象上的 `audioEffect`)：`impact_thud` | `ping` | `woosh`

2. 视觉标题与字幕分离（仅当 SCHEMA 要求 `notText` / `butText` / `conceptName`、或 DOS_AND_DONTS 的 `left.label` / `right.label` 等时）：

   - 填**极简关键词（约 2～6 字）**，禁止把整句台词搬进标题字段。



## 输出格式（严格 JSON，不要 markdown 代码块）
补全当前模板的param,非数组：
{ "param": { ... } }

===========================================================================================
---------------------------------------- RESPONSE ----------------------------------------
time: 2026-07-11 23:06:16
attempt: 1/3

[OUTPUT]
{
  "param": {
    "title": "保持原始检索习惯",
    "imageSrc": "一位专业人士坐在书桌前，面前放着纸质书籍和打印报告，侧旁有行业专家指着资料交谈，背景是关闭的电脑屏幕",
    "notes": [
      {
        "text": "每周安排无AI时段",
        "showFrom": 2
      },
      {
        "text": "拒绝直接回答",
        "showFrom": 3
      },
      {
        "text": "深读长文与报告",
        "showFrom": 4
      },
      {
        "text": "与行业专家交流",
        "showFrom": 5
      }
    ]
  }
}
-------------------------------------------------------------------------------------------

======================================== REQUEST ========================================
time: 2026-07-11 23:06:16
provider: deepseek
model: deepseek-v4-pro
retries: 3

[PROMPT]
你是短视频字幕与画面细节处理专家。请把指定台词细化为字模显示参数。


## 完整段落上下文（仅供理解整体语境，判断当前句子的重要性）
普通人把AI当大脑。高手把AI当做需要保持距离的合作者。

作为一个高手，当你在使用AI时，需要建立四层信息防火墙。

第一层。交叉比对。对关键信息。使用至少两个不同的AI工具。再配合搜索引擎的原始网页进行比对。

第二层。反向发问。当你得到AI的支持性结论后。必须强迫自己提出一个相反的问题。例如："如果要证明这个方案不可行。最致命的痛点会是什么？"

第三层。分类建立"AI警惕区"。在容错率极低的专业领域。比如法律合规、财务计算、医药健康。自动将AI定位为辅助线索。绝不用作最终结论。

第四层。保持原始检索习惯。每周抽出一部分时间。不使用AI的直接回答。而是通过阅读长文章、专业报告或与行业专家交流。来获取更深度的输入。

这四层防火墙。不是在给AI挑刺。而是在构建你自己的认知免疫系统。


## 🎯 待处理的目标文案
这四层防火墙。不是在给AI挑刺。而是在构建你自己的认知免疫系统。

## 目标文案content的数组结构
生成模板参数时，format为content_index的字段依据此数组选择匹配的索引，用于决定相应内容出现在动画中的时机

[
  {
    "index": 0,
    "text": "这四层防火墙。"
  },
  {
    "index": 1,
    "text": "不是在给AI挑刺。"
  },
  {
    "index": 2,
    "text": "而是在构建你自己的认知免疫系统。"
  }
]


## 选定模板及参数规范

模板名称：COGNITIVE_SHIFT

参数 Schema 说明：

{
  "type": "object",
  "properties": {
    "notText": {
      "type": "string",
      "description": "被否认知（‘不是’后面的内容）的精炼短句，不超过12个字，"
    },
    "butText": {
      "type": "string",
      "description": "真实认知（‘而是’后面的内容）的精炼短句，不超过12个字"
    },
    "butSrc": {
      "type": "string",
      "format": "image_prompt",
      "description": "真实认知的配图"
    },
    "notContentIndex": {
      "type": "integer",
      "format": "content_index",
      "description": "触发「不是」动画的字幕段索引（默认 0）"
    },
    "butContentIndex": {
      "type": "integer",
      "format": "content_index",
      "description": "触发「而是」动画的字幕段索引（默认 1）"
    }
  },
  "required": [
    "notText",
    "butText"
  ]
}


模板该项的示例供参考：

{
  "template": "COGNITIVE_SHIFT",
  "content": [
    "我们都不应该靠勤奋拼命",
    "我们都应该是靠认知和选择",
    "这样我才能成功"
  ],
  "param": {
    "notText": "靠勤奋拼命",
    "butText": "靠认知和选择",
    "butSrc": "站在高处看地图的思考者",
    "notContentIndex": 0,
    "butContentIndex": 1
  }
}


注意：如果该模板生成的参数包含图片视觉描述（如 imageSrc / leftSrc / rightSrc 等等），请只描述纯视觉场景与动作，绝不要包含任何文字、标语或注音。


## 其他通用说明
1. 锚点（Anchor）— 克制与高价值（适用于 SCHEMA 或上文允许出现锚点/高亮时）：
   - 多数句子应**无锚点**；拿不准就留空或 `[]`，避免满屏高亮。
   - 如果一定需要锚点，只选**整段里真正的高潮、反转或核心名词**（宜 2～4 字、有记忆点）；平庸词、铺垫句不要做成锚点。
   - 颜色建议：`#EF4444`（警示/反转/负面/结论）、`#000000`（事实/术语/数据）。动画 `anim`：`spring` | `slideUp` | `popIn` | `highlight`。
   - 音效可选(仅写在锚点对象上的 `audioEffect`)：`impact_thud` | `ping` | `woosh`

2. 视觉标题与字幕分离（仅当 SCHEMA 要求 `notText` / `butText` / `conceptName`、或 DOS_AND_DONTS 的 `left.label` / `right.label` 等时）：

   - 填**极简关键词（约 2～6 字）**，禁止把整句台词搬进标题字段。



## 输出格式（严格 JSON，不要 markdown 代码块）
补全当前模板的param,非数组：
{ "param": { ... } }

===========================================================================================
---------------------------------------- RESPONSE ----------------------------------------
time: 2026-07-11 23:06:26
attempt: 1/3

[OUTPUT]
{
  "param": {
    "notText": "给AI挑刺",
    "butText": "构建认知免疫系统",
    "butSrc": "一个半透明的人体轮廓，大脑和免疫系统区域发出柔和光芒，正在构建一层保护性光盾",
    "notContentIndex": 1,
    "butContentIndex": 2
  }
}
-------------------------------------------------------------------------------------------

======================================== REQUEST ========================================
time: 2026-07-11 23:06:26
provider: deepseek
model: deepseek-v4-pro
retries: 3

[PROMPT]
你是短视频字幕与画面细节处理专家。请把指定台词细化为字模显示参数。


## 完整段落上下文（仅供理解整体语境，判断当前句子的重要性）
当然。我们也不需要走向另一个极端——怀疑一切。如果你对AI的任何回答都充满防备。花三个小时去验证一个不重要的日常常识。那就失去了效率的意义。

我们需要的是动态置信。

动态置信的意思是。给不同场景下的AI回答设定不同的信任权重。日常闲聊或创意头脑风暴。你可以给它80%的权重；写一封普通邮件。给70%；但到了撰写关键报告、编写核心代码或者进行重要决策时。它的信任度应该降到30%以下。剩下的部分。必须由你自己的大脑和第一手事实来填补。

你永远问自己三个问题。第一。这个信息如果出错。我需要承担多大的代价。第二。我有多大必要去验证它。第三。我现有的资源是否足够支持我进行验证。

想清楚这三点。你才能真正驾驭AI。而不是被AI所编织的信息泡泡所包裹。

你越依赖AI。越容易失去独立判断。真正的思考。不是在AI给出答案时结束。而是在AI给出答案后才刚刚开始。


## 🎯 待处理的目标文案
当然。我们也不需要走向另一个极端——怀疑一切。

## 目标文案content的数组结构
生成模板参数时，format为content_index的字段依据此数组选择匹配的索引，用于决定相应内容出现在动画中的时机

[
  {
    "index": 0,
    "text": "当然。"
  },
  {
    "index": 1,
    "text": "我们也不需要走向另一个极端—"
  },
  {
    "index": 2,
    "text": "—"
  },
  {
    "index": 3,
    "text": "怀疑一切。"
  }
]


## 选定模板及参数规范

模板名称：CENTER_FOCUS

参数 Schema 说明：

{
  "type": "object",
  "properties": {
    "imageSrc": {
      "type": "string",
      "format": "image_prompt",
      "description": "主图描述"
    },
    "enterEffect": {
      "type": "string",
      "enum": [
        "fadeIn",
        "slideLeft",
        "slideBottom",
        "zoomIn"
      ],
      "default": "fadeIn",
      "description": "图片入场方式（breathe 呼吸效果始终常驻，无需指定）"
    },
    "anchors": {
      "type": "array",
      "description": "可选；用于锚点词展示（顶部依次出现并保留为列表），并绑定锚点出现时机的音效。showFrom 须落在当前 content 条数范围内。注意 **保持克制，尽量少设置锚点** 只提取整段里真正的高潮、反转或核心名词",
      "items": {
        "type": "object",
        "required": [
          "text",
          "showFrom"
        ],
        "properties": {
          "text": {
            "type": "string",
            "description": "要展示的锚点词"
          },
          "showFrom": {
            "type": "integer",
            "format": "content_index",
            "description": "content 数组下标（0-based），非帧数；合法范围 0～(content 条数-1)，超出会被校验丢弃"
          },
          "color": {
            "type": "string"
          },
          "anim": {
            "type": "string",
            "enum": [
              "spring",
              "slideUp",
              "popIn",
              "highlight"
            ]
          },
          "audioEffect": {
            "type": "string",
            "enum": [
              "impact_thud",
              "ping",
              "woosh"
            ]
          }
        }
      }
    }
  },
  "required": [
    "imageSrc"
  ]
}


模板该项的示例供参考：

{
  "template": "CENTER_FOCUS",
  "param": {
    "imageSrc": "上班族坐在电脑前的简笔画图标",
    "enterEffect": "fadeIn",
    "anchors": [
      {
        "text": "可得性启发",
        "showFrom": 0,
        "color": "red"
      }
    ]
  }
}


注意：如果该模板生成的参数包含图片视觉描述（如 imageSrc / leftSrc / rightSrc 等等），请只描述纯视觉场景与动作，绝不要包含任何文字、标语或注音。


## 其他通用说明
1. 锚点（Anchor）— 克制与高价值（适用于 SCHEMA 或上文允许出现锚点/高亮时）：
   - 多数句子应**无锚点**；拿不准就留空或 `[]`，避免满屏高亮。
   - 如果一定需要锚点，只选**整段里真正的高潮、反转或核心名词**（宜 2～4 字、有记忆点）；平庸词、铺垫句不要做成锚点。
   - 颜色建议：`#EF4444`（警示/反转/负面/结论）、`#000000`（事实/术语/数据）。动画 `anim`：`spring` | `slideUp` | `popIn` | `highlight`。
   - 音效可选(仅写在锚点对象上的 `audioEffect`)：`impact_thud` | `ping` | `woosh`

2. 视觉标题与字幕分离（仅当 SCHEMA 要求 `notText` / `butText` / `conceptName`、或 DOS_AND_DONTS 的 `left.label` / `right.label` 等时）：

   - 填**极简关键词（约 2～6 字）**，禁止把整句台词搬进标题字段。



## 输出格式（严格 JSON，不要 markdown 代码块）
补全当前模板的param,非数组：
{ "param": { ... } }

===========================================================================================
---------------------------------------- RESPONSE ----------------------------------------
time: 2026-07-11 23:06:41
attempt: 1/3

[OUTPUT]
{ "param": { "imageSrc": "一个抽象的天平，一端是明亮的太阳，另一端是黑色的问号，天平保持平衡，背景虚化的科技感线条", "enterEffect": "fadeIn", "anchors": [] } }
-------------------------------------------------------------------------------------------

======================================== REQUEST ========================================
time: 2026-07-11 23:06:41
provider: deepseek
model: deepseek-v4-pro
retries: 3

[PROMPT]
你是短视频字幕与画面细节处理专家。请把指定台词细化为字模显示参数。


## 完整段落上下文（仅供理解整体语境，判断当前句子的重要性）
当然。我们也不需要走向另一个极端——怀疑一切。如果你对AI的任何回答都充满防备。花三个小时去验证一个不重要的日常常识。那就失去了效率的意义。

我们需要的是动态置信。

动态置信的意思是。给不同场景下的AI回答设定不同的信任权重。日常闲聊或创意头脑风暴。你可以给它80%的权重；写一封普通邮件。给70%；但到了撰写关键报告、编写核心代码或者进行重要决策时。它的信任度应该降到30%以下。剩下的部分。必须由你自己的大脑和第一手事实来填补。

你永远问自己三个问题。第一。这个信息如果出错。我需要承担多大的代价。第二。我有多大必要去验证它。第三。我现有的资源是否足够支持我进行验证。

想清楚这三点。你才能真正驾驭AI。而不是被AI所编织的信息泡泡所包裹。

你越依赖AI。越容易失去独立判断。真正的思考。不是在AI给出答案时结束。而是在AI给出答案后才刚刚开始。


## 🎯 待处理的目标文案
如果你对AI的任何回答都充满防备。花三个小时去验证一个不重要的日常常识。那就失去了效率的意义。

## 目标文案content的数组结构
生成模板参数时，format为content_index的字段依据此数组选择匹配的索引，用于决定相应内容出现在动画中的时机

[
  {
    "index": 0,
    "text": "如果你对AI的任何回答都充满防备。"
  },
  {
    "index": 1,
    "text": "花三个小时去验证一个不重要的日常常识。"
  },
  {
    "index": 2,
    "text": "那就失去了效率的意义。"
  }
]


## 选定模板及参数规范

模板名称：BEAT_SEQUENCE

参数 Schema 说明：

{
  "type": "object",
  "properties": {
    "stages": {
      "type": "array",
      "minItems": 2,
      "maxItems": 4,
      "description": "配图序列：每条 stage 一张图；imageSrc、enterEffect、可选 tone（calm|alert）、可选 showFrom（对齐镜头外层 content[] 下标）",
      "items": {
        "type": "object",
        "required": [
          "imageSrc"
        ],
        "properties": {
          "imageSrc": {
            "type": "string",
            "format": "image_prompt",
            "description": "该节拍配图提示词"
          },
          "enterEffect": {
            "type": "string",
            "enum": [
              "breathe",
              "slideLeft",
              "slideBottom",
              "zoomIn",
              "fadeIn"
            ],
            "default": "breathe",
            "description": "入场效果"
          },
          "tone": {
            "type": "string",
            "enum": [
              "calm",
              "alert"
            ],
            "description": "首条可 calm，其余默认可 alert"
          },
          "showFrom": {
            "type": "content_index",
            "minimum": 0,
            "description": "镜头 item 外层 content 数组（与 param 同级）的 0-based 下标；从该条 startFrame 起显示本图。省略则等于当前 stages 下标 i（与第 i 条口播同步）"
          }
        }
      }
    }
  },
  "required": [
    "stages"
  ]
}

// 口播条数（已由程序写入 CONTENT_STR，勿在 param 中输出 content）：口播分句（item.content）至少 2 条；口播分句至多 4 条（超出会被校验器告警）


模板该项的示例供参考：

{
  "template": "BEAT_SEQUENCE",
  "param": {
    "stages": [
      {
        "imageSrc": "问句配图简笔画",
        "enterEffect": "breathe"
      },
      {
        "imageSrc": "转折警示配图",
        "enterEffect": "slideBottom"
      },
      {
        "imageSrc": "结论冲击配图",
        "enterEffect": "slideBottom"
      }
    ]
  }
}


注意：如果该模板生成的参数包含图片视觉描述（如 imageSrc / leftSrc / rightSrc 等等），请只描述纯视觉场景与动作，绝不要包含任何文字、标语或注音。


## 其他通用说明
1. 锚点（Anchor）— 克制与高价值（适用于 SCHEMA 或上文允许出现锚点/高亮时）：
   - 多数句子应**无锚点**；拿不准就留空或 `[]`，避免满屏高亮。
   - 如果一定需要锚点，只选**整段里真正的高潮、反转或核心名词**（宜 2～4 字、有记忆点）；平庸词、铺垫句不要做成锚点。
   - 颜色建议：`#EF4444`（警示/反转/负面/结论）、`#000000`（事实/术语/数据）。动画 `anim`：`spring` | `slideUp` | `popIn` | `highlight`。
   - 音效可选(仅写在锚点对象上的 `audioEffect`)：`impact_thud` | `ping` | `woosh`

2. 视觉标题与字幕分离（仅当 SCHEMA 要求 `notText` / `butText` / `conceptName`、或 DOS_AND_DONTS 的 `left.label` / `right.label` 等时）：

   - 填**极简关键词（约 2～6 字）**，禁止把整句台词搬进标题字段。



## 输出格式（严格 JSON，不要 markdown 代码块）
补全当前模板的param,非数组：
{ "param": { ... } }

===========================================================================================
---------------------------------------- RESPONSE ----------------------------------------
time: 2026-07-11 23:06:54
attempt: 1/3

[OUTPUT]
{"param": {"stages": [{"imageSrc": "一个人警惕地看着屏幕，屏幕上显示AI回答，他手持盾牌表示防备。", "enterEffect": "breathe", "tone": "calm"}, {"imageSrc": "一个人拿着放大镜仔细检查一个苹果，旁边有大时钟显示三小时。", "enterEffect": "slideBottom"}, {"imageSrc": "一个人被堆叠的文件和时钟淹没，表情无奈，象征效率低下。", "enterEffect": "slideBottom"}]}}
-------------------------------------------------------------------------------------------

======================================== REQUEST ========================================
time: 2026-07-11 23:06:54
provider: deepseek
model: deepseek-v4-pro
retries: 3

[PROMPT]
你是短视频字幕与画面细节处理专家。请把指定台词细化为字模显示参数。


## 完整段落上下文（仅供理解整体语境，判断当前句子的重要性）
当然。我们也不需要走向另一个极端——怀疑一切。如果你对AI的任何回答都充满防备。花三个小时去验证一个不重要的日常常识。那就失去了效率的意义。

我们需要的是动态置信。

动态置信的意思是。给不同场景下的AI回答设定不同的信任权重。日常闲聊或创意头脑风暴。你可以给它80%的权重；写一封普通邮件。给70%；但到了撰写关键报告、编写核心代码或者进行重要决策时。它的信任度应该降到30%以下。剩下的部分。必须由你自己的大脑和第一手事实来填补。

你永远问自己三个问题。第一。这个信息如果出错。我需要承担多大的代价。第二。我有多大必要去验证它。第三。我现有的资源是否足够支持我进行验证。

想清楚这三点。你才能真正驾驭AI。而不是被AI所编织的信息泡泡所包裹。

你越依赖AI。越容易失去独立判断。真正的思考。不是在AI给出答案时结束。而是在AI给出答案后才刚刚开始。


## 🎯 待处理的目标文案
我们需要的是动态置信。

## 目标文案content的数组结构
生成模板参数时，format为content_index的字段依据此数组选择匹配的索引，用于决定相应内容出现在动画中的时机

[
  {
    "index": 0,
    "text": "我们需要的是动态置信。"
  }
]


## 选定模板及参数规范

模板名称：TEXT_FOCUS

参数 Schema 说明：

{
  "type": "object",
  "properties": {
    "coreSentence": {
      "type": "array",
      "minItems": 1,
      "description": "大屏核心文案，每元素一行：可为 string，或 { text, showFrom, endFrom? }；showFrom/endFrom 为 content 下标（0-based），非帧数：在该条 startFrame 显现；可选 endFrom 表示在该条播完（startFrame+durationFrames）后起淡出。纯 string 等价于 showFrom=0、无 endFrom。锚点校验时各段 text 按顺序直接拼接（无分隔符）。",
      "items": {
        "oneOf": [
          {
            "type": "string"
          },
          {
            "type": "object",
            "required": [
              "text",
              "showFrom"
            ],
            "properties": {
              "text": {
                "type": "string",
                "description": "该行大屏文案"
              },
              "showFrom": {
                "type": "integer",
                "format": "content_index",
                "description": "content 下标（0-based），非帧数"
              },
              "endFrom": {
                "type": "integer",
                "format": "content_index",
                "description": "可选；content 下标（0-based），非帧数；该行在对应条字幕结束帧（startFrame+durationFrames）起淡出"
              }
            }
          }
        ]
      }
    },
    "coreSentenceAnchors": {
      "type": "array",
      "description": "可选；在 coreSentence 各段拼接后的全文内按顺序高亮子串。每项 coreSentenceAnchor 须为该拼接串的子串，否则会被校验丢弃",
      "items": {
        "type": "object",
        "required": [
          "coreSentenceAnchor"
        ],
        "properties": {
          "coreSentenceAnchor": {
            "type": "string",
            "description": "要高亮的子串，须出现在各 coreSentence 段拼接后的全文内"
          },
          "color": {
            "type": "string",
            "description": "高亮颜色，省略时默认强调色"
          }
        }
      }
    }
  },
  "required": [
    "coreSentence"
  ]
}

// 口播条数（已由程序写入 CONTENT_STR，勿在 param 中输出 content）：口播分句至多 3 条（超出会被校验器告警）


模板该项的示例供参考：

{
  "template": "TEXT_FOCUS",
  "param": {
    "coreSentence": [
      {
        "text": "承认自己“可能错了”并不是一种软弱",
        "showFrom": 0,
        "endFrom": 0
      },
      {
        "text": "而是成长的开始",
        "showFrom": 1,
        "endFrom": 1
      }
    ],
    "coreSentenceAnchors": [
      {
        "coreSentenceAnchor": "可能错了",
        "color": "red"
      }
    ]
  }
}


注意：如果该模板生成的参数包含图片视觉描述（如 imageSrc / leftSrc / rightSrc 等等），请只描述纯视觉场景与动作，绝不要包含任何文字、标语或注音。


## 其他通用说明
1. 锚点（Anchor）— 克制与高价值（适用于 SCHEMA 或上文允许出现锚点/高亮时）：
   - 多数句子应**无锚点**；拿不准就留空或 `[]`，避免满屏高亮。
   - 如果一定需要锚点，只选**整段里真正的高潮、反转或核心名词**（宜 2～4 字、有记忆点）；平庸词、铺垫句不要做成锚点。
   - 颜色建议：`#EF4444`（警示/反转/负面/结论）、`#000000`（事实/术语/数据）。动画 `anim`：`spring` | `slideUp` | `popIn` | `highlight`。
   - 音效可选(仅写在锚点对象上的 `audioEffect`)：`impact_thud` | `ping` | `woosh`

2. 视觉标题与字幕分离（仅当 SCHEMA 要求 `notText` / `butText` / `conceptName`、或 DOS_AND_DONTS 的 `left.label` / `right.label` 等时）：

   - 填**极简关键词（约 2～6 字）**，禁止把整句台词搬进标题字段。



## 输出格式（严格 JSON，不要 markdown 代码块）
补全当前模板的param,非数组：
{ "param": { ... } }

===========================================================================================
---------------------------------------- RESPONSE ----------------------------------------
time: 2026-07-11 23:07:00
attempt: 1/3

[OUTPUT]
{
  "param": {
    "coreSentence": [
      "我们需要的是动态置信。"
    ]
  }
}
-------------------------------------------------------------------------------------------

======================================== REQUEST ========================================
time: 2026-07-11 23:07:00
provider: deepseek
model: deepseek-v4-pro
retries: 3

[PROMPT]
你是短视频字幕与画面细节处理专家。请把指定台词细化为字模显示参数。


## 完整段落上下文（仅供理解整体语境，判断当前句子的重要性）
当然。我们也不需要走向另一个极端——怀疑一切。如果你对AI的任何回答都充满防备。花三个小时去验证一个不重要的日常常识。那就失去了效率的意义。

我们需要的是动态置信。

动态置信的意思是。给不同场景下的AI回答设定不同的信任权重。日常闲聊或创意头脑风暴。你可以给它80%的权重；写一封普通邮件。给70%；但到了撰写关键报告、编写核心代码或者进行重要决策时。它的信任度应该降到30%以下。剩下的部分。必须由你自己的大脑和第一手事实来填补。

你永远问自己三个问题。第一。这个信息如果出错。我需要承担多大的代价。第二。我有多大必要去验证它。第三。我现有的资源是否足够支持我进行验证。

想清楚这三点。你才能真正驾驭AI。而不是被AI所编织的信息泡泡所包裹。

你越依赖AI。越容易失去独立判断。真正的思考。不是在AI给出答案时结束。而是在AI给出答案后才刚刚开始。


## 🎯 待处理的目标文案
动态置信的意思是。给不同场景下的AI回答设定不同的信任权重。

## 目标文案content的数组结构
生成模板参数时，format为content_index的字段依据此数组选择匹配的索引，用于决定相应内容出现在动画中的时机

[
  {
    "index": 0,
    "text": "动态置信的意思是。"
  },
  {
    "index": 1,
    "text": "给不同场景下的AI回答设定不同的信任权重。"
  }
]


## 选定模板及参数规范

模板名称：CONCEPT_CARD

参数 Schema 说明：

{
  "type": "object",
  "properties": {
    "imageSrc": {
      "type": "string",
      "format": "image_prompt",
      "description": "概念图标描述"
    },
    "conceptName": {
      "type": "string",
      "description": "概念名称"
    }
  },
  "required": [
    "imageSrc",
    "conceptName"
  ]
}


模板该项的示例供参考：

{
  "template": "CONCEPT_CARD",
  "param": {
    "imageSrc": "过滤器/筛网简笔画图标",
    "conceptName": "幸存者偏差"
  }
}


注意：如果该模板生成的参数包含图片视觉描述（如 imageSrc / leftSrc / rightSrc 等等），请只描述纯视觉场景与动作，绝不要包含任何文字、标语或注音。


## 其他通用说明
1. 锚点（Anchor）— 克制与高价值（适用于 SCHEMA 或上文允许出现锚点/高亮时）：
   - 多数句子应**无锚点**；拿不准就留空或 `[]`，避免满屏高亮。
   - 如果一定需要锚点，只选**整段里真正的高潮、反转或核心名词**（宜 2～4 字、有记忆点）；平庸词、铺垫句不要做成锚点。
   - 颜色建议：`#EF4444`（警示/反转/负面/结论）、`#000000`（事实/术语/数据）。动画 `anim`：`spring` | `slideUp` | `popIn` | `highlight`。
   - 音效可选(仅写在锚点对象上的 `audioEffect`)：`impact_thud` | `ping` | `woosh`

2. 视觉标题与字幕分离（仅当 SCHEMA 要求 `notText` / `butText` / `conceptName`、或 DOS_AND_DONTS 的 `left.label` / `right.label` 等时）：

   - 填**极简关键词（约 2～6 字）**，禁止把整句台词搬进标题字段。



## 输出格式（严格 JSON，不要 markdown 代码块）
补全当前模板的param,非数组：
{ "param": { ... } }

===========================================================================================
---------------------------------------- RESPONSE ----------------------------------------
time: 2026-07-11 23:07:09
attempt: 1/3

[OUTPUT]
{
  "param": {
    "imageSrc": "一个带有多个抽象场景图标和可调节滑块的信任控制面板，滑块指向不同高度的信任刻度",
    "conceptName": "动态置信"
  }
}
-------------------------------------------------------------------------------------------

======================================== REQUEST ========================================
time: 2026-07-11 23:07:09
provider: deepseek
model: deepseek-v4-pro
retries: 3

[PROMPT]
你是短视频字幕与画面细节处理专家。请把指定台词细化为字模显示参数。


## 完整段落上下文（仅供理解整体语境，判断当前句子的重要性）
当然。我们也不需要走向另一个极端——怀疑一切。如果你对AI的任何回答都充满防备。花三个小时去验证一个不重要的日常常识。那就失去了效率的意义。

我们需要的是动态置信。

动态置信的意思是。给不同场景下的AI回答设定不同的信任权重。日常闲聊或创意头脑风暴。你可以给它80%的权重；写一封普通邮件。给70%；但到了撰写关键报告、编写核心代码或者进行重要决策时。它的信任度应该降到30%以下。剩下的部分。必须由你自己的大脑和第一手事实来填补。

你永远问自己三个问题。第一。这个信息如果出错。我需要承担多大的代价。第二。我有多大必要去验证它。第三。我现有的资源是否足够支持我进行验证。

想清楚这三点。你才能真正驾驭AI。而不是被AI所编织的信息泡泡所包裹。

你越依赖AI。越容易失去独立判断。真正的思考。不是在AI给出答案时结束。而是在AI给出答案后才刚刚开始。


## 🎯 待处理的目标文案
日常闲聊或创意头脑风暴。你可以给它80%的权重；写一封普通邮件。给70%；但到了撰写关键报告、编写核心代码或者进行重要决策时。它的信任度应该降到30%以下。

## 目标文案content的数组结构
生成模板参数时，format为content_index的字段依据此数组选择匹配的索引，用于决定相应内容出现在动画中的时机

[
  {
    "index": 0,
    "text": "日常闲聊或创意头脑风暴。"
  },
  {
    "index": 1,
    "text": "你可以给它80%的权重；"
  },
  {
    "index": 2,
    "text": "写一封普通邮件。"
  },
  {
    "index": 3,
    "text": "给70%；"
  },
  {
    "index": 4,
    "text": "但到了撰写关键报告、"
  },
  {
    "index": 5,
    "text": "编写核心代码或者进行重要决策时。"
  },
  {
    "index": 6,
    "text": "它的信任度应该降到30%以下。"
  }
]


## 选定模板及参数规范

模板名称：PANEL_GRID

参数 Schema 说明：

{
  "type": "object",
  "properties": {
    "panels": {
      "type": "array",
      "minItems": 2,
      "maxItems": 6,
      "description": "宫格配图；showFrom 为 content 下标（0-based），在该条 startFrame 显现",
      "items": {
        "type": "object",
        "required": [
          "src",
          "showFrom"
        ],
        "properties": {
          "src": {
            "type": "string",
            "format": "image_prompt",
            "description": "该宫格配图提示词"
          },
          "showFrom": {
            "type": "integer",
            "format": "content_index",
            "description": "content 下标（0-based），非帧数"
          },
          "position": {
            "type": "string",
            "enum": [
              "center",
              "left",
              "right",
              "top",
              "bottom"
            ],
            "description": "可选；弱提示，布局以宫格为准"
          },
          "enterEffect": {
            "type": "string",
            "enum": [
              "breathe",
              "slideLeft",
              "slideBottom",
              "zoomIn",
              "fadeIn"
            ],
            "default": "fadeIn"
          }
        }
      }
    }
  },
  "required": [
    "panels"
  ]
}

// 口播条数（已由程序写入 CONTENT_STR，勿在 param 中输出 content）：口播分句（item.content）至少 2 条；口播分句至多 8 条（超出会被校验器告警）


模板该项的示例供参考：

{
  "template": "PANEL_GRID",
  "param": {
    "panels": [
      {
        "src": "问号堵住去路的简笔画",
        "showFrom": 0,
        "enterEffect": "zoomIn"
      },
      {
        "src": "放大镜只看一角的简笔画",
        "showFrom": 1
      },
      {
        "src": "两人各执一词的简笔画",
        "showFrom": 2
      }
    ]
  }
}


注意：如果该模板生成的参数包含图片视觉描述（如 imageSrc / leftSrc / rightSrc 等等），请只描述纯视觉场景与动作，绝不要包含任何文字、标语或注音。


## 其他通用说明
1. 锚点（Anchor）— 克制与高价值（适用于 SCHEMA 或上文允许出现锚点/高亮时）：
   - 多数句子应**无锚点**；拿不准就留空或 `[]`，避免满屏高亮。
   - 如果一定需要锚点，只选**整段里真正的高潮、反转或核心名词**（宜 2～4 字、有记忆点）；平庸词、铺垫句不要做成锚点。
   - 颜色建议：`#EF4444`（警示/反转/负面/结论）、`#000000`（事实/术语/数据）。动画 `anim`：`spring` | `slideUp` | `popIn` | `highlight`。
   - 音效可选(仅写在锚点对象上的 `audioEffect`)：`impact_thud` | `ping` | `woosh`

2. 视觉标题与字幕分离（仅当 SCHEMA 要求 `notText` / `butText` / `conceptName`、或 DOS_AND_DONTS 的 `left.label` / `right.label` 等时）：

   - 填**极简关键词（约 2～6 字）**，禁止把整句台词搬进标题字段。



## 输出格式（严格 JSON，不要 markdown 代码块）
补全当前模板的param,非数组：
{ "param": { ... } }

===========================================================================================
---------------------------------------- RESPONSE ----------------------------------------
time: 2026-07-11 23:07:37
attempt: 1/3

[OUTPUT]
{"param":{"panels":[{"src":"两个对话气泡漂浮，旁边一盏发光的创意灯泡","showFrom":0,"enterEffect":"fadeIn"},{"src":"一个满条状的信任度量表，指示在80%附近，周围有笑脸表情","showFrom":1,"enterEffect":"zoomIn"},{"src":"一只手在纸张上书写，旁边放置一个信封图标","showFrom":2,"enterEffect":"slideLeft"},{"src":"同一个信任度量表，指示条降至70%","showFrom":3,"enterEffect":"fadeIn"},{"src":"办公桌上堆满报告文件，一台电脑屏幕显示代码，旁边有会议白板","showFrom":4,"enterEffect":"slideBottom"},{"src":"量表的指示条急剧下降到30%以下，红色闪烁警告","showFrom":6,"enterEffect":"breathe"}]}}
-------------------------------------------------------------------------------------------

======================================== REQUEST ========================================
time: 2026-07-11 23:07:37
provider: deepseek
model: deepseek-v4-pro
retries: 3

[PROMPT]
你是短视频字幕与画面细节处理专家。请把指定台词细化为字模显示参数。


## 完整段落上下文（仅供理解整体语境，判断当前句子的重要性）
当然。我们也不需要走向另一个极端——怀疑一切。如果你对AI的任何回答都充满防备。花三个小时去验证一个不重要的日常常识。那就失去了效率的意义。

我们需要的是动态置信。

动态置信的意思是。给不同场景下的AI回答设定不同的信任权重。日常闲聊或创意头脑风暴。你可以给它80%的权重；写一封普通邮件。给70%；但到了撰写关键报告、编写核心代码或者进行重要决策时。它的信任度应该降到30%以下。剩下的部分。必须由你自己的大脑和第一手事实来填补。

你永远问自己三个问题。第一。这个信息如果出错。我需要承担多大的代价。第二。我有多大必要去验证它。第三。我现有的资源是否足够支持我进行验证。

想清楚这三点。你才能真正驾驭AI。而不是被AI所编织的信息泡泡所包裹。

你越依赖AI。越容易失去独立判断。真正的思考。不是在AI给出答案时结束。而是在AI给出答案后才刚刚开始。


## 🎯 待处理的目标文案
剩下的部分。必须由你自己的大脑和第一手事实来填补。

## 目标文案content的数组结构
生成模板参数时，format为content_index的字段依据此数组选择匹配的索引，用于决定相应内容出现在动画中的时机

[
  {
    "index": 0,
    "text": "剩下的部分。"
  },
  {
    "index": 1,
    "text": "必须由你自己的大脑和第一手事实来填补。"
  }
]


## 选定模板及参数规范

模板名称：CENTER_FOCUS

参数 Schema 说明：

{
  "type": "object",
  "properties": {
    "imageSrc": {
      "type": "string",
      "format": "image_prompt",
      "description": "主图描述"
    },
    "enterEffect": {
      "type": "string",
      "enum": [
        "fadeIn",
        "slideLeft",
        "slideBottom",
        "zoomIn"
      ],
      "default": "fadeIn",
      "description": "图片入场方式（breathe 呼吸效果始终常驻，无需指定）"
    },
    "anchors": {
      "type": "array",
      "description": "可选；用于锚点词展示（顶部依次出现并保留为列表），并绑定锚点出现时机的音效。showFrom 须落在当前 content 条数范围内。注意 **保持克制，尽量少设置锚点** 只提取整段里真正的高潮、反转或核心名词",
      "items": {
        "type": "object",
        "required": [
          "text",
          "showFrom"
        ],
        "properties": {
          "text": {
            "type": "string",
            "description": "要展示的锚点词"
          },
          "showFrom": {
            "type": "integer",
            "format": "content_index",
            "description": "content 数组下标（0-based），非帧数；合法范围 0～(content 条数-1)，超出会被校验丢弃"
          },
          "color": {
            "type": "string"
          },
          "anim": {
            "type": "string",
            "enum": [
              "spring",
              "slideUp",
              "popIn",
              "highlight"
            ]
          },
          "audioEffect": {
            "type": "string",
            "enum": [
              "impact_thud",
              "ping",
              "woosh"
            ]
          }
        }
      }
    }
  },
  "required": [
    "imageSrc"
  ]
}


模板该项的示例供参考：

{
  "template": "CENTER_FOCUS",
  "param": {
    "imageSrc": "上班族坐在电脑前的简笔画图标",
    "enterEffect": "fadeIn",
    "anchors": [
      {
        "text": "可得性启发",
        "showFrom": 0,
        "color": "red"
      }
    ]
  }
}


注意：如果该模板生成的参数包含图片视觉描述（如 imageSrc / leftSrc / rightSrc 等等），请只描述纯视觉场景与动作，绝不要包含任何文字、标语或注音。


## 其他通用说明
1. 锚点（Anchor）— 克制与高价值（适用于 SCHEMA 或上文允许出现锚点/高亮时）：
   - 多数句子应**无锚点**；拿不准就留空或 `[]`，避免满屏高亮。
   - 如果一定需要锚点，只选**整段里真正的高潮、反转或核心名词**（宜 2～4 字、有记忆点）；平庸词、铺垫句不要做成锚点。
   - 颜色建议：`#EF4444`（警示/反转/负面/结论）、`#000000`（事实/术语/数据）。动画 `anim`：`spring` | `slideUp` | `popIn` | `highlight`。
   - 音效可选(仅写在锚点对象上的 `audioEffect`)：`impact_thud` | `ping` | `woosh`

2. 视觉标题与字幕分离（仅当 SCHEMA 要求 `notText` / `butText` / `conceptName`、或 DOS_AND_DONTS 的 `left.label` / `right.label` 等时）：

   - 填**极简关键词（约 2～6 字）**，禁止把整句台词搬进标题字段。



## 输出格式（严格 JSON，不要 markdown 代码块）
补全当前模板的param,非数组：
{ "param": { ... } }

===========================================================================================
---------------------------------------- RESPONSE ----------------------------------------
time: 2026-07-11 23:07:45
attempt: 1/3

[OUTPUT]
{
  "param": {
    "imageSrc": "一个人类大脑的轮廓与数字代码交织的抽象画面",
    "enterEffect": "fadeIn"
  }
}
-------------------------------------------------------------------------------------------

======================================== REQUEST ========================================
time: 2026-07-11 23:07:45
provider: deepseek
model: deepseek-v4-pro
retries: 3

[PROMPT]
你是短视频字幕与画面细节处理专家。请把指定台词细化为字模显示参数。


## 完整段落上下文（仅供理解整体语境，判断当前句子的重要性）
当然。我们也不需要走向另一个极端——怀疑一切。如果你对AI的任何回答都充满防备。花三个小时去验证一个不重要的日常常识。那就失去了效率的意义。

我们需要的是动态置信。

动态置信的意思是。给不同场景下的AI回答设定不同的信任权重。日常闲聊或创意头脑风暴。你可以给它80%的权重；写一封普通邮件。给70%；但到了撰写关键报告、编写核心代码或者进行重要决策时。它的信任度应该降到30%以下。剩下的部分。必须由你自己的大脑和第一手事实来填补。

你永远问自己三个问题。第一。这个信息如果出错。我需要承担多大的代价。第二。我有多大必要去验证它。第三。我现有的资源是否足够支持我进行验证。

想清楚这三点。你才能真正驾驭AI。而不是被AI所编织的信息泡泡所包裹。

你越依赖AI。越容易失去独立判断。真正的思考。不是在AI给出答案时结束。而是在AI给出答案后才刚刚开始。


## 🎯 待处理的目标文案
你永远问自己三个问题。第一。这个信息如果出错。我需要承担多大的代价。

## 目标文案content的数组结构
生成模板参数时，format为content_index的字段依据此数组选择匹配的索引，用于决定相应内容出现在动画中的时机

[
  {
    "index": 0,
    "text": "你永远问自己三个问题。"
  },
  {
    "index": 1,
    "text": "第一。"
  },
  {
    "index": 2,
    "text": "这个信息如果出错。"
  },
  {
    "index": 3,
    "text": "我需要承担多大的代价。"
  }
]


## 选定模板及参数规范

模板名称：CHECKLIST_REVEAL

参数 Schema 说明：

{
  "type": "object",
  "properties": {
    "title": {
      "type": "string",
      "description": "可选；清单上方标题，建议 4～14 字"
    },
    "rows": {
      "type": "array",
      "minItems": 2,
      "maxItems": 6,
      "description": "清单行；showFrom 为 content 下标（0-based），在该条 startFrame 打勾显现",
      "items": {
        "type": "object",
        "required": [
          "text",
          "showFrom"
        ],
        "properties": {
          "text": {
            "type": "string",
            "description": "该行短文案，建议不超过 16 字"
          },
          "showFrom": {
            "type": "integer",
            "format": "content_index",
            "description": "content 下标（0-based），非帧数"
          }
        }
      }
    }
  },
  "required": [
    "rows"
  ]
}

// 口播条数（已由程序写入 CONTENT_STR，勿在 param 中输出 content）：口播分句（item.content）至少 2 条；口播分句至多 8 条（超出会被校验器告警）


模板该项的示例供参考：

{
  "template": "CHECKLIST_REVEAL",
  "param": {
    "title": "今日心法",
    "rows": [
      {
        "text": "先写事实",
        "showFrom": 0
      },
      {
        "text": "再写推断",
        "showFrom": 1
      },
      {
        "text": "留痕备查",
        "showFrom": 2
      }
    ]
  }
}


注意：如果该模板生成的参数包含图片视觉描述（如 imageSrc / leftSrc / rightSrc 等等），请只描述纯视觉场景与动作，绝不要包含任何文字、标语或注音。


## 其他通用说明
1. 锚点（Anchor）— 克制与高价值（适用于 SCHEMA 或上文允许出现锚点/高亮时）：
   - 多数句子应**无锚点**；拿不准就留空或 `[]`，避免满屏高亮。
   - 如果一定需要锚点，只选**整段里真正的高潮、反转或核心名词**（宜 2～4 字、有记忆点）；平庸词、铺垫句不要做成锚点。
   - 颜色建议：`#EF4444`（警示/反转/负面/结论）、`#000000`（事实/术语/数据）。动画 `anim`：`spring` | `slideUp` | `popIn` | `highlight`。
   - 音效可选(仅写在锚点对象上的 `audioEffect`)：`impact_thud` | `ping` | `woosh`

2. 视觉标题与字幕分离（仅当 SCHEMA 要求 `notText` / `butText` / `conceptName`、或 DOS_AND_DONTS 的 `left.label` / `right.label` 等时）：

   - 填**极简关键词（约 2～6 字）**，禁止把整句台词搬进标题字段。



## 输出格式（严格 JSON，不要 markdown 代码块）
补全当前模板的param,非数组：
{ "param": { ... } }

===========================================================================================
---------------------------------------- RESPONSE ----------------------------------------
time: 2026-07-11 23:08:09
attempt: 1/3

[OUTPUT]
{"param": {"title": "三问自查", "rows": [{"text": "信息出错的代价", "showFrom": 2}, {"text": "验证的必要性", "showFrom": 3}, {"text": "资源的支持度", "showFrom": 3}]}}
-------------------------------------------------------------------------------------------

======================================== REQUEST ========================================
time: 2026-07-11 23:08:09
provider: deepseek
model: deepseek-v4-pro
retries: 3

[PROMPT]
你是短视频字幕与画面细节处理专家。请把指定台词细化为字模显示参数。


## 完整段落上下文（仅供理解整体语境，判断当前句子的重要性）
当然。我们也不需要走向另一个极端——怀疑一切。如果你对AI的任何回答都充满防备。花三个小时去验证一个不重要的日常常识。那就失去了效率的意义。

我们需要的是动态置信。

动态置信的意思是。给不同场景下的AI回答设定不同的信任权重。日常闲聊或创意头脑风暴。你可以给它80%的权重；写一封普通邮件。给70%；但到了撰写关键报告、编写核心代码或者进行重要决策时。它的信任度应该降到30%以下。剩下的部分。必须由你自己的大脑和第一手事实来填补。

你永远问自己三个问题。第一。这个信息如果出错。我需要承担多大的代价。第二。我有多大必要去验证它。第三。我现有的资源是否足够支持我进行验证。

想清楚这三点。你才能真正驾驭AI。而不是被AI所编织的信息泡泡所包裹。

你越依赖AI。越容易失去独立判断。真正的思考。不是在AI给出答案时结束。而是在AI给出答案后才刚刚开始。


## 🎯 待处理的目标文案
第二。我有多大必要去验证它。第三。我现有的资源是否足够支持我进行验证。

## 目标文案content的数组结构
生成模板参数时，format为content_index的字段依据此数组选择匹配的索引，用于决定相应内容出现在动画中的时机

[
  {
    "index": 0,
    "text": "第二。"
  },
  {
    "index": 1,
    "text": "我有多大必要去验证它。"
  },
  {
    "index": 2,
    "text": "第三。"
  },
  {
    "index": 3,
    "text": "我现有的资源是否足够支持我进行验证。"
  }
]


## 选定模板及参数规范

模板名称：CHECKLIST_REVEAL

参数 Schema 说明：

{
  "type": "object",
  "properties": {
    "title": {
      "type": "string",
      "description": "可选；清单上方标题，建议 4～14 字"
    },
    "rows": {
      "type": "array",
      "minItems": 2,
      "maxItems": 6,
      "description": "清单行；showFrom 为 content 下标（0-based），在该条 startFrame 打勾显现",
      "items": {
        "type": "object",
        "required": [
          "text",
          "showFrom"
        ],
        "properties": {
          "text": {
            "type": "string",
            "description": "该行短文案，建议不超过 16 字"
          },
          "showFrom": {
            "type": "integer",
            "format": "content_index",
            "description": "content 下标（0-based），非帧数"
          }
        }
      }
    }
  },
  "required": [
    "rows"
  ]
}

// 口播条数（已由程序写入 CONTENT_STR，勿在 param 中输出 content）：口播分句（item.content）至少 2 条；口播分句至多 8 条（超出会被校验器告警）


模板该项的示例供参考：

{
  "template": "CHECKLIST_REVEAL",
  "param": {
    "title": "今日心法",
    "rows": [
      {
        "text": "先写事实",
        "showFrom": 0
      },
      {
        "text": "再写推断",
        "showFrom": 1
      },
      {
        "text": "留痕备查",
        "showFrom": 2
      }
    ]
  }
}


注意：如果该模板生成的参数包含图片视觉描述（如 imageSrc / leftSrc / rightSrc 等等），请只描述纯视觉场景与动作，绝不要包含任何文字、标语或注音。


## 其他通用说明
1. 锚点（Anchor）— 克制与高价值（适用于 SCHEMA 或上文允许出现锚点/高亮时）：
   - 多数句子应**无锚点**；拿不准就留空或 `[]`，避免满屏高亮。
   - 如果一定需要锚点，只选**整段里真正的高潮、反转或核心名词**（宜 2～4 字、有记忆点）；平庸词、铺垫句不要做成锚点。
   - 颜色建议：`#EF4444`（警示/反转/负面/结论）、`#000000`（事实/术语/数据）。动画 `anim`：`spring` | `slideUp` | `popIn` | `highlight`。
   - 音效可选(仅写在锚点对象上的 `audioEffect`)：`impact_thud` | `ping` | `woosh`

2. 视觉标题与字幕分离（仅当 SCHEMA 要求 `notText` / `butText` / `conceptName`、或 DOS_AND_DONTS 的 `left.label` / `right.label` 等时）：

   - 填**极简关键词（约 2～6 字）**，禁止把整句台词搬进标题字段。



## 输出格式（严格 JSON，不要 markdown 代码块）
补全当前模板的param,非数组：
{ "param": { ... } }

===========================================================================================
---------------------------------------- RESPONSE ----------------------------------------
time: 2026-07-11 23:08:29
attempt: 1/3

[OUTPUT]
{"param": {"rows": [{"text": "有多大必要验证？", "showFrom": 0}, {"text": "现有资源够验证？", "showFrom": 2}]}}
-------------------------------------------------------------------------------------------

======================================== REQUEST ========================================
time: 2026-07-11 23:08:29
provider: deepseek
model: deepseek-v4-pro
retries: 3

[PROMPT]
你是短视频字幕与画面细节处理专家。请把指定台词细化为字模显示参数。


## 完整段落上下文（仅供理解整体语境，判断当前句子的重要性）
当然。我们也不需要走向另一个极端——怀疑一切。如果你对AI的任何回答都充满防备。花三个小时去验证一个不重要的日常常识。那就失去了效率的意义。

我们需要的是动态置信。

动态置信的意思是。给不同场景下的AI回答设定不同的信任权重。日常闲聊或创意头脑风暴。你可以给它80%的权重；写一封普通邮件。给70%；但到了撰写关键报告、编写核心代码或者进行重要决策时。它的信任度应该降到30%以下。剩下的部分。必须由你自己的大脑和第一手事实来填补。

你永远问自己三个问题。第一。这个信息如果出错。我需要承担多大的代价。第二。我有多大必要去验证它。第三。我现有的资源是否足够支持我进行验证。

想清楚这三点。你才能真正驾驭AI。而不是被AI所编织的信息泡泡所包裹。

你越依赖AI。越容易失去独立判断。真正的思考。不是在AI给出答案时结束。而是在AI给出答案后才刚刚开始。


## 🎯 待处理的目标文案
想清楚这三点。你才能真正驾驭AI。而不是被AI所编织的信息泡泡所包裹。

## 目标文案content的数组结构
生成模板参数时，format为content_index的字段依据此数组选择匹配的索引，用于决定相应内容出现在动画中的时机

[
  {
    "index": 0,
    "text": "想清楚这三点。"
  },
  {
    "index": 1,
    "text": "你才能真正驾驭AI。"
  },
  {
    "index": 2,
    "text": "而不是被AI所编织的信息泡泡所包裹。"
  }
]


## 选定模板及参数规范

模板名称：COGNITIVE_SHIFT

参数 Schema 说明：

{
  "type": "object",
  "properties": {
    "notText": {
      "type": "string",
      "description": "被否认知（‘不是’后面的内容）的精炼短句，不超过12个字，"
    },
    "butText": {
      "type": "string",
      "description": "真实认知（‘而是’后面的内容）的精炼短句，不超过12个字"
    },
    "butSrc": {
      "type": "string",
      "format": "image_prompt",
      "description": "真实认知的配图"
    },
    "notContentIndex": {
      "type": "integer",
      "format": "content_index",
      "description": "触发「不是」动画的字幕段索引（默认 0）"
    },
    "butContentIndex": {
      "type": "integer",
      "format": "content_index",
      "description": "触发「而是」动画的字幕段索引（默认 1）"
    }
  },
  "required": [
    "notText",
    "butText"
  ]
}


模板该项的示例供参考：

{
  "template": "COGNITIVE_SHIFT",
  "content": [
    "我们都不应该靠勤奋拼命",
    "我们都应该是靠认知和选择",
    "这样我才能成功"
  ],
  "param": {
    "notText": "靠勤奋拼命",
    "butText": "靠认知和选择",
    "butSrc": "站在高处看地图的思考者",
    "notContentIndex": 0,
    "butContentIndex": 1
  }
}


注意：如果该模板生成的参数包含图片视觉描述（如 imageSrc / leftSrc / rightSrc 等等），请只描述纯视觉场景与动作，绝不要包含任何文字、标语或注音。


## 其他通用说明
1. 锚点（Anchor）— 克制与高价值（适用于 SCHEMA 或上文允许出现锚点/高亮时）：
   - 多数句子应**无锚点**；拿不准就留空或 `[]`，避免满屏高亮。
   - 如果一定需要锚点，只选**整段里真正的高潮、反转或核心名词**（宜 2～4 字、有记忆点）；平庸词、铺垫句不要做成锚点。
   - 颜色建议：`#EF4444`（警示/反转/负面/结论）、`#000000`（事实/术语/数据）。动画 `anim`：`spring` | `slideUp` | `popIn` | `highlight`。
   - 音效可选(仅写在锚点对象上的 `audioEffect`)：`impact_thud` | `ping` | `woosh`

2. 视觉标题与字幕分离（仅当 SCHEMA 要求 `notText` / `butText` / `conceptName`、或 DOS_AND_DONTS 的 `left.label` / `right.label` 等时）：

   - 填**极简关键词（约 2～6 字）**，禁止把整句台词搬进标题字段。



## 输出格式（严格 JSON，不要 markdown 代码块）
补全当前模板的param,非数组：
{ "param": { ... } }

===========================================================================================
---------------------------------------- RESPONSE ----------------------------------------
time: 2026-07-11 23:08:39
attempt: 1/3

[OUTPUT]
{
  "param": {
    "notText": "被AI信息泡泡包裹",
    "butText": "真正驾驭AI",
    "butSrc": "站在科技控制台前，双手操控着发光的数据流",
    "notContentIndex": 2,
    "butContentIndex": 1
  }
}
-------------------------------------------------------------------------------------------

======================================== REQUEST ========================================
time: 2026-07-11 23:08:39
provider: deepseek
model: deepseek-v4-pro
retries: 3

[PROMPT]
你是短视频字幕与画面细节处理专家。请把指定台词细化为字模显示参数。


## 完整段落上下文（仅供理解整体语境，判断当前句子的重要性）
当然。我们也不需要走向另一个极端——怀疑一切。如果你对AI的任何回答都充满防备。花三个小时去验证一个不重要的日常常识。那就失去了效率的意义。

我们需要的是动态置信。

动态置信的意思是。给不同场景下的AI回答设定不同的信任权重。日常闲聊或创意头脑风暴。你可以给它80%的权重；写一封普通邮件。给70%；但到了撰写关键报告、编写核心代码或者进行重要决策时。它的信任度应该降到30%以下。剩下的部分。必须由你自己的大脑和第一手事实来填补。

你永远问自己三个问题。第一。这个信息如果出错。我需要承担多大的代价。第二。我有多大必要去验证它。第三。我现有的资源是否足够支持我进行验证。

想清楚这三点。你才能真正驾驭AI。而不是被AI所编织的信息泡泡所包裹。

你越依赖AI。越容易失去独立判断。真正的思考。不是在AI给出答案时结束。而是在AI给出答案后才刚刚开始。


## 🎯 待处理的目标文案
你越依赖AI。越容易失去独立判断。

## 目标文案content的数组结构
生成模板参数时，format为content_index的字段依据此数组选择匹配的索引，用于决定相应内容出现在动画中的时机

[
  {
    "index": 0,
    "text": "你越依赖AI。"
  },
  {
    "index": 1,
    "text": "越容易失去独立判断。"
  }
]


## 选定模板及参数规范

模板名称：CAUSE_CHAIN

参数 Schema 说明：

{
  "type": "object",
  "properties": {
    "layout": {
      "type": "string",
      "enum": [
        "horizontal",
        "vertical"
      ],
      "default": "horizontal",
      "description": "链的排布方向；横屏/常规叙事默认 horizontal，竖屏可设 vertical"
    },
    "nodes": {
      "type": "array",
      "minItems": 2,
      "maxItems": 4,
      "description": "因果节点；showFrom 为 content 数组下标（0-based），入场时刻取该条 startFrame",
      "items": {
        "type": "object",
        "required": [
          "label",
          "imageSrc",
          "showFrom"
        ],
        "properties": {
          "label": {
            "type": "string",
            "description": "节点短标签，建议 2～8 字"
          },
          "imageSrc": {
            "type": "string",
            "format": "image_prompt",
            "description": "该环节隐喻配图"
          },
          "showFrom": {
            "type": "integer",
            "format": "content_index",
            "description": "content 下标（0-based），非帧数"
          },
          "enterEffect": {
            "type": "string",
            "enum": [
              "breathe",
              "slideLeft",
              "slideBottom",
              "zoomIn",
              "fadeIn"
            ],
            "default": "fadeIn"
          }
        }
      }
    },
    "anchors": {
      "type": "array",
      "description": "可选；顶部依次展示锚点词并保留为列表，showFrom 为 content 下标（0-based，非帧数）；保持克制，只提取整段里真正的高潮、反转或核心名词",
      "items": {
        "type": "object",
        "required": [
          "text",
          "showFrom"
        ],
        "properties": {
          "text": {
            "type": "string",
            "description": "要展示的锚点词"
          },
          "showFrom": {
            "type": "integer",
            "format": "content_index",
            "description": "content 数组下标（0-based），非帧数；合法范围 0～(content 条数-1)，超出会被校验丢弃"
          },
          "color": {
            "type": "string"
          },
          "anim": {
            "type": "string",
            "enum": [
              "spring",
              "slideUp",
              "popIn",
              "highlight"
            ]
          },
          "audioEffect": {
            "type": "string",
            "enum": [
              "impact_thud",
              "ping",
              "woosh"
            ]
          }
        }
      }
    }
  },
  "required": [
    "nodes"
  ]
}

// 口播条数（已由程序写入 CONTENT_STR，勿在 param 中输出 content）：口播分句（item.content）至少 2 条；口播分句至多 6 条（超出会被校验器告警）


模板该项的示例供参考：

{
  "template": "CAUSE_CHAIN",
  "param": {
    "layout": "horizontal",
    "nodes": [
      {
        "label": "刺激",
        "imageSrc": "闪电击中大脑的简笔画",
        "showFrom": 0
      },
      {
        "label": "解读",
        "imageSrc": "放大镜看信息的简笔画",
        "showFrom": 1
      },
      {
        "label": "行动",
        "imageSrc": "按下按钮的简笔画",
        "showFrom": 2
      }
    ]
  }
}


注意：如果该模板生成的参数包含图片视觉描述（如 imageSrc / leftSrc / rightSrc 等等），请只描述纯视觉场景与动作，绝不要包含任何文字、标语或注音。


## 其他通用说明
1. 锚点（Anchor）— 克制与高价值（适用于 SCHEMA 或上文允许出现锚点/高亮时）：
   - 多数句子应**无锚点**；拿不准就留空或 `[]`，避免满屏高亮。
   - 如果一定需要锚点，只选**整段里真正的高潮、反转或核心名词**（宜 2～4 字、有记忆点）；平庸词、铺垫句不要做成锚点。
   - 颜色建议：`#EF4444`（警示/反转/负面/结论）、`#000000`（事实/术语/数据）。动画 `anim`：`spring` | `slideUp` | `popIn` | `highlight`。
   - 音效可选(仅写在锚点对象上的 `audioEffect`)：`impact_thud` | `ping` | `woosh`

2. 视觉标题与字幕分离（仅当 SCHEMA 要求 `notText` / `butText` / `conceptName`、或 DOS_AND_DONTS 的 `left.label` / `right.label` 等时）：

   - 填**极简关键词（约 2～6 字）**，禁止把整句台词搬进标题字段。



## 输出格式（严格 JSON，不要 markdown 代码块）
补全当前模板的param,非数组：
{ "param": { ... } }

===========================================================================================
---------------------------------------- RESPONSE ----------------------------------------
time: 2026-07-11 23:08:51
attempt: 1/3

[OUTPUT]
{
  "param": {
    "layout": "horizontal",
    "nodes": [
      {
        "label": "依赖AI",
        "imageSrc": "人双手被AI机械臂牵引，身体前倾的简笔画",
        "showFrom": 0
      },
      {
        "label": "失去判断",
        "imageSrc": "大脑被锁链缠绕，箭头方向混乱的简笔画",
        "showFrom": 1
      }
    ]
  }
}
-------------------------------------------------------------------------------------------

======================================== REQUEST ========================================
time: 2026-07-11 23:08:51
provider: deepseek
model: deepseek-v4-pro
retries: 3

[PROMPT]
你是短视频字幕与画面细节处理专家。请把指定台词细化为字模显示参数。


## 完整段落上下文（仅供理解整体语境，判断当前句子的重要性）
当然。我们也不需要走向另一个极端——怀疑一切。如果你对AI的任何回答都充满防备。花三个小时去验证一个不重要的日常常识。那就失去了效率的意义。

我们需要的是动态置信。

动态置信的意思是。给不同场景下的AI回答设定不同的信任权重。日常闲聊或创意头脑风暴。你可以给它80%的权重；写一封普通邮件。给70%；但到了撰写关键报告、编写核心代码或者进行重要决策时。它的信任度应该降到30%以下。剩下的部分。必须由你自己的大脑和第一手事实来填补。

你永远问自己三个问题。第一。这个信息如果出错。我需要承担多大的代价。第二。我有多大必要去验证它。第三。我现有的资源是否足够支持我进行验证。

想清楚这三点。你才能真正驾驭AI。而不是被AI所编织的信息泡泡所包裹。

你越依赖AI。越容易失去独立判断。真正的思考。不是在AI给出答案时结束。而是在AI给出答案后才刚刚开始。


## 🎯 待处理的目标文案
真正的思考。不是在AI给出答案时结束。而是在AI给出答案后才刚刚开始。

## 目标文案content的数组结构
生成模板参数时，format为content_index的字段依据此数组选择匹配的索引，用于决定相应内容出现在动画中的时机

[
  {
    "index": 0,
    "text": "真正的思考。"
  },
  {
    "index": 1,
    "text": "不是在AI给出答案时结束。"
  },
  {
    "index": 2,
    "text": "而是在AI给出答案后才刚刚开始。"
  }
]


## 选定模板及参数规范

模板名称：COGNITIVE_SHIFT

参数 Schema 说明：

{
  "type": "object",
  "properties": {
    "notText": {
      "type": "string",
      "description": "被否认知（‘不是’后面的内容）的精炼短句，不超过12个字，"
    },
    "butText": {
      "type": "string",
      "description": "真实认知（‘而是’后面的内容）的精炼短句，不超过12个字"
    },
    "butSrc": {
      "type": "string",
      "format": "image_prompt",
      "description": "真实认知的配图"
    },
    "notContentIndex": {
      "type": "integer",
      "format": "content_index",
      "description": "触发「不是」动画的字幕段索引（默认 0）"
    },
    "butContentIndex": {
      "type": "integer",
      "format": "content_index",
      "description": "触发「而是」动画的字幕段索引（默认 1）"
    }
  },
  "required": [
    "notText",
    "butText"
  ]
}


模板该项的示例供参考：

{
  "template": "COGNITIVE_SHIFT",
  "content": [
    "我们都不应该靠勤奋拼命",
    "我们都应该是靠认知和选择",
    "这样我才能成功"
  ],
  "param": {
    "notText": "靠勤奋拼命",
    "butText": "靠认知和选择",
    "butSrc": "站在高处看地图的思考者",
    "notContentIndex": 0,
    "butContentIndex": 1
  }
}


注意：如果该模板生成的参数包含图片视觉描述（如 imageSrc / leftSrc / rightSrc 等等），请只描述纯视觉场景与动作，绝不要包含任何文字、标语或注音。


## 其他通用说明
1. 锚点（Anchor）— 克制与高价值（适用于 SCHEMA 或上文允许出现锚点/高亮时）：
   - 多数句子应**无锚点**；拿不准就留空或 `[]`，避免满屏高亮。
   - 如果一定需要锚点，只选**整段里真正的高潮、反转或核心名词**（宜 2～4 字、有记忆点）；平庸词、铺垫句不要做成锚点。
   - 颜色建议：`#EF4444`（警示/反转/负面/结论）、`#000000`（事实/术语/数据）。动画 `anim`：`spring` | `slideUp` | `popIn` | `highlight`。
   - 音效可选(仅写在锚点对象上的 `audioEffect`)：`impact_thud` | `ping` | `woosh`

2. 视觉标题与字幕分离（仅当 SCHEMA 要求 `notText` / `butText` / `conceptName`、或 DOS_AND_DONTS 的 `left.label` / `right.label` 等时）：

   - 填**极简关键词（约 2～6 字）**，禁止把整句台词搬进标题字段。



## 输出格式（严格 JSON，不要 markdown 代码块）
补全当前模板的param,非数组：
{ "param": { ... } }

===========================================================================================
---------------------------------------- RESPONSE ----------------------------------------
time: 2026-07-11 23:09:12
attempt: 1/3

[OUTPUT]
{
  "param": {
    "notText": "AI给出答案时结束",
    "butText": "AI答案后才开始",
    "butSrc": "一个人凝视屏幕上的AI回答，瞳孔收缩，随后转身走向白板，开始绘制复杂的思维导图，背景浮现若隐若现的智慧之光",
    "notContentIndex": 1,
    "butContentIndex": 2
  }
}
-------------------------------------------------------------------------------------------
