
======================================== REQUEST ========================================
time: 2026-06-29 22:13:14
provider: deepseek
model: deepseek-v4-pro
retries: 3

[PROMPT]
你是「镜头分镜 + 动画模板选型」联合优化器。你的任务是在**不改写口播原文**的前提下，把场景原文切成更“原子化”的镜头item，并为每个镜头选择最合适的 `template`。

## 🎥 视频大背景
- **核心主题**：你享受的便利，悄悄让你自己变成了代价
- **当前场景**：引入：便利背后的廉价人力

## 📄 场景原文（严禁修改、严禁漏字、严禁补字）
在中国生活实在太便利了！
9块9包邮的产品一大把，
深更半夜点外卖，还能半小时就给送到了。  
客服24小时在线，都是秒回。

很多人张口就来，自豪得不行。  
“这一切，都因为咱们基建牛逼！高铁、5G，世界第一！”
对了一半。
基建确实把物流成本砸下来了。  
可算法再牛，也爬不上六楼。  
最后三公里，永远靠两条人腿在跑。
真正撑起这极致便利的，  
不是钢筋水泥，  
而是极其廉价的人力，和不要命的汗水。

## 可用模板（共 24 个：`template` 必须且仅能从中选一个）

BEAT_SEQUENCE, CASE_BREAKDOWN, CAUSE_CHAIN, CENTER_FOCUS, CHAT_BUBBLE, CHECKLIST_REVEAL, COGNITIVE_SHIFT, CONCEPT_CARD, DATA_TABLE, DOS_AND_DONTS, KPI_HERO, MAGNIFYING_GLASS, METHOD_STACK, PANEL_GRID, PEER_INDUCT, PROGRESS_RING, PUNCH_CAPTION, QUOTE_CITATION, SPLIT_COMPARE, STAT_COMPARE, STEP_LIST, TEXT_FOCUS, TIMELINE, TREE_DIAGRAM

选型规则以主提示词中的决策树与自检清单为准；参数结构不在此展开，后续步骤会按 Schema 生成 `param`。

---

## 🎯 总目标（必须同时满足）
1. **逐字一致**：每个 item 的 `text` 必须是原文的连续子串；所有 item 的 `text` 按顺序拼接后必须与原文完全一致（允许忽略空白差异，但不能改变任何非空白字符）。
2. **覆盖完整**：原文中每一个字符都必须且只能落在一个 item 里（不重叠、不遗漏）。
3. **表达原子化**：**一个 item 只允许一个主表达结构**（对比/命名/步骤/引用/数据/节拍递进/金句冲击/平铺叙述）。若同一段里混了两种结构，必须拆成多个 item。
4. **长度合理**：为了避免视觉疲劳，一个item中的text拼接后如果长于 50 字应该拆分成多个item。
5. 模板是为了更好的表达item中的text

---

## ✂️ 分镜原则

### Phase 1：时长锚点（量化判断基准）
- 正常语速约 **4~5 字/秒**，单个镜头的理想口播时长：**3~8 秒（约 12~40 字）**
- ⚠️ **< 12 字**的分段：除非是独立金句，否则**必须合并**到相邻镜头
- ⚠️ **> 50 字**的分段：意味着画面停留太久，观众注意力衰减，建议拆分，但拆分点本身仍需有叙事依据
- 在 `estimatedSeconds` 字段中标注预估秒数（字数 ÷ 4.5，保留一位小数）
- 除非模板使用TextFocus，否则不允许content中只有一个Text的情况

### Phase 2：切分信号强度模型
按叙事信号强度决定是否新建镜头，**而非按标点机械切分**：

**🔴 强信号（应新建镜头）**：
- 叙事角色彻底转换：说理/定义 → 举例/场景还原
- 叙事角色彻底转换：铺垫/铺陈 → 行动号召/结论
- 情绪段位跳变：平静分析 → 震惊转折 → 收束共情
- 视觉主体完全更换：讨论 A 话题 → 转到独立的 B 话题

**🟡 中等信号（倾向合并，但单段超过 40 字时可拆）**：
- 同一论点下的多个分点（第一、第二、第三……）
- 同一比喻的铺垫与揭示
- 同一因果链的前提与结论

**🟢 弱信号（严禁作为切分依据）**：
- 普通逗号、顿号、冒号后的补充说明
- 同一句话的前后半段
- "而且""此外""所以"等常见连接词（需配合叙事角色判断）

### Phase 3：合并检查
拆完后对所有 items 做全局合并检查：
- 相邻两个 items 若切分信号为"弱"且合并后总字数不超过 45 字 → **强制合并**
- 相邻两个 items 若叙事角色完全相同、画面视觉重心也相同 → **强制合并**

## 🧭 结构识别 → 模板选型（从上到下命中第一条）

### A. 数据/量化结论（expressionTag=data）
- 两项指标同框对比（涨跌、前后、A/B）→ `STAT_COMPARE`（必须能抽象出两个非负整数）
- 单指标完成度/占比/达成率 → `PROGRESS_RING`
- 单个核心数值/排名/增长率强调 → `KPI_HERO`

### B. 对错/强导向（expressionTag=contrast）
- 明确“别这样/要这样”“错误/正确” → `DOS_AND_DONTS`
- “不是…而是…” → `COGNITIVE_SHIFT`

### C. 多分点/清单/步骤（expressionTag=list|steps|method）
- 两方/两方案并列（更中立的 A vs B）→ `SPLIT_COMPARE`
- 当前 item 原文明确展开 **2～4** 个并列分点/并列例子，且每点需独立配图（宫格）→ `PANEL_GRID`
- 明确步骤序列/短清单，且【同一 item 内】可抽取出 2～6 条“短步骤”（如同时出现“第一/第二/第三…”或“1)/2)/3)”），并且每条步骤建议 ≤10 字、无长解释句 → `STEP_LIST`
  - 反例：只有“第一/第二”这一个标题句（单条）不要选 `STEP_LIST`（至少需要 2 条）
  - 反例：每条方法/步骤后面还跟较长解释、追问或补充句（例如任一解释段 >30 字）→ 不适合 `STEP_LIST`，应拆分 item，并优先用 `METHOD_STACK`（标题式核心 + 解释展开）或 `CENTER_FOCUS`
- “一个标题式核心（方法/建议/观点/卖点/亮点/推荐理由）+ 2～4 句解释展开” → `METHOD_STACK`
- 同一**案例/子话题**、**单主图**，口播 **4～6 句** 呈「个案→误判/推论→纠偏→收束」叙事弧 → `CASE_BREAKDOWN`（非「第一/第二」方法清单、非多图节拍时用本模板；方法要点式仍用 `METHOD_STACK`）

### D. 节拍递进（expressionTag=beat）
- 同一镜头内 2～4 段口播节拍递进（问→驳→收束；铺垫→转折→结论），希望画面跟着分段变化 → `BEAT_SEQUENCE`
  - **提示**：如果递进里还夹杂“强对照/命名”，通常应拆成多个 item，不要硬塞一个 `BEAT_SEQUENCE`。
- 同一镜头内 **因果链 / 机制传导**（因→果→再果，每环一图，无时间轴刻度）→ `CAUSE_CHAIN`

### E. 引用/命名/聚焦（expressionTag=quote|concept|focus）
- 名言、著作、研究、媒体引用、用户评价、证言摘录 → `QUOTE_CITATION`
- 对“专业术语、概念、产品名、品牌关键词、功能名等”新名词进行解释→ `CONCEPT_CARD`
- 需要把注意力锁定到一个关键词/短语/关键细节/核心发现上 → `MAGNIFYING_GLASS`
  - 必须存在明确落点句（如“关键在于…”“核心是…”“结论是…”）
  - 需要后续可提取 1～2 个高价值锚点短语（否则不要选）

### F. 金句冲击（expressionTag=focus）
- 全片级短促强结论、无需配图 → `TEXT_FOCUS`

### G. 时间轴，先后关系（expressionTag=timeline）
- 明确时间先后/阶段演进（过去→现在→未来）→ `TIMELINE`

### G2. 收束清单（expressionTag≈conclusion|list）
- 收束、行动检查项、要点复诵，需要**逐项打勾显现**（非编号短步骤、非并列大图组）→ `CHECKLIST_REVEAL`

### H. 默认（expressionTag=neutral）
- 平缓叙述、单图即可、无上述结构 → `CENTER_FOCUS`

---

## ✅ 输出格式（严格 JSON，禁止包含 markdown 代码块）
{
  "items": [
    {
      "text": "逐字口播片段（必须来自原文，且拼接后覆盖原文）",
      "narrativeType": "HOOK | LOGIC | CASE | DATA | CONCLUSION | TRANSITION",
      "template": "必须来自可用模板列表",
      "expressionTag": "data | contrast | list | steps | method | beat | quote | concept | focus | timeline | neutral",
      "confidence": "low | medium | high",
      "reasoning": "一句话说明：该段的主表达结构是什么 → 为什么选该模板 → 若拆分/合并，理由是什么"
    }
  ]
}

===========================================================================================
---------------------------------------- RESPONSE ----------------------------------------
time: 2026-06-29 22:14:10
attempt: 1/3

[OUTPUT]
{
  "items": [
    {
      "text": "在中国生活实在太便利了！",
      "narrativeType": "HOOK",
      "template": "TEXT_FOCUS",
      "expressionTag": "focus",
      "confidence": "high",
      "estimatedSeconds": "1.6",
      "reasoning": "感叹句作为全片钩子，无需配图，用 TEXT_FOCUS 放大冲击力。"
    },
    {
      "text": "9块9包邮的产品一大把，深更半夜点外卖，还能半小时就给送到了。 客服24小时在线，都是秒回。",
      "narrativeType": "CASE",
      "template": "PANEL_GRID",
      "expressionTag": "list",
      "confidence": "high",
      "estimatedSeconds": "9.3",
      "reasoning": "三个并列便利例子，适合宫格并列展示，每点可独立配图。"
    },
    {
      "text": "很多人张口就来，自豪得不行。 “这一切，都因为咱们基建牛逼！高铁、5G，世界第一！”",
      "narrativeType": "CASE",
      "template": "QUOTE_CITATION",
      "expressionTag": "quote",
      "confidence": "high",
      "estimatedSeconds": "5.1",
      "reasoning": "直接引用大众自豪言论，用引用模板突出引语及其出处氛围。"
    },
    {
      "text": "对了一半。",
      "narrativeType": "LOGIC",
      "template": "TEXT_FOCUS",
      "expressionTag": "focus",
      "confidence": "high",
      "estimatedSeconds": "0.9",
      "reasoning": "短促转折评价，独立成镜，用 TEXT_FOCUS 强调认知开关。"
    },
    {
      "text": "基建确实把物流成本砸下来了。 可算法再牛，也爬不上六楼。 最后三公里，永远靠两条人腿在跑。",
      "narrativeType": "LOGIC",
      "template": "BEAT_SEQUENCE",
      "expressionTag": "beat",
      "confidence": "high",
      "estimatedSeconds": "6.0",
      "reasoning": "承认基建→转折算法局限→揭示人力依赖，三段递进节奏适合 BEAT_SEQUENCE 分段呈现。"
    },
    {
      "text": "真正撑起这极致便利的， 不是钢筋水泥， 而是极其廉价的人力，和不要命的汗水。",
      "narrativeType": "CONCLUSION",
      "template": "COGNITIVE_SHIFT",
      "expressionTag": "contrast",
      "confidence": "high",
      "estimatedSeconds": "5.3",
      "reasoning": "“不是…而是…”强认知反转，用 COGNITIVE_SHIFT 实现从错误观点到真相的转变。"
    }
  ]
}
-------------------------------------------------------------------------------------------

======================================== REQUEST ========================================
time: 2026-06-29 22:14:10
provider: deepseek
model: deepseek-v4-pro
retries: 3

[PROMPT]
你是「镜头分镜 + 动画模板选型」联合优化器。你的任务是在**不改写口播原文**的前提下，把场景原文切成更“原子化”的镜头item，并为每个镜头选择最合适的 `template`。

## 🎥 视频大背景
- **核心主题**：你享受的便利，悄悄让你自己变成了代价
- **当前场景**：剖析：流水线·外卖·客服

## 📄 场景原文（严禁修改、严禁漏字、严禁补字）
看看你身边这些画面。
流水线上的阿姨，一天干12个小时。  
组装一个小零件，才赚几厘钱。  

暴雨夜里，外卖小哥骑着电动车狂奔。
一单只赚三五块，超时平台就扣钱。
为了准时送达，他们闯红灯、逆行、爬楼梯，
汗水混着雨水，腿都快跑断了。

半夜一点，客服秒回你。  
态度好到甩欧美几条街。  
背后呢？三四千底薪的年轻人，  
背着回复速度的KPI，连上厕所都要掐表。

## 可用模板（共 24 个：`template` 必须且仅能从中选一个）

BEAT_SEQUENCE, CASE_BREAKDOWN, CAUSE_CHAIN, CENTER_FOCUS, CHAT_BUBBLE, CHECKLIST_REVEAL, COGNITIVE_SHIFT, CONCEPT_CARD, DATA_TABLE, DOS_AND_DONTS, KPI_HERO, MAGNIFYING_GLASS, METHOD_STACK, PANEL_GRID, PEER_INDUCT, PROGRESS_RING, PUNCH_CAPTION, QUOTE_CITATION, SPLIT_COMPARE, STAT_COMPARE, STEP_LIST, TEXT_FOCUS, TIMELINE, TREE_DIAGRAM

选型规则以主提示词中的决策树与自检清单为准；参数结构不在此展开，后续步骤会按 Schema 生成 `param`。

---

## 🎯 总目标（必须同时满足）
1. **逐字一致**：每个 item 的 `text` 必须是原文的连续子串；所有 item 的 `text` 按顺序拼接后必须与原文完全一致（允许忽略空白差异，但不能改变任何非空白字符）。
2. **覆盖完整**：原文中每一个字符都必须且只能落在一个 item 里（不重叠、不遗漏）。
3. **表达原子化**：**一个 item 只允许一个主表达结构**（对比/命名/步骤/引用/数据/节拍递进/金句冲击/平铺叙述）。若同一段里混了两种结构，必须拆成多个 item。
4. **长度合理**：为了避免视觉疲劳，一个item中的text拼接后如果长于 50 字应该拆分成多个item。
5. 模板是为了更好的表达item中的text

---

## ✂️ 分镜原则

### Phase 1：时长锚点（量化判断基准）
- 正常语速约 **4~5 字/秒**，单个镜头的理想口播时长：**3~8 秒（约 12~40 字）**
- ⚠️ **< 12 字**的分段：除非是独立金句，否则**必须合并**到相邻镜头
- ⚠️ **> 50 字**的分段：意味着画面停留太久，观众注意力衰减，建议拆分，但拆分点本身仍需有叙事依据
- 在 `estimatedSeconds` 字段中标注预估秒数（字数 ÷ 4.5，保留一位小数）
- 除非模板使用TextFocus，否则不允许content中只有一个Text的情况

### Phase 2：切分信号强度模型
按叙事信号强度决定是否新建镜头，**而非按标点机械切分**：

**🔴 强信号（应新建镜头）**：
- 叙事角色彻底转换：说理/定义 → 举例/场景还原
- 叙事角色彻底转换：铺垫/铺陈 → 行动号召/结论
- 情绪段位跳变：平静分析 → 震惊转折 → 收束共情
- 视觉主体完全更换：讨论 A 话题 → 转到独立的 B 话题

**🟡 中等信号（倾向合并，但单段超过 40 字时可拆）**：
- 同一论点下的多个分点（第一、第二、第三……）
- 同一比喻的铺垫与揭示
- 同一因果链的前提与结论

**🟢 弱信号（严禁作为切分依据）**：
- 普通逗号、顿号、冒号后的补充说明
- 同一句话的前后半段
- "而且""此外""所以"等常见连接词（需配合叙事角色判断）

### Phase 3：合并检查
拆完后对所有 items 做全局合并检查：
- 相邻两个 items 若切分信号为"弱"且合并后总字数不超过 45 字 → **强制合并**
- 相邻两个 items 若叙事角色完全相同、画面视觉重心也相同 → **强制合并**

## 🧭 结构识别 → 模板选型（从上到下命中第一条）

### A. 数据/量化结论（expressionTag=data）
- 两项指标同框对比（涨跌、前后、A/B）→ `STAT_COMPARE`（必须能抽象出两个非负整数）
- 单指标完成度/占比/达成率 → `PROGRESS_RING`
- 单个核心数值/排名/增长率强调 → `KPI_HERO`

### B. 对错/强导向（expressionTag=contrast）
- 明确“别这样/要这样”“错误/正确” → `DOS_AND_DONTS`
- “不是…而是…” → `COGNITIVE_SHIFT`

### C. 多分点/清单/步骤（expressionTag=list|steps|method）
- 两方/两方案并列（更中立的 A vs B）→ `SPLIT_COMPARE`
- 当前 item 原文明确展开 **2～4** 个并列分点/并列例子，且每点需独立配图（宫格）→ `PANEL_GRID`
- 明确步骤序列/短清单，且【同一 item 内】可抽取出 2～6 条“短步骤”（如同时出现“第一/第二/第三…”或“1)/2)/3)”），并且每条步骤建议 ≤10 字、无长解释句 → `STEP_LIST`
  - 反例：只有“第一/第二”这一个标题句（单条）不要选 `STEP_LIST`（至少需要 2 条）
  - 反例：每条方法/步骤后面还跟较长解释、追问或补充句（例如任一解释段 >30 字）→ 不适合 `STEP_LIST`，应拆分 item，并优先用 `METHOD_STACK`（标题式核心 + 解释展开）或 `CENTER_FOCUS`
- “一个标题式核心（方法/建议/观点/卖点/亮点/推荐理由）+ 2～4 句解释展开” → `METHOD_STACK`
- 同一**案例/子话题**、**单主图**，口播 **4～6 句** 呈「个案→误判/推论→纠偏→收束」叙事弧 → `CASE_BREAKDOWN`（非「第一/第二」方法清单、非多图节拍时用本模板；方法要点式仍用 `METHOD_STACK`）

### D. 节拍递进（expressionTag=beat）
- 同一镜头内 2～4 段口播节拍递进（问→驳→收束；铺垫→转折→结论），希望画面跟着分段变化 → `BEAT_SEQUENCE`
  - **提示**：如果递进里还夹杂“强对照/命名”，通常应拆成多个 item，不要硬塞一个 `BEAT_SEQUENCE`。
- 同一镜头内 **因果链 / 机制传导**（因→果→再果，每环一图，无时间轴刻度）→ `CAUSE_CHAIN`

### E. 引用/命名/聚焦（expressionTag=quote|concept|focus）
- 名言、著作、研究、媒体引用、用户评价、证言摘录 → `QUOTE_CITATION`
- 对“专业术语、概念、产品名、品牌关键词、功能名等”新名词进行解释→ `CONCEPT_CARD`
- 需要把注意力锁定到一个关键词/短语/关键细节/核心发现上 → `MAGNIFYING_GLASS`
  - 必须存在明确落点句（如“关键在于…”“核心是…”“结论是…”）
  - 需要后续可提取 1～2 个高价值锚点短语（否则不要选）

### F. 金句冲击（expressionTag=focus）
- 全片级短促强结论、无需配图 → `TEXT_FOCUS`

### G. 时间轴，先后关系（expressionTag=timeline）
- 明确时间先后/阶段演进（过去→现在→未来）→ `TIMELINE`

### G2. 收束清单（expressionTag≈conclusion|list）
- 收束、行动检查项、要点复诵，需要**逐项打勾显现**（非编号短步骤、非并列大图组）→ `CHECKLIST_REVEAL`

### H. 默认（expressionTag=neutral）
- 平缓叙述、单图即可、无上述结构 → `CENTER_FOCUS`

---

## ✅ 输出格式（严格 JSON，禁止包含 markdown 代码块）
{
  "items": [
    {
      "text": "逐字口播片段（必须来自原文，且拼接后覆盖原文）",
      "narrativeType": "HOOK | LOGIC | CASE | DATA | CONCLUSION | TRANSITION",
      "template": "必须来自可用模板列表",
      "expressionTag": "data | contrast | list | steps | method | beat | quote | concept | focus | timeline | neutral",
      "confidence": "low | medium | high",
      "reasoning": "一句话说明：该段的主表达结构是什么 → 为什么选该模板 → 若拆分/合并，理由是什么"
    }
  ]
}

===========================================================================================
---------------------------------------- RESPONSE ----------------------------------------
time: 2026-06-29 22:16:32
attempt: 1/3

[OUTPUT]
{
  "items": [
    {
      "text": "看看你身边这些画面。",
      "narrativeType": "TRANSITION",
      "template": "CENTER_FOCUS",
      "expressionTag": "neutral",
      "confidence": "high",
      "estimatedSeconds": 2.2,
      "reasoning": "过渡引导句，简短无特殊结构，用中心聚焦平铺叙述。"
    },
    {
      "text": "流水线上的阿姨，一天干12个小时。组装一个小零件，才赚几厘钱。",
      "narrativeType": "CASE",
      "template": "CENTER_FOCUS",
      "expressionTag": "neutral",
      "confidence": "high",
      "estimatedSeconds": 6.9,
      "reasoning": "流水线工人案例，两句平实叙述，无对比/清单/节拍，中心聚焦即可。"
    },
    {
      "text": "暴雨夜里，外卖小哥骑着电动车狂奔。",
      "narrativeType": "CASE",
      "template": "CENTER_FOCUS",
      "expressionTag": "neutral",
      "confidence": "high",
      "estimatedSeconds": 3.8,
      "reasoning": "场景描摹，单一画面，无需复杂模板。"
    },
    {
      "text": "一单只赚三五块，超时平台就扣钱。",
      "narrativeType": "CASE",
      "template": "CENTER_FOCUS",
      "expressionTag": "neutral",
      "confidence": "high",
      "estimatedSeconds": 3.6,
      "reasoning": "收入与惩罚的陈述，虽含数字但整体为叙述句，用中心聚焦。"
    },
    {
      "text": "为了准时送达，他们闯红灯、逆行、爬楼梯，汗水混着雨水，腿都快跑断了。",
      "narrativeType": "CASE",
      "template": "BEAT_SEQUENCE",
      "expressionTag": "beat",
      "confidence": "high",
      "estimatedSeconds": 7.6,
      "reasoning": "递进叙述危险行为→环境感受→身体极限，三个节拍依次推进，用节拍序列展现。"
    },
    {
      "text": "半夜一点，客服秒回你。态度好到甩欧美几条街。",
      "narrativeType": "CASE",
      "template": "CENTER_FOCUS",
      "expressionTag": "neutral",
      "confidence": "high",
      "estimatedSeconds": 4.9,
      "reasoning": "客服表象的平铺描述，两句合并，中心聚焦。"
    },
    {
      "text": "背后呢？三四千底薪的年轻人，背着回复速度的KPI，连上厕所都要掐表。",
      "narrativeType": "CASE",
      "template": "BEAT_SEQUENCE",
      "expressionTag": "beat",
      "confidence": "high",
      "estimatedSeconds": 7.6,
      "reasoning": "从反问到揭示真相，形成递进探究的节拍，用BEAT_SEQUENCE展现内幕披露过程。"
    }
  ]
}
-------------------------------------------------------------------------------------------

======================================== REQUEST ========================================
time: 2026-06-29 22:16:32
provider: deepseek
model: deepseek-v4-pro
retries: 3

[PROMPT]
你是「镜头分镜 + 动画模板选型」联合优化器。你的任务是在**不改写口播原文**的前提下，把场景原文切成更“原子化”的镜头item，并为每个镜头选择最合适的 `template`。

## 🎥 视频大背景
- **核心主题**：你享受的便利，悄悄让你自己变成了代价
- **当前场景**：剖析：廉价人力阻碍创新

## 📄 场景原文（严禁修改、严禁漏字、严禁补字）
你可能觉得，  
我在办公室吹空调，  
这跟我有什么关系？
关系大了。
人力便宜这个逻辑，  
已经打通了全社会每一个角落。

老板为什么宁愿招三个应届生996试错，  
也不肯砸钱搞真正能提效的软件和研发？  
因为软件贵，研发有风险。  
而你，很便宜。

廉价的人力，首先会阻碍创新。
当你只需要花一点点钱就能坐轿子的时候，
你就不会想着造车。
当你只需要花一点点钱就能让人扇扇子的时候，
你就不会想着造电风扇。
创新很耗时，创新很贵，而你，很便宜。

## 可用模板（共 24 个：`template` 必须且仅能从中选一个）

BEAT_SEQUENCE, CASE_BREAKDOWN, CAUSE_CHAIN, CENTER_FOCUS, CHAT_BUBBLE, CHECKLIST_REVEAL, COGNITIVE_SHIFT, CONCEPT_CARD, DATA_TABLE, DOS_AND_DONTS, KPI_HERO, MAGNIFYING_GLASS, METHOD_STACK, PANEL_GRID, PEER_INDUCT, PROGRESS_RING, PUNCH_CAPTION, QUOTE_CITATION, SPLIT_COMPARE, STAT_COMPARE, STEP_LIST, TEXT_FOCUS, TIMELINE, TREE_DIAGRAM

选型规则以主提示词中的决策树与自检清单为准；参数结构不在此展开，后续步骤会按 Schema 生成 `param`。

---

## 🎯 总目标（必须同时满足）
1. **逐字一致**：每个 item 的 `text` 必须是原文的连续子串；所有 item 的 `text` 按顺序拼接后必须与原文完全一致（允许忽略空白差异，但不能改变任何非空白字符）。
2. **覆盖完整**：原文中每一个字符都必须且只能落在一个 item 里（不重叠、不遗漏）。
3. **表达原子化**：**一个 item 只允许一个主表达结构**（对比/命名/步骤/引用/数据/节拍递进/金句冲击/平铺叙述）。若同一段里混了两种结构，必须拆成多个 item。
4. **长度合理**：为了避免视觉疲劳，一个item中的text拼接后如果长于 50 字应该拆分成多个item。
5. 模板是为了更好的表达item中的text

---

## ✂️ 分镜原则

### Phase 1：时长锚点（量化判断基准）
- 正常语速约 **4~5 字/秒**，单个镜头的理想口播时长：**3~8 秒（约 12~40 字）**
- ⚠️ **< 12 字**的分段：除非是独立金句，否则**必须合并**到相邻镜头
- ⚠️ **> 50 字**的分段：意味着画面停留太久，观众注意力衰减，建议拆分，但拆分点本身仍需有叙事依据
- 在 `estimatedSeconds` 字段中标注预估秒数（字数 ÷ 4.5，保留一位小数）
- 除非模板使用TextFocus，否则不允许content中只有一个Text的情况

### Phase 2：切分信号强度模型
按叙事信号强度决定是否新建镜头，**而非按标点机械切分**：

**🔴 强信号（应新建镜头）**：
- 叙事角色彻底转换：说理/定义 → 举例/场景还原
- 叙事角色彻底转换：铺垫/铺陈 → 行动号召/结论
- 情绪段位跳变：平静分析 → 震惊转折 → 收束共情
- 视觉主体完全更换：讨论 A 话题 → 转到独立的 B 话题

**🟡 中等信号（倾向合并，但单段超过 40 字时可拆）**：
- 同一论点下的多个分点（第一、第二、第三……）
- 同一比喻的铺垫与揭示
- 同一因果链的前提与结论

**🟢 弱信号（严禁作为切分依据）**：
- 普通逗号、顿号、冒号后的补充说明
- 同一句话的前后半段
- "而且""此外""所以"等常见连接词（需配合叙事角色判断）

### Phase 3：合并检查
拆完后对所有 items 做全局合并检查：
- 相邻两个 items 若切分信号为"弱"且合并后总字数不超过 45 字 → **强制合并**
- 相邻两个 items 若叙事角色完全相同、画面视觉重心也相同 → **强制合并**

## 🧭 结构识别 → 模板选型（从上到下命中第一条）

### A. 数据/量化结论（expressionTag=data）
- 两项指标同框对比（涨跌、前后、A/B）→ `STAT_COMPARE`（必须能抽象出两个非负整数）
- 单指标完成度/占比/达成率 → `PROGRESS_RING`
- 单个核心数值/排名/增长率强调 → `KPI_HERO`

### B. 对错/强导向（expressionTag=contrast）
- 明确“别这样/要这样”“错误/正确” → `DOS_AND_DONTS`
- “不是…而是…” → `COGNITIVE_SHIFT`

### C. 多分点/清单/步骤（expressionTag=list|steps|method）
- 两方/两方案并列（更中立的 A vs B）→ `SPLIT_COMPARE`
- 当前 item 原文明确展开 **2～4** 个并列分点/并列例子，且每点需独立配图（宫格）→ `PANEL_GRID`
- 明确步骤序列/短清单，且【同一 item 内】可抽取出 2～6 条“短步骤”（如同时出现“第一/第二/第三…”或“1)/2)/3)”），并且每条步骤建议 ≤10 字、无长解释句 → `STEP_LIST`
  - 反例：只有“第一/第二”这一个标题句（单条）不要选 `STEP_LIST`（至少需要 2 条）
  - 反例：每条方法/步骤后面还跟较长解释、追问或补充句（例如任一解释段 >30 字）→ 不适合 `STEP_LIST`，应拆分 item，并优先用 `METHOD_STACK`（标题式核心 + 解释展开）或 `CENTER_FOCUS`
- “一个标题式核心（方法/建议/观点/卖点/亮点/推荐理由）+ 2～4 句解释展开” → `METHOD_STACK`
- 同一**案例/子话题**、**单主图**，口播 **4～6 句** 呈「个案→误判/推论→纠偏→收束」叙事弧 → `CASE_BREAKDOWN`（非「第一/第二」方法清单、非多图节拍时用本模板；方法要点式仍用 `METHOD_STACK`）

### D. 节拍递进（expressionTag=beat）
- 同一镜头内 2～4 段口播节拍递进（问→驳→收束；铺垫→转折→结论），希望画面跟着分段变化 → `BEAT_SEQUENCE`
  - **提示**：如果递进里还夹杂“强对照/命名”，通常应拆成多个 item，不要硬塞一个 `BEAT_SEQUENCE`。
- 同一镜头内 **因果链 / 机制传导**（因→果→再果，每环一图，无时间轴刻度）→ `CAUSE_CHAIN`

### E. 引用/命名/聚焦（expressionTag=quote|concept|focus）
- 名言、著作、研究、媒体引用、用户评价、证言摘录 → `QUOTE_CITATION`
- 对“专业术语、概念、产品名、品牌关键词、功能名等”新名词进行解释→ `CONCEPT_CARD`
- 需要把注意力锁定到一个关键词/短语/关键细节/核心发现上 → `MAGNIFYING_GLASS`
  - 必须存在明确落点句（如“关键在于…”“核心是…”“结论是…”）
  - 需要后续可提取 1～2 个高价值锚点短语（否则不要选）

### F. 金句冲击（expressionTag=focus）
- 全片级短促强结论、无需配图 → `TEXT_FOCUS`

### G. 时间轴，先后关系（expressionTag=timeline）
- 明确时间先后/阶段演进（过去→现在→未来）→ `TIMELINE`

### G2. 收束清单（expressionTag≈conclusion|list）
- 收束、行动检查项、要点复诵，需要**逐项打勾显现**（非编号短步骤、非并列大图组）→ `CHECKLIST_REVEAL`

### H. 默认（expressionTag=neutral）
- 平缓叙述、单图即可、无上述结构 → `CENTER_FOCUS`

---

## ✅ 输出格式（严格 JSON，禁止包含 markdown 代码块）
{
  "items": [
    {
      "text": "逐字口播片段（必须来自原文，且拼接后覆盖原文）",
      "narrativeType": "HOOK | LOGIC | CASE | DATA | CONCLUSION | TRANSITION",
      "template": "必须来自可用模板列表",
      "expressionTag": "data | contrast | list | steps | method | beat | quote | concept | focus | timeline | neutral",
      "confidence": "low | medium | high",
      "reasoning": "一句话说明：该段的主表达结构是什么 → 为什么选该模板 → 若拆分/合并，理由是什么"
    }
  ]
}

===========================================================================================
---------------------------------------- RESPONSE ----------------------------------------
time: 2026-06-29 22:18:50
attempt: 1/3

[OUTPUT]
{
  "items": [
    {
      "text": "你可能觉得，\n我在办公室吹空调，\n这跟我有什么关系？\n关系大了。",
      "narrativeType": "HOOK",
      "template": "BEAT_SEQUENCE",
      "expressionTag": "beat",
      "confidence": "high",
      "reasoning": "铺垫→具体化→质疑→反转强调，形成节拍递进，适合 BEAT_SEQUENCE；作为开篇钩子，情绪跳变明显，独立一个镜头。"
    },
    {
      "text": "人力便宜这个逻辑，\n已经打通了全社会每一个角落。",
      "narrativeType": "LOGIC",
      "template": "CENTER_FOCUS",
      "expressionTag": "neutral",
      "confidence": "medium",
      "reasoning": "平铺直叙说理，无强烈结构，用 CENTER_FOCUS 保持中性聚焦；字数适中，作为承接的逻辑陈述单独成镜。"
    },
    {
      "text": "老板为什么宁愿招三个应届生996试错，\n也不肯砸钱搞真正能提效的软件和研发？",
      "narrativeType": "TRANSITION",
      "template": "CENTER_FOCUS",
      "expressionTag": "neutral",
      "confidence": "high",
      "reasoning": "设问引出案例，本身无复杂结构，用 CENTER_FOCUS 展示问题；长度为 41 字，因此与后续回答拆分，避免超过 50 字。"
    },
    {
      "text": "因为软件贵，研发有风险。\n而你，很便宜。",
      "narrativeType": "LOGIC",
      "template": "COGNITIVE_SHIFT",
      "expressionTag": "contrast",
      "confidence": "high",
      "reasoning": "表面理由（软件贵、研发有风险）与真实原因（人力便宜）形成认知转变，隐含“不是…而是…”结构，用 COGNITIVE_SHIFT 强调对比；该段单独成像，配合案例拆解的表达。"
    },
    {
      "text": "廉价的人力，首先会阻碍创新。",
      "narrativeType": "CONCLUSION",
      "template": "MAGNIFYING_GLASS",
      "expressionTag": "focus",
      "confidence": "medium",
      "reasoning": "核心论点句，可提取高价值锚点“阻碍创新”，用 MAGNIFYING_GLASS 锁定关键短语；短促有力，独立成镜。"
    },
    {
      "text": "当你只需要花一点点钱就能坐轿子的时候，\n你就不会想着造车。",
      "narrativeType": "CASE",
      "template": "CENTER_FOCUS",
      "expressionTag": "neutral",
      "confidence": "high",
      "reasoning": "比喻案例一，平叙为主，无额外结构，用 CENTER_FOCUS；与下一个比喻拆分，每个比喻单独成像，避免总长超限。"
    },
    {
      "text": "当你只需要花一点点钱就能让人扇扇子的时候，\n你就不会想着造电风扇。",
      "narrativeType": "CASE",
      "template": "CENTER_FOCUS",
      "expressionTag": "neutral",
      "confidence": "high",
      "reasoning": "比喻案例二，同上段拆分，保持画面单一案例展示；平叙语气，用 CENTER_FOCUS。"
    },
    {
      "text": "创新很耗时，创新很贵，而你，很便宜。",
      "narrativeType": "CONCLUSION",
      "template": "SPLIT_COMPARE",
      "expressionTag": "contrast",
      "confidence": "high",
      "reasoning": "鲜明对比：创新（耗时、贵）vs 你（便宜），适合 SPLIT_COMPARE 左右对照；作为全片凝练收束，视觉冲击强。"
    }
  ]
}
-------------------------------------------------------------------------------------------

======================================== REQUEST ========================================
time: 2026-06-29 22:18:50
provider: deepseek
model: deepseek-v4-pro
retries: 3

[PROMPT]
你是「镜头分镜 + 动画模板选型」联合优化器。你的任务是在**不改写口播原文**的前提下，把场景原文切成更“原子化”的镜头item，并为每个镜头选择最合适的 `template`。

## 🎥 视频大背景
- **核心主题**：你享受的便利，悄悄让你自己变成了代价
- **当前场景**：剖析：内卷循环与个人困境

## 📄 场景原文（严禁修改、严禁漏字、严禁补字）
廉价的人力，还会制造内卷。
企业习惯用低人力成本赚钱，  
打工人工资就上不去。  
大家兜里没钱，  
只能消费降级，追求更便宜的东西。  
企业为了提供更低的价格，  
就只能继续压榨打工人。
这就形成了循环，  
也就造就了内卷。

我们每个人，  
既是享受廉价便利的消费者，  
又是被死死压榨的打工人。
逃不掉。

## 可用模板（共 24 个：`template` 必须且仅能从中选一个）

BEAT_SEQUENCE, CASE_BREAKDOWN, CAUSE_CHAIN, CENTER_FOCUS, CHAT_BUBBLE, CHECKLIST_REVEAL, COGNITIVE_SHIFT, CONCEPT_CARD, DATA_TABLE, DOS_AND_DONTS, KPI_HERO, MAGNIFYING_GLASS, METHOD_STACK, PANEL_GRID, PEER_INDUCT, PROGRESS_RING, PUNCH_CAPTION, QUOTE_CITATION, SPLIT_COMPARE, STAT_COMPARE, STEP_LIST, TEXT_FOCUS, TIMELINE, TREE_DIAGRAM

选型规则以主提示词中的决策树与自检清单为准；参数结构不在此展开，后续步骤会按 Schema 生成 `param`。

---

## 🎯 总目标（必须同时满足）
1. **逐字一致**：每个 item 的 `text` 必须是原文的连续子串；所有 item 的 `text` 按顺序拼接后必须与原文完全一致（允许忽略空白差异，但不能改变任何非空白字符）。
2. **覆盖完整**：原文中每一个字符都必须且只能落在一个 item 里（不重叠、不遗漏）。
3. **表达原子化**：**一个 item 只允许一个主表达结构**（对比/命名/步骤/引用/数据/节拍递进/金句冲击/平铺叙述）。若同一段里混了两种结构，必须拆成多个 item。
4. **长度合理**：为了避免视觉疲劳，一个item中的text拼接后如果长于 50 字应该拆分成多个item。
5. 模板是为了更好的表达item中的text

---

## ✂️ 分镜原则

### Phase 1：时长锚点（量化判断基准）
- 正常语速约 **4~5 字/秒**，单个镜头的理想口播时长：**3~8 秒（约 12~40 字）**
- ⚠️ **< 12 字**的分段：除非是独立金句，否则**必须合并**到相邻镜头
- ⚠️ **> 50 字**的分段：意味着画面停留太久，观众注意力衰减，建议拆分，但拆分点本身仍需有叙事依据
- 在 `estimatedSeconds` 字段中标注预估秒数（字数 ÷ 4.5，保留一位小数）
- 除非模板使用TextFocus，否则不允许content中只有一个Text的情况

### Phase 2：切分信号强度模型
按叙事信号强度决定是否新建镜头，**而非按标点机械切分**：

**🔴 强信号（应新建镜头）**：
- 叙事角色彻底转换：说理/定义 → 举例/场景还原
- 叙事角色彻底转换：铺垫/铺陈 → 行动号召/结论
- 情绪段位跳变：平静分析 → 震惊转折 → 收束共情
- 视觉主体完全更换：讨论 A 话题 → 转到独立的 B 话题

**🟡 中等信号（倾向合并，但单段超过 40 字时可拆）**：
- 同一论点下的多个分点（第一、第二、第三……）
- 同一比喻的铺垫与揭示
- 同一因果链的前提与结论

**🟢 弱信号（严禁作为切分依据）**：
- 普通逗号、顿号、冒号后的补充说明
- 同一句话的前后半段
- "而且""此外""所以"等常见连接词（需配合叙事角色判断）

### Phase 3：合并检查
拆完后对所有 items 做全局合并检查：
- 相邻两个 items 若切分信号为"弱"且合并后总字数不超过 45 字 → **强制合并**
- 相邻两个 items 若叙事角色完全相同、画面视觉重心也相同 → **强制合并**

## 🧭 结构识别 → 模板选型（从上到下命中第一条）

### A. 数据/量化结论（expressionTag=data）
- 两项指标同框对比（涨跌、前后、A/B）→ `STAT_COMPARE`（必须能抽象出两个非负整数）
- 单指标完成度/占比/达成率 → `PROGRESS_RING`
- 单个核心数值/排名/增长率强调 → `KPI_HERO`

### B. 对错/强导向（expressionTag=contrast）
- 明确“别这样/要这样”“错误/正确” → `DOS_AND_DONTS`
- “不是…而是…” → `COGNITIVE_SHIFT`

### C. 多分点/清单/步骤（expressionTag=list|steps|method）
- 两方/两方案并列（更中立的 A vs B）→ `SPLIT_COMPARE`
- 当前 item 原文明确展开 **2～4** 个并列分点/并列例子，且每点需独立配图（宫格）→ `PANEL_GRID`
- 明确步骤序列/短清单，且【同一 item 内】可抽取出 2～6 条“短步骤”（如同时出现“第一/第二/第三…”或“1)/2)/3)”），并且每条步骤建议 ≤10 字、无长解释句 → `STEP_LIST`
  - 反例：只有“第一/第二”这一个标题句（单条）不要选 `STEP_LIST`（至少需要 2 条）
  - 反例：每条方法/步骤后面还跟较长解释、追问或补充句（例如任一解释段 >30 字）→ 不适合 `STEP_LIST`，应拆分 item，并优先用 `METHOD_STACK`（标题式核心 + 解释展开）或 `CENTER_FOCUS`
- “一个标题式核心（方法/建议/观点/卖点/亮点/推荐理由）+ 2～4 句解释展开” → `METHOD_STACK`
- 同一**案例/子话题**、**单主图**，口播 **4～6 句** 呈「个案→误判/推论→纠偏→收束」叙事弧 → `CASE_BREAKDOWN`（非「第一/第二」方法清单、非多图节拍时用本模板；方法要点式仍用 `METHOD_STACK`）

### D. 节拍递进（expressionTag=beat）
- 同一镜头内 2～4 段口播节拍递进（问→驳→收束；铺垫→转折→结论），希望画面跟着分段变化 → `BEAT_SEQUENCE`
  - **提示**：如果递进里还夹杂“强对照/命名”，通常应拆成多个 item，不要硬塞一个 `BEAT_SEQUENCE`。
- 同一镜头内 **因果链 / 机制传导**（因→果→再果，每环一图，无时间轴刻度）→ `CAUSE_CHAIN`

### E. 引用/命名/聚焦（expressionTag=quote|concept|focus）
- 名言、著作、研究、媒体引用、用户评价、证言摘录 → `QUOTE_CITATION`
- 对“专业术语、概念、产品名、品牌关键词、功能名等”新名词进行解释→ `CONCEPT_CARD`
- 需要把注意力锁定到一个关键词/短语/关键细节/核心发现上 → `MAGNIFYING_GLASS`
  - 必须存在明确落点句（如“关键在于…”“核心是…”“结论是…”）
  - 需要后续可提取 1～2 个高价值锚点短语（否则不要选）

### F. 金句冲击（expressionTag=focus）
- 全片级短促强结论、无需配图 → `TEXT_FOCUS`

### G. 时间轴，先后关系（expressionTag=timeline）
- 明确时间先后/阶段演进（过去→现在→未来）→ `TIMELINE`

### G2. 收束清单（expressionTag≈conclusion|list）
- 收束、行动检查项、要点复诵，需要**逐项打勾显现**（非编号短步骤、非并列大图组）→ `CHECKLIST_REVEAL`

### H. 默认（expressionTag=neutral）
- 平缓叙述、单图即可、无上述结构 → `CENTER_FOCUS`

---

## ✅ 输出格式（严格 JSON，禁止包含 markdown 代码块）
{
  "items": [
    {
      "text": "逐字口播片段（必须来自原文，且拼接后覆盖原文）",
      "narrativeType": "HOOK | LOGIC | CASE | DATA | CONCLUSION | TRANSITION",
      "template": "必须来自可用模板列表",
      "expressionTag": "data | contrast | list | steps | method | beat | quote | concept | focus | timeline | neutral",
      "confidence": "low | medium | high",
      "reasoning": "一句话说明：该段的主表达结构是什么 → 为什么选该模板 → 若拆分/合并，理由是什么"
    }
  ]
}

===========================================================================================
---------------------------------------- RESPONSE ----------------------------------------
time: 2026-06-29 22:19:44
attempt: 1/3

[OUTPUT]
{
  "items": [
    {
      "text": "廉价的人力，还会制造内卷。企业习惯用低人力成本赚钱，打工人工资就上不去。大家兜里没钱，只能消费降级，追求更便宜的东西。",
      "narrativeType": "LOGIC",
      "template": "CAUSE_CHAIN",
      "expressionTag": "beat",
      "confidence": "high",
      "reasoning": "该段展示从廉价人力到消费降级的因果传导链（因→果→再果），属于机制传导，故选用CAUSE_CHAIN；因原段超过50字，按长度合理原则在此处拆分，前半段自成因果闭环。",
      "estimatedSeconds": 8.2
    },
    {
      "text": "企业为了提供更低的价格，就只能继续压榨打工人。这就形成了循环，也就造就了内卷。",
      "narrativeType": "LOGIC",
      "template": "CAUSE_CHAIN",
      "expressionTag": "beat",
      "confidence": "high",
      "reasoning": "承接上段后果，进一步展示企业压榨到内卷循环的因果链条，延续CAUSE_CHAIN；拆分为独立镜头以控制口播时长在合理范围。",
      "estimatedSeconds": 5.8
    },
    {
      "text": "我们每个人，既是享受廉价便利的消费者，又是被死死压榨的打工人。逃不掉。",
      "narrativeType": "CONCLUSION",
      "template": "CENTER_FOCUS",
      "expressionTag": "neutral",
      "confidence": "medium",
      "reasoning": "收束结论，强调双重身份与无奈结局；不存在明显的对比、步骤、因果等强结构，适合以默认CENTER_FOCUS平实呈现，合并了短句‘逃不掉’以避免碎片化。",
      "estimatedSeconds": 6.0
    }
  ]
}
-------------------------------------------------------------------------------------------

======================================== REQUEST ========================================
time: 2026-06-29 22:19:44
provider: deepseek
model: deepseek-v4-pro
retries: 3

[PROMPT]
你是「镜头分镜 + 动画模板选型」联合优化器。你的任务是在**不改写口播原文**的前提下，把场景原文切成更“原子化”的镜头item，并为每个镜头选择最合适的 `template`。

## 🎥 视频大背景
- **核心主题**：你享受的便利，悄悄让你自己变成了代价
- **当前场景**：反思：真正发达的标准

## 📄 场景原文（严禁修改、严禁漏字、严禁补字）
一个国家真正发达的标志，  
从来不是你能多便宜地使唤别人。
而是，  
一个普通的送货员、  
一个电工、  
一个文员，  
付出每天8小时的正常劳动，  
就能换来体面的收入，  
养得起家，  
拥有作为人的基本生活时间和娱乐时间。

## 可用模板（共 24 个：`template` 必须且仅能从中选一个）

BEAT_SEQUENCE, CASE_BREAKDOWN, CAUSE_CHAIN, CENTER_FOCUS, CHAT_BUBBLE, CHECKLIST_REVEAL, COGNITIVE_SHIFT, CONCEPT_CARD, DATA_TABLE, DOS_AND_DONTS, KPI_HERO, MAGNIFYING_GLASS, METHOD_STACK, PANEL_GRID, PEER_INDUCT, PROGRESS_RING, PUNCH_CAPTION, QUOTE_CITATION, SPLIT_COMPARE, STAT_COMPARE, STEP_LIST, TEXT_FOCUS, TIMELINE, TREE_DIAGRAM

选型规则以主提示词中的决策树与自检清单为准；参数结构不在此展开，后续步骤会按 Schema 生成 `param`。

---

## 🎯 总目标（必须同时满足）
1. **逐字一致**：每个 item 的 `text` 必须是原文的连续子串；所有 item 的 `text` 按顺序拼接后必须与原文完全一致（允许忽略空白差异，但不能改变任何非空白字符）。
2. **覆盖完整**：原文中每一个字符都必须且只能落在一个 item 里（不重叠、不遗漏）。
3. **表达原子化**：**一个 item 只允许一个主表达结构**（对比/命名/步骤/引用/数据/节拍递进/金句冲击/平铺叙述）。若同一段里混了两种结构，必须拆成多个 item。
4. **长度合理**：为了避免视觉疲劳，一个item中的text拼接后如果长于 50 字应该拆分成多个item。
5. 模板是为了更好的表达item中的text

---

## ✂️ 分镜原则

### Phase 1：时长锚点（量化判断基准）
- 正常语速约 **4~5 字/秒**，单个镜头的理想口播时长：**3~8 秒（约 12~40 字）**
- ⚠️ **< 12 字**的分段：除非是独立金句，否则**必须合并**到相邻镜头
- ⚠️ **> 50 字**的分段：意味着画面停留太久，观众注意力衰减，建议拆分，但拆分点本身仍需有叙事依据
- 在 `estimatedSeconds` 字段中标注预估秒数（字数 ÷ 4.5，保留一位小数）
- 除非模板使用TextFocus，否则不允许content中只有一个Text的情况

### Phase 2：切分信号强度模型
按叙事信号强度决定是否新建镜头，**而非按标点机械切分**：

**🔴 强信号（应新建镜头）**：
- 叙事角色彻底转换：说理/定义 → 举例/场景还原
- 叙事角色彻底转换：铺垫/铺陈 → 行动号召/结论
- 情绪段位跳变：平静分析 → 震惊转折 → 收束共情
- 视觉主体完全更换：讨论 A 话题 → 转到独立的 B 话题

**🟡 中等信号（倾向合并，但单段超过 40 字时可拆）**：
- 同一论点下的多个分点（第一、第二、第三……）
- 同一比喻的铺垫与揭示
- 同一因果链的前提与结论

**🟢 弱信号（严禁作为切分依据）**：
- 普通逗号、顿号、冒号后的补充说明
- 同一句话的前后半段
- "而且""此外""所以"等常见连接词（需配合叙事角色判断）

### Phase 3：合并检查
拆完后对所有 items 做全局合并检查：
- 相邻两个 items 若切分信号为"弱"且合并后总字数不超过 45 字 → **强制合并**
- 相邻两个 items 若叙事角色完全相同、画面视觉重心也相同 → **强制合并**

## 🧭 结构识别 → 模板选型（从上到下命中第一条）

### A. 数据/量化结论（expressionTag=data）
- 两项指标同框对比（涨跌、前后、A/B）→ `STAT_COMPARE`（必须能抽象出两个非负整数）
- 单指标完成度/占比/达成率 → `PROGRESS_RING`
- 单个核心数值/排名/增长率强调 → `KPI_HERO`

### B. 对错/强导向（expressionTag=contrast）
- 明确“别这样/要这样”“错误/正确” → `DOS_AND_DONTS`
- “不是…而是…” → `COGNITIVE_SHIFT`

### C. 多分点/清单/步骤（expressionTag=list|steps|method）
- 两方/两方案并列（更中立的 A vs B）→ `SPLIT_COMPARE`
- 当前 item 原文明确展开 **2～4** 个并列分点/并列例子，且每点需独立配图（宫格）→ `PANEL_GRID`
- 明确步骤序列/短清单，且【同一 item 内】可抽取出 2～6 条“短步骤”（如同时出现“第一/第二/第三…”或“1)/2)/3)”），并且每条步骤建议 ≤10 字、无长解释句 → `STEP_LIST`
  - 反例：只有“第一/第二”这一个标题句（单条）不要选 `STEP_LIST`（至少需要 2 条）
  - 反例：每条方法/步骤后面还跟较长解释、追问或补充句（例如任一解释段 >30 字）→ 不适合 `STEP_LIST`，应拆分 item，并优先用 `METHOD_STACK`（标题式核心 + 解释展开）或 `CENTER_FOCUS`
- “一个标题式核心（方法/建议/观点/卖点/亮点/推荐理由）+ 2～4 句解释展开” → `METHOD_STACK`
- 同一**案例/子话题**、**单主图**，口播 **4～6 句** 呈「个案→误判/推论→纠偏→收束」叙事弧 → `CASE_BREAKDOWN`（非「第一/第二」方法清单、非多图节拍时用本模板；方法要点式仍用 `METHOD_STACK`）

### D. 节拍递进（expressionTag=beat）
- 同一镜头内 2～4 段口播节拍递进（问→驳→收束；铺垫→转折→结论），希望画面跟着分段变化 → `BEAT_SEQUENCE`
  - **提示**：如果递进里还夹杂“强对照/命名”，通常应拆成多个 item，不要硬塞一个 `BEAT_SEQUENCE`。
- 同一镜头内 **因果链 / 机制传导**（因→果→再果，每环一图，无时间轴刻度）→ `CAUSE_CHAIN`

### E. 引用/命名/聚焦（expressionTag=quote|concept|focus）
- 名言、著作、研究、媒体引用、用户评价、证言摘录 → `QUOTE_CITATION`
- 对“专业术语、概念、产品名、品牌关键词、功能名等”新名词进行解释→ `CONCEPT_CARD`
- 需要把注意力锁定到一个关键词/短语/关键细节/核心发现上 → `MAGNIFYING_GLASS`
  - 必须存在明确落点句（如“关键在于…”“核心是…”“结论是…”）
  - 需要后续可提取 1～2 个高价值锚点短语（否则不要选）

### F. 金句冲击（expressionTag=focus）
- 全片级短促强结论、无需配图 → `TEXT_FOCUS`

### G. 时间轴，先后关系（expressionTag=timeline）
- 明确时间先后/阶段演进（过去→现在→未来）→ `TIMELINE`

### G2. 收束清单（expressionTag≈conclusion|list）
- 收束、行动检查项、要点复诵，需要**逐项打勾显现**（非编号短步骤、非并列大图组）→ `CHECKLIST_REVEAL`

### H. 默认（expressionTag=neutral）
- 平缓叙述、单图即可、无上述结构 → `CENTER_FOCUS`

---

## ✅ 输出格式（严格 JSON，禁止包含 markdown 代码块）
{
  "items": [
    {
      "text": "逐字口播片段（必须来自原文，且拼接后覆盖原文）",
      "narrativeType": "HOOK | LOGIC | CASE | DATA | CONCLUSION | TRANSITION",
      "template": "必须来自可用模板列表",
      "expressionTag": "data | contrast | list | steps | method | beat | quote | concept | focus | timeline | neutral",
      "confidence": "low | medium | high",
      "reasoning": "一句话说明：该段的主表达结构是什么 → 为什么选该模板 → 若拆分/合并，理由是什么"
    }
  ]
}

===========================================================================================
---------------------------------------- RESPONSE ----------------------------------------
time: 2026-06-29 22:21:09
attempt: 1/3

[OUTPUT]
{
  "items": [
    {
      "text": "一个国家真正发达的标志，从来不是你能多便宜地使唤别人。",
      "narrativeType": "LOGIC",
      "template": "CENTER_FOCUS",
      "expressionTag": "neutral",
      "confidence": "high",
      "reasoning": "否定常见误解，为后续正确观点铺垫；平缓叙述，无特殊结构，故用 CENTER_FOCUS。",
      "estimatedSeconds": 5.6
    },
    {
      "text": "而是，一个普通的送货员、一个电工、一个文员，付出每天8小时的正常劳动，",
      "narrativeType": "CASE",
      "template": "PANEL_GRID",
      "expressionTag": "list",
      "confidence": "high",
      "reasoning": "列举三个具体职业作为例证，三个并列点适合宫格展示；后接共同条件，整体为举例铺垫。",
      "estimatedSeconds": 6.7
    },
    {
      "text": "就能换来体面的收入，养得起家，拥有作为人的基本生活时间和娱乐时间。",
      "narrativeType": "CONCLUSION",
      "template": "CENTER_FOCUS",
      "expressionTag": "focus",
      "confidence": "high",
      "reasoning": "阐述劳动所换来的具体回报，是结论性叙述；无需额外结构，重点聚焦文字内容。",
      "estimatedSeconds": 6.4
    }
  ]
}
-------------------------------------------------------------------------------------------

======================================== REQUEST ========================================
time: 2026-06-29 22:21:09
provider: deepseek
model: deepseek-v4-pro
retries: 3

[PROMPT]
你是「镜头分镜 + 动画模板选型」联合优化器。你的任务是在**不改写口播原文**的前提下，把场景原文切成更“原子化”的镜头item，并为每个镜头选择最合适的 `template`。

## 🎥 视频大背景
- **核心主题**：你享受的便利，悄悄让你自己变成了代价
- **当前场景**：警示：你也是代价

## 📄 场景原文（严禁修改、严禁漏字、严禁补字）
别再为“廉价的便利”沾沾自喜了。
你以为你只是在享受别人被压榨换来的便宜，
其实在这个巨大的齿轮里，
迟早有一天，
你也会成为别人享受便利的代价。

## 可用模板（共 24 个：`template` 必须且仅能从中选一个）

BEAT_SEQUENCE, CASE_BREAKDOWN, CAUSE_CHAIN, CENTER_FOCUS, CHAT_BUBBLE, CHECKLIST_REVEAL, COGNITIVE_SHIFT, CONCEPT_CARD, DATA_TABLE, DOS_AND_DONTS, KPI_HERO, MAGNIFYING_GLASS, METHOD_STACK, PANEL_GRID, PEER_INDUCT, PROGRESS_RING, PUNCH_CAPTION, QUOTE_CITATION, SPLIT_COMPARE, STAT_COMPARE, STEP_LIST, TEXT_FOCUS, TIMELINE, TREE_DIAGRAM

选型规则以主提示词中的决策树与自检清单为准；参数结构不在此展开，后续步骤会按 Schema 生成 `param`。

---

## 🎯 总目标（必须同时满足）
1. **逐字一致**：每个 item 的 `text` 必须是原文的连续子串；所有 item 的 `text` 按顺序拼接后必须与原文完全一致（允许忽略空白差异，但不能改变任何非空白字符）。
2. **覆盖完整**：原文中每一个字符都必须且只能落在一个 item 里（不重叠、不遗漏）。
3. **表达原子化**：**一个 item 只允许一个主表达结构**（对比/命名/步骤/引用/数据/节拍递进/金句冲击/平铺叙述）。若同一段里混了两种结构，必须拆成多个 item。
4. **长度合理**：为了避免视觉疲劳，一个item中的text拼接后如果长于 50 字应该拆分成多个item。
5. 模板是为了更好的表达item中的text

---

## ✂️ 分镜原则

### Phase 1：时长锚点（量化判断基准）
- 正常语速约 **4~5 字/秒**，单个镜头的理想口播时长：**3~8 秒（约 12~40 字）**
- ⚠️ **< 12 字**的分段：除非是独立金句，否则**必须合并**到相邻镜头
- ⚠️ **> 50 字**的分段：意味着画面停留太久，观众注意力衰减，建议拆分，但拆分点本身仍需有叙事依据
- 在 `estimatedSeconds` 字段中标注预估秒数（字数 ÷ 4.5，保留一位小数）
- 除非模板使用TextFocus，否则不允许content中只有一个Text的情况

### Phase 2：切分信号强度模型
按叙事信号强度决定是否新建镜头，**而非按标点机械切分**：

**🔴 强信号（应新建镜头）**：
- 叙事角色彻底转换：说理/定义 → 举例/场景还原
- 叙事角色彻底转换：铺垫/铺陈 → 行动号召/结论
- 情绪段位跳变：平静分析 → 震惊转折 → 收束共情
- 视觉主体完全更换：讨论 A 话题 → 转到独立的 B 话题

**🟡 中等信号（倾向合并，但单段超过 40 字时可拆）**：
- 同一论点下的多个分点（第一、第二、第三……）
- 同一比喻的铺垫与揭示
- 同一因果链的前提与结论

**🟢 弱信号（严禁作为切分依据）**：
- 普通逗号、顿号、冒号后的补充说明
- 同一句话的前后半段
- "而且""此外""所以"等常见连接词（需配合叙事角色判断）

### Phase 3：合并检查
拆完后对所有 items 做全局合并检查：
- 相邻两个 items 若切分信号为"弱"且合并后总字数不超过 45 字 → **强制合并**
- 相邻两个 items 若叙事角色完全相同、画面视觉重心也相同 → **强制合并**

## 🧭 结构识别 → 模板选型（从上到下命中第一条）

### A. 数据/量化结论（expressionTag=data）
- 两项指标同框对比（涨跌、前后、A/B）→ `STAT_COMPARE`（必须能抽象出两个非负整数）
- 单指标完成度/占比/达成率 → `PROGRESS_RING`
- 单个核心数值/排名/增长率强调 → `KPI_HERO`

### B. 对错/强导向（expressionTag=contrast）
- 明确“别这样/要这样”“错误/正确” → `DOS_AND_DONTS`
- “不是…而是…” → `COGNITIVE_SHIFT`

### C. 多分点/清单/步骤（expressionTag=list|steps|method）
- 两方/两方案并列（更中立的 A vs B）→ `SPLIT_COMPARE`
- 当前 item 原文明确展开 **2～4** 个并列分点/并列例子，且每点需独立配图（宫格）→ `PANEL_GRID`
- 明确步骤序列/短清单，且【同一 item 内】可抽取出 2～6 条“短步骤”（如同时出现“第一/第二/第三…”或“1)/2)/3)”），并且每条步骤建议 ≤10 字、无长解释句 → `STEP_LIST`
  - 反例：只有“第一/第二”这一个标题句（单条）不要选 `STEP_LIST`（至少需要 2 条）
  - 反例：每条方法/步骤后面还跟较长解释、追问或补充句（例如任一解释段 >30 字）→ 不适合 `STEP_LIST`，应拆分 item，并优先用 `METHOD_STACK`（标题式核心 + 解释展开）或 `CENTER_FOCUS`
- “一个标题式核心（方法/建议/观点/卖点/亮点/推荐理由）+ 2～4 句解释展开” → `METHOD_STACK`
- 同一**案例/子话题**、**单主图**，口播 **4～6 句** 呈「个案→误判/推论→纠偏→收束」叙事弧 → `CASE_BREAKDOWN`（非「第一/第二」方法清单、非多图节拍时用本模板；方法要点式仍用 `METHOD_STACK`）

### D. 节拍递进（expressionTag=beat）
- 同一镜头内 2～4 段口播节拍递进（问→驳→收束；铺垫→转折→结论），希望画面跟着分段变化 → `BEAT_SEQUENCE`
  - **提示**：如果递进里还夹杂“强对照/命名”，通常应拆成多个 item，不要硬塞一个 `BEAT_SEQUENCE`。
- 同一镜头内 **因果链 / 机制传导**（因→果→再果，每环一图，无时间轴刻度）→ `CAUSE_CHAIN`

### E. 引用/命名/聚焦（expressionTag=quote|concept|focus）
- 名言、著作、研究、媒体引用、用户评价、证言摘录 → `QUOTE_CITATION`
- 对“专业术语、概念、产品名、品牌关键词、功能名等”新名词进行解释→ `CONCEPT_CARD`
- 需要把注意力锁定到一个关键词/短语/关键细节/核心发现上 → `MAGNIFYING_GLASS`
  - 必须存在明确落点句（如“关键在于…”“核心是…”“结论是…”）
  - 需要后续可提取 1～2 个高价值锚点短语（否则不要选）

### F. 金句冲击（expressionTag=focus）
- 全片级短促强结论、无需配图 → `TEXT_FOCUS`

### G. 时间轴，先后关系（expressionTag=timeline）
- 明确时间先后/阶段演进（过去→现在→未来）→ `TIMELINE`

### G2. 收束清单（expressionTag≈conclusion|list）
- 收束、行动检查项、要点复诵，需要**逐项打勾显现**（非编号短步骤、非并列大图组）→ `CHECKLIST_REVEAL`

### H. 默认（expressionTag=neutral）
- 平缓叙述、单图即可、无上述结构 → `CENTER_FOCUS`

---

## ✅ 输出格式（严格 JSON，禁止包含 markdown 代码块）
{
  "items": [
    {
      "text": "逐字口播片段（必须来自原文，且拼接后覆盖原文）",
      "narrativeType": "HOOK | LOGIC | CASE | DATA | CONCLUSION | TRANSITION",
      "template": "必须来自可用模板列表",
      "expressionTag": "data | contrast | list | steps | method | beat | quote | concept | focus | timeline | neutral",
      "confidence": "low | medium | high",
      "reasoning": "一句话说明：该段的主表达结构是什么 → 为什么选该模板 → 若拆分/合并，理由是什么"
    }
  ]
}

===========================================================================================
---------------------------------------- RESPONSE ----------------------------------------
time: 2026-06-29 22:22:17
attempt: 1/3

[OUTPUT]
{
  "items": [
    {
      "text": "别再为“廉价的便利”沾沾自喜了。",
      "narrativeType": "HOOK",
      "template": "TEXT_FOCUS",
      "expressionTag": "focus",
      "confidence": "high",
      "reasoning": "独立短促强警示，直接否定错误态度，无需配图，纯文字冲击 → 选 TEXT_FOCUS。"
    },
    {
      "text": "你以为你只是在享受别人被压榨换来的便宜，其实在这个巨大的齿轮里，迟早有一天，你也会成为别人享受便利的代价。",
      "narrativeType": "LOGIC",
      "template": "COGNITIVE_SHIFT",
      "expressionTag": "contrast",
      "confidence": "high",
      "reasoning": "完整“你以为…其实…”认知转变，从错误认知到冷酷真相，结构完整，字数虽偏多但不可再分以保持转折张力 → 选 COGNITIVE_SHIFT。"
    }
  ]
}
-------------------------------------------------------------------------------------------

======================================== REQUEST ========================================
time: 2026-06-29 22:22:17
provider: deepseek
model: deepseek-v4-pro
retries: 3

[PROMPT]
你是短视频字幕与画面细节处理专家。请把指定台词细化为字模显示参数。


## 完整段落上下文（仅供理解整体语境，判断当前句子的重要性）
在中国生活实在太便利了！
9块9包邮的产品一大把，
深更半夜点外卖，还能半小时就给送到了。  
客服24小时在线，都是秒回。

很多人张口就来，自豪得不行。  
“这一切，都因为咱们基建牛逼！高铁、5G，世界第一！”
对了一半。
基建确实把物流成本砸下来了。  
可算法再牛，也爬不上六楼。  
最后三公里，永远靠两条人腿在跑。
真正撑起这极致便利的，  
不是钢筋水泥，  
而是极其廉价的人力，和不要命的汗水。


## 🎯 待处理的目标文案
在中国生活实在太便利了！

## 目标文案content的数组结构
生成模板参数时，format为content_index的字段依据此数组选择匹配的索引，用于决定相应内容出现在动画中的时机

[
  {
    "index": 0,
    "text": "在中国生活实在太便利了！"
  }
]


## 选定模板及参数规范

模板名称：TEXT_FOCUS

参数 Schema 说明：

{
  "type": "object",
  "properties": {
    "coreSentence": {
      "type": "array",
      "minItems": 1,
      "description": "大屏核心文案，每元素一行：可为 string，或 { text, showFrom, endFrom? }；showFrom/endFrom 为 content 下标（0-based），非帧数：在该条 startFrame 显现；可选 endFrom 表示在该条播完（startFrame+durationFrames）后起淡出。纯 string 等价于 showFrom=0、无 endFrom。锚点校验时各段 text 按顺序直接拼接（无分隔符）。",
      "items": {
        "oneOf": [
          {
            "type": "string"
          },
          {
            "type": "object",
            "required": [
              "text",
              "showFrom"
            ],
            "properties": {
              "text": {
                "type": "string",
                "description": "该行大屏文案"
              },
              "showFrom": {
                "type": "integer",
                "format": "content_index",
                "description": "content 下标（0-based），非帧数"
              },
              "endFrom": {
                "type": "integer",
                "format": "content_index",
                "description": "可选；content 下标（0-based），非帧数；该行在对应条字幕结束帧（startFrame+durationFrames）起淡出"
              }
            }
          }
        ]
      }
    },
    "coreSentenceAnchors": {
      "type": "array",
      "description": "可选；在 coreSentence 各段拼接后的全文内按顺序高亮子串。每项 coreSentenceAnchor 须为该拼接串的子串，否则会被校验丢弃",
      "items": {
        "type": "object",
        "required": [
          "coreSentenceAnchor"
        ],
        "properties": {
          "coreSentenceAnchor": {
            "type": "string",
            "description": "要高亮的子串，须出现在各 coreSentence 段拼接后的全文内"
          },
          "color": {
            "type": "string",
            "description": "高亮颜色，省略时默认强调色"
          }
        }
      }
    }
  },
  "required": [
    "coreSentence"
  ]
}

// 口播条数（已由程序写入 CONTENT_STR，勿在 param 中输出 content）：口播分句至多 3 条（超出会被校验器告警）


模板该项的示例供参考：

{
  "template": "TEXT_FOCUS",
  "param": {
    "coreSentence": [
      {
        "text": "承认自己“可能错了”并不是一种软弱",
        "showFrom": 0,
        "endFrom": 0
      },
      {
        "text": "而是成长的开始",
        "showFrom": 1,
        "endFrom": 1
      }
    ],
    "coreSentenceAnchors": [
      {
        "coreSentenceAnchor": "可能错了",
        "color": "red"
      }
    ]
  }
}


注意：如果该模板生成的参数包含图片视觉描述（如 imageSrc / leftSrc / rightSrc 等等），请只描述纯视觉场景与动作，绝不要包含任何文字、标语或注音。


## 其他通用说明
1. 锚点（Anchor）— 克制与高价值（适用于 SCHEMA 或上文允许出现锚点/高亮时）：
   - 多数句子应**无锚点**；拿不准就留空或 `[]`，避免满屏高亮。
   - 如果一定需要锚点，只选**整段里真正的高潮、反转或核心名词**（宜 2～4 字、有记忆点）；平庸词、铺垫句不要做成锚点。
   - 颜色建议：`#EF4444`（警示/反转/负面/结论）、`#000000`（事实/术语/数据）。动画 `anim`：`spring` | `slideUp` | `popIn` | `highlight`。
   - 音效可选(仅写在锚点对象上的 `audioEffect`)：`impact_thud` | `ping` | `woosh`

2. 视觉标题与字幕分离（仅当 SCHEMA 要求 `notText` / `butText` / `conceptName`、或 DOS_AND_DONTS 的 `left.label` / `right.label` 等时）：

   - 填**极简关键词（约 2～6 字）**，禁止把整句台词搬进标题字段。



## 输出格式（严格 JSON，不要 markdown 代码块）
补全当前模板的param,非数组：
{ "param": { ... } }

===========================================================================================
---------------------------------------- RESPONSE ----------------------------------------
time: 2026-06-29 22:22:23
attempt: 1/3

[OUTPUT]
{"param":{"coreSentence":["在中国生活实在太便利了！"]}}
-------------------------------------------------------------------------------------------

======================================== REQUEST ========================================
time: 2026-06-29 22:22:23
provider: deepseek
model: deepseek-v4-pro
retries: 3

[PROMPT]
你是短视频字幕与画面细节处理专家。请把指定台词细化为字模显示参数。


## 完整段落上下文（仅供理解整体语境，判断当前句子的重要性）
在中国生活实在太便利了！
9块9包邮的产品一大把，
深更半夜点外卖，还能半小时就给送到了。  
客服24小时在线，都是秒回。

很多人张口就来，自豪得不行。  
“这一切，都因为咱们基建牛逼！高铁、5G，世界第一！”
对了一半。
基建确实把物流成本砸下来了。  
可算法再牛，也爬不上六楼。  
最后三公里，永远靠两条人腿在跑。
真正撑起这极致便利的，  
不是钢筋水泥，  
而是极其廉价的人力，和不要命的汗水。


## 🎯 待处理的目标文案
9块9包邮的产品一大把，深更半夜点外卖，还能半小时就给送到了。 客服24小时在线，都是秒回。

## 目标文案content的数组结构
生成模板参数时，format为content_index的字段依据此数组选择匹配的索引，用于决定相应内容出现在动画中的时机

[
  {
    "index": 0,
    "text": "9块9包邮的产品一大把，"
  },
  {
    "index": 1,
    "text": "深更半夜点外卖，"
  },
  {
    "index": 2,
    "text": "还能半小时就给送到了。"
  },
  {
    "index": 3,
    "text": " 客服24小时在线，"
  },
  {
    "index": 4,
    "text": "都是秒回。"
  }
]


## 选定模板及参数规范

模板名称：PANEL_GRID

参数 Schema 说明：

{
  "type": "object",
  "properties": {
    "panels": {
      "type": "array",
      "minItems": 2,
      "maxItems": 6,
      "description": "宫格配图；showFrom 为 content 下标（0-based），在该条 startFrame 显现",
      "items": {
        "type": "object",
        "required": [
          "src",
          "showFrom"
        ],
        "properties": {
          "src": {
            "type": "string",
            "format": "image_prompt",
            "description": "该宫格配图提示词"
          },
          "showFrom": {
            "type": "integer",
            "format": "content_index",
            "description": "content 下标（0-based），非帧数"
          },
          "position": {
            "type": "string",
            "enum": [
              "center",
              "left",
              "right",
              "top",
              "bottom"
            ],
            "description": "可选；弱提示，布局以宫格为准"
          },
          "enterEffect": {
            "type": "string",
            "enum": [
              "breathe",
              "slideLeft",
              "slideBottom",
              "zoomIn",
              "fadeIn"
            ],
            "default": "fadeIn"
          }
        }
      }
    }
  },
  "required": [
    "panels"
  ]
}

// 口播条数（已由程序写入 CONTENT_STR，勿在 param 中输出 content）：口播分句（item.content）至少 2 条；口播分句至多 8 条（超出会被校验器告警）


模板该项的示例供参考：

{
  "template": "PANEL_GRID",
  "param": {
    "panels": [
      {
        "src": "问号堵住去路的简笔画",
        "showFrom": 0,
        "enterEffect": "zoomIn"
      },
      {
        "src": "放大镜只看一角的简笔画",
        "showFrom": 1
      },
      {
        "src": "两人各执一词的简笔画",
        "showFrom": 2
      }
    ]
  }
}


注意：如果该模板生成的参数包含图片视觉描述（如 imageSrc / leftSrc / rightSrc 等等），请只描述纯视觉场景与动作，绝不要包含任何文字、标语或注音。


## 其他通用说明
1. 锚点（Anchor）— 克制与高价值（适用于 SCHEMA 或上文允许出现锚点/高亮时）：
   - 多数句子应**无锚点**；拿不准就留空或 `[]`，避免满屏高亮。
   - 如果一定需要锚点，只选**整段里真正的高潮、反转或核心名词**（宜 2～4 字、有记忆点）；平庸词、铺垫句不要做成锚点。
   - 颜色建议：`#EF4444`（警示/反转/负面/结论）、`#000000`（事实/术语/数据）。动画 `anim`：`spring` | `slideUp` | `popIn` | `highlight`。
   - 音效可选(仅写在锚点对象上的 `audioEffect`)：`impact_thud` | `ping` | `woosh`

2. 视觉标题与字幕分离（仅当 SCHEMA 要求 `notText` / `butText` / `conceptName`、或 DOS_AND_DONTS 的 `left.label` / `right.label` 等时）：

   - 填**极简关键词（约 2～6 字）**，禁止把整句台词搬进标题字段。



## 输出格式（严格 JSON，不要 markdown 代码块）
补全当前模板的param,非数组：
{ "param": { ... } }

===========================================================================================
---------------------------------------- RESPONSE ----------------------------------------
time: 2026-06-29 22:22:55
attempt: 1/3

[OUTPUT]
{
  "param": {
    "panels": [
      {
        "src": "堆满棕色快递纸箱的仓库，特价商品上贴着醒目的红色胶带，众多包裹堆叠",
        "showFrom": 0,
        "enterEffect": "zoomIn"
      },
      {
        "src": "深夜路灯下，一只手拿着亮屏的手机，屏幕上色彩斑斓的图标无文字，背景是居民楼窗户透出暖光",
        "showFrom": 1,
        "enterEffect": "fadeIn"
      },
      {
        "src": "外卖骑手在街道上快速骑行，带速度线，保温箱在车后，头顶天空有一颗流星划过",
        "showFrom": 2,
        "enterEffect": "slideLeft"
      },
      {
        "src": "明亮的客服办公室，戴耳麦的员工在多个显示器前微笑，屏幕显示对话泡泡图标，墙上时钟指向凌晨三点，窗外星空",
        "showFrom": 3,
        "enterEffect": "breathe"
      },
      {
        "src": "手机屏幕上，一条消息气泡刚出现，另一侧立即弹出一个带闪电形状的快速回复气泡，手指在键盘上飞速敲击",
        "showFrom": 4,
        "enterEffect": "popIn"
      }
    ]
  }
}
-------------------------------------------------------------------------------------------

======================================== REQUEST ========================================
time: 2026-06-29 22:22:55
provider: deepseek
model: deepseek-v4-pro
retries: 3

[PROMPT]
你是短视频字幕与画面细节处理专家。请把指定台词细化为字模显示参数。


## 完整段落上下文（仅供理解整体语境，判断当前句子的重要性）
在中国生活实在太便利了！
9块9包邮的产品一大把，
深更半夜点外卖，还能半小时就给送到了。  
客服24小时在线，都是秒回。

很多人张口就来，自豪得不行。  
“这一切，都因为咱们基建牛逼！高铁、5G，世界第一！”
对了一半。
基建确实把物流成本砸下来了。  
可算法再牛，也爬不上六楼。  
最后三公里，永远靠两条人腿在跑。
真正撑起这极致便利的，  
不是钢筋水泥，  
而是极其廉价的人力，和不要命的汗水。


## 🎯 待处理的目标文案
很多人张口就来，自豪得不行。 “这一切，都因为咱们基建牛逼！高铁、5G，世界第一！”

## 目标文案content的数组结构
生成模板参数时，format为content_index的字段依据此数组选择匹配的索引，用于决定相应内容出现在动画中的时机

[
  {
    "index": 0,
    "text": "很多人张口就来，"
  },
  {
    "index": 1,
    "text": "自豪得不行。"
  },
  {
    "index": 2,
    "text": " “这一切，"
  },
  {
    "index": 3,
    "text": "都因为咱们基建牛逼！"
  },
  {
    "index": 4,
    "text": "高铁、"
  },
  {
    "index": 5,
    "text": "5G，"
  },
  {
    "index": 6,
    "text": "世界第一！”"
  }
]


## 选定模板及参数规范

模板名称：QUOTE_CITATION

参数 Schema 说明：

{
  "type": "object",
  "properties": {
    "quoteSource": {
      "type": "string",
      "description": "引言来源"
    },
    "quoteDisplayText": {
      "type": "string",
      "description": "版心引用正文（打字机效果）；不传则使用 content 拼接结果"
    },
    "showFrom": {
      "type": "integer",
      "description": "content 下标（0-based）。仅打字正文从该条 startFrame 起再入场；开引号与 quoteSource 仍从 item 起点出现。未传 quoteDisplayText 时正文从该条起拼接"
    }
  },
  "required": [
    "quoteSource"
  ]
}


模板该项的示例供参考：

{
  "template": "QUOTE_CITATION",
  "param": {
    "quoteDisplayText": "我思故我在",
    "quoteSource": "《思考，快与慢》"
  }
}


注意：如果该模板生成的参数包含图片视觉描述（如 imageSrc / leftSrc / rightSrc 等等），请只描述纯视觉场景与动作，绝不要包含任何文字、标语或注音。


## 其他通用说明
1. 锚点（Anchor）— 克制与高价值（适用于 SCHEMA 或上文允许出现锚点/高亮时）：
   - 多数句子应**无锚点**；拿不准就留空或 `[]`，避免满屏高亮。
   - 如果一定需要锚点，只选**整段里真正的高潮、反转或核心名词**（宜 2～4 字、有记忆点）；平庸词、铺垫句不要做成锚点。
   - 颜色建议：`#EF4444`（警示/反转/负面/结论）、`#000000`（事实/术语/数据）。动画 `anim`：`spring` | `slideUp` | `popIn` | `highlight`。
   - 音效可选(仅写在锚点对象上的 `audioEffect`)：`impact_thud` | `ping` | `woosh`

2. 视觉标题与字幕分离（仅当 SCHEMA 要求 `notText` / `butText` / `conceptName`、或 DOS_AND_DONTS 的 `left.label` / `right.label` 等时）：

   - 填**极简关键词（约 2～6 字）**，禁止把整句台词搬进标题字段。



## 输出格式（严格 JSON，不要 markdown 代码块）
补全当前模板的param,非数组：
{ "param": { ... } }

===========================================================================================
---------------------------------------- RESPONSE ----------------------------------------
time: 2026-06-29 22:23:31
attempt: 1/3

[OUTPUT]
{ "param": { "quoteSource": "很多人", "showFrom": 2 } }
-------------------------------------------------------------------------------------------

======================================== REQUEST ========================================
time: 2026-06-29 22:23:31
provider: deepseek
model: deepseek-v4-pro
retries: 3

[PROMPT]
你是短视频字幕与画面细节处理专家。请把指定台词细化为字模显示参数。


## 完整段落上下文（仅供理解整体语境，判断当前句子的重要性）
在中国生活实在太便利了！
9块9包邮的产品一大把，
深更半夜点外卖，还能半小时就给送到了。  
客服24小时在线，都是秒回。

很多人张口就来，自豪得不行。  
“这一切，都因为咱们基建牛逼！高铁、5G，世界第一！”
对了一半。
基建确实把物流成本砸下来了。  
可算法再牛，也爬不上六楼。  
最后三公里，永远靠两条人腿在跑。
真正撑起这极致便利的，  
不是钢筋水泥，  
而是极其廉价的人力，和不要命的汗水。


## 🎯 待处理的目标文案
对了一半。

## 目标文案content的数组结构
生成模板参数时，format为content_index的字段依据此数组选择匹配的索引，用于决定相应内容出现在动画中的时机

[
  {
    "index": 0,
    "text": "对了一半。"
  }
]


## 选定模板及参数规范

模板名称：TEXT_FOCUS

参数 Schema 说明：

{
  "type": "object",
  "properties": {
    "coreSentence": {
      "type": "array",
      "minItems": 1,
      "description": "大屏核心文案，每元素一行：可为 string，或 { text, showFrom, endFrom? }；showFrom/endFrom 为 content 下标（0-based），非帧数：在该条 startFrame 显现；可选 endFrom 表示在该条播完（startFrame+durationFrames）后起淡出。纯 string 等价于 showFrom=0、无 endFrom。锚点校验时各段 text 按顺序直接拼接（无分隔符）。",
      "items": {
        "oneOf": [
          {
            "type": "string"
          },
          {
            "type": "object",
            "required": [
              "text",
              "showFrom"
            ],
            "properties": {
              "text": {
                "type": "string",
                "description": "该行大屏文案"
              },
              "showFrom": {
                "type": "integer",
                "format": "content_index",
                "description": "content 下标（0-based），非帧数"
              },
              "endFrom": {
                "type": "integer",
                "format": "content_index",
                "description": "可选；content 下标（0-based），非帧数；该行在对应条字幕结束帧（startFrame+durationFrames）起淡出"
              }
            }
          }
        ]
      }
    },
    "coreSentenceAnchors": {
      "type": "array",
      "description": "可选；在 coreSentence 各段拼接后的全文内按顺序高亮子串。每项 coreSentenceAnchor 须为该拼接串的子串，否则会被校验丢弃",
      "items": {
        "type": "object",
        "required": [
          "coreSentenceAnchor"
        ],
        "properties": {
          "coreSentenceAnchor": {
            "type": "string",
            "description": "要高亮的子串，须出现在各 coreSentence 段拼接后的全文内"
          },
          "color": {
            "type": "string",
            "description": "高亮颜色，省略时默认强调色"
          }
        }
      }
    }
  },
  "required": [
    "coreSentence"
  ]
}

// 口播条数（已由程序写入 CONTENT_STR，勿在 param 中输出 content）：口播分句至多 3 条（超出会被校验器告警）


模板该项的示例供参考：

{
  "template": "TEXT_FOCUS",
  "param": {
    "coreSentence": [
      {
        "text": "承认自己“可能错了”并不是一种软弱",
        "showFrom": 0,
        "endFrom": 0
      },
      {
        "text": "而是成长的开始",
        "showFrom": 1,
        "endFrom": 1
      }
    ],
    "coreSentenceAnchors": [
      {
        "coreSentenceAnchor": "可能错了",
        "color": "red"
      }
    ]
  }
}


注意：如果该模板生成的参数包含图片视觉描述（如 imageSrc / leftSrc / rightSrc 等等），请只描述纯视觉场景与动作，绝不要包含任何文字、标语或注音。


## 其他通用说明
1. 锚点（Anchor）— 克制与高价值（适用于 SCHEMA 或上文允许出现锚点/高亮时）：
   - 多数句子应**无锚点**；拿不准就留空或 `[]`，避免满屏高亮。
   - 如果一定需要锚点，只选**整段里真正的高潮、反转或核心名词**（宜 2～4 字、有记忆点）；平庸词、铺垫句不要做成锚点。
   - 颜色建议：`#EF4444`（警示/反转/负面/结论）、`#000000`（事实/术语/数据）。动画 `anim`：`spring` | `slideUp` | `popIn` | `highlight`。
   - 音效可选(仅写在锚点对象上的 `audioEffect`)：`impact_thud` | `ping` | `woosh`

2. 视觉标题与字幕分离（仅当 SCHEMA 要求 `notText` / `butText` / `conceptName`、或 DOS_AND_DONTS 的 `left.label` / `right.label` 等时）：

   - 填**极简关键词（约 2～6 字）**，禁止把整句台词搬进标题字段。



## 输出格式（严格 JSON，不要 markdown 代码块）
补全当前模板的param,非数组：
{ "param": { ... } }

===========================================================================================
---------------------------------------- RESPONSE ----------------------------------------
time: 2026-06-29 22:23:37
attempt: 1/3

[OUTPUT]
{"param":{"coreSentence":[{"text":"对了一半。","showFrom":0}]}}
-------------------------------------------------------------------------------------------

======================================== REQUEST ========================================
time: 2026-06-29 22:23:37
provider: deepseek
model: deepseek-v4-pro
retries: 3

[PROMPT]
你是短视频字幕与画面细节处理专家。请把指定台词细化为字模显示参数。


## 完整段落上下文（仅供理解整体语境，判断当前句子的重要性）
在中国生活实在太便利了！
9块9包邮的产品一大把，
深更半夜点外卖，还能半小时就给送到了。  
客服24小时在线，都是秒回。

很多人张口就来，自豪得不行。  
“这一切，都因为咱们基建牛逼！高铁、5G，世界第一！”
对了一半。
基建确实把物流成本砸下来了。  
可算法再牛，也爬不上六楼。  
最后三公里，永远靠两条人腿在跑。
真正撑起这极致便利的，  
不是钢筋水泥，  
而是极其廉价的人力，和不要命的汗水。


## 🎯 待处理的目标文案
基建确实把物流成本砸下来了。 可算法再牛，也爬不上六楼。 最后三公里，永远靠两条人腿在跑。

## 目标文案content的数组结构
生成模板参数时，format为content_index的字段依据此数组选择匹配的索引，用于决定相应内容出现在动画中的时机

[
  {
    "index": 0,
    "text": "基建确实把物流成本砸下来了。"
  },
  {
    "index": 1,
    "text": " 可算法再牛，"
  },
  {
    "index": 2,
    "text": "也爬不上六楼。"
  },
  {
    "index": 3,
    "text": " 最后三公里，"
  },
  {
    "index": 4,
    "text": "永远靠两条人腿在跑。"
  }
]


## 选定模板及参数规范

模板名称：BEAT_SEQUENCE

参数 Schema 说明：

{
  "type": "object",
  "properties": {
    "stages": {
      "type": "array",
      "minItems": 2,
      "maxItems": 4,
      "description": "配图序列：每条 stage 一张图；imageSrc、enterEffect、可选 tone（calm|alert）、可选 showFrom（对齐镜头外层 content[] 下标）",
      "items": {
        "type": "object",
        "required": [
          "imageSrc"
        ],
        "properties": {
          "imageSrc": {
            "type": "string",
            "format": "image_prompt",
            "description": "该节拍配图提示词"
          },
          "enterEffect": {
            "type": "string",
            "enum": [
              "breathe",
              "slideLeft",
              "slideBottom",
              "zoomIn",
              "fadeIn"
            ],
            "default": "breathe",
            "description": "入场效果"
          },
          "tone": {
            "type": "string",
            "enum": [
              "calm",
              "alert"
            ],
            "description": "首条可 calm，其余默认可 alert"
          },
          "showFrom": {
            "type": "content_index",
            "minimum": 0,
            "description": "镜头 item 外层 content 数组（与 param 同级）的 0-based 下标；从该条 startFrame 起显示本图。省略则等于当前 stages 下标 i（与第 i 条口播同步）"
          }
        }
      }
    }
  },
  "required": [
    "stages"
  ]
}

// 口播条数（已由程序写入 CONTENT_STR，勿在 param 中输出 content）：口播分句（item.content）至少 2 条；口播分句至多 4 条（超出会被校验器告警）


模板该项的示例供参考：

{
  "template": "BEAT_SEQUENCE",
  "param": {
    "stages": [
      {
        "imageSrc": "问句配图简笔画",
        "enterEffect": "breathe"
      },
      {
        "imageSrc": "转折警示配图",
        "enterEffect": "slideBottom"
      },
      {
        "imageSrc": "结论冲击配图",
        "enterEffect": "slideBottom"
      }
    ]
  }
}


注意：如果该模板生成的参数包含图片视觉描述（如 imageSrc / leftSrc / rightSrc 等等），请只描述纯视觉场景与动作，绝不要包含任何文字、标语或注音。


## 其他通用说明
1. 锚点（Anchor）— 克制与高价值（适用于 SCHEMA 或上文允许出现锚点/高亮时）：
   - 多数句子应**无锚点**；拿不准就留空或 `[]`，避免满屏高亮。
   - 如果一定需要锚点，只选**整段里真正的高潮、反转或核心名词**（宜 2～4 字、有记忆点）；平庸词、铺垫句不要做成锚点。
   - 颜色建议：`#EF4444`（警示/反转/负面/结论）、`#000000`（事实/术语/数据）。动画 `anim`：`spring` | `slideUp` | `popIn` | `highlight`。
   - 音效可选(仅写在锚点对象上的 `audioEffect`)：`impact_thud` | `ping` | `woosh`

2. 视觉标题与字幕分离（仅当 SCHEMA 要求 `notText` / `butText` / `conceptName`、或 DOS_AND_DONTS 的 `left.label` / `right.label` 等时）：

   - 填**极简关键词（约 2～6 字）**，禁止把整句台词搬进标题字段。



## 输出格式（严格 JSON，不要 markdown 代码块）
补全当前模板的param,非数组：
{ "param": { ... } }

===========================================================================================
---------------------------------------- RESPONSE ----------------------------------------
time: 2026-06-29 22:23:58
attempt: 1/3

[OUTPUT]
{
  "param": {
    "stages": [
      {
        "imageSrc": "巨大的物流仓库内，自动化分拣传送带高速运转，包裹密集流动，光线明亮，工业感强烈",
        "enterEffect": "breathe",
        "tone": "calm",
        "showFrom": 0
      },
      {
        "imageSrc": "老旧的居民楼楼梯间，一名快递员背着大包裹，吃力地爬楼梯，汗水滴落在台阶上，昏暗灯光下，体现人力艰辛",
        "enterEffect": "slideBottom",
        "tone": "alert",
        "showFrom": 1
      },
      {
        "imageSrc": "城市的街道上，外卖骑手骑着电动车在车流中穿梭，手里提着外卖，争分夺秒，汗水浸湿衣服，体现人力奔波",
        "enterEffect": "slideBottom",
        "tone": "alert",
        "showFrom": 3
      }
    ]
  }
}
-------------------------------------------------------------------------------------------

======================================== REQUEST ========================================
time: 2026-06-29 22:23:58
provider: deepseek
model: deepseek-v4-pro
retries: 3

[PROMPT]
你是短视频字幕与画面细节处理专家。请把指定台词细化为字模显示参数。


## 完整段落上下文（仅供理解整体语境，判断当前句子的重要性）
在中国生活实在太便利了！
9块9包邮的产品一大把，
深更半夜点外卖，还能半小时就给送到了。  
客服24小时在线，都是秒回。

很多人张口就来，自豪得不行。  
“这一切，都因为咱们基建牛逼！高铁、5G，世界第一！”
对了一半。
基建确实把物流成本砸下来了。  
可算法再牛，也爬不上六楼。  
最后三公里，永远靠两条人腿在跑。
真正撑起这极致便利的，  
不是钢筋水泥，  
而是极其廉价的人力，和不要命的汗水。


## 🎯 待处理的目标文案
真正撑起这极致便利的， 不是钢筋水泥， 而是极其廉价的人力，和不要命的汗水。

## 目标文案content的数组结构
生成模板参数时，format为content_index的字段依据此数组选择匹配的索引，用于决定相应内容出现在动画中的时机

[
  {
    "index": 0,
    "text": "真正撑起这极致便利的，"
  },
  {
    "index": 1,
    "text": " 不是钢筋水泥，"
  },
  {
    "index": 2,
    "text": " 而是极其廉价的人力，"
  },
  {
    "index": 3,
    "text": "和不要命的汗水。"
  }
]


## 选定模板及参数规范

模板名称：COGNITIVE_SHIFT

参数 Schema 说明：

{
  "type": "object",
  "properties": {
    "notText": {
      "type": "string",
      "description": "被否认知（‘不是’后面的内容）的精炼短句，不超过12个字，"
    },
    "butText": {
      "type": "string",
      "description": "真实认知（‘而是’后面的内容）的精炼短句，不超过12个字"
    },
    "butSrc": {
      "type": "string",
      "format": "image_prompt",
      "description": "真实认知的配图"
    },
    "notContentIndex": {
      "type": "integer",
      "format": "content_index",
      "description": "触发「不是」动画的字幕段索引（默认 0）"
    },
    "butContentIndex": {
      "type": "integer",
      "format": "content_index",
      "description": "触发「而是」动画的字幕段索引（默认 1）"
    }
  },
  "required": [
    "notText",
    "butText"
  ]
}


模板该项的示例供参考：

{
  "template": "COGNITIVE_SHIFT",
  "content": [
    "我们都不应该靠勤奋拼命",
    "我们都应该是靠认知和选择",
    "这样我才能成功"
  ],
  "param": {
    "notText": "靠勤奋拼命",
    "butText": "靠认知和选择",
    "butSrc": "站在高处看地图的思考者",
    "notContentIndex": 0,
    "butContentIndex": 1
  }
}


注意：如果该模板生成的参数包含图片视觉描述（如 imageSrc / leftSrc / rightSrc 等等），请只描述纯视觉场景与动作，绝不要包含任何文字、标语或注音。


## 其他通用说明
1. 锚点（Anchor）— 克制与高价值（适用于 SCHEMA 或上文允许出现锚点/高亮时）：
   - 多数句子应**无锚点**；拿不准就留空或 `[]`，避免满屏高亮。
   - 如果一定需要锚点，只选**整段里真正的高潮、反转或核心名词**（宜 2～4 字、有记忆点）；平庸词、铺垫句不要做成锚点。
   - 颜色建议：`#EF4444`（警示/反转/负面/结论）、`#000000`（事实/术语/数据）。动画 `anim`：`spring` | `slideUp` | `popIn` | `highlight`。
   - 音效可选(仅写在锚点对象上的 `audioEffect`)：`impact_thud` | `ping` | `woosh`

2. 视觉标题与字幕分离（仅当 SCHEMA 要求 `notText` / `butText` / `conceptName`、或 DOS_AND_DONTS 的 `left.label` / `right.label` 等时）：

   - 填**极简关键词（约 2～6 字）**，禁止把整句台词搬进标题字段。



## 输出格式（严格 JSON，不要 markdown 代码块）
补全当前模板的param,非数组：
{ "param": { ... } }

===========================================================================================
---------------------------------------- RESPONSE ----------------------------------------
time: 2026-06-29 22:24:13
attempt: 1/3

[OUTPUT]
{
  "param": {
    "notText": "钢筋水泥",
    "butText": "廉价人力，不要命的汗水",
    "butSrc": "暴雨夜晚，一名外卖骑手推着电动车，全身湿透，脸上的汗水与雨水交融，眼神疲惫却坚定",
    "notContentIndex": 1,
    "butContentIndex": 2
  }
}
-------------------------------------------------------------------------------------------

======================================== REQUEST ========================================
time: 2026-06-29 22:24:13
provider: deepseek
model: deepseek-v4-pro
retries: 3

[PROMPT]
你是短视频字幕与画面细节处理专家。请把指定台词细化为字模显示参数。


## 完整段落上下文（仅供理解整体语境，判断当前句子的重要性）
看看你身边这些画面。
流水线上的阿姨，一天干12个小时。  
组装一个小零件，才赚几厘钱。  

暴雨夜里，外卖小哥骑着电动车狂奔。
一单只赚三五块，超时平台就扣钱。
为了准时送达，他们闯红灯、逆行、爬楼梯，
汗水混着雨水，腿都快跑断了。

半夜一点，客服秒回你。  
态度好到甩欧美几条街。  
背后呢？三四千底薪的年轻人，  
背着回复速度的KPI，连上厕所都要掐表。


## 🎯 待处理的目标文案
看看你身边这些画面。

## 目标文案content的数组结构
生成模板参数时，format为content_index的字段依据此数组选择匹配的索引，用于决定相应内容出现在动画中的时机

[
  {
    "index": 0,
    "text": "看看你身边这些画面。"
  }
]


## 选定模板及参数规范

模板名称：CENTER_FOCUS

参数 Schema 说明：

{
  "type": "object",
  "properties": {
    "imageSrc": {
      "type": "string",
      "format": "image_prompt",
      "description": "主图描述"
    },
    "enterEffect": {
      "type": "string",
      "enum": [
        "fadeIn",
        "slideLeft",
        "slideBottom",
        "zoomIn"
      ],
      "default": "fadeIn",
      "description": "图片入场方式（breathe 呼吸效果始终常驻，无需指定）"
    },
    "anchors": {
      "type": "array",
      "description": "可选；用于锚点词展示（顶部依次出现并保留为列表），并绑定锚点出现时机的音效。showFrom 须落在当前 content 条数范围内。注意 **保持克制，尽量少设置锚点** 只提取整段里真正的高潮、反转或核心名词",
      "items": {
        "type": "object",
        "required": [
          "text",
          "showFrom"
        ],
        "properties": {
          "text": {
            "type": "string",
            "description": "要展示的锚点词"
          },
          "showFrom": {
            "type": "integer",
            "format": "content_index",
            "description": "content 数组下标（0-based），非帧数；合法范围 0～(content 条数-1)，超出会被校验丢弃"
          },
          "color": {
            "type": "string"
          },
          "anim": {
            "type": "string",
            "enum": [
              "spring",
              "slideUp",
              "popIn",
              "highlight"
            ]
          },
          "audioEffect": {
            "type": "string",
            "enum": [
              "impact_thud",
              "ping",
              "woosh"
            ]
          }
        }
      }
    }
  },
  "required": [
    "imageSrc"
  ]
}


模板该项的示例供参考：

{
  "template": "CENTER_FOCUS",
  "param": {
    "imageSrc": "上班族坐在电脑前的简笔画图标",
    "enterEffect": "fadeIn",
    "anchors": [
      {
        "text": "可得性启发",
        "showFrom": 0,
        "color": "red"
      }
    ]
  }
}


注意：如果该模板生成的参数包含图片视觉描述（如 imageSrc / leftSrc / rightSrc 等等），请只描述纯视觉场景与动作，绝不要包含任何文字、标语或注音。


## 其他通用说明
1. 锚点（Anchor）— 克制与高价值（适用于 SCHEMA 或上文允许出现锚点/高亮时）：
   - 多数句子应**无锚点**；拿不准就留空或 `[]`，避免满屏高亮。
   - 如果一定需要锚点，只选**整段里真正的高潮、反转或核心名词**（宜 2～4 字、有记忆点）；平庸词、铺垫句不要做成锚点。
   - 颜色建议：`#EF4444`（警示/反转/负面/结论）、`#000000`（事实/术语/数据）。动画 `anim`：`spring` | `slideUp` | `popIn` | `highlight`。
   - 音效可选(仅写在锚点对象上的 `audioEffect`)：`impact_thud` | `ping` | `woosh`

2. 视觉标题与字幕分离（仅当 SCHEMA 要求 `notText` / `butText` / `conceptName`、或 DOS_AND_DONTS 的 `left.label` / `right.label` 等时）：

   - 填**极简关键词（约 2～6 字）**，禁止把整句台词搬进标题字段。



## 输出格式（严格 JSON，不要 markdown 代码块）
补全当前模板的param,非数组：
{ "param": { ... } }

===========================================================================================
---------------------------------------- RESPONSE ----------------------------------------
time: 2026-06-29 22:24:18
attempt: 1/3

[OUTPUT]
{"param": {"imageSrc": "城市街道上人们匆忙行走的日常场景，远处有工厂和办公楼", "enterEffect": "fadeIn", "anchors": []}}
-------------------------------------------------------------------------------------------

======================================== REQUEST ========================================
time: 2026-06-29 22:24:18
provider: deepseek
model: deepseek-v4-pro
retries: 3

[PROMPT]
你是短视频字幕与画面细节处理专家。请把指定台词细化为字模显示参数。


## 完整段落上下文（仅供理解整体语境，判断当前句子的重要性）
看看你身边这些画面。
流水线上的阿姨，一天干12个小时。  
组装一个小零件，才赚几厘钱。  

暴雨夜里，外卖小哥骑着电动车狂奔。
一单只赚三五块，超时平台就扣钱。
为了准时送达，他们闯红灯、逆行、爬楼梯，
汗水混着雨水，腿都快跑断了。

半夜一点，客服秒回你。  
态度好到甩欧美几条街。  
背后呢？三四千底薪的年轻人，  
背着回复速度的KPI，连上厕所都要掐表。


## 🎯 待处理的目标文案
流水线上的阿姨，一天干12个小时。组装一个小零件，才赚几厘钱。

## 目标文案content的数组结构
生成模板参数时，format为content_index的字段依据此数组选择匹配的索引，用于决定相应内容出现在动画中的时机

[
  {
    "index": 0,
    "text": "流水线上的阿姨，"
  },
  {
    "index": 1,
    "text": "一天干12个小时。"
  },
  {
    "index": 2,
    "text": "组装一个小零件，"
  },
  {
    "index": 3,
    "text": "才赚几厘钱。"
  }
]


## 选定模板及参数规范

模板名称：CENTER_FOCUS

参数 Schema 说明：

{
  "type": "object",
  "properties": {
    "imageSrc": {
      "type": "string",
      "format": "image_prompt",
      "description": "主图描述"
    },
    "enterEffect": {
      "type": "string",
      "enum": [
        "fadeIn",
        "slideLeft",
        "slideBottom",
        "zoomIn"
      ],
      "default": "fadeIn",
      "description": "图片入场方式（breathe 呼吸效果始终常驻，无需指定）"
    },
    "anchors": {
      "type": "array",
      "description": "可选；用于锚点词展示（顶部依次出现并保留为列表），并绑定锚点出现时机的音效。showFrom 须落在当前 content 条数范围内。注意 **保持克制，尽量少设置锚点** 只提取整段里真正的高潮、反转或核心名词",
      "items": {
        "type": "object",
        "required": [
          "text",
          "showFrom"
        ],
        "properties": {
          "text": {
            "type": "string",
            "description": "要展示的锚点词"
          },
          "showFrom": {
            "type": "integer",
            "format": "content_index",
            "description": "content 数组下标（0-based），非帧数；合法范围 0～(content 条数-1)，超出会被校验丢弃"
          },
          "color": {
            "type": "string"
          },
          "anim": {
            "type": "string",
            "enum": [
              "spring",
              "slideUp",
              "popIn",
              "highlight"
            ]
          },
          "audioEffect": {
            "type": "string",
            "enum": [
              "impact_thud",
              "ping",
              "woosh"
            ]
          }
        }
      }
    }
  },
  "required": [
    "imageSrc"
  ]
}


模板该项的示例供参考：

{
  "template": "CENTER_FOCUS",
  "param": {
    "imageSrc": "上班族坐在电脑前的简笔画图标",
    "enterEffect": "fadeIn",
    "anchors": [
      {
        "text": "可得性启发",
        "showFrom": 0,
        "color": "red"
      }
    ]
  }
}


注意：如果该模板生成的参数包含图片视觉描述（如 imageSrc / leftSrc / rightSrc 等等），请只描述纯视觉场景与动作，绝不要包含任何文字、标语或注音。


## 其他通用说明
1. 锚点（Anchor）— 克制与高价值（适用于 SCHEMA 或上文允许出现锚点/高亮时）：
   - 多数句子应**无锚点**；拿不准就留空或 `[]`，避免满屏高亮。
   - 如果一定需要锚点，只选**整段里真正的高潮、反转或核心名词**（宜 2～4 字、有记忆点）；平庸词、铺垫句不要做成锚点。
   - 颜色建议：`#EF4444`（警示/反转/负面/结论）、`#000000`（事实/术语/数据）。动画 `anim`：`spring` | `slideUp` | `popIn` | `highlight`。
   - 音效可选(仅写在锚点对象上的 `audioEffect`)：`impact_thud` | `ping` | `woosh`

2. 视觉标题与字幕分离（仅当 SCHEMA 要求 `notText` / `butText` / `conceptName`、或 DOS_AND_DONTS 的 `left.label` / `right.label` 等时）：

   - 填**极简关键词（约 2～6 字）**，禁止把整句台词搬进标题字段。



## 输出格式（严格 JSON，不要 markdown 代码块）
补全当前模板的param,非数组：
{ "param": { ... } }

===========================================================================================
---------------------------------------- RESPONSE ----------------------------------------
time: 2026-06-29 22:24:33
attempt: 1/3

[OUTPUT]
{"param": {"imageSrc": "一位中年女工在流水线上忙碌，手上拿着小零件，背景是嘈杂的工厂车间，她神情疲惫，墙上时钟显示已连续工作很久。", "enterEffect": "fadeIn", "anchors": [{"text": "12个小时", "showFrom": 1, "color": "#EF4444", "anim": "spring"}, {"text": "几厘钱", "showFrom": 3, "color": "#EF4444", "anim": "popIn"}]}}
-------------------------------------------------------------------------------------------

======================================== REQUEST ========================================
time: 2026-06-29 22:24:33
provider: deepseek
model: deepseek-v4-pro
retries: 3

[PROMPT]
你是短视频字幕与画面细节处理专家。请把指定台词细化为字模显示参数。


## 完整段落上下文（仅供理解整体语境，判断当前句子的重要性）
看看你身边这些画面。
流水线上的阿姨，一天干12个小时。  
组装一个小零件，才赚几厘钱。  

暴雨夜里，外卖小哥骑着电动车狂奔。
一单只赚三五块，超时平台就扣钱。
为了准时送达，他们闯红灯、逆行、爬楼梯，
汗水混着雨水，腿都快跑断了。

半夜一点，客服秒回你。  
态度好到甩欧美几条街。  
背后呢？三四千底薪的年轻人，  
背着回复速度的KPI，连上厕所都要掐表。


## 🎯 待处理的目标文案
暴雨夜里，外卖小哥骑着电动车狂奔。

## 目标文案content的数组结构
生成模板参数时，format为content_index的字段依据此数组选择匹配的索引，用于决定相应内容出现在动画中的时机

[
  {
    "index": 0,
    "text": "暴雨夜里，"
  },
  {
    "index": 1,
    "text": "外卖小哥骑着电动车狂奔。"
  }
]


## 选定模板及参数规范

模板名称：CENTER_FOCUS

参数 Schema 说明：

{
  "type": "object",
  "properties": {
    "imageSrc": {
      "type": "string",
      "format": "image_prompt",
      "description": "主图描述"
    },
    "enterEffect": {
      "type": "string",
      "enum": [
        "fadeIn",
        "slideLeft",
        "slideBottom",
        "zoomIn"
      ],
      "default": "fadeIn",
      "description": "图片入场方式（breathe 呼吸效果始终常驻，无需指定）"
    },
    "anchors": {
      "type": "array",
      "description": "可选；用于锚点词展示（顶部依次出现并保留为列表），并绑定锚点出现时机的音效。showFrom 须落在当前 content 条数范围内。注意 **保持克制，尽量少设置锚点** 只提取整段里真正的高潮、反转或核心名词",
      "items": {
        "type": "object",
        "required": [
          "text",
          "showFrom"
        ],
        "properties": {
          "text": {
            "type": "string",
            "description": "要展示的锚点词"
          },
          "showFrom": {
            "type": "integer",
            "format": "content_index",
            "description": "content 数组下标（0-based），非帧数；合法范围 0～(content 条数-1)，超出会被校验丢弃"
          },
          "color": {
            "type": "string"
          },
          "anim": {
            "type": "string",
            "enum": [
              "spring",
              "slideUp",
              "popIn",
              "highlight"
            ]
          },
          "audioEffect": {
            "type": "string",
            "enum": [
              "impact_thud",
              "ping",
              "woosh"
            ]
          }
        }
      }
    }
  },
  "required": [
    "imageSrc"
  ]
}


模板该项的示例供参考：

{
  "template": "CENTER_FOCUS",
  "param": {
    "imageSrc": "上班族坐在电脑前的简笔画图标",
    "enterEffect": "fadeIn",
    "anchors": [
      {
        "text": "可得性启发",
        "showFrom": 0,
        "color": "red"
      }
    ]
  }
}


注意：如果该模板生成的参数包含图片视觉描述（如 imageSrc / leftSrc / rightSrc 等等），请只描述纯视觉场景与动作，绝不要包含任何文字、标语或注音。


## 其他通用说明
1. 锚点（Anchor）— 克制与高价值（适用于 SCHEMA 或上文允许出现锚点/高亮时）：
   - 多数句子应**无锚点**；拿不准就留空或 `[]`，避免满屏高亮。
   - 如果一定需要锚点，只选**整段里真正的高潮、反转或核心名词**（宜 2～4 字、有记忆点）；平庸词、铺垫句不要做成锚点。
   - 颜色建议：`#EF4444`（警示/反转/负面/结论）、`#000000`（事实/术语/数据）。动画 `anim`：`spring` | `slideUp` | `popIn` | `highlight`。
   - 音效可选(仅写在锚点对象上的 `audioEffect`)：`impact_thud` | `ping` | `woosh`

2. 视觉标题与字幕分离（仅当 SCHEMA 要求 `notText` / `butText` / `conceptName`、或 DOS_AND_DONTS 的 `left.label` / `right.label` 等时）：

   - 填**极简关键词（约 2～6 字）**，禁止把整句台词搬进标题字段。



## 输出格式（严格 JSON，不要 markdown 代码块）
补全当前模板的param,非数组：
{ "param": { ... } }

===========================================================================================
---------------------------------------- RESPONSE ----------------------------------------
time: 2026-06-29 22:24:44
attempt: 1/3

[OUTPUT]
{ "param": { "imageSrc": "暴雨夜的城市街道，身穿雨衣的外卖小哥骑着电动车飞速行驶，车灯照亮前方雨幕，溅起水花。", "enterEffect": "fadeIn", "anchors": [] } }
-------------------------------------------------------------------------------------------

======================================== REQUEST ========================================
time: 2026-06-29 22:24:44
provider: deepseek
model: deepseek-v4-pro
retries: 3

[PROMPT]
你是短视频字幕与画面细节处理专家。请把指定台词细化为字模显示参数。


## 完整段落上下文（仅供理解整体语境，判断当前句子的重要性）
看看你身边这些画面。
流水线上的阿姨，一天干12个小时。  
组装一个小零件，才赚几厘钱。  

暴雨夜里，外卖小哥骑着电动车狂奔。
一单只赚三五块，超时平台就扣钱。
为了准时送达，他们闯红灯、逆行、爬楼梯，
汗水混着雨水，腿都快跑断了。

半夜一点，客服秒回你。  
态度好到甩欧美几条街。  
背后呢？三四千底薪的年轻人，  
背着回复速度的KPI，连上厕所都要掐表。


## 🎯 待处理的目标文案
一单只赚三五块，超时平台就扣钱。

## 目标文案content的数组结构
生成模板参数时，format为content_index的字段依据此数组选择匹配的索引，用于决定相应内容出现在动画中的时机

[
  {
    "index": 0,
    "text": "一单只赚三五块，"
  },
  {
    "index": 1,
    "text": "超时平台就扣钱。"
  }
]


## 选定模板及参数规范

模板名称：CENTER_FOCUS

参数 Schema 说明：

{
  "type": "object",
  "properties": {
    "imageSrc": {
      "type": "string",
      "format": "image_prompt",
      "description": "主图描述"
    },
    "enterEffect": {
      "type": "string",
      "enum": [
        "fadeIn",
        "slideLeft",
        "slideBottom",
        "zoomIn"
      ],
      "default": "fadeIn",
      "description": "图片入场方式（breathe 呼吸效果始终常驻，无需指定）"
    },
    "anchors": {
      "type": "array",
      "description": "可选；用于锚点词展示（顶部依次出现并保留为列表），并绑定锚点出现时机的音效。showFrom 须落在当前 content 条数范围内。注意 **保持克制，尽量少设置锚点** 只提取整段里真正的高潮、反转或核心名词",
      "items": {
        "type": "object",
        "required": [
          "text",
          "showFrom"
        ],
        "properties": {
          "text": {
            "type": "string",
            "description": "要展示的锚点词"
          },
          "showFrom": {
            "type": "integer",
            "format": "content_index",
            "description": "content 数组下标（0-based），非帧数；合法范围 0～(content 条数-1)，超出会被校验丢弃"
          },
          "color": {
            "type": "string"
          },
          "anim": {
            "type": "string",
            "enum": [
              "spring",
              "slideUp",
              "popIn",
              "highlight"
            ]
          },
          "audioEffect": {
            "type": "string",
            "enum": [
              "impact_thud",
              "ping",
              "woosh"
            ]
          }
        }
      }
    }
  },
  "required": [
    "imageSrc"
  ]
}


模板该项的示例供参考：

{
  "template": "CENTER_FOCUS",
  "param": {
    "imageSrc": "上班族坐在电脑前的简笔画图标",
    "enterEffect": "fadeIn",
    "anchors": [
      {
        "text": "可得性启发",
        "showFrom": 0,
        "color": "red"
      }
    ]
  }
}


注意：如果该模板生成的参数包含图片视觉描述（如 imageSrc / leftSrc / rightSrc 等等），请只描述纯视觉场景与动作，绝不要包含任何文字、标语或注音。


## 其他通用说明
1. 锚点（Anchor）— 克制与高价值（适用于 SCHEMA 或上文允许出现锚点/高亮时）：
   - 多数句子应**无锚点**；拿不准就留空或 `[]`，避免满屏高亮。
   - 如果一定需要锚点，只选**整段里真正的高潮、反转或核心名词**（宜 2～4 字、有记忆点）；平庸词、铺垫句不要做成锚点。
   - 颜色建议：`#EF4444`（警示/反转/负面/结论）、`#000000`（事实/术语/数据）。动画 `anim`：`spring` | `slideUp` | `popIn` | `highlight`。
   - 音效可选(仅写在锚点对象上的 `audioEffect`)：`impact_thud` | `ping` | `woosh`

2. 视觉标题与字幕分离（仅当 SCHEMA 要求 `notText` / `butText` / `conceptName`、或 DOS_AND_DONTS 的 `left.label` / `right.label` 等时）：

   - 填**极简关键词（约 2～6 字）**，禁止把整句台词搬进标题字段。



## 输出格式（严格 JSON，不要 markdown 代码块）
补全当前模板的param,非数组：
{ "param": { ... } }

===========================================================================================
---------------------------------------- RESPONSE ----------------------------------------
time: 2026-06-29 22:24:53
attempt: 1/3

[OUTPUT]
{
  "param": {
    "imageSrc": "暴雨夜里，外卖骑手骑着电动车在马路上疾驰，车后座的外卖箱印着平台标志，雨水打湿了头盔和雨衣，路灯灯光在积水中反射",
    "enterEffect": "fadeIn",
    "anchors": [
      {
        "text": "扣钱",
        "showFrom": 1,
        "color": "#EF4444",
        "anim": "spring",
        "audioEffect": "impact_thud"
      }
    ]
  }
}
-------------------------------------------------------------------------------------------

======================================== REQUEST ========================================
time: 2026-06-29 22:24:53
provider: deepseek
model: deepseek-v4-pro
retries: 3

[PROMPT]
你是短视频字幕与画面细节处理专家。请把指定台词细化为字模显示参数。


## 完整段落上下文（仅供理解整体语境，判断当前句子的重要性）
看看你身边这些画面。
流水线上的阿姨，一天干12个小时。  
组装一个小零件，才赚几厘钱。  

暴雨夜里，外卖小哥骑着电动车狂奔。
一单只赚三五块，超时平台就扣钱。
为了准时送达，他们闯红灯、逆行、爬楼梯，
汗水混着雨水，腿都快跑断了。

半夜一点，客服秒回你。  
态度好到甩欧美几条街。  
背后呢？三四千底薪的年轻人，  
背着回复速度的KPI，连上厕所都要掐表。


## 🎯 待处理的目标文案
为了准时送达，他们闯红灯、逆行、爬楼梯，汗水混着雨水，腿都快跑断了。

## 目标文案content的数组结构
生成模板参数时，format为content_index的字段依据此数组选择匹配的索引，用于决定相应内容出现在动画中的时机

[
  {
    "index": 0,
    "text": "为了准时送达，"
  },
  {
    "index": 1,
    "text": "他们闯红灯、"
  },
  {
    "index": 2,
    "text": "逆行、"
  },
  {
    "index": 3,
    "text": "爬楼梯，"
  },
  {
    "index": 4,
    "text": "汗水混着雨水，"
  },
  {
    "index": 5,
    "text": "腿都快跑断了。"
  }
]


## 选定模板及参数规范

模板名称：BEAT_SEQUENCE

参数 Schema 说明：

{
  "type": "object",
  "properties": {
    "stages": {
      "type": "array",
      "minItems": 2,
      "maxItems": 4,
      "description": "配图序列：每条 stage 一张图；imageSrc、enterEffect、可选 tone（calm|alert）、可选 showFrom（对齐镜头外层 content[] 下标）",
      "items": {
        "type": "object",
        "required": [
          "imageSrc"
        ],
        "properties": {
          "imageSrc": {
            "type": "string",
            "format": "image_prompt",
            "description": "该节拍配图提示词"
          },
          "enterEffect": {
            "type": "string",
            "enum": [
              "breathe",
              "slideLeft",
              "slideBottom",
              "zoomIn",
              "fadeIn"
            ],
            "default": "breathe",
            "description": "入场效果"
          },
          "tone": {
            "type": "string",
            "enum": [
              "calm",
              "alert"
            ],
            "description": "首条可 calm，其余默认可 alert"
          },
          "showFrom": {
            "type": "content_index",
            "minimum": 0,
            "description": "镜头 item 外层 content 数组（与 param 同级）的 0-based 下标；从该条 startFrame 起显示本图。省略则等于当前 stages 下标 i（与第 i 条口播同步）"
          }
        }
      }
    }
  },
  "required": [
    "stages"
  ]
}

// 口播条数（已由程序写入 CONTENT_STR，勿在 param 中输出 content）：口播分句（item.content）至少 2 条；口播分句至多 4 条（超出会被校验器告警）


模板该项的示例供参考：

{
  "template": "BEAT_SEQUENCE",
  "param": {
    "stages": [
      {
        "imageSrc": "问句配图简笔画",
        "enterEffect": "breathe"
      },
      {
        "imageSrc": "转折警示配图",
        "enterEffect": "slideBottom"
      },
      {
        "imageSrc": "结论冲击配图",
        "enterEffect": "slideBottom"
      }
    ]
  }
}


注意：如果该模板生成的参数包含图片视觉描述（如 imageSrc / leftSrc / rightSrc 等等），请只描述纯视觉场景与动作，绝不要包含任何文字、标语或注音。


## 其他通用说明
1. 锚点（Anchor）— 克制与高价值（适用于 SCHEMA 或上文允许出现锚点/高亮时）：
   - 多数句子应**无锚点**；拿不准就留空或 `[]`，避免满屏高亮。
   - 如果一定需要锚点，只选**整段里真正的高潮、反转或核心名词**（宜 2～4 字、有记忆点）；平庸词、铺垫句不要做成锚点。
   - 颜色建议：`#EF4444`（警示/反转/负面/结论）、`#000000`（事实/术语/数据）。动画 `anim`：`spring` | `slideUp` | `popIn` | `highlight`。
   - 音效可选(仅写在锚点对象上的 `audioEffect`)：`impact_thud` | `ping` | `woosh`

2. 视觉标题与字幕分离（仅当 SCHEMA 要求 `notText` / `butText` / `conceptName`、或 DOS_AND_DONTS 的 `left.label` / `right.label` 等时）：

   - 填**极简关键词（约 2～6 字）**，禁止把整句台词搬进标题字段。



## 输出格式（严格 JSON，不要 markdown 代码块）
补全当前模板的param,非数组：
{ "param": { ... } }

===========================================================================================
---------------------------------------- RESPONSE ----------------------------------------
time: 2026-06-29 22:25:08
attempt: 1/3

[OUTPUT]
{
  "param": {
    "stages": [
      {
        "imageSrc": "暴雨中，外卖骑手盯着手机，神色焦急地查看订单倒计时",
        "enterEffect": "breathe",
        "tone": "calm"
      },
      {
        "imageSrc": "十字路口，外卖电动车闯过红灯，在车流间穿梭",
        "enterEffect": "slideBottom",
        "tone": "alert",
        "showFrom": 1
      },
      {
        "imageSrc": "外卖小哥在楼梯间拼命奔跑，满脸汗水和雨水，表情疲惫而挣扎",
        "enterEffect": "slideLeft",
        "tone": "alert",
        "showFrom": 4
      }
    ]
  }
}
-------------------------------------------------------------------------------------------

======================================== REQUEST ========================================
time: 2026-06-29 22:25:08
provider: deepseek
model: deepseek-v4-pro
retries: 3

[PROMPT]
你是短视频字幕与画面细节处理专家。请把指定台词细化为字模显示参数。


## 完整段落上下文（仅供理解整体语境，判断当前句子的重要性）
看看你身边这些画面。
流水线上的阿姨，一天干12个小时。  
组装一个小零件，才赚几厘钱。  

暴雨夜里，外卖小哥骑着电动车狂奔。
一单只赚三五块，超时平台就扣钱。
为了准时送达，他们闯红灯、逆行、爬楼梯，
汗水混着雨水，腿都快跑断了。

半夜一点，客服秒回你。  
态度好到甩欧美几条街。  
背后呢？三四千底薪的年轻人，  
背着回复速度的KPI，连上厕所都要掐表。


## 🎯 待处理的目标文案
半夜一点，客服秒回你。态度好到甩欧美几条街。

## 目标文案content的数组结构
生成模板参数时，format为content_index的字段依据此数组选择匹配的索引，用于决定相应内容出现在动画中的时机

[
  {
    "index": 0,
    "text": "半夜一点，"
  },
  {
    "index": 1,
    "text": "客服秒回你。"
  },
  {
    "index": 2,
    "text": "态度好到甩欧美几条街。"
  }
]


## 选定模板及参数规范

模板名称：CENTER_FOCUS

参数 Schema 说明：

{
  "type": "object",
  "properties": {
    "imageSrc": {
      "type": "string",
      "format": "image_prompt",
      "description": "主图描述"
    },
    "enterEffect": {
      "type": "string",
      "enum": [
        "fadeIn",
        "slideLeft",
        "slideBottom",
        "zoomIn"
      ],
      "default": "fadeIn",
      "description": "图片入场方式（breathe 呼吸效果始终常驻，无需指定）"
    },
    "anchors": {
      "type": "array",
      "description": "可选；用于锚点词展示（顶部依次出现并保留为列表），并绑定锚点出现时机的音效。showFrom 须落在当前 content 条数范围内。注意 **保持克制，尽量少设置锚点** 只提取整段里真正的高潮、反转或核心名词",
      "items": {
        "type": "object",
        "required": [
          "text",
          "showFrom"
        ],
        "properties": {
          "text": {
            "type": "string",
            "description": "要展示的锚点词"
          },
          "showFrom": {
            "type": "integer",
            "format": "content_index",
            "description": "content 数组下标（0-based），非帧数；合法范围 0～(content 条数-1)，超出会被校验丢弃"
          },
          "color": {
            "type": "string"
          },
          "anim": {
            "type": "string",
            "enum": [
              "spring",
              "slideUp",
              "popIn",
              "highlight"
            ]
          },
          "audioEffect": {
            "type": "string",
            "enum": [
              "impact_thud",
              "ping",
              "woosh"
            ]
          }
        }
      }
    }
  },
  "required": [
    "imageSrc"
  ]
}


模板该项的示例供参考：

{
  "template": "CENTER_FOCUS",
  "param": {
    "imageSrc": "上班族坐在电脑前的简笔画图标",
    "enterEffect": "fadeIn",
    "anchors": [
      {
        "text": "可得性启发",
        "showFrom": 0,
        "color": "red"
      }
    ]
  }
}


注意：如果该模板生成的参数包含图片视觉描述（如 imageSrc / leftSrc / rightSrc 等等），请只描述纯视觉场景与动作，绝不要包含任何文字、标语或注音。


## 其他通用说明
1. 锚点（Anchor）— 克制与高价值（适用于 SCHEMA 或上文允许出现锚点/高亮时）：
   - 多数句子应**无锚点**；拿不准就留空或 `[]`，避免满屏高亮。
   - 如果一定需要锚点，只选**整段里真正的高潮、反转或核心名词**（宜 2～4 字、有记忆点）；平庸词、铺垫句不要做成锚点。
   - 颜色建议：`#EF4444`（警示/反转/负面/结论）、`#000000`（事实/术语/数据）。动画 `anim`：`spring` | `slideUp` | `popIn` | `highlight`。
   - 音效可选(仅写在锚点对象上的 `audioEffect`)：`impact_thud` | `ping` | `woosh`

2. 视觉标题与字幕分离（仅当 SCHEMA 要求 `notText` / `butText` / `conceptName`、或 DOS_AND_DONTS 的 `left.label` / `right.label` 等时）：

   - 填**极简关键词（约 2～6 字）**，禁止把整句台词搬进标题字段。



## 输出格式（严格 JSON，不要 markdown 代码块）
补全当前模板的param,非数组：
{ "param": { ... } }

===========================================================================================
---------------------------------------- RESPONSE ----------------------------------------
time: 2026-06-29 22:25:25
attempt: 1/3

[OUTPUT]
{
  "param": {
    "imageSrc": "一位女性客服在深夜的办公室内，坐在电脑前戴着耳机，面带微笑快速打字回复客户，窗外是城市夜景，桌上放着一杯热咖啡，屏幕的光照亮她的脸",
    "enterEffect": "fadeIn",
    "anchors": []
  }
}
-------------------------------------------------------------------------------------------

======================================== REQUEST ========================================
time: 2026-06-29 22:25:25
provider: deepseek
model: deepseek-v4-pro
retries: 3

[PROMPT]
你是短视频字幕与画面细节处理专家。请把指定台词细化为字模显示参数。


## 完整段落上下文（仅供理解整体语境，判断当前句子的重要性）
看看你身边这些画面。
流水线上的阿姨，一天干12个小时。  
组装一个小零件，才赚几厘钱。  

暴雨夜里，外卖小哥骑着电动车狂奔。
一单只赚三五块，超时平台就扣钱。
为了准时送达，他们闯红灯、逆行、爬楼梯，
汗水混着雨水，腿都快跑断了。

半夜一点，客服秒回你。  
态度好到甩欧美几条街。  
背后呢？三四千底薪的年轻人，  
背着回复速度的KPI，连上厕所都要掐表。


## 🎯 待处理的目标文案
背后呢？三四千底薪的年轻人，背着回复速度的KPI，连上厕所都要掐表。

## 目标文案content的数组结构
生成模板参数时，format为content_index的字段依据此数组选择匹配的索引，用于决定相应内容出现在动画中的时机

[
  {
    "index": 0,
    "text": "背后呢？"
  },
  {
    "index": 1,
    "text": "三四千底薪的年轻人，"
  },
  {
    "index": 2,
    "text": "背着回复速度的KPI，"
  },
  {
    "index": 3,
    "text": "连上厕所都要掐表。"
  }
]


## 选定模板及参数规范

模板名称：BEAT_SEQUENCE

参数 Schema 说明：

{
  "type": "object",
  "properties": {
    "stages": {
      "type": "array",
      "minItems": 2,
      "maxItems": 4,
      "description": "配图序列：每条 stage 一张图；imageSrc、enterEffect、可选 tone（calm|alert）、可选 showFrom（对齐镜头外层 content[] 下标）",
      "items": {
        "type": "object",
        "required": [
          "imageSrc"
        ],
        "properties": {
          "imageSrc": {
            "type": "string",
            "format": "image_prompt",
            "description": "该节拍配图提示词"
          },
          "enterEffect": {
            "type": "string",
            "enum": [
              "breathe",
              "slideLeft",
              "slideBottom",
              "zoomIn",
              "fadeIn"
            ],
            "default": "breathe",
            "description": "入场效果"
          },
          "tone": {
            "type": "string",
            "enum": [
              "calm",
              "alert"
            ],
            "description": "首条可 calm，其余默认可 alert"
          },
          "showFrom": {
            "type": "content_index",
            "minimum": 0,
            "description": "镜头 item 外层 content 数组（与 param 同级）的 0-based 下标；从该条 startFrame 起显示本图。省略则等于当前 stages 下标 i（与第 i 条口播同步）"
          }
        }
      }
    }
  },
  "required": [
    "stages"
  ]
}

// 口播条数（已由程序写入 CONTENT_STR，勿在 param 中输出 content）：口播分句（item.content）至少 2 条；口播分句至多 4 条（超出会被校验器告警）


模板该项的示例供参考：

{
  "template": "BEAT_SEQUENCE",
  "param": {
    "stages": [
      {
        "imageSrc": "问句配图简笔画",
        "enterEffect": "breathe"
      },
      {
        "imageSrc": "转折警示配图",
        "enterEffect": "slideBottom"
      },
      {
        "imageSrc": "结论冲击配图",
        "enterEffect": "slideBottom"
      }
    ]
  }
}


注意：如果该模板生成的参数包含图片视觉描述（如 imageSrc / leftSrc / rightSrc 等等），请只描述纯视觉场景与动作，绝不要包含任何文字、标语或注音。


## 其他通用说明
1. 锚点（Anchor）— 克制与高价值（适用于 SCHEMA 或上文允许出现锚点/高亮时）：
   - 多数句子应**无锚点**；拿不准就留空或 `[]`，避免满屏高亮。
   - 如果一定需要锚点，只选**整段里真正的高潮、反转或核心名词**（宜 2～4 字、有记忆点）；平庸词、铺垫句不要做成锚点。
   - 颜色建议：`#EF4444`（警示/反转/负面/结论）、`#000000`（事实/术语/数据）。动画 `anim`：`spring` | `slideUp` | `popIn` | `highlight`。
   - 音效可选(仅写在锚点对象上的 `audioEffect`)：`impact_thud` | `ping` | `woosh`

2. 视觉标题与字幕分离（仅当 SCHEMA 要求 `notText` / `butText` / `conceptName`、或 DOS_AND_DONTS 的 `left.label` / `right.label` 等时）：

   - 填**极简关键词（约 2～6 字）**，禁止把整句台词搬进标题字段。



## 输出格式（严格 JSON，不要 markdown 代码块）
补全当前模板的param,非数组：
{ "param": { ... } }

===========================================================================================
---------------------------------------- RESPONSE ----------------------------------------
time: 2026-06-29 22:25:37
attempt: 1/3

[OUTPUT]
{
  "param": {
    "stages": [
      {
        "imageSrc": "半透明问号悬浮在朦胧的城市剪影前，柔光散射",
        "enterEffect": "breathe",
        "tone": "calm"
      },
      {
        "imageSrc": "年轻人坐在昏暗的电脑前，双手揉眼睛，屏幕冷光映出疲惫的脸",
        "enterEffect": "slideBottom",
        "tone": "alert"
      },
      {
        "imageSrc": "电脑屏幕特写，红色KPI仪表盘急速跳动，秒表闪烁警告",
        "enterEffect": "slideBottom",
        "tone": "alert"
      },
      {
        "imageSrc": "厕所隔间外墙上挂着电子计时器，一个人紧张地看着手表，额头冒汗",
        "enterEffect": "zoomIn",
        "tone": "alert"
      }
    ]
  }
}
-------------------------------------------------------------------------------------------

======================================== REQUEST ========================================
time: 2026-06-29 22:25:37
provider: deepseek
model: deepseek-v4-pro
retries: 3

[PROMPT]
你是短视频字幕与画面细节处理专家。请把指定台词细化为字模显示参数。


## 完整段落上下文（仅供理解整体语境，判断当前句子的重要性）
你可能觉得，  
我在办公室吹空调，  
这跟我有什么关系？
关系大了。
人力便宜这个逻辑，  
已经打通了全社会每一个角落。

老板为什么宁愿招三个应届生996试错，  
也不肯砸钱搞真正能提效的软件和研发？  
因为软件贵，研发有风险。  
而你，很便宜。

廉价的人力，首先会阻碍创新。
当你只需要花一点点钱就能坐轿子的时候，
你就不会想着造车。
当你只需要花一点点钱就能让人扇扇子的时候，
你就不会想着造电风扇。
创新很耗时，创新很贵，而你，很便宜。


## 🎯 待处理的目标文案
你可能觉得，
我在办公室吹空调，
这跟我有什么关系？
关系大了。

## 目标文案content的数组结构
生成模板参数时，format为content_index的字段依据此数组选择匹配的索引，用于决定相应内容出现在动画中的时机

[
  {
    "index": 0,
    "text": "你可能觉得，"
  },
  {
    "index": 1,
    "text": "\n我在办公室吹空调，"
  },
  {
    "index": 2,
    "text": "\n这跟我有什么关系？"
  },
  {
    "index": 3,
    "text": "\n关系大了。"
  }
]


## 选定模板及参数规范

模板名称：BEAT_SEQUENCE

参数 Schema 说明：

{
  "type": "object",
  "properties": {
    "stages": {
      "type": "array",
      "minItems": 2,
      "maxItems": 4,
      "description": "配图序列：每条 stage 一张图；imageSrc、enterEffect、可选 tone（calm|alert）、可选 showFrom（对齐镜头外层 content[] 下标）",
      "items": {
        "type": "object",
        "required": [
          "imageSrc"
        ],
        "properties": {
          "imageSrc": {
            "type": "string",
            "format": "image_prompt",
            "description": "该节拍配图提示词"
          },
          "enterEffect": {
            "type": "string",
            "enum": [
              "breathe",
              "slideLeft",
              "slideBottom",
              "zoomIn",
              "fadeIn"
            ],
            "default": "breathe",
            "description": "入场效果"
          },
          "tone": {
            "type": "string",
            "enum": [
              "calm",
              "alert"
            ],
            "description": "首条可 calm，其余默认可 alert"
          },
          "showFrom": {
            "type": "content_index",
            "minimum": 0,
            "description": "镜头 item 外层 content 数组（与 param 同级）的 0-based 下标；从该条 startFrame 起显示本图。省略则等于当前 stages 下标 i（与第 i 条口播同步）"
          }
        }
      }
    }
  },
  "required": [
    "stages"
  ]
}

// 口播条数（已由程序写入 CONTENT_STR，勿在 param 中输出 content）：口播分句（item.content）至少 2 条；口播分句至多 4 条（超出会被校验器告警）


模板该项的示例供参考：

{
  "template": "BEAT_SEQUENCE",
  "param": {
    "stages": [
      {
        "imageSrc": "问句配图简笔画",
        "enterEffect": "breathe"
      },
      {
        "imageSrc": "转折警示配图",
        "enterEffect": "slideBottom"
      },
      {
        "imageSrc": "结论冲击配图",
        "enterEffect": "slideBottom"
      }
    ]
  }
}


注意：如果该模板生成的参数包含图片视觉描述（如 imageSrc / leftSrc / rightSrc 等等），请只描述纯视觉场景与动作，绝不要包含任何文字、标语或注音。


## 其他通用说明
1. 锚点（Anchor）— 克制与高价值（适用于 SCHEMA 或上文允许出现锚点/高亮时）：
   - 多数句子应**无锚点**；拿不准就留空或 `[]`，避免满屏高亮。
   - 如果一定需要锚点，只选**整段里真正的高潮、反转或核心名词**（宜 2～4 字、有记忆点）；平庸词、铺垫句不要做成锚点。
   - 颜色建议：`#EF4444`（警示/反转/负面/结论）、`#000000`（事实/术语/数据）。动画 `anim`：`spring` | `slideUp` | `popIn` | `highlight`。
   - 音效可选(仅写在锚点对象上的 `audioEffect`)：`impact_thud` | `ping` | `woosh`

2. 视觉标题与字幕分离（仅当 SCHEMA 要求 `notText` / `butText` / `conceptName`、或 DOS_AND_DONTS 的 `left.label` / `right.label` 等时）：

   - 填**极简关键词（约 2～6 字）**，禁止把整句台词搬进标题字段。



## 输出格式（严格 JSON，不要 markdown 代码块）
补全当前模板的param,非数组：
{ "param": { ... } }

===========================================================================================
---------------------------------------- RESPONSE ----------------------------------------
time: 2026-06-29 22:25:53
attempt: 1/3

[OUTPUT]
{
  "param": {
    "stages": [
      {
        "imageSrc": "特写一个上班族在办公室舒适地靠着椅背，头顶空调出风口吹出冷气，表情放松，光线明亮",
        "enterEffect": "breathe",
        "tone": "calm"
      },
      {
        "imageSrc": "中景办公室场景，人物依然坐着，周围同事们忙碌模糊，冷气弥漫，画面略微偏冷色调",
        "enterEffect": "slideBottom"
      },
      {
        "imageSrc": "人物从舒适转为困惑，手指着屏幕外，背景抽象问号线条浮动，冷暖光交错",
        "enterEffect": "slideBottom"
      },
      {
        "imageSrc": "画面剧烈zoom in，一把沉重的铁锤砸向链条锁扣，碎片四溅，红色警示光晕，强烈冲击力",
        "enterEffect": "slideBottom"
      }
    ]
  }
}
-------------------------------------------------------------------------------------------

======================================== REQUEST ========================================
time: 2026-06-29 22:25:53
provider: deepseek
model: deepseek-v4-pro
retries: 3

[PROMPT]
你是短视频字幕与画面细节处理专家。请把指定台词细化为字模显示参数。


## 完整段落上下文（仅供理解整体语境，判断当前句子的重要性）
你可能觉得，  
我在办公室吹空调，  
这跟我有什么关系？
关系大了。
人力便宜这个逻辑，  
已经打通了全社会每一个角落。

老板为什么宁愿招三个应届生996试错，  
也不肯砸钱搞真正能提效的软件和研发？  
因为软件贵，研发有风险。  
而你，很便宜。

廉价的人力，首先会阻碍创新。
当你只需要花一点点钱就能坐轿子的时候，
你就不会想着造车。
当你只需要花一点点钱就能让人扇扇子的时候，
你就不会想着造电风扇。
创新很耗时，创新很贵，而你，很便宜。


## 🎯 待处理的目标文案
人力便宜这个逻辑，
已经打通了全社会每一个角落。

## 目标文案content的数组结构
生成模板参数时，format为content_index的字段依据此数组选择匹配的索引，用于决定相应内容出现在动画中的时机

[
  {
    "index": 0,
    "text": "人力便宜这个逻辑，"
  },
  {
    "index": 1,
    "text": "\n已经打通了全社会每一个角落。"
  }
]


## 选定模板及参数规范

模板名称：CENTER_FOCUS

参数 Schema 说明：

{
  "type": "object",
  "properties": {
    "imageSrc": {
      "type": "string",
      "format": "image_prompt",
      "description": "主图描述"
    },
    "enterEffect": {
      "type": "string",
      "enum": [
        "fadeIn",
        "slideLeft",
        "slideBottom",
        "zoomIn"
      ],
      "default": "fadeIn",
      "description": "图片入场方式（breathe 呼吸效果始终常驻，无需指定）"
    },
    "anchors": {
      "type": "array",
      "description": "可选；用于锚点词展示（顶部依次出现并保留为列表），并绑定锚点出现时机的音效。showFrom 须落在当前 content 条数范围内。注意 **保持克制，尽量少设置锚点** 只提取整段里真正的高潮、反转或核心名词",
      "items": {
        "type": "object",
        "required": [
          "text",
          "showFrom"
        ],
        "properties": {
          "text": {
            "type": "string",
            "description": "要展示的锚点词"
          },
          "showFrom": {
            "type": "integer",
            "format": "content_index",
            "description": "content 数组下标（0-based），非帧数；合法范围 0～(content 条数-1)，超出会被校验丢弃"
          },
          "color": {
            "type": "string"
          },
          "anim": {
            "type": "string",
            "enum": [
              "spring",
              "slideUp",
              "popIn",
              "highlight"
            ]
          },
          "audioEffect": {
            "type": "string",
            "enum": [
              "impact_thud",
              "ping",
              "woosh"
            ]
          }
        }
      }
    }
  },
  "required": [
    "imageSrc"
  ]
}


模板该项的示例供参考：

{
  "template": "CENTER_FOCUS",
  "param": {
    "imageSrc": "上班族坐在电脑前的简笔画图标",
    "enterEffect": "fadeIn",
    "anchors": [
      {
        "text": "可得性启发",
        "showFrom": 0,
        "color": "red"
      }
    ]
  }
}


注意：如果该模板生成的参数包含图片视觉描述（如 imageSrc / leftSrc / rightSrc 等等），请只描述纯视觉场景与动作，绝不要包含任何文字、标语或注音。


## 其他通用说明
1. 锚点（Anchor）— 克制与高价值（适用于 SCHEMA 或上文允许出现锚点/高亮时）：
   - 多数句子应**无锚点**；拿不准就留空或 `[]`，避免满屏高亮。
   - 如果一定需要锚点，只选**整段里真正的高潮、反转或核心名词**（宜 2～4 字、有记忆点）；平庸词、铺垫句不要做成锚点。
   - 颜色建议：`#EF4444`（警示/反转/负面/结论）、`#000000`（事实/术语/数据）。动画 `anim`：`spring` | `slideUp` | `popIn` | `highlight`。
   - 音效可选(仅写在锚点对象上的 `audioEffect`)：`impact_thud` | `ping` | `woosh`

2. 视觉标题与字幕分离（仅当 SCHEMA 要求 `notText` / `butText` / `conceptName`、或 DOS_AND_DONTS 的 `left.label` / `right.label` 等时）：

   - 填**极简关键词（约 2～6 字）**，禁止把整句台词搬进标题字段。



## 输出格式（严格 JSON，不要 markdown 代码块）
补全当前模板的param,非数组：
{ "param": { ... } }

===========================================================================================
---------------------------------------- RESPONSE ----------------------------------------
time: 2026-06-29 22:26:03
attempt: 1/3

[OUTPUT]
{
  "param": {
    "imageSrc": "一张抽象网络示意图，无数细线从一个中心齿轮延伸出去，连接着办公室隔间、工厂、商店等场景，象征人力低廉的逻辑像神经网络般渗透到社会的每个角落。",
    "enterEffect": "fadeIn",
    "anchors": [
      {
        "text": "人力便宜",
        "showFrom": 0,
        "color": "#EF4444",
        "anim": "spring"
      }
    ]
  }
}
-------------------------------------------------------------------------------------------

======================================== REQUEST ========================================
time: 2026-06-29 22:26:03
provider: deepseek
model: deepseek-v4-pro
retries: 3

[PROMPT]
你是短视频字幕与画面细节处理专家。请把指定台词细化为字模显示参数。


## 完整段落上下文（仅供理解整体语境，判断当前句子的重要性）
你可能觉得，  
我在办公室吹空调，  
这跟我有什么关系？
关系大了。
人力便宜这个逻辑，  
已经打通了全社会每一个角落。

老板为什么宁愿招三个应届生996试错，  
也不肯砸钱搞真正能提效的软件和研发？  
因为软件贵，研发有风险。  
而你，很便宜。

廉价的人力，首先会阻碍创新。
当你只需要花一点点钱就能坐轿子的时候，
你就不会想着造车。
当你只需要花一点点钱就能让人扇扇子的时候，
你就不会想着造电风扇。
创新很耗时，创新很贵，而你，很便宜。


## 🎯 待处理的目标文案
老板为什么宁愿招三个应届生996试错，
也不肯砸钱搞真正能提效的软件和研发？

## 目标文案content的数组结构
生成模板参数时，format为content_index的字段依据此数组选择匹配的索引，用于决定相应内容出现在动画中的时机

[
  {
    "index": 0,
    "text": "老板为什么宁愿招三个应届生996试错，"
  },
  {
    "index": 1,
    "text": "\n也不肯砸钱搞真正能提效的软件和研发？"
  }
]


## 选定模板及参数规范

模板名称：CENTER_FOCUS

参数 Schema 说明：

{
  "type": "object",
  "properties": {
    "imageSrc": {
      "type": "string",
      "format": "image_prompt",
      "description": "主图描述"
    },
    "enterEffect": {
      "type": "string",
      "enum": [
        "fadeIn",
        "slideLeft",
        "slideBottom",
        "zoomIn"
      ],
      "default": "fadeIn",
      "description": "图片入场方式（breathe 呼吸效果始终常驻，无需指定）"
    },
    "anchors": {
      "type": "array",
      "description": "可选；用于锚点词展示（顶部依次出现并保留为列表），并绑定锚点出现时机的音效。showFrom 须落在当前 content 条数范围内。注意 **保持克制，尽量少设置锚点** 只提取整段里真正的高潮、反转或核心名词",
      "items": {
        "type": "object",
        "required": [
          "text",
          "showFrom"
        ],
        "properties": {
          "text": {
            "type": "string",
            "description": "要展示的锚点词"
          },
          "showFrom": {
            "type": "integer",
            "format": "content_index",
            "description": "content 数组下标（0-based），非帧数；合法范围 0～(content 条数-1)，超出会被校验丢弃"
          },
          "color": {
            "type": "string"
          },
          "anim": {
            "type": "string",
            "enum": [
              "spring",
              "slideUp",
              "popIn",
              "highlight"
            ]
          },
          "audioEffect": {
            "type": "string",
            "enum": [
              "impact_thud",
              "ping",
              "woosh"
            ]
          }
        }
      }
    }
  },
  "required": [
    "imageSrc"
  ]
}


模板该项的示例供参考：

{
  "template": "CENTER_FOCUS",
  "param": {
    "imageSrc": "上班族坐在电脑前的简笔画图标",
    "enterEffect": "fadeIn",
    "anchors": [
      {
        "text": "可得性启发",
        "showFrom": 0,
        "color": "red"
      }
    ]
  }
}


注意：如果该模板生成的参数包含图片视觉描述（如 imageSrc / leftSrc / rightSrc 等等），请只描述纯视觉场景与动作，绝不要包含任何文字、标语或注音。


## 其他通用说明
1. 锚点（Anchor）— 克制与高价值（适用于 SCHEMA 或上文允许出现锚点/高亮时）：
   - 多数句子应**无锚点**；拿不准就留空或 `[]`，避免满屏高亮。
   - 如果一定需要锚点，只选**整段里真正的高潮、反转或核心名词**（宜 2～4 字、有记忆点）；平庸词、铺垫句不要做成锚点。
   - 颜色建议：`#EF4444`（警示/反转/负面/结论）、`#000000`（事实/术语/数据）。动画 `anim`：`spring` | `slideUp` | `popIn` | `highlight`。
   - 音效可选(仅写在锚点对象上的 `audioEffect`)：`impact_thud` | `ping` | `woosh`

2. 视觉标题与字幕分离（仅当 SCHEMA 要求 `notText` / `butText` / `conceptName`、或 DOS_AND_DONTS 的 `left.label` / `right.label` 等时）：

   - 填**极简关键词（约 2～6 字）**，禁止把整句台词搬进标题字段。



## 输出格式（严格 JSON，不要 markdown 代码块）
补全当前模板的param,非数组：
{ "param": { ... } }

===========================================================================================
---------------------------------------- RESPONSE ----------------------------------------
time: 2026-06-29 22:26:16
attempt: 1/3

[OUTPUT]
{
  "param": {
    "imageSrc": "一位老板坐在办公桌前，面前是三个忙碌的年轻员工，背景有电脑屏幕显示软件界面，简洁扁平插画风格",
    "enterEffect": "fadeIn",
    "anchors": [
      {
        "text": "软件研发",
        "showFrom": 1,
        "color": "#EF4444",
        "anim": "popIn",
        "audioEffect": "ping"
      }
    ]
  }
}
-------------------------------------------------------------------------------------------

======================================== REQUEST ========================================
time: 2026-06-29 22:26:16
provider: deepseek
model: deepseek-v4-pro
retries: 3

[PROMPT]
你是短视频字幕与画面细节处理专家。请把指定台词细化为字模显示参数。


## 完整段落上下文（仅供理解整体语境，判断当前句子的重要性）
你可能觉得，  
我在办公室吹空调，  
这跟我有什么关系？
关系大了。
人力便宜这个逻辑，  
已经打通了全社会每一个角落。

老板为什么宁愿招三个应届生996试错，  
也不肯砸钱搞真正能提效的软件和研发？  
因为软件贵，研发有风险。  
而你，很便宜。

廉价的人力，首先会阻碍创新。
当你只需要花一点点钱就能坐轿子的时候，
你就不会想着造车。
当你只需要花一点点钱就能让人扇扇子的时候，
你就不会想着造电风扇。
创新很耗时，创新很贵，而你，很便宜。


## 🎯 待处理的目标文案
因为软件贵，研发有风险。
而你，很便宜。

## 目标文案content的数组结构
生成模板参数时，format为content_index的字段依据此数组选择匹配的索引，用于决定相应内容出现在动画中的时机

[
  {
    "index": 0,
    "text": "因为软件贵，"
  },
  {
    "index": 1,
    "text": "研发有风险。"
  },
  {
    "index": 2,
    "text": "\n而你，"
  },
  {
    "index": 3,
    "text": "很便宜。"
  }
]


## 选定模板及参数规范

模板名称：COGNITIVE_SHIFT

参数 Schema 说明：

{
  "type": "object",
  "properties": {
    "notText": {
      "type": "string",
      "description": "被否认知（‘不是’后面的内容）的精炼短句，不超过12个字，"
    },
    "butText": {
      "type": "string",
      "description": "真实认知（‘而是’后面的内容）的精炼短句，不超过12个字"
    },
    "butSrc": {
      "type": "string",
      "format": "image_prompt",
      "description": "真实认知的配图"
    },
    "notContentIndex": {
      "type": "integer",
      "format": "content_index",
      "description": "触发「不是」动画的字幕段索引（默认 0）"
    },
    "butContentIndex": {
      "type": "integer",
      "format": "content_index",
      "description": "触发「而是」动画的字幕段索引（默认 1）"
    }
  },
  "required": [
    "notText",
    "butText"
  ]
}


模板该项的示例供参考：

{
  "template": "COGNITIVE_SHIFT",
  "content": [
    "我们都不应该靠勤奋拼命",
    "我们都应该是靠认知和选择",
    "这样我才能成功"
  ],
  "param": {
    "notText": "靠勤奋拼命",
    "butText": "靠认知和选择",
    "butSrc": "站在高处看地图的思考者",
    "notContentIndex": 0,
    "butContentIndex": 1
  }
}


注意：如果该模板生成的参数包含图片视觉描述（如 imageSrc / leftSrc / rightSrc 等等），请只描述纯视觉场景与动作，绝不要包含任何文字、标语或注音。


## 其他通用说明
1. 锚点（Anchor）— 克制与高价值（适用于 SCHEMA 或上文允许出现锚点/高亮时）：
   - 多数句子应**无锚点**；拿不准就留空或 `[]`，避免满屏高亮。
   - 如果一定需要锚点，只选**整段里真正的高潮、反转或核心名词**（宜 2～4 字、有记忆点）；平庸词、铺垫句不要做成锚点。
   - 颜色建议：`#EF4444`（警示/反转/负面/结论）、`#000000`（事实/术语/数据）。动画 `anim`：`spring` | `slideUp` | `popIn` | `highlight`。
   - 音效可选(仅写在锚点对象上的 `audioEffect`)：`impact_thud` | `ping` | `woosh`

2. 视觉标题与字幕分离（仅当 SCHEMA 要求 `notText` / `butText` / `conceptName`、或 DOS_AND_DONTS 的 `left.label` / `right.label` 等时）：

   - 填**极简关键词（约 2～6 字）**，禁止把整句台词搬进标题字段。



## 输出格式（严格 JSON，不要 markdown 代码块）
补全当前模板的param,非数组：
{ "param": { ... } }

===========================================================================================
---------------------------------------- RESPONSE ----------------------------------------
time: 2026-06-29 22:26:46
attempt: 1/3

[OUTPUT]
{
  "param": {
    "notText": "软件贵研发风险",
    "butText": "你很便宜",
    "butSrc": "一个穿着衬衫的上班族，像商品一样陈列在货架上，贴着醒目的红色折扣标签",
    "notContentIndex": 0,
    "butContentIndex": 3
  }
}
-------------------------------------------------------------------------------------------

======================================== REQUEST ========================================
time: 2026-06-29 22:26:46
provider: deepseek
model: deepseek-v4-pro
retries: 3

[PROMPT]
你是短视频字幕与画面细节处理专家。请把指定台词细化为字模显示参数。


## 完整段落上下文（仅供理解整体语境，判断当前句子的重要性）
你可能觉得，  
我在办公室吹空调，  
这跟我有什么关系？
关系大了。
人力便宜这个逻辑，  
已经打通了全社会每一个角落。

老板为什么宁愿招三个应届生996试错，  
也不肯砸钱搞真正能提效的软件和研发？  
因为软件贵，研发有风险。  
而你，很便宜。

廉价的人力，首先会阻碍创新。
当你只需要花一点点钱就能坐轿子的时候，
你就不会想着造车。
当你只需要花一点点钱就能让人扇扇子的时候，
你就不会想着造电风扇。
创新很耗时，创新很贵，而你，很便宜。


## 🎯 待处理的目标文案
廉价的人力，首先会阻碍创新。

## 目标文案content的数组结构
生成模板参数时，format为content_index的字段依据此数组选择匹配的索引，用于决定相应内容出现在动画中的时机

[
  {
    "index": 0,
    "text": "廉价的人力，"
  },
  {
    "index": 1,
    "text": "首先会阻碍创新。"
  }
]


## 选定模板及参数规范

模板名称：MAGNIFYING_GLASS

参数 Schema 说明：

{
  "type": "object",
  "properties": {
    "anchors": {
      "type": "array",
      "minItems": 1,
      "maxItems": 3,
      "description": "必填且非空（建议 1～2 个高价值锚点）；每项通过 showFrom 对齐 content 分句。锚点应落在“揭示性落点句”或其核心关键词上，不要把整段说明塞满锚点",
      "items": {
        "type": "object",
        "required": [
          "text",
          "showFrom"
        ],
        "properties": {
          "text": {
            "type": "string",
            "description": "要聚焦的关键词/短语"
          },
          "showFrom": {
            "type": "integer",
            "format": "content_index",
            "description": "content 数组下标（0-based），非帧数；合法范围 0～(content 条数-1)，超出会被校验丢弃"
          },
          "color": {
            "type": "string"
          },
          "anim": {
            "type": "string",
            "enum": [
              "spring",
              "slideUp",
              "popIn",
              "highlight"
            ]
          },
          "audioEffect": {
            "type": "string",
            "enum": [
              "impact_thud",
              "ping",
              "woosh"
            ]
          }
        }
      }
    }
  },
  "required": [
    "anchors"
  ]
}


模板该项的示例供参考：

{
  "template": "MAGNIFYING_GLASS",
  "param": {
    "anchors": [
      {
        "text": "忽略了基础",
        "showFrom": 0,
        "color": "#111111",
        "anim": "popIn",
        "audioEffect": "ping"
      }
    ]
  }
}


注意：如果该模板生成的参数包含图片视觉描述（如 imageSrc / leftSrc / rightSrc 等等），请只描述纯视觉场景与动作，绝不要包含任何文字、标语或注音。


## 其他通用说明
1. 锚点（Anchor）— 克制与高价值（适用于 SCHEMA 或上文允许出现锚点/高亮时）：
   - 多数句子应**无锚点**；拿不准就留空或 `[]`，避免满屏高亮。
   - 如果一定需要锚点，只选**整段里真正的高潮、反转或核心名词**（宜 2～4 字、有记忆点）；平庸词、铺垫句不要做成锚点。
   - 颜色建议：`#EF4444`（警示/反转/负面/结论）、`#000000`（事实/术语/数据）。动画 `anim`：`spring` | `slideUp` | `popIn` | `highlight`。
   - 音效可选(仅写在锚点对象上的 `audioEffect`)：`impact_thud` | `ping` | `woosh`

2. 视觉标题与字幕分离（仅当 SCHEMA 要求 `notText` / `butText` / `conceptName`、或 DOS_AND_DONTS 的 `left.label` / `right.label` 等时）：

   - 填**极简关键词（约 2～6 字）**，禁止把整句台词搬进标题字段。



## 输出格式（严格 JSON，不要 markdown 代码块）
补全当前模板的param,非数组：
{ "param": { ... } }

===========================================================================================
---------------------------------------- RESPONSE ----------------------------------------
time: 2026-06-29 22:26:52
attempt: 1/3

[OUTPUT]
{
  "param": {
    "anchors": [
      {
        "text": "阻碍创新",
        "showFrom": 1,
        "color": "#EF4444",
        "anim": "popIn",
        "audioEffect": "ping"
      }
    ]
  }
}
-------------------------------------------------------------------------------------------

======================================== REQUEST ========================================
time: 2026-06-29 22:26:52
provider: deepseek
model: deepseek-v4-pro
retries: 3

[PROMPT]
你是短视频字幕与画面细节处理专家。请把指定台词细化为字模显示参数。


## 完整段落上下文（仅供理解整体语境，判断当前句子的重要性）
你可能觉得，  
我在办公室吹空调，  
这跟我有什么关系？
关系大了。
人力便宜这个逻辑，  
已经打通了全社会每一个角落。

老板为什么宁愿招三个应届生996试错，  
也不肯砸钱搞真正能提效的软件和研发？  
因为软件贵，研发有风险。  
而你，很便宜。

廉价的人力，首先会阻碍创新。
当你只需要花一点点钱就能坐轿子的时候，
你就不会想着造车。
当你只需要花一点点钱就能让人扇扇子的时候，
你就不会想着造电风扇。
创新很耗时，创新很贵，而你，很便宜。


## 🎯 待处理的目标文案
当你只需要花一点点钱就能坐轿子的时候，
你就不会想着造车。

## 目标文案content的数组结构
生成模板参数时，format为content_index的字段依据此数组选择匹配的索引，用于决定相应内容出现在动画中的时机

[
  {
    "index": 0,
    "text": "当你只需要花一点点钱就能坐轿子的时候，"
  },
  {
    "index": 1,
    "text": "\n你就不会想着造车。"
  }
]


## 选定模板及参数规范

模板名称：CENTER_FOCUS

参数 Schema 说明：

{
  "type": "object",
  "properties": {
    "imageSrc": {
      "type": "string",
      "format": "image_prompt",
      "description": "主图描述"
    },
    "enterEffect": {
      "type": "string",
      "enum": [
        "fadeIn",
        "slideLeft",
        "slideBottom",
        "zoomIn"
      ],
      "default": "fadeIn",
      "description": "图片入场方式（breathe 呼吸效果始终常驻，无需指定）"
    },
    "anchors": {
      "type": "array",
      "description": "可选；用于锚点词展示（顶部依次出现并保留为列表），并绑定锚点出现时机的音效。showFrom 须落在当前 content 条数范围内。注意 **保持克制，尽量少设置锚点** 只提取整段里真正的高潮、反转或核心名词",
      "items": {
        "type": "object",
        "required": [
          "text",
          "showFrom"
        ],
        "properties": {
          "text": {
            "type": "string",
            "description": "要展示的锚点词"
          },
          "showFrom": {
            "type": "integer",
            "format": "content_index",
            "description": "content 数组下标（0-based），非帧数；合法范围 0～(content 条数-1)，超出会被校验丢弃"
          },
          "color": {
            "type": "string"
          },
          "anim": {
            "type": "string",
            "enum": [
              "spring",
              "slideUp",
              "popIn",
              "highlight"
            ]
          },
          "audioEffect": {
            "type": "string",
            "enum": [
              "impact_thud",
              "ping",
              "woosh"
            ]
          }
        }
      }
    }
  },
  "required": [
    "imageSrc"
  ]
}


模板该项的示例供参考：

{
  "template": "CENTER_FOCUS",
  "param": {
    "imageSrc": "上班族坐在电脑前的简笔画图标",
    "enterEffect": "fadeIn",
    "anchors": [
      {
        "text": "可得性启发",
        "showFrom": 0,
        "color": "red"
      }
    ]
  }
}


注意：如果该模板生成的参数包含图片视觉描述（如 imageSrc / leftSrc / rightSrc 等等），请只描述纯视觉场景与动作，绝不要包含任何文字、标语或注音。


## 其他通用说明
1. 锚点（Anchor）— 克制与高价值（适用于 SCHEMA 或上文允许出现锚点/高亮时）：
   - 多数句子应**无锚点**；拿不准就留空或 `[]`，避免满屏高亮。
   - 如果一定需要锚点，只选**整段里真正的高潮、反转或核心名词**（宜 2～4 字、有记忆点）；平庸词、铺垫句不要做成锚点。
   - 颜色建议：`#EF4444`（警示/反转/负面/结论）、`#000000`（事实/术语/数据）。动画 `anim`：`spring` | `slideUp` | `popIn` | `highlight`。
   - 音效可选(仅写在锚点对象上的 `audioEffect`)：`impact_thud` | `ping` | `woosh`

2. 视觉标题与字幕分离（仅当 SCHEMA 要求 `notText` / `butText` / `conceptName`、或 DOS_AND_DONTS 的 `left.label` / `right.label` 等时）：

   - 填**极简关键词（约 2～6 字）**，禁止把整句台词搬进标题字段。



## 输出格式（严格 JSON，不要 markdown 代码块）
补全当前模板的param,非数组：
{ "param": { ... } }

===========================================================================================
---------------------------------------- RESPONSE ----------------------------------------
time: 2026-06-29 22:27:08
attempt: 1/3

[OUTPUT]
{"param": {"imageSrc": "极简风格插图：左边是古代轿子的剪影，几个人抬着，右边是一辆简陋且未完成的汽车草图，汽车轮廓上有一个红色的叉号，背景是浅淡的思维气泡，暗示创新被压制。", "enterEffect": "fadeIn", "anchors": []}}
-------------------------------------------------------------------------------------------

======================================== REQUEST ========================================
time: 2026-06-29 22:27:08
provider: deepseek
model: deepseek-v4-pro
retries: 3

[PROMPT]
你是短视频字幕与画面细节处理专家。请把指定台词细化为字模显示参数。


## 完整段落上下文（仅供理解整体语境，判断当前句子的重要性）
你可能觉得，  
我在办公室吹空调，  
这跟我有什么关系？
关系大了。
人力便宜这个逻辑，  
已经打通了全社会每一个角落。

老板为什么宁愿招三个应届生996试错，  
也不肯砸钱搞真正能提效的软件和研发？  
因为软件贵，研发有风险。  
而你，很便宜。

廉价的人力，首先会阻碍创新。
当你只需要花一点点钱就能坐轿子的时候，
你就不会想着造车。
当你只需要花一点点钱就能让人扇扇子的时候，
你就不会想着造电风扇。
创新很耗时，创新很贵，而你，很便宜。


## 🎯 待处理的目标文案
当你只需要花一点点钱就能让人扇扇子的时候，
你就不会想着造电风扇。

## 目标文案content的数组结构
生成模板参数时，format为content_index的字段依据此数组选择匹配的索引，用于决定相应内容出现在动画中的时机

[
  {
    "index": 0,
    "text": "当你只需要花一点点钱就能让人扇扇子的时候，"
  },
  {
    "index": 1,
    "text": "\n你就不会想着造电风扇。"
  }
]


## 选定模板及参数规范

模板名称：CENTER_FOCUS

参数 Schema 说明：

{
  "type": "object",
  "properties": {
    "imageSrc": {
      "type": "string",
      "format": "image_prompt",
      "description": "主图描述"
    },
    "enterEffect": {
      "type": "string",
      "enum": [
        "fadeIn",
        "slideLeft",
        "slideBottom",
        "zoomIn"
      ],
      "default": "fadeIn",
      "description": "图片入场方式（breathe 呼吸效果始终常驻，无需指定）"
    },
    "anchors": {
      "type": "array",
      "description": "可选；用于锚点词展示（顶部依次出现并保留为列表），并绑定锚点出现时机的音效。showFrom 须落在当前 content 条数范围内。注意 **保持克制，尽量少设置锚点** 只提取整段里真正的高潮、反转或核心名词",
      "items": {
        "type": "object",
        "required": [
          "text",
          "showFrom"
        ],
        "properties": {
          "text": {
            "type": "string",
            "description": "要展示的锚点词"
          },
          "showFrom": {
            "type": "integer",
            "format": "content_index",
            "description": "content 数组下标（0-based），非帧数；合法范围 0～(content 条数-1)，超出会被校验丢弃"
          },
          "color": {
            "type": "string"
          },
          "anim": {
            "type": "string",
            "enum": [
              "spring",
              "slideUp",
              "popIn",
              "highlight"
            ]
          },
          "audioEffect": {
            "type": "string",
            "enum": [
              "impact_thud",
              "ping",
              "woosh"
            ]
          }
        }
      }
    }
  },
  "required": [
    "imageSrc"
  ]
}


模板该项的示例供参考：

{
  "template": "CENTER_FOCUS",
  "param": {
    "imageSrc": "上班族坐在电脑前的简笔画图标",
    "enterEffect": "fadeIn",
    "anchors": [
      {
        "text": "可得性启发",
        "showFrom": 0,
        "color": "red"
      }
    ]
  }
}


注意：如果该模板生成的参数包含图片视觉描述（如 imageSrc / leftSrc / rightSrc 等等），请只描述纯视觉场景与动作，绝不要包含任何文字、标语或注音。


## 其他通用说明
1. 锚点（Anchor）— 克制与高价值（适用于 SCHEMA 或上文允许出现锚点/高亮时）：
   - 多数句子应**无锚点**；拿不准就留空或 `[]`，避免满屏高亮。
   - 如果一定需要锚点，只选**整段里真正的高潮、反转或核心名词**（宜 2～4 字、有记忆点）；平庸词、铺垫句不要做成锚点。
   - 颜色建议：`#EF4444`（警示/反转/负面/结论）、`#000000`（事实/术语/数据）。动画 `anim`：`spring` | `slideUp` | `popIn` | `highlight`。
   - 音效可选(仅写在锚点对象上的 `audioEffect`)：`impact_thud` | `ping` | `woosh`

2. 视觉标题与字幕分离（仅当 SCHEMA 要求 `notText` / `butText` / `conceptName`、或 DOS_AND_DONTS 的 `left.label` / `right.label` 等时）：

   - 填**极简关键词（约 2～6 字）**，禁止把整句台词搬进标题字段。



## 输出格式（严格 JSON，不要 markdown 代码块）
补全当前模板的param,非数组：
{ "param": { ... } }

===========================================================================================
---------------------------------------- RESPONSE ----------------------------------------
time: 2026-06-29 22:27:28
attempt: 1/3

[OUTPUT]
{"param": {"imageSrc": "一个舒适坐着的人，身旁有人用扇子扇风，面前浮现虚幻电风扇剪影，象征创新未出现", "enterEffect": "fadeIn", "anchors": [{"text": "扇扇子", "showFrom": 0, "color": "#000000", "anim": "spring"}, {"text": "电风扇", "showFrom": 1, "color": "#000000", "anim": "spring"}]}}
-------------------------------------------------------------------------------------------

======================================== REQUEST ========================================
time: 2026-06-29 22:27:28
provider: deepseek
model: deepseek-v4-pro
retries: 3

[PROMPT]
你是短视频字幕与画面细节处理专家。请把指定台词细化为字模显示参数。


## 完整段落上下文（仅供理解整体语境，判断当前句子的重要性）
你可能觉得，  
我在办公室吹空调，  
这跟我有什么关系？
关系大了。
人力便宜这个逻辑，  
已经打通了全社会每一个角落。

老板为什么宁愿招三个应届生996试错，  
也不肯砸钱搞真正能提效的软件和研发？  
因为软件贵，研发有风险。  
而你，很便宜。

廉价的人力，首先会阻碍创新。
当你只需要花一点点钱就能坐轿子的时候，
你就不会想着造车。
当你只需要花一点点钱就能让人扇扇子的时候，
你就不会想着造电风扇。
创新很耗时，创新很贵，而你，很便宜。


## 🎯 待处理的目标文案
创新很耗时，创新很贵，而你，很便宜。

## 目标文案content的数组结构
生成模板参数时，format为content_index的字段依据此数组选择匹配的索引，用于决定相应内容出现在动画中的时机

[
  {
    "index": 0,
    "text": "创新很耗时，"
  },
  {
    "index": 1,
    "text": "创新很贵，"
  },
  {
    "index": 2,
    "text": "而你，"
  },
  {
    "index": 3,
    "text": "很便宜。"
  }
]


## 选定模板及参数规范

模板名称：SPLIT_COMPARE

参数 Schema 说明：

{
  "type": "object",
  "properties": {
    "leftSrc": {
      "type": "string",
      "format": "image_prompt",
      "description": "左侧图片描述"
    },
    "rightSrc": {
      "type": "string",
      "format": "image_prompt",
      "description": "右侧图片描述"
    },
    "leftLabel": {
      "type": "string",
      "description": "左侧标签（2～6 字为宜）"
    },
    "rightLabel": {
      "type": "string",
      "description": "右侧标签（2～6 字为宜）"
    },
    "leftShowFrom": {
      "type": "integer",
      "format": "content_index",
      "description": "左侧图与标签出现的时刻：取 content 数组下标（0-based），入场帧为该条的 startFrame；省略或越界则从 0 帧起"
    },
    "rightShowFrom": {
      "type": "integer",
      "format": "content_index",
      "description": "右侧图与标签出现的时刻：取 content 数组下标（0-based），入场帧为该条的 startFrame；省略或越界则从 0 帧起"
    }
  },
  "required": [
    "leftSrc",
    "rightSrc",
    "leftLabel",
    "rightLabel"
  ]
}


模板该项的示例供参考：

{
  "template": "SPLIT_COMPARE",
  "param": {
    "leftSrc": "传统低效工作图标",
    "rightSrc": "高效数字工具图标",
    "leftLabel": "旧方法",
    "rightLabel": "新方法"
  }
}


注意：如果该模板生成的参数包含图片视觉描述（如 imageSrc / leftSrc / rightSrc 等等），请只描述纯视觉场景与动作，绝不要包含任何文字、标语或注音。


## 其他通用说明
1. 锚点（Anchor）— 克制与高价值（适用于 SCHEMA 或上文允许出现锚点/高亮时）：
   - 多数句子应**无锚点**；拿不准就留空或 `[]`，避免满屏高亮。
   - 如果一定需要锚点，只选**整段里真正的高潮、反转或核心名词**（宜 2～4 字、有记忆点）；平庸词、铺垫句不要做成锚点。
   - 颜色建议：`#EF4444`（警示/反转/负面/结论）、`#000000`（事实/术语/数据）。动画 `anim`：`spring` | `slideUp` | `popIn` | `highlight`。
   - 音效可选(仅写在锚点对象上的 `audioEffect`)：`impact_thud` | `ping` | `woosh`

2. 视觉标题与字幕分离（仅当 SCHEMA 要求 `notText` / `butText` / `conceptName`、或 DOS_AND_DONTS 的 `left.label` / `right.label` 等时）：

   - 填**极简关键词（约 2～6 字）**，禁止把整句台词搬进标题字段。



## 输出格式（严格 JSON，不要 markdown 代码块）
补全当前模板的param,非数组：
{ "param": { ... } }

===========================================================================================
---------------------------------------- RESPONSE ----------------------------------------
time: 2026-06-29 22:27:39
attempt: 1/3

[OUTPUT]
{
  "param": {
    "leftSrc": "一个充满科技感的研发实验室，科学家们在黑板上写满公式，桌上摆着昂贵的设备和失败的原型，墙上时钟快速转动，强调耗时与高成本。",
    "rightSrc": "一个宽敞的开放式办公室，大量年轻员工整齐地坐在工位上，盯着屏幕，桌上堆积着文件，光线苍白，氛围重复而廉价。",
    "leftLabel": "创新",
    "rightLabel": "廉价人力",
    "leftShowFrom": 0,
    "rightShowFrom": 2
  }
}
-------------------------------------------------------------------------------------------

======================================== REQUEST ========================================
time: 2026-06-29 22:27:39
provider: deepseek
model: deepseek-v4-pro
retries: 3

[PROMPT]
你是短视频字幕与画面细节处理专家。请把指定台词细化为字模显示参数。


## 完整段落上下文（仅供理解整体语境，判断当前句子的重要性）
廉价的人力，还会制造内卷。
企业习惯用低人力成本赚钱，  
打工人工资就上不去。  
大家兜里没钱，  
只能消费降级，追求更便宜的东西。  
企业为了提供更低的价格，  
就只能继续压榨打工人。
这就形成了循环，  
也就造就了内卷。

我们每个人，  
既是享受廉价便利的消费者，  
又是被死死压榨的打工人。
逃不掉。


## 🎯 待处理的目标文案
廉价的人力，还会制造内卷。企业习惯用低人力成本赚钱，打工人工资就上不去。大家兜里没钱，只能消费降级，追求更便宜的东西。

## 目标文案content的数组结构
生成模板参数时，format为content_index的字段依据此数组选择匹配的索引，用于决定相应内容出现在动画中的时机

[
  {
    "index": 0,
    "text": "廉价的人力，"
  },
  {
    "index": 1,
    "text": "还会制造内卷。"
  },
  {
    "index": 2,
    "text": "企业习惯用低人力成本赚钱，"
  },
  {
    "index": 3,
    "text": "打工人工资就上不去。"
  },
  {
    "index": 4,
    "text": "大家兜里没钱，"
  },
  {
    "index": 5,
    "text": "只能消费降级，"
  },
  {
    "index": 6,
    "text": "追求更便宜的东西。"
  }
]


## 选定模板及参数规范

模板名称：CAUSE_CHAIN

参数 Schema 说明：

{
  "type": "object",
  "properties": {
    "layout": {
      "type": "string",
      "enum": [
        "horizontal",
        "vertical"
      ],
      "default": "horizontal",
      "description": "链的排布方向；横屏/常规叙事默认 horizontal，竖屏可设 vertical"
    },
    "nodes": {
      "type": "array",
      "minItems": 2,
      "maxItems": 4,
      "description": "因果节点；showFrom 为 content 数组下标（0-based），入场时刻取该条 startFrame",
      "items": {
        "type": "object",
        "required": [
          "label",
          "imageSrc",
          "showFrom"
        ],
        "properties": {
          "label": {
            "type": "string",
            "description": "节点短标签，建议 2～8 字"
          },
          "imageSrc": {
            "type": "string",
            "format": "image_prompt",
            "description": "该环节隐喻配图"
          },
          "showFrom": {
            "type": "integer",
            "format": "content_index",
            "description": "content 下标（0-based），非帧数"
          },
          "enterEffect": {
            "type": "string",
            "enum": [
              "breathe",
              "slideLeft",
              "slideBottom",
              "zoomIn",
              "fadeIn"
            ],
            "default": "fadeIn"
          }
        }
      }
    },
    "anchors": {
      "type": "array",
      "description": "可选；顶部依次展示锚点词并保留为列表，showFrom 为 content 下标（0-based，非帧数）；保持克制，只提取整段里真正的高潮、反转或核心名词",
      "items": {
        "type": "object",
        "required": [
          "text",
          "showFrom"
        ],
        "properties": {
          "text": {
            "type": "string",
            "description": "要展示的锚点词"
          },
          "showFrom": {
            "type": "integer",
            "format": "content_index",
            "description": "content 数组下标（0-based），非帧数；合法范围 0～(content 条数-1)，超出会被校验丢弃"
          },
          "color": {
            "type": "string"
          },
          "anim": {
            "type": "string",
            "enum": [
              "spring",
              "slideUp",
              "popIn",
              "highlight"
            ]
          },
          "audioEffect": {
            "type": "string",
            "enum": [
              "impact_thud",
              "ping",
              "woosh"
            ]
          }
        }
      }
    }
  },
  "required": [
    "nodes"
  ]
}

// 口播条数（已由程序写入 CONTENT_STR，勿在 param 中输出 content）：口播分句（item.content）至少 2 条；口播分句至多 6 条（超出会被校验器告警）


模板该项的示例供参考：

{
  "template": "CAUSE_CHAIN",
  "param": {
    "layout": "horizontal",
    "nodes": [
      {
        "label": "刺激",
        "imageSrc": "闪电击中大脑的简笔画",
        "showFrom": 0
      },
      {
        "label": "解读",
        "imageSrc": "放大镜看信息的简笔画",
        "showFrom": 1
      },
      {
        "label": "行动",
        "imageSrc": "按下按钮的简笔画",
        "showFrom": 2
      }
    ]
  }
}


注意：如果该模板生成的参数包含图片视觉描述（如 imageSrc / leftSrc / rightSrc 等等），请只描述纯视觉场景与动作，绝不要包含任何文字、标语或注音。


## 其他通用说明
1. 锚点（Anchor）— 克制与高价值（适用于 SCHEMA 或上文允许出现锚点/高亮时）：
   - 多数句子应**无锚点**；拿不准就留空或 `[]`，避免满屏高亮。
   - 如果一定需要锚点，只选**整段里真正的高潮、反转或核心名词**（宜 2～4 字、有记忆点）；平庸词、铺垫句不要做成锚点。
   - 颜色建议：`#EF4444`（警示/反转/负面/结论）、`#000000`（事实/术语/数据）。动画 `anim`：`spring` | `slideUp` | `popIn` | `highlight`。
   - 音效可选(仅写在锚点对象上的 `audioEffect`)：`impact_thud` | `ping` | `woosh`

2. 视觉标题与字幕分离（仅当 SCHEMA 要求 `notText` / `butText` / `conceptName`、或 DOS_AND_DONTS 的 `left.label` / `right.label` 等时）：

   - 填**极简关键词（约 2～6 字）**，禁止把整句台词搬进标题字段。



## 输出格式（严格 JSON，不要 markdown 代码块）
补全当前模板的param,非数组：
{ "param": { ... } }

===========================================================================================
---------------------------------------- RESPONSE ----------------------------------------
time: 2026-06-29 22:27:58
attempt: 1/3

[OUTPUT]
{
  "param": {
    "layout": "horizontal",
    "nodes": [
      {
        "label": "廉价人力",
        "imageSrc": "昏暗的工厂里，一排排工人低着头在流水线上重复简单劳动",
        "showFrom": 0
      },
      {
        "label": "压低成本",
        "imageSrc": "一双巨大的手按在一枚硬币上，硬币被压得变薄",
        "showFrom": 2
      },
      {
        "label": "工资难涨",
        "imageSrc": "一个干瘪的钱包，里面只有几枚硬币",
        "showFrom": 3
      },
      {
        "label": "消费降级",
        "imageSrc": "一只手从装满商品的购物车中一件件取出商品，放回货架",
        "showFrom": 5
      }
    ]
  }
}
-------------------------------------------------------------------------------------------

======================================== REQUEST ========================================
time: 2026-06-29 22:27:58
provider: deepseek
model: deepseek-v4-pro
retries: 3

[PROMPT]
你是短视频字幕与画面细节处理专家。请把指定台词细化为字模显示参数。


## 完整段落上下文（仅供理解整体语境，判断当前句子的重要性）
廉价的人力，还会制造内卷。
企业习惯用低人力成本赚钱，  
打工人工资就上不去。  
大家兜里没钱，  
只能消费降级，追求更便宜的东西。  
企业为了提供更低的价格，  
就只能继续压榨打工人。
这就形成了循环，  
也就造就了内卷。

我们每个人，  
既是享受廉价便利的消费者，  
又是被死死压榨的打工人。
逃不掉。


## 🎯 待处理的目标文案
企业为了提供更低的价格，就只能继续压榨打工人。这就形成了循环，也就造就了内卷。

## 目标文案content的数组结构
生成模板参数时，format为content_index的字段依据此数组选择匹配的索引，用于决定相应内容出现在动画中的时机

[
  {
    "index": 0,
    "text": "企业为了提供更低的价格，"
  },
  {
    "index": 1,
    "text": "就只能继续压榨打工人。"
  },
  {
    "index": 2,
    "text": "这就形成了循环，"
  },
  {
    "index": 3,
    "text": "也就造就了内卷。"
  }
]


## 选定模板及参数规范

模板名称：CAUSE_CHAIN

参数 Schema 说明：

{
  "type": "object",
  "properties": {
    "layout": {
      "type": "string",
      "enum": [
        "horizontal",
        "vertical"
      ],
      "default": "horizontal",
      "description": "链的排布方向；横屏/常规叙事默认 horizontal，竖屏可设 vertical"
    },
    "nodes": {
      "type": "array",
      "minItems": 2,
      "maxItems": 4,
      "description": "因果节点；showFrom 为 content 数组下标（0-based），入场时刻取该条 startFrame",
      "items": {
        "type": "object",
        "required": [
          "label",
          "imageSrc",
          "showFrom"
        ],
        "properties": {
          "label": {
            "type": "string",
            "description": "节点短标签，建议 2～8 字"
          },
          "imageSrc": {
            "type": "string",
            "format": "image_prompt",
            "description": "该环节隐喻配图"
          },
          "showFrom": {
            "type": "integer",
            "format": "content_index",
            "description": "content 下标（0-based），非帧数"
          },
          "enterEffect": {
            "type": "string",
            "enum": [
              "breathe",
              "slideLeft",
              "slideBottom",
              "zoomIn",
              "fadeIn"
            ],
            "default": "fadeIn"
          }
        }
      }
    },
    "anchors": {
      "type": "array",
      "description": "可选；顶部依次展示锚点词并保留为列表，showFrom 为 content 下标（0-based，非帧数）；保持克制，只提取整段里真正的高潮、反转或核心名词",
      "items": {
        "type": "object",
        "required": [
          "text",
          "showFrom"
        ],
        "properties": {
          "text": {
            "type": "string",
            "description": "要展示的锚点词"
          },
          "showFrom": {
            "type": "integer",
            "format": "content_index",
            "description": "content 数组下标（0-based），非帧数；合法范围 0～(content 条数-1)，超出会被校验丢弃"
          },
          "color": {
            "type": "string"
          },
          "anim": {
            "type": "string",
            "enum": [
              "spring",
              "slideUp",
              "popIn",
              "highlight"
            ]
          },
          "audioEffect": {
            "type": "string",
            "enum": [
              "impact_thud",
              "ping",
              "woosh"
            ]
          }
        }
      }
    }
  },
  "required": [
    "nodes"
  ]
}

// 口播条数（已由程序写入 CONTENT_STR，勿在 param 中输出 content）：口播分句（item.content）至少 2 条；口播分句至多 6 条（超出会被校验器告警）


模板该项的示例供参考：

{
  "template": "CAUSE_CHAIN",
  "param": {
    "layout": "horizontal",
    "nodes": [
      {
        "label": "刺激",
        "imageSrc": "闪电击中大脑的简笔画",
        "showFrom": 0
      },
      {
        "label": "解读",
        "imageSrc": "放大镜看信息的简笔画",
        "showFrom": 1
      },
      {
        "label": "行动",
        "imageSrc": "按下按钮的简笔画",
        "showFrom": 2
      }
    ]
  }
}


注意：如果该模板生成的参数包含图片视觉描述（如 imageSrc / leftSrc / rightSrc 等等），请只描述纯视觉场景与动作，绝不要包含任何文字、标语或注音。


## 其他通用说明
1. 锚点（Anchor）— 克制与高价值（适用于 SCHEMA 或上文允许出现锚点/高亮时）：
   - 多数句子应**无锚点**；拿不准就留空或 `[]`，避免满屏高亮。
   - 如果一定需要锚点，只选**整段里真正的高潮、反转或核心名词**（宜 2～4 字、有记忆点）；平庸词、铺垫句不要做成锚点。
   - 颜色建议：`#EF4444`（警示/反转/负面/结论）、`#000000`（事实/术语/数据）。动画 `anim`：`spring` | `slideUp` | `popIn` | `highlight`。
   - 音效可选(仅写在锚点对象上的 `audioEffect`)：`impact_thud` | `ping` | `woosh`

2. 视觉标题与字幕分离（仅当 SCHEMA 要求 `notText` / `butText` / `conceptName`、或 DOS_AND_DONTS 的 `left.label` / `right.label` 等时）：

   - 填**极简关键词（约 2～6 字）**，禁止把整句台词搬进标题字段。



## 输出格式（严格 JSON，不要 markdown 代码块）
补全当前模板的param,非数组：
{ "param": { ... } }

===========================================================================================
---------------------------------------- RESPONSE ----------------------------------------
time: 2026-06-29 22:28:11
attempt: 1/3

[OUTPUT]
{
  "param": {
    "layout": "horizontal",
    "nodes": [
      {
        "label": "价格竞争",
        "imageSrc": "两个商家标价牌相互压低的简笔画",
        "showFrom": 0,
        "enterEffect": "fadeIn"
      },
      {
        "label": "压榨工人",
        "imageSrc": "一只大手按压在工人肩膀上的剪影",
        "showFrom": 1,
        "enterEffect": "slideLeft"
      },
      {
        "label": "恶性循环",
        "imageSrc": "咬尾蛇或循环箭头图标",
        "showFrom": 2,
        "enterEffect": "slideBottom"
      },
      {
        "label": "内卷",
        "imageSrc": "一群人在旋转楼梯上互相拥挤向上爬的简笔画",
        "showFrom": 3,
        "enterEffect": "zoomIn"
      }
    ],
    "anchors": [
      {
        "text": "内卷",
        "showFrom": 3,
        "color": "#EF4444",
        "anim": "spring",
        "audioEffect": "impact_thud"
      }
    ]
  }
}
-------------------------------------------------------------------------------------------

======================================== REQUEST ========================================
time: 2026-06-29 22:28:11
provider: deepseek
model: deepseek-v4-pro
retries: 3

[PROMPT]
你是短视频字幕与画面细节处理专家。请把指定台词细化为字模显示参数。


## 完整段落上下文（仅供理解整体语境，判断当前句子的重要性）
廉价的人力，还会制造内卷。
企业习惯用低人力成本赚钱，  
打工人工资就上不去。  
大家兜里没钱，  
只能消费降级，追求更便宜的东西。  
企业为了提供更低的价格，  
就只能继续压榨打工人。
这就形成了循环，  
也就造就了内卷。

我们每个人，  
既是享受廉价便利的消费者，  
又是被死死压榨的打工人。
逃不掉。


## 🎯 待处理的目标文案
我们每个人，既是享受廉价便利的消费者，又是被死死压榨的打工人。逃不掉。

## 目标文案content的数组结构
生成模板参数时，format为content_index的字段依据此数组选择匹配的索引，用于决定相应内容出现在动画中的时机

[
  {
    "index": 0,
    "text": "我们每个人，"
  },
  {
    "index": 1,
    "text": "既是享受廉价便利的消费者，"
  },
  {
    "index": 2,
    "text": "又是被死死压榨的打工人。"
  },
  {
    "index": 3,
    "text": "逃不掉。"
  }
]


## 选定模板及参数规范

模板名称：CENTER_FOCUS

参数 Schema 说明：

{
  "type": "object",
  "properties": {
    "imageSrc": {
      "type": "string",
      "format": "image_prompt",
      "description": "主图描述"
    },
    "enterEffect": {
      "type": "string",
      "enum": [
        "fadeIn",
        "slideLeft",
        "slideBottom",
        "zoomIn"
      ],
      "default": "fadeIn",
      "description": "图片入场方式（breathe 呼吸效果始终常驻，无需指定）"
    },
    "anchors": {
      "type": "array",
      "description": "可选；用于锚点词展示（顶部依次出现并保留为列表），并绑定锚点出现时机的音效。showFrom 须落在当前 content 条数范围内。注意 **保持克制，尽量少设置锚点** 只提取整段里真正的高潮、反转或核心名词",
      "items": {
        "type": "object",
        "required": [
          "text",
          "showFrom"
        ],
        "properties": {
          "text": {
            "type": "string",
            "description": "要展示的锚点词"
          },
          "showFrom": {
            "type": "integer",
            "format": "content_index",
            "description": "content 数组下标（0-based），非帧数；合法范围 0～(content 条数-1)，超出会被校验丢弃"
          },
          "color": {
            "type": "string"
          },
          "anim": {
            "type": "string",
            "enum": [
              "spring",
              "slideUp",
              "popIn",
              "highlight"
            ]
          },
          "audioEffect": {
            "type": "string",
            "enum": [
              "impact_thud",
              "ping",
              "woosh"
            ]
          }
        }
      }
    }
  },
  "required": [
    "imageSrc"
  ]
}


模板该项的示例供参考：

{
  "template": "CENTER_FOCUS",
  "param": {
    "imageSrc": "上班族坐在电脑前的简笔画图标",
    "enterEffect": "fadeIn",
    "anchors": [
      {
        "text": "可得性启发",
        "showFrom": 0,
        "color": "red"
      }
    ]
  }
}


注意：如果该模板生成的参数包含图片视觉描述（如 imageSrc / leftSrc / rightSrc 等等），请只描述纯视觉场景与动作，绝不要包含任何文字、标语或注音。


## 其他通用说明
1. 锚点（Anchor）— 克制与高价值（适用于 SCHEMA 或上文允许出现锚点/高亮时）：
   - 多数句子应**无锚点**；拿不准就留空或 `[]`，避免满屏高亮。
   - 如果一定需要锚点，只选**整段里真正的高潮、反转或核心名词**（宜 2～4 字、有记忆点）；平庸词、铺垫句不要做成锚点。
   - 颜色建议：`#EF4444`（警示/反转/负面/结论）、`#000000`（事实/术语/数据）。动画 `anim`：`spring` | `slideUp` | `popIn` | `highlight`。
   - 音效可选(仅写在锚点对象上的 `audioEffect`)：`impact_thud` | `ping` | `woosh`

2. 视觉标题与字幕分离（仅当 SCHEMA 要求 `notText` / `butText` / `conceptName`、或 DOS_AND_DONTS 的 `left.label` / `right.label` 等时）：

   - 填**极简关键词（约 2～6 字）**，禁止把整句台词搬进标题字段。



## 输出格式（严格 JSON，不要 markdown 代码块）
补全当前模板的param,非数组：
{ "param": { ... } }

===========================================================================================
---------------------------------------- RESPONSE ----------------------------------------
time: 2026-06-29 22:28:22
attempt: 1/3

[OUTPUT]
{
  "param": {
    "imageSrc": "一个人影分裂为两半，左边是手持购物袋的消费者轮廓，右边是被齿轮和锁链缠绕的打工人剪影，中间有循环箭头连接",
    "enterEffect": "fadeIn",
    "anchors": [
      {
        "text": "逃不掉",
        "showFrom": 3,
        "color": "#EF4444",
        "anim": "popIn",
        "audioEffect": "impact_thud"
      }
    ]
  }
}
-------------------------------------------------------------------------------------------

======================================== REQUEST ========================================
time: 2026-06-29 22:28:22
provider: deepseek
model: deepseek-v4-pro
retries: 3

[PROMPT]
你是短视频字幕与画面细节处理专家。请把指定台词细化为字模显示参数。


## 完整段落上下文（仅供理解整体语境，判断当前句子的重要性）
一个国家真正发达的标志，  
从来不是你能多便宜地使唤别人。
而是，  
一个普通的送货员、  
一个电工、  
一个文员，  
付出每天8小时的正常劳动，  
就能换来体面的收入，  
养得起家，  
拥有作为人的基本生活时间和娱乐时间。


## 🎯 待处理的目标文案
一个国家真正发达的标志，从来不是你能多便宜地使唤别人。

## 目标文案content的数组结构
生成模板参数时，format为content_index的字段依据此数组选择匹配的索引，用于决定相应内容出现在动画中的时机

[
  {
    "index": 0,
    "text": "一个国家真正发达的标志，"
  },
  {
    "index": 1,
    "text": "从来不是你能多便宜地使唤别人。"
  }
]


## 选定模板及参数规范

模板名称：CENTER_FOCUS

参数 Schema 说明：

{
  "type": "object",
  "properties": {
    "imageSrc": {
      "type": "string",
      "format": "image_prompt",
      "description": "主图描述"
    },
    "enterEffect": {
      "type": "string",
      "enum": [
        "fadeIn",
        "slideLeft",
        "slideBottom",
        "zoomIn"
      ],
      "default": "fadeIn",
      "description": "图片入场方式（breathe 呼吸效果始终常驻，无需指定）"
    },
    "anchors": {
      "type": "array",
      "description": "可选；用于锚点词展示（顶部依次出现并保留为列表），并绑定锚点出现时机的音效。showFrom 须落在当前 content 条数范围内。注意 **保持克制，尽量少设置锚点** 只提取整段里真正的高潮、反转或核心名词",
      "items": {
        "type": "object",
        "required": [
          "text",
          "showFrom"
        ],
        "properties": {
          "text": {
            "type": "string",
            "description": "要展示的锚点词"
          },
          "showFrom": {
            "type": "integer",
            "format": "content_index",
            "description": "content 数组下标（0-based），非帧数；合法范围 0～(content 条数-1)，超出会被校验丢弃"
          },
          "color": {
            "type": "string"
          },
          "anim": {
            "type": "string",
            "enum": [
              "spring",
              "slideUp",
              "popIn",
              "highlight"
            ]
          },
          "audioEffect": {
            "type": "string",
            "enum": [
              "impact_thud",
              "ping",
              "woosh"
            ]
          }
        }
      }
    }
  },
  "required": [
    "imageSrc"
  ]
}


模板该项的示例供参考：

{
  "template": "CENTER_FOCUS",
  "param": {
    "imageSrc": "上班族坐在电脑前的简笔画图标",
    "enterEffect": "fadeIn",
    "anchors": [
      {
        "text": "可得性启发",
        "showFrom": 0,
        "color": "red"
      }
    ]
  }
}


注意：如果该模板生成的参数包含图片视觉描述（如 imageSrc / leftSrc / rightSrc 等等），请只描述纯视觉场景与动作，绝不要包含任何文字、标语或注音。


## 其他通用说明
1. 锚点（Anchor）— 克制与高价值（适用于 SCHEMA 或上文允许出现锚点/高亮时）：
   - 多数句子应**无锚点**；拿不准就留空或 `[]`，避免满屏高亮。
   - 如果一定需要锚点，只选**整段里真正的高潮、反转或核心名词**（宜 2～4 字、有记忆点）；平庸词、铺垫句不要做成锚点。
   - 颜色建议：`#EF4444`（警示/反转/负面/结论）、`#000000`（事实/术语/数据）。动画 `anim`：`spring` | `slideUp` | `popIn` | `highlight`。
   - 音效可选(仅写在锚点对象上的 `audioEffect`)：`impact_thud` | `ping` | `woosh`

2. 视觉标题与字幕分离（仅当 SCHEMA 要求 `notText` / `butText` / `conceptName`、或 DOS_AND_DONTS 的 `left.label` / `right.label` 等时）：

   - 填**极简关键词（约 2～6 字）**，禁止把整句台词搬进标题字段。



## 输出格式（严格 JSON，不要 markdown 代码块）
补全当前模板的param,非数组：
{ "param": { ... } }

===========================================================================================
---------------------------------------- RESPONSE ----------------------------------------
time: 2026-06-29 22:28:39
attempt: 1/3

[OUTPUT]
{"param": {"imageSrc": "一位送货员下班后与家人共进晚餐的温馨插画", "enterEffect": "zoomIn", "anchors": [{"text": "发达的标志", "showFrom": 0, "color": "#EF4444", "anim": "spring", "audioEffect": "impact_thud"}]}}
-------------------------------------------------------------------------------------------

======================================== REQUEST ========================================
time: 2026-06-29 22:28:39
provider: deepseek
model: deepseek-v4-pro
retries: 3

[PROMPT]
你是短视频字幕与画面细节处理专家。请把指定台词细化为字模显示参数。


## 完整段落上下文（仅供理解整体语境，判断当前句子的重要性）
一个国家真正发达的标志，  
从来不是你能多便宜地使唤别人。
而是，  
一个普通的送货员、  
一个电工、  
一个文员，  
付出每天8小时的正常劳动，  
就能换来体面的收入，  
养得起家，  
拥有作为人的基本生活时间和娱乐时间。


## 🎯 待处理的目标文案
而是，一个普通的送货员、一个电工、一个文员，付出每天8小时的正常劳动，

## 目标文案content的数组结构
生成模板参数时，format为content_index的字段依据此数组选择匹配的索引，用于决定相应内容出现在动画中的时机

[
  {
    "index": 0,
    "text": "而是，"
  },
  {
    "index": 1,
    "text": "一个普通的送货员、"
  },
  {
    "index": 2,
    "text": "一个电工、"
  },
  {
    "index": 3,
    "text": "一个文员，"
  },
  {
    "index": 4,
    "text": "付出每天8小时的正常劳动，"
  }
]


## 选定模板及参数规范

模板名称：PANEL_GRID

参数 Schema 说明：

{
  "type": "object",
  "properties": {
    "panels": {
      "type": "array",
      "minItems": 2,
      "maxItems": 6,
      "description": "宫格配图；showFrom 为 content 下标（0-based），在该条 startFrame 显现",
      "items": {
        "type": "object",
        "required": [
          "src",
          "showFrom"
        ],
        "properties": {
          "src": {
            "type": "string",
            "format": "image_prompt",
            "description": "该宫格配图提示词"
          },
          "showFrom": {
            "type": "integer",
            "format": "content_index",
            "description": "content 下标（0-based），非帧数"
          },
          "position": {
            "type": "string",
            "enum": [
              "center",
              "left",
              "right",
              "top",
              "bottom"
            ],
            "description": "可选；弱提示，布局以宫格为准"
          },
          "enterEffect": {
            "type": "string",
            "enum": [
              "breathe",
              "slideLeft",
              "slideBottom",
              "zoomIn",
              "fadeIn"
            ],
            "default": "fadeIn"
          }
        }
      }
    }
  },
  "required": [
    "panels"
  ]
}

// 口播条数（已由程序写入 CONTENT_STR，勿在 param 中输出 content）：口播分句（item.content）至少 2 条；口播分句至多 8 条（超出会被校验器告警）


模板该项的示例供参考：

{
  "template": "PANEL_GRID",
  "param": {
    "panels": [
      {
        "src": "问号堵住去路的简笔画",
        "showFrom": 0,
        "enterEffect": "zoomIn"
      },
      {
        "src": "放大镜只看一角的简笔画",
        "showFrom": 1
      },
      {
        "src": "两人各执一词的简笔画",
        "showFrom": 2
      }
    ]
  }
}


注意：如果该模板生成的参数包含图片视觉描述（如 imageSrc / leftSrc / rightSrc 等等），请只描述纯视觉场景与动作，绝不要包含任何文字、标语或注音。


## 其他通用说明
1. 锚点（Anchor）— 克制与高价值（适用于 SCHEMA 或上文允许出现锚点/高亮时）：
   - 多数句子应**无锚点**；拿不准就留空或 `[]`，避免满屏高亮。
   - 如果一定需要锚点，只选**整段里真正的高潮、反转或核心名词**（宜 2～4 字、有记忆点）；平庸词、铺垫句不要做成锚点。
   - 颜色建议：`#EF4444`（警示/反转/负面/结论）、`#000000`（事实/术语/数据）。动画 `anim`：`spring` | `slideUp` | `popIn` | `highlight`。
   - 音效可选(仅写在锚点对象上的 `audioEffect`)：`impact_thud` | `ping` | `woosh`

2. 视觉标题与字幕分离（仅当 SCHEMA 要求 `notText` / `butText` / `conceptName`、或 DOS_AND_DONTS 的 `left.label` / `right.label` 等时）：

   - 填**极简关键词（约 2～6 字）**，禁止把整句台词搬进标题字段。



## 输出格式（严格 JSON，不要 markdown 代码块）
补全当前模板的param,非数组：
{ "param": { ... } }

===========================================================================================
---------------------------------------- RESPONSE ----------------------------------------
time: 2026-06-29 22:29:04
attempt: 1/3

[OUTPUT]
{"param": {"panels": [{"src": "一名身穿制服的送货员骑着电动车，车后座放着包裹，背景是城市街道", "showFrom": 1, "enterEffect": "slideLeft"}, {"src": "一名电工戴着安全帽，正在修理电线杆上的电路，背景是蓝天白云", "showFrom": 2, "enterEffect": "slideBottom"}, {"src": "一名文员坐在办公桌前，面对电脑屏幕，桌上文件堆积，环境是办公室", "showFrom": 3, "enterEffect": "fadeIn"}, {"src": "一个圆形时钟，时针和分针指向下班时刻，旁边有工人轻松收拾工具的剪影", "showFrom": 4, "enterEffect": "zoomIn"}]}}
-------------------------------------------------------------------------------------------

======================================== REQUEST ========================================
time: 2026-06-29 22:29:04
provider: deepseek
model: deepseek-v4-pro
retries: 3

[PROMPT]
你是短视频字幕与画面细节处理专家。请把指定台词细化为字模显示参数。


## 完整段落上下文（仅供理解整体语境，判断当前句子的重要性）
一个国家真正发达的标志，  
从来不是你能多便宜地使唤别人。
而是，  
一个普通的送货员、  
一个电工、  
一个文员，  
付出每天8小时的正常劳动，  
就能换来体面的收入，  
养得起家，  
拥有作为人的基本生活时间和娱乐时间。


## 🎯 待处理的目标文案
就能换来体面的收入，养得起家，拥有作为人的基本生活时间和娱乐时间。

## 目标文案content的数组结构
生成模板参数时，format为content_index的字段依据此数组选择匹配的索引，用于决定相应内容出现在动画中的时机

[
  {
    "index": 0,
    "text": "就能换来体面的收入，"
  },
  {
    "index": 1,
    "text": "养得起家，"
  },
  {
    "index": 2,
    "text": "拥有作为人的基本生活时间和娱乐时间。"
  }
]


## 选定模板及参数规范

模板名称：CENTER_FOCUS

参数 Schema 说明：

{
  "type": "object",
  "properties": {
    "imageSrc": {
      "type": "string",
      "format": "image_prompt",
      "description": "主图描述"
    },
    "enterEffect": {
      "type": "string",
      "enum": [
        "fadeIn",
        "slideLeft",
        "slideBottom",
        "zoomIn"
      ],
      "default": "fadeIn",
      "description": "图片入场方式（breathe 呼吸效果始终常驻，无需指定）"
    },
    "anchors": {
      "type": "array",
      "description": "可选；用于锚点词展示（顶部依次出现并保留为列表），并绑定锚点出现时机的音效。showFrom 须落在当前 content 条数范围内。注意 **保持克制，尽量少设置锚点** 只提取整段里真正的高潮、反转或核心名词",
      "items": {
        "type": "object",
        "required": [
          "text",
          "showFrom"
        ],
        "properties": {
          "text": {
            "type": "string",
            "description": "要展示的锚点词"
          },
          "showFrom": {
            "type": "integer",
            "format": "content_index",
            "description": "content 数组下标（0-based），非帧数；合法范围 0～(content 条数-1)，超出会被校验丢弃"
          },
          "color": {
            "type": "string"
          },
          "anim": {
            "type": "string",
            "enum": [
              "spring",
              "slideUp",
              "popIn",
              "highlight"
            ]
          },
          "audioEffect": {
            "type": "string",
            "enum": [
              "impact_thud",
              "ping",
              "woosh"
            ]
          }
        }
      }
    }
  },
  "required": [
    "imageSrc"
  ]
}


模板该项的示例供参考：

{
  "template": "CENTER_FOCUS",
  "param": {
    "imageSrc": "上班族坐在电脑前的简笔画图标",
    "enterEffect": "fadeIn",
    "anchors": [
      {
        "text": "可得性启发",
        "showFrom": 0,
        "color": "red"
      }
    ]
  }
}


注意：如果该模板生成的参数包含图片视觉描述（如 imageSrc / leftSrc / rightSrc 等等），请只描述纯视觉场景与动作，绝不要包含任何文字、标语或注音。


## 其他通用说明
1. 锚点（Anchor）— 克制与高价值（适用于 SCHEMA 或上文允许出现锚点/高亮时）：
   - 多数句子应**无锚点**；拿不准就留空或 `[]`，避免满屏高亮。
   - 如果一定需要锚点，只选**整段里真正的高潮、反转或核心名词**（宜 2～4 字、有记忆点）；平庸词、铺垫句不要做成锚点。
   - 颜色建议：`#EF4444`（警示/反转/负面/结论）、`#000000`（事实/术语/数据）。动画 `anim`：`spring` | `slideUp` | `popIn` | `highlight`。
   - 音效可选(仅写在锚点对象上的 `audioEffect`)：`impact_thud` | `ping` | `woosh`

2. 视觉标题与字幕分离（仅当 SCHEMA 要求 `notText` / `butText` / `conceptName`、或 DOS_AND_DONTS 的 `left.label` / `right.label` 等时）：

   - 填**极简关键词（约 2～6 字）**，禁止把整句台词搬进标题字段。



## 输出格式（严格 JSON，不要 markdown 代码块）
补全当前模板的param,非数组：
{ "param": { ... } }

===========================================================================================
---------------------------------------- RESPONSE ----------------------------------------
time: 2026-06-29 22:29:17
attempt: 1/3

[OUTPUT]
{
  "param": {
    "imageSrc": "一位面带微笑的送货员手持工资条，背景是温暖的家庭客厅，展现体面收入带来的生活安定",
    "enterEffect": "fadeIn",
    "anchors": [
      {
        "text": "体面的收入",
        "showFrom": 0,
        "color": "#EF4444",
        "anim": "spring"
      }
    ]
  }
}
-------------------------------------------------------------------------------------------

======================================== REQUEST ========================================
time: 2026-06-29 22:29:17
provider: deepseek
model: deepseek-v4-pro
retries: 3

[PROMPT]
你是短视频字幕与画面细节处理专家。请把指定台词细化为字模显示参数。


## 完整段落上下文（仅供理解整体语境，判断当前句子的重要性）
别再为“廉价的便利”沾沾自喜了。
你以为你只是在享受别人被压榨换来的便宜，
其实在这个巨大的齿轮里，
迟早有一天，
你也会成为别人享受便利的代价。


## 🎯 待处理的目标文案
别再为“廉价的便利”沾沾自喜了。

## 目标文案content的数组结构
生成模板参数时，format为content_index的字段依据此数组选择匹配的索引，用于决定相应内容出现在动画中的时机

[
  {
    "index": 0,
    "text": "别再为“廉价的便利”沾沾自喜了。"
  }
]


## 选定模板及参数规范

模板名称：TEXT_FOCUS

参数 Schema 说明：

{
  "type": "object",
  "properties": {
    "coreSentence": {
      "type": "array",
      "minItems": 1,
      "description": "大屏核心文案，每元素一行：可为 string，或 { text, showFrom, endFrom? }；showFrom/endFrom 为 content 下标（0-based），非帧数：在该条 startFrame 显现；可选 endFrom 表示在该条播完（startFrame+durationFrames）后起淡出。纯 string 等价于 showFrom=0、无 endFrom。锚点校验时各段 text 按顺序直接拼接（无分隔符）。",
      "items": {
        "oneOf": [
          {
            "type": "string"
          },
          {
            "type": "object",
            "required": [
              "text",
              "showFrom"
            ],
            "properties": {
              "text": {
                "type": "string",
                "description": "该行大屏文案"
              },
              "showFrom": {
                "type": "integer",
                "format": "content_index",
                "description": "content 下标（0-based），非帧数"
              },
              "endFrom": {
                "type": "integer",
                "format": "content_index",
                "description": "可选；content 下标（0-based），非帧数；该行在对应条字幕结束帧（startFrame+durationFrames）起淡出"
              }
            }
          }
        ]
      }
    },
    "coreSentenceAnchors": {
      "type": "array",
      "description": "可选；在 coreSentence 各段拼接后的全文内按顺序高亮子串。每项 coreSentenceAnchor 须为该拼接串的子串，否则会被校验丢弃",
      "items": {
        "type": "object",
        "required": [
          "coreSentenceAnchor"
        ],
        "properties": {
          "coreSentenceAnchor": {
            "type": "string",
            "description": "要高亮的子串，须出现在各 coreSentence 段拼接后的全文内"
          },
          "color": {
            "type": "string",
            "description": "高亮颜色，省略时默认强调色"
          }
        }
      }
    }
  },
  "required": [
    "coreSentence"
  ]
}

// 口播条数（已由程序写入 CONTENT_STR，勿在 param 中输出 content）：口播分句至多 3 条（超出会被校验器告警）


模板该项的示例供参考：

{
  "template": "TEXT_FOCUS",
  "param": {
    "coreSentence": [
      {
        "text": "承认自己“可能错了”并不是一种软弱",
        "showFrom": 0,
        "endFrom": 0
      },
      {
        "text": "而是成长的开始",
        "showFrom": 1,
        "endFrom": 1
      }
    ],
    "coreSentenceAnchors": [
      {
        "coreSentenceAnchor": "可能错了",
        "color": "red"
      }
    ]
  }
}


注意：如果该模板生成的参数包含图片视觉描述（如 imageSrc / leftSrc / rightSrc 等等），请只描述纯视觉场景与动作，绝不要包含任何文字、标语或注音。


## 其他通用说明
1. 锚点（Anchor）— 克制与高价值（适用于 SCHEMA 或上文允许出现锚点/高亮时）：
   - 多数句子应**无锚点**；拿不准就留空或 `[]`，避免满屏高亮。
   - 如果一定需要锚点，只选**整段里真正的高潮、反转或核心名词**（宜 2～4 字、有记忆点）；平庸词、铺垫句不要做成锚点。
   - 颜色建议：`#EF4444`（警示/反转/负面/结论）、`#000000`（事实/术语/数据）。动画 `anim`：`spring` | `slideUp` | `popIn` | `highlight`。
   - 音效可选(仅写在锚点对象上的 `audioEffect`)：`impact_thud` | `ping` | `woosh`

2. 视觉标题与字幕分离（仅当 SCHEMA 要求 `notText` / `butText` / `conceptName`、或 DOS_AND_DONTS 的 `left.label` / `right.label` 等时）：

   - 填**极简关键词（约 2～6 字）**，禁止把整句台词搬进标题字段。



## 输出格式（严格 JSON，不要 markdown 代码块）
补全当前模板的param,非数组：
{ "param": { ... } }

===========================================================================================
---------------------------------------- RESPONSE ----------------------------------------
time: 2026-06-29 22:29:22
attempt: 1/3

[OUTPUT]
{"param":{"coreSentence":[{"text":"别再为“廉价的便利”沾沾自喜了。","showFrom":0}]}}
-------------------------------------------------------------------------------------------

======================================== REQUEST ========================================
time: 2026-06-29 22:29:22
provider: deepseek
model: deepseek-v4-pro
retries: 3

[PROMPT]
你是短视频字幕与画面细节处理专家。请把指定台词细化为字模显示参数。


## 完整段落上下文（仅供理解整体语境，判断当前句子的重要性）
别再为“廉价的便利”沾沾自喜了。
你以为你只是在享受别人被压榨换来的便宜，
其实在这个巨大的齿轮里，
迟早有一天，
你也会成为别人享受便利的代价。


## 🎯 待处理的目标文案
你以为你只是在享受别人被压榨换来的便宜，其实在这个巨大的齿轮里，迟早有一天，你也会成为别人享受便利的代价。

## 目标文案content的数组结构
生成模板参数时，format为content_index的字段依据此数组选择匹配的索引，用于决定相应内容出现在动画中的时机

[
  {
    "index": 0,
    "text": "你以为你只是在享受别人被压榨换来的便宜，"
  },
  {
    "index": 1,
    "text": "其实在这个巨大的齿轮里，"
  },
  {
    "index": 2,
    "text": "迟早有一天，"
  },
  {
    "index": 3,
    "text": "你也会成为别人享受便利的代价。"
  }
]


## 选定模板及参数规范

模板名称：COGNITIVE_SHIFT

参数 Schema 说明：

{
  "type": "object",
  "properties": {
    "notText": {
      "type": "string",
      "description": "被否认知（‘不是’后面的内容）的精炼短句，不超过12个字，"
    },
    "butText": {
      "type": "string",
      "description": "真实认知（‘而是’后面的内容）的精炼短句，不超过12个字"
    },
    "butSrc": {
      "type": "string",
      "format": "image_prompt",
      "description": "真实认知的配图"
    },
    "notContentIndex": {
      "type": "integer",
      "format": "content_index",
      "description": "触发「不是」动画的字幕段索引（默认 0）"
    },
    "butContentIndex": {
      "type": "integer",
      "format": "content_index",
      "description": "触发「而是」动画的字幕段索引（默认 1）"
    }
  },
  "required": [
    "notText",
    "butText"
  ]
}


模板该项的示例供参考：

{
  "template": "COGNITIVE_SHIFT",
  "content": [
    "我们都不应该靠勤奋拼命",
    "我们都应该是靠认知和选择",
    "这样我才能成功"
  ],
  "param": {
    "notText": "靠勤奋拼命",
    "butText": "靠认知和选择",
    "butSrc": "站在高处看地图的思考者",
    "notContentIndex": 0,
    "butContentIndex": 1
  }
}


注意：如果该模板生成的参数包含图片视觉描述（如 imageSrc / leftSrc / rightSrc 等等），请只描述纯视觉场景与动作，绝不要包含任何文字、标语或注音。


## 其他通用说明
1. 锚点（Anchor）— 克制与高价值（适用于 SCHEMA 或上文允许出现锚点/高亮时）：
   - 多数句子应**无锚点**；拿不准就留空或 `[]`，避免满屏高亮。
   - 如果一定需要锚点，只选**整段里真正的高潮、反转或核心名词**（宜 2～4 字、有记忆点）；平庸词、铺垫句不要做成锚点。
   - 颜色建议：`#EF4444`（警示/反转/负面/结论）、`#000000`（事实/术语/数据）。动画 `anim`：`spring` | `slideUp` | `popIn` | `highlight`。
   - 音效可选(仅写在锚点对象上的 `audioEffect`)：`impact_thud` | `ping` | `woosh`

2. 视觉标题与字幕分离（仅当 SCHEMA 要求 `notText` / `butText` / `conceptName`、或 DOS_AND_DONTS 的 `left.label` / `right.label` 等时）：

   - 填**极简关键词（约 2～6 字）**，禁止把整句台词搬进标题字段。



## 输出格式（严格 JSON，不要 markdown 代码块）
补全当前模板的param,非数组：
{ "param": { ... } }

===========================================================================================
---------------------------------------- RESPONSE ----------------------------------------
time: 2026-06-29 22:29:54
attempt: 1/3

[OUTPUT]
{ "param": { "notText": "享受别人被压榨换来的便宜", "butText": "你也会成为代价", "butSrc": "一只巨大的金属齿轮缓慢转动，一个人影被夹在齿间，眼神无助", "notContentIndex": 0, "butContentIndex": 3 } }
-------------------------------------------------------------------------------------------
